smiles,pka
COc1cccc(NC(=O)C(=O)O)c1,2.11
CC(=O)c1cc(Cl)ccc1O,9.85
O=C(O)CS(=O)(=O)c1cccc(Br)c1,2.523
O=C(O)/C=C/c1cccc(F)c1,4.12
O=[N+]([O-])c1ccc(Cc2ccc([N+](=O)[O-])cc2)cc1,15.9
O=C(O)C(F)(F)C(F)(F)C(F)(F)F,0.64
Cc1cc(C(=O)O)nn1C,4.24
Nc1cccc([As](=O)(O)O)c1,4.05
O=C(O)[C@@H]1C[C@H]2CC[C@@H]1C2,5.08
Oc1cccc2nc3ccccc3nc12,8.5
COc1ccccc1/C=C/C=N/O,10.8
O=C(O)CCBr,4.03
Cc1ccc(C(=O)O)c(C)c1C,4.06
ON/C=C\c1ccns1,8.6
O=NN(CC(=O)O)CC(=O)O,2.28
COc1c(O)cc(C)c(O)c1C,10.7
O/C(=C\Cl)CCl,9
Nc1ccc(S(=O)(=O)Nc2nccc(N)n2)cc1,9.44
COc1cc(O)c(C)c(C)c1O,10.6
CC(Cl)C(=O)O,2.8775
O=NN(O)N=O,3.1
CC(=O)c1cccc(O)c1O,9
O=C(O)C(=O)O,1.246666667
O=S(=O)(NO)c1ccc(Br)cc1,9.08
C[Si](C)(C)c1cccc(O)c1,10.01
O=[N+]([O-])c1cccc(O)c1O,6.6525
C/C=C/CC(=O)O,4.51
Oc1nnnc2ccccc12,5.15
O=C(O)CSc1cccc([N+](=O)[O-])c1,3.4
O=C(O)C/C(=N\O)C(=O)O,2.43
CC(C)(C)Cc1ccc(O)cc1,10.49
O=C(O)c1cnccn1,2.825
O=C(O)c1cccc(=O)c(O)c1C(=O)O,3.24
O=[N+]([O-])C(CO)CO,9.07
ON/C=C/c1cnsc1,10.3
Nc1ccc(S(=O)(=O)Nc2nnc(S(N)(=O)=O)s2)cc1,4.2
O=C(O)c1cccc([N+](=O)[O-])c1Cl,2.04
COC(=O)C(C)[N+](=O)[O-],6.22
Nc1nnc(S(N)(=O)=O)s1,10.4
COc1ccc(OCC(=O)O)cc1,3.21
C=C(O)SCC,7.8
COC(=O)c1ccc(C(=O)O)c(N)c1,4.26
CSc1nc2c(O)c3cc(C)ccc3nc2s1,9.9
CC(C)C(C)C(=O)O,4.75
CNCC(O)c1ccc(O)c(O)c1,10.02
Fc1ccc(S)cc1,6.2
C=C(C)c1cccc(=O)c(O)c1,7.07
O=C1CNC(=S)N1,8.51
O=C(O)CCC1CCCCC1,4.89
O=C(O)COc1cccc(NC(=O)CCl)c1,2.86
CCc1ccccc1O,10.2
CC1(C)CC(=O)C(NC(=O)C(F)(F)F)=C(O)C1,3.38
NNC(=O)COc1ccc(Cl)cc1,12.19
Cc1[nH]ccc1C(=O)O,5.75
O=C(S)c1ccc(C(F)(F)F)cc1,1.37
CCN(CC)c1ccc(C=O)c(O)c1,8.25
O=c1c(O)c(O)c(=O)c1=O,0.6
CC(CC(=O)O)c1cccc(Br)c1,4.56
COc1ccc(C(=O)O)s1,3.78
O=C[C@H](O)[C@H](O)[C@H](O)CO,12
O=C1CS(=O)(=O)NC(=O)N1,2.88
Oc1cnc2nc(O)nc(O)c2n1,5.73
CCCCS,10.77
O=[N+]([O-])c1ccc(O)c([N+](=O)[O-])c1,4.056666667
CC(C)C=O,15.53
Nc1ccc(S(=O)(=O)Nc2ccc(Br)nc2)cc1,7.12
Cc1cc(O)c(=O)ccc1Br,6.6
Nc1ccc(S(=O)(=O)Nc2ccc(Cl)cc2)cc1,8.58
C[C@H](O)C(=O)NO,9.3
Cc1cc2nnn(O)c2cc1Cl,4.57
[O-][N+](O)=C(CO)CO,3.6
C/C(Cl)=C\C(=O)O,3.93
CC(C)(NC(N)=O)C(=O)O,4.07
Nc1ccc(S(=O)(=O)Nn2cnnc2)cc1,4.66
C=C(CC(=O)O)C(=O)O,3.875
OC(C(F)=C(F)F)(C(F)=C(F)F)C(F)(F)F,7.71
O=C(O)CCc1ccoc1,4.44
COCc1ccc(C(=O)O)cc1,4.18
COC(=O)Cc1ccccc1C(=O)O,4.12
CN(C)C(O)O,12.73
O=C(O)c1coc2ccccc12,4.18
CC(=S)S,2.57
CC(=O)N(CC(=O)O)c1ccccc1,3.75
CCC(=O)NO,9.46
O=C(CC(=O)C(F)(F)F)c1cccs1,6.315
COc1ccccc1O,10.01
C[Si](C)(C)c1ccc(O)cc1,9.74
O=C(O)c1cnc(C(=O)O)c(C(=O)O)n1,2
CCC1(CC)C(=O)CCNC1=O,13.5
Oc1c(Br)cccc1Br,6.67
CCOC(=O)C(C(=O)OCC)[N+](=O)[O-],3.14
C=C(C)O,10.94
Oc1ccc(Br)cc1Br,7.79
N#Cc1ccc(O)c(O)c1,7.72
O=C1NC(=O)c2c(Br)cccc21,9.4
CN(O)C(N)=O,9.79
CS(=O)(=O)CCS,7.9
Cc1ccc(C(=O)O)cc1C,4.455
O=C1CC(=O)NC(=S)N1,2.23
Cc1nnn(CC(=O)O)n1,2.23
CCOC(=O)c1ccc(C(=O)NN)cc1,12.38
O=C(O)C(F)(F)Oc1ccccc1,1.88
O=P(O)(O)c1cccc(Cl)c1,1.54
C[Si](C)(C)c1cccc2c1C(=O)NC2=O,11.15
COc1ccc(NC(=O)C(=O)O)cc1,2.65
COc1ccc(C(=O)NN)cc1,12.83
O=C1O[C@@H]([C@H](O)[C@H](O)CO)C(O)=C1O,4.215
CC(=O)Nc1ccc(O)cc1,9.58
Oc1ccc(S)cc1,6.85
NC(=O)CCCCC(=O)O,4.63
O=C(NO)C1CCCCC1,9.7
CC(CC(=O)O)C(F)(F)F,4.05
CC(c1cccc(Cl)c1)[N+](=O)[O-],7.05
Oc1cccc2[nH]ncc12,8.65
O=C(O)C1CCCCC1,4.88
CCSC(C)O,14.34
OC1=CCCC1,11.7
O=C(O)COc1ccc(F)cc1,3.13
CC1(C)CC(=O)CC1=O,4.2
O=C(O)[C@H](O)[C@@H](O)C(=O)O,2.99
O=[As](O)(O)c1ccc(O)cc1O,4.215
CCOc1cc(N)ccc1C(=O)O,5.09
On1nnc2cc(Br)ccc21,4.18
O=C(O)[C@H]1CC=CC[C@H]1C(=O)O,3.89
CCC1(CC)C(=O)NC(=O)NC1=O,7.97
COC(=O)C(CC(=O)O)c1ccccc1,4.35
Cc1cc(C=O)cc(C)c1O,7.84
Cc1cc(Br)cc(C)c1O,9.72
CCn1nnc(CC(=O)O)n1,3.45
N#CCNc1c(N)ncnc1O,9.79
SCc1ccccc1,9.43
O=C(O)c1cccc([N+](=O)[O-])c1[N+](=O)[O-],1.85
O=C(c1ccccc1)c1ccccc1O,9.285
O/N=C(\c1ccccc1)c1cc(Cl)ccc1O,9
NC(=O)NC(Cc1ccccc1)C(=O)O,3.44
CC/C(=C\c1cccc(Cl)c1)C(=O)O,4.85
Oc1ccc(F)cc1F,8.5
CC/C=C/C(=O)O,4.69
C=CCC1(CC=C)C(=O)NC(=O)NC1=O,7.79
Cc1ccccc1CCC(=O)O,4.66
CC(O)C(C)C(=O)O,4.65
Cc1c(O)ccc(O)c1O,9.7
Oc1nc2ncnc(O)c2[nH]1,7.65
NS(=O)(=O)c1cccc2cccnc12,10.4
Cc1ccccc1N(O)C(=O)c1ccco1,7.77
Oc1ccc(Cl)c(Cl)c1,8.6
ONC(C(F)(F)F)(C(F)(F)F)C(F)(F)F,5.8
CCCCCCP(=O)(O)O,2.6
CCC(=O)c1cccc(O)c1,9.21
CC1=C(O)c2ccccc2C1=O,4.19
O=C1CSC(=O)N1,6.636666667
O=C(O)Cc1ccccc1,4.31
COc1ccc(/C=C/C(=O)O)cc1,4.54
O=C(O)c1cc(Cl)cc(Cl)c1O,2.4
O=C(CO)COP(=O)(O)O,1.77
COCO,14.82
[O-][n+]1ccc(O)cc1,5.83
O=C(O)c1cc(F)cs1,3.15
CCc1ccc(P(=O)(O)O)cc1,1.99
O=C(O)C#COc1ccccc1,3.09
COc1ccccc1/C=C\C=N\O,11.35
CC(=O)Oc1c(C(=O)O)cccc1C(=O)O,2.85
CC(C)S(=O)(=O)CC(=O)O,2.52
CCS(=O)(=O)CC(=O)O,2.49
O[C@H](CS)[C@@H](O)CS,9.21
CC(O)=S,3.2
O=C(O)[C@H]1CCC[C@H]1C(=O)O,4.395
Cc1cccc(C(=O)N(C)O)c1,8.52
C/C(Br)=C\C(=O)O,3.74
CC(C)(O)C(F)(F)F,11.6
O=C(Nc1ccccc1)C(F)(F)F,9.54
O=C(O)c1cc(C(=O)O)cc([N+](=O)[O-])c1,2.88
CCOC(=O)CC(C)=O,10.76
O=C(O)C#CCC(=O)O,1.89
O=c1ccc(O)ccc1O,6.47
CC1C/C(=N\O)C(=O)/C(=N/O)C1,8.3
C/C=C(\Cl)C(=O)O,3.14
CCC(CBr)C(=O)O,3.92
Cc1ccc([S+]([O-])CC(=O)O)cc1,2.74
CC/C=[N+](/[O-])O,4.7
OCC(F)(F)C(F)(F)C(F)(F)F,11.4
COc1ccc(O)c(N)c1,10.07
Cc1cccc(S)c1,6.6
C=COc1cc(N)ccc1C(=O)O,5.01
CC1=Nc2cnc(O)nc2NC1(C)O,11.15
CCC(=O)NCC(=O)O,3.72
COc1c(O)cccc1[N+](=O)[O-],7.83
ONCC(F)(F)F,11.3
Cc1cccc(O)n1,12.45
O=S(=O)(NCc1ccccc1)C(F)(F)F,6.82
Oc1ccc(/N=N/c2ccccn2)c(O)c1,5.5
O=[N+]([O-])c1cccc(C(O)C(F)(F)F)c1,11.23
Cn1c(N)nc(=O)c2nccnc21,11.5
CCOC(=O)CCC(=O)O,4.49
CCCCOP(=O)(O)O,1.8
O=C(O)/C=C/c1ccoc1,4.31
O=C(O)CCC(Cl)(Cl)Cl,4.21
O=C(O)[C@@H]1CCCC[C@H]1C(=O)O,4.24
CCCCOCC(=O)O,3.66
O=C1C=C(O)C(=O)c2ccccc21,4
Cc1c([N+](=O)[O-])cc(Cl)c2nnn(O)c12,3.17
NS(=O)(=O)c1ccc(P(=O)(O)O)cc1,1.42
O=[N+]([O-])CCO,9.4
C=C(C)C(=O)O,4.46
O=C(O)Cc1ccccc1S,4.28
N/C(Cc1ccccc1)=N\O,5.24
CC(C)c1cc(O)c(=O)c(Br)cc1Br,6.28
Nc1ccc(O)c2ncccc12,11.24
CC(O)(CCl)C(=O)O,3.2
O=C(O)C(Br)(Br)Br,0.69
N#CCc1ccc(C#N)cc1[N+](=O)[O-],11.43
Oc1ccccc1Cl,8.52
CC(=O)NS(=O)(=O)c1ccc(Br)cc1,4.52
O=C(O)c1cc(Cl)cc([N+](=O)[O-])c1,3.13
CC(=O)NS(=O)(=O)c1ccccc1,4.72
CC(=O)c1ccc(Cl)cc1O,9.46
O=C(O)C1=CCCc2ccccc21,4.09
COC(=O)CN=C(C)C,14
CC(=O)C(=O)O,2.446666667
Cc1occc(=O)c1O,8.67
CC(=O)CC1NC(O)=Nc2nccnc21,12.38
Nc1cnc2c(O)ncnc2n1,8.87
O=C(O)/C=C\c1ccccc1,3.88
NC(=O)N/N=C1\C=Cc2ccccc2C1=O,9.62
CC(=O)/N=c1/sc(S(N)(=O)=O)nn1C,7.2
Cc1ccc(C(=O)NO)cc1,8.945
COc1ccccc1[As](=O)(O)O,4.08
Oc1ccc(Cl)c(Cl)c1Cl,6.97
COc1ccccc(=O)c1O,8
C[S+]([O-])c1ccc(O)cc1,8.25
CC(=O)Nc1nnc(S(N)(=O)=O)s1,7.385
O=C(O)c1ccc([N+](=O)[O-])o1,2.06
COc1ccc(O)c(=O)cc1,7.75
CCC(C)c1cc([N+](=O)[O-])cc([N+](=O)[O-])c1O,4.62
O=[N+]([O-])Cc1cc([N+](=O)[O-])cc([N+](=O)[O-])c1,5.66
NNC(=O)C1(F)C(F)(F)C(F)(F)C(F)(F)C(F)(F)C1(F)F,9.14
O=C(O)C(F)F,1.34
COc1cccc(C(=O)O)c1,4.09
Nc1ccc(S(=O)(=O)Nc2cccnn2)cc1,7.06
CC(C(=O)O)C(C#N)c1ccccc1,3.7
Cc1cc(NS(=O)(=O)c2ccc(N)cc2)on1,4.2
Cc1nc(O)nc2nc[nH]c12,8.87
CCCOc1ccc(O)cc1,10.27
CC(=O)C(C(C)=O)=C(C)O,5.81
Cc1nc(S)nc2c1ncn2C,8.01
COc1cccc(/C=N/O)c1,10.59
CNS(=O)(=O)c1cccc([N+](=O)[O-])c1,10.42
COc1ccc([N+](=O)[O-])cc1O,8
Nc1nonc1/C(=N/O)Nc1ccccc1,10.1
O=C(O)[C@H]1CC[C@H](C(=O)O)CC1,4.18
O=C(O)c1cccc(Oc2ccccc2)c1,3.95
Oc1cccc2cc3ccccc3nc12,9.84
NNS(=O)(=O)c1ccc(Br)cc1,10.36
O=[N+]([O-])c1cc(O)ccc1Cl,7.82
Cc1n[nH]c(N[N+](=O)[O-])n1,4.75
O=C1C=C/C(=N/O)C(Br)=C1,5.7
CCc1ccccc1P(=O)(O)O,2.11
O=C(O)CCSCCC(=O)O,3.87
CCOC(=O)CNC(=N)N[N+](=O)[O-],11.2
CCOP(=O)(O)O,1.6
O=[N+]([O-])C(Br)[N+](=O)[O-],3.535
CC(C)N[N+](=O)[O-],6.5
O=C1NC(=O)C(=O)C(=O)N1,6.63
O/N=C/c1ccc(F)cc1,10.72
COc1ccc(CCC(=O)O)cc1,4.69
O=Nc1ccc(O)cc1,6.36
CNNC(=O)c1ccncc1,10.96
N#CS,0.805
O=C(O)C[N+](=O)[O-],1.63
O=C(O)C(=O)Nc1ccccc1,2.18
Cc1c(C)c(O)c(O)c(C)c1O,9.9
Cc1cc(C)c(P(=O)(O)O)c(C)c1,2.53
Cc1nc2nc(O)nc(N)c2nc1C,10.69
O=C(O)c1cccc(O)c1Cl,2.87
Oc1cc(C(F)(F)F)cc(C(F)(F)F)c1,8.26
COc1ccc(C)cc1O,9.93
O=[N+]([O-])c1ccc(COO)cc1,10.9
CSc1ccc(C(=O)O)cc1,4.2
COc1ccc([As](=O)(O)O)c(OC)c1,4.35
NCc1ccccc1S(N)(=O)=O,10.11
O=C(O)c1ccc([N+](=O)[O-])cc1C(=O)O,2.22
COc1ccc(C(=O)NO)cc1,9
COc1cc(CCC(=O)O)ccc1O,4.59
Cc1csc(NS(=O)(=O)c2ccc(N)cc2)n1,7.79
CCCCOC(=O)N[N+](=O)[O-],3.31
CCCCC#CC(=O)O,2.6
CC=O,16.73
CCO[Si](O)(O)OCC,8.61
COc1ccc(C(=O)O)c(C)c1,4.28
O=[N+]([O-])c1ccc(P(=O)(O)O)cc1,1.215
N#Cc1cccc(NS(=O)(=O)c2ccccc2)c1,7.18
O=C(O)C(F)c1ccccc1,2.03
OOc1ccc(Cl)cc1,8.8
OCCSC(=S)NCc1ccccc1,11.59
NC(=O)CCC(=O)O,4.54
COc1ccc(C(O)C(F)(F)F)cc1,12.24
Cc1cc(N)cc(C)c1C(=O)O,4.9
C/C=C/C(=O)NO,8.9
Nc1ccc(S(=O)(=O)Nc2ccc(Cl)nn2)cc1,5.515
COC(=O)CCC(=O)O,4.49
O=C[C@H](O)[C@@H](O)[C@H](O)[C@H](O)CO,12.5
O=[N+]([O-])c1ccc(O)cc1Cl,6.49
O=C(O)[C@H]1[C@H](C(=O)O)[C@H]2C=C[C@@H]1CC2,3.98
O=C(O)c1c(Cl)ccc(O)c1Br,2.7
CC(C)(C)N(O)C(=O)c1ccccc1,10.1
Cc1ccc(S(=O)(=O)O)cc1,-2.02
Cc1cc(Cl)ccc1O,9.71
Nc1ccc(S)cc1,7.6
O=C(O)C1(O)CCCCC1,4.2145
CCc1nc2cnc(O)nc2nc1CC,8.04
O/N=C1\CCC/C(=N\O)N1,10.7
C=C(O)/C=C/c1ccccc1,11.2
O=Cc1ccc(O)c(O)c1,7.21
CNC(=O)c1ccccc1O,8
CCC(C)OC(=O)[C@@H](O)[C@H](O)C(=O)O,3.38
OOC(Cl)Cl,9
Cc1cccc(C[N+](=O)[O-])c1,6.97
Cc1ccc(CC(=O)c2ccncc2)cc1,12.44
O=C(O)C12CC([N+](=O)[O-])(C1)C2,3.08
CCCOc1ccc(C(=O)O)cc1,4.46
N#CC(c1c(F)c(F)c(F)c(F)c1F)c1c(F)c(F)c(F)c(F)c1F,9.5
O=C(O)CN(CC(=O)O)c1cccc(C(=O)O)c1,2.4
O=[N+]([O-])c1c(O)c([N+](=O)[O-])c(Cl)c([N+](=O)[O-])c1Cl,-0.7
CC(=O)Nc1cccc(C(=O)O)c1,4.03
COc1ccc(C)c(O)c1,9.38
N#CCN[N+](=O)[O-],3.83
CC/C(C)=C/C(=O)O,5.13
O=C(O)[C@@H](O)[C@@H](O)C(=O)O,3.29
CC(O)(O)C(F)(F)F,10.45
Cc1cccc(C(C)[N+](=O)[O-])c1,7.49
O=c1cccc(O)cc1O,5.76
Oc1ncc2ccccc2n1,10.69
CC1=Nc2nccnc2C(O)N1,11.96
COc1nc2c(N)nc(Cl)nc2n1C,16.7
N=C(Nc1ccccc1)N[N+](=O)[O-],10.5
Oc1ccc(Sc2ccc(O)cc2)cc1,10.5
CCCC(=O)OO,8.2
O/N=C1/c2ccccc2/C(=N/O)c2c(O)cccc21,8
O=C(NO)c1cc([N+](=O)[O-])ccc1O,6.89
NC(=O)c1ccc(O)cc1,8.445
O=C(NO)c1cccc(Br)c1,7.43
O=C(O)c1cc(Br)ccc1[N+](=O)[O-],1.85
O=C(NO)c1cnccn1,8.1
CCOC(=O)C(F)[N+](=O)[O-],6.28
O=C1C=CC(=O)C(O)=C1,4.72
COc1cc(C(=O)O)ccc1O,4.51
Cc1ccc(C)c(C(=O)O)c1C,3.34
COC(=O)/C=C(\O)c1ccccn1,8.33
NNC(=O)c1ccc(F)cc1,12.35
Cc1ccc(C(=O)C(=O)O)cc1C,1.36
N#CC12CC(C(=O)O)(C1)C2,3.21
CC(=O)NCC(=O)NC(CS)C(=O)O,2.95
O=C(O)c1cccc(CO)c1,4.14
CS(=O)(=O)c1ccsc1C(=O)O,2.56
CN(C)c1cc(C(=O)O)ccc1C(=O)O,3.35
O=C(O)Cc1ccccc1F,4.17
CC(=O)NNC(C)=O,10.6
COC(=O)[C@H]1C[C@@H]1C(=O)O,4.09
O=[N+]([O-])C([N+](=O)[O-])[N+](=O)[O-],0.17
N#CC[N+](=O)[O-],4.86
Sc1nc2cncnc2nc1S,5.16
CCO[C@H]1C[C@H]1C(=O)O,4.83
CC(C)c1ccc(/C=C/C(=O)O)cc1,4.52
Sc1nc2ncncc2[nH]1,6.64
O=C(O)C#CBr,1.903
OOc1ccccc1,8.9
O=C(O)COc1ccc(Br)cc1,3.13
CC(O)C(F)(F)F,11.8
Nc1ccc(C(=O)O)cc1Cl,4.35
CC/N=C/c1ccccc1O,11.81
O=C(NO)c1ccccc1Cl,7.85
N[C@@H]1CONC1=O,7.31
O=C(O)c1c(F)c(F)c(F)c(F)c1C(=O)O,1.71
COc1cc(C)ccc1O,10.21
CC(CS)C(=O)N1CCCC1C(=O)O,3.7
CNc1nc(N)c(N)c(O)n1,10.63
CCOC(=O)c1ccc(O)c([N+](=O)[O-])c1,5.44
O=c1c(O)c(O)c1=O,0.775
CC(=O)/C=C(C)/C=C(/C)O,9.2
O=C(O)c1cc(Br)c[nH]1,4.06
CC(C)c1ccccc1P(=O)(O)O,2.13
O=C(O)c1ccc(CO)o1,3.18
CC1C(=O)NC(=O)NS1(=O)=O,2.89
O=C(O)CCSSCCC(=O)O,3.9
CC(C)/C(=N/O)C(=O)O,2.84
O=CO,3.756
O=C(O)/C=C\c1c[nH]cn1,2.71
O=C(O)CCC(=O)O,4.13
O=C(O)C1(O)CCCCCC1,4.125
Cc1ccc(C)c(P(=O)(O)O)c1,2.1
Cc1cc(S(N)(=O)=O)ccc1Cl,9.84
CC(C)(C)c1ccc(C(=O)O)o1,3.35
O=C(O)C(O)O,3.13
O=C(O)CBr,2.905
O=[N+]([O-])c1ccc(O)c([N+](=O)[O-])c1Cl,3.23
CCOC(=O)C(C#N)c1c(F)c(F)c(F)c(F)c1F,5.89
O=[N+]([O-])c1cccc(P(=O)(O)O)c1,1.25
O=CS,2.06
OCC(F)(F)C(F)F,12.74
NC(=O)c1cc(C(=O)O)ccc1C(=O)O,3.12
ON=C(C(F)(F)F)C(F)(F)F,6
CCOCO,13.04
O=C(O)CC/C(=N/O)c1ccccc1,4.7
O=C(O)Cc1cccc([N+](=O)[O-])c1,3.935
O=C(O)[C@@H]1[C@H](C(=O)O)[C@H]2C=C[C@@H]1CC2,4.56
CC(O)C(C)(O)C(=O)O,3.51
Nc1ccc(C(=O)NCC(=O)O)cc1,3.93
CCCO,16.1
O=C(O)C[As](CC(=O)O)c1ccccc1,3.62
Nc1c(Cl)cc(Cl)cc1[N+](=O)[O-],16.39
O=C(OO)c1ccccc1,8.2
CC1(C)OC(=O)CC(=O)O1,4.8
O=c1ccc2ccccc2cc1O,10
O=C(O)c1cscc1C(=O)O,2.81
CO[C@H]1C[C@@H]1C(=O)O,4.47
Cc1cc(C)c(C)c(C(=O)O)c1C,3.47
C[C@H](C(=O)O)[C@@H](C)C(=O)O,3.77
CC(C(=O)O)C(C(=O)O)c1ccccc1,3.63
CCc1cc(C(=O)O)cs1,4.19
O=C(O)C1=CCCCC1,4.66
C=C(O)O,7.3
C/C=C(/C)C(=O)O,4.245
O=C(O)CC(Cc1ccccc1)C(=O)O,4.11
Oc1ccc(/N=N/c2ccncc2)cc1,7.73
N#CC(=C(O)O)c1ccccc1,0.99
NC(=O)[C@@H](N)Cc1ccc(O)cc1,9.89
Cn1cnc2nc(O)[nH]c2c1=O,8.52
CC(=O)Oc1ccccc1O,9.01
CC(=O)/C(Br)=C(/C)O,5.9
CC1CCCC(CC(=O)O)C1,4.8
O=C1CCC(=O)C1,4.36
Oc1nc(Cl)nc(Cl)n1,4
[O-][N+](O)=Cc1ccccc1,3.77
COc1c(O)ccc(O)c1OC,9.6
COc1ccc(SCC(=O)O)cc1,3.663666667
O=C(O)c1cccc(S)c1,3.96
Nc1c(Br)cc(O)c2c1C(=O)c1ccccc1C2=O,9.104
N#CCCC([N+](=O)[O-])[N+](=O)[O-],3.45
Cc1cccc2c1C(=O)NC2=O,10.49
C=C(O)OC(=C)c1cccc(Cl)c1,9.3
COc1ccccc1C(=O)O,4.09
C=C(C)S,7.86
O=C(O)C[Se]CC(=O)O,3.38
O=[N+]([O-])c1ccccc1S,5.45
COC(=O)c1c(C(=O)O)ccc(OC)c1OC,3.8
O=C(O)[C@H](O)[C@@H](O)[C@H](O)[C@H](O)CO,3.64
CCC1CCCC1C(=O)O,4.95
O=C(O)[C@H]1C[C@@]1(C(=O)O)c1ccccc1,3.72
OCC(F)(F)CO,11
O=P(O)(O)CCCCP(=O)(O)O,2
O=Cc1ccc2cccc(O)c2c1O,4.5
CNS(=O)(=O)c1ccc(C)cc1,11.7
O=C(CC(=O)C(F)(F)F)C(F)(F)F,5.3
CCCC(CC)(C(=O)O)C(=O)O,2.15
Cc1ccccc(=O)c1O,7.92
O=C1C=C(O)CO1,3.76
Cc1cccnc1N[N+](=O)[O-],5.9
O=C(O)/C=C/CC(=O)O,4.25
C/C(O)=C/C(=O)O,4.05
CC1CCCC(C)(C(=O)O)C1,5.2
Cc1ccc(S(=O)(=O)NO)cc1,9.4
CONC(=O)Oc1ccccc1,9.15
CCCSC(=S)Nc1ccccc1,9.14
O=C(O)/C=C/C(=O)NOCc1ccccc1,3.8
Nc1cc([N+](=O)[O-])ccc1O,7.07
Cc1ccc(C(=O)N(C)O)cc1,8.46
CC(Cl)(Cl)OO,9
Cc1cnc2c(n1)N=CNC2O,11.76
COCCSC(C)O,14.21
CC#C/C=C/C(=O)O,4.2
Oc1cnc2nc(O)ncc2n1,5.785
COc1ccc(O)cc1C,10.31
O=[N+]([O-])C(F)F,12.4
N#CC(C(=O)O)c1ccccc1,1.68
Cc1c(O)cc(C(C)C)c(O)c1O,9.5
O=C(O)c1cc(O)ccc1O,2.975
C/C=C/C=C/C=C/C=C/C(=O)O,4.43
CCc1cccc(C(=O)O)c1,4.27
Oc1nc2ncncc2nc1S,5.59
NC(=O)C(=O)O,1.84
C/C=C/CCC(=O)O,4.72
NC(=O)c1cc([N+](=O)[O-])ccc1O,5.4
Cc1nc2ncnc(O)c2nc1C,8.39
O=C(O)CCCBr,4.59
O=C(O)C(O)C(Cl)(Cl)Cl,2.33
O=C(O)CSc1ccc(C(=O)O)cc1,3.19
[O-][n+]1ccc(NO)cc1,10.5
CCC(NC(C)=O)C(=O)O,3.72
NC(=O)/C(=N\O)c1ccccc1,10.1
C=C(C)c1ccc(O)cc1,10.49
OC(O)C#Cc1ccccc1,11.77
Oc1ccc(C2CCCCC2)cc1,10.3
CCC1(C)OC(=O)NC1=O,6.1
Oc1cccc2cnccc12,8.45
O=[N+]([O-])Nc1ccc(F)cc1,4.39
CC/C(=C\c1ccc(C)cc1)C(=O)O,5.11
OC#Cc1ccccc1,2.8
O=[N+]([O-])c1ccc(O)c(O)c1[N+](=O)[O-],5.39
ONC(C(F)(F)F)C(F)(F)F,8.5
CCNC(=O)NS(=O)(=O)c1ccc([N+](=O)[O-])cc1,4.03
CS(=O)(=O)Nc1ccccc1,8.85
Sc1ccncn1,6.9
CCN1C(=O)C(C)C(=O)N=C1SC,13.5
CCC1(CC)C(=O)NC(=O)N(C)C1=O,8.31
O=C(O)c1ccc(Br)o1,2.84
Cc1ccccc1O,10.4
O=C(O)c1ccc([N+](=O)[O-])c(O)c1,3.5
CCC(C)(C)P(=O)(O)O,2.88
Nc1ncc(C(=O)O)c(N)n1,6.79
CCCC(CCC)(C(=O)O)C(=O)O,2.02
OC(C(F)(F)C(F)(F)C(F)(F)F)C(F)(F)C(F)(F)C(F)(F)F,10.6
Cc1cc(C)cc(S)c1,6.7
O=C1CCCC(=O)C1,5.15
CC(C)(C)c1cc(O)ccc1O,10.7
Oc1ccc2nccnc2c1,7.92
Oc1cccc(Cl)c1Cl,7.705
O=C(O)C1C2CC1C2,4.27
CC1(Cc2ccccc2)NNC(=O)NC1=O,7.43
N#CC(CCC(=O)O)c1ccccc1,4.4
CCc1ccccc1CC(=O)O,4.32
[N-]=[N+]=NCC(=O)O,3.03
COC(=O)c1ccc(O)c([N+](=O)[O-])c1,5.4
O=C1O[C@@H]([C@H](O)[C@H](O)[C@H](O)CO)C(O)=C1O,4.3
O=C(O)[C@H]1CC[C@@H](C(=O)O)CC1,4.44
COC(=O)CCC([N+](=O)[O-])[N+](=O)[O-],4.34
Cc1ccc(C)c(O)c1C,10.64
N#Cc1cccc(OCC(=O)O)c1,3.03
COC(=O)CC(=O)c1cccnc1,8.98
O=[N+]([O-])C(Cl)[N+](=O)[O-],3.665
Cc1cc(O)c(Cl)cc1C,8.75
OOC(Cl)(Cl)C(Cl)(Cl)Cl,9
O=C(O)Cc1ccccc1[N+](=O)[O-],4
CC(C)(C)c1ccc(O)c(O)c1,9.53
CCc1ccc(NS(=O)(=O)C(F)(F)F)cc1,4.82
CCOC(=O)c1ccccc1O,10.07
Oc1ccccc1O,9.364
O=C1CC(c2ccccc2)C(=O)N1,8.73
CC/C(=C\c1ccc(OC)cc1)C(=O)O,5.15
C/C(N=O)=N\O,5.81
C=C(C(=O)O)c1ccc([N+](=O)[O-])cc1,4.05
CC(=O)S,3.555
C/C(=N\O)c1cccc([N+](=O)[O-])c1,10.1
CC(=O)OO,8.4
O=C(c1ccccc1)c1cc([N+](=O)[O-])ccc1O,5.96
O=P(O)(O)Cc1ccccc1,2.3
CC(N)=O,15.1
O=C1C=CC(=Nc2ccc(O)c(Cl)c2)C=C1,7
CC(C)(C)c1cccnc1O,12
O=S(=O)(Nc1ccccc1)c1ccc(Cl)cc1,7.98
O=CCCC(=O)O,3.6
O=CC1CCCC1=O,5.83
Cc1ccccc1S,7
C[Si](C)(CC(=O)O)c1ccccc1,5.268
CC1C(=O)CCC1=O,4.59
C/C=C/C=C/C=C/C(=O)O,5.37
CCOc1ccccc1S,7.06
Cc1ccccc1C[N+](=O)[O-],7.6
Oc1ccc(O)c(Cl)c1,8.9
NNC(=O)COc1ccccc1,12.23
CC(=O)N(CC(=O)O)c1ccccc1C,3.66
C[C@H]1CCC[C@H](C(=O)O)C1,5.02
CCCSCC(=O)O,3.77
Oc1c(F)c(F)cc(F)c1F,5.6
CC1=CC(=O)C(C(C)C)=C(O)C1=O,6.2
O=C(O)c1ccc(O)c(Cl)c1,4.24
O=c1c(Br)cccc(Br)c1O,4.68
Oc1ccc2cn[nH]c2c1,9.35
Cc1cc(NS(=O)(=O)c2ccc(N)cc2)no1,5.51
CC(C)(C)C(=O)CCC(=O)O,4.8
CC(N)=S,13.4
CC1=Nc2ccc(Cl)cc2S(=O)(=O)N1,8.5
O=C(/C(=N/O)c1ccccc1)c1ccccc1,8.8
N#CC1C=CC=C1,9.78
Cc1ccccc1CC(=O)O,4.3
OCC(F)(F)C(F)(F)CO,12.1
CC(C)c1ccccc1C(=O)O,3.63
O=C(O)CSc1ccccc1Cl,3.375
COc1cc(O)c(OC)cc1O,9.8
Oc1c(C(F)(F)F)c(C(F)(F)F)c(C(F)(F)F)c(C(F)(F)F)c1C(F)(F)F,1.32
COc1ccc2c(c1)nnn2O,5.07
CCC(C)(CC(=O)O)CC(=O)O,3.62
Cc1ccc([Se]CC(=O)O)cc1,3.86
Cc1nc2c(O)ncnc2n(C)c1=O,7.81
O=C(O)C=C=Cc1ccccc1,3.69
Oc1ncnc2c1N=CCN2,12.13
O=[N+]([O-])c1cc(O)cc([N+](=O)[O-])c1,6.71
N#Cc1ccc(C[N+](=O)[O-])cc1,6.17
CC(C)/C=C/C(=O)O,4.7
Cc1ncc(CO)c(CO)c1O,8.95
Cc1nc2cnc(S)nc2n(C)c1=O,6.15
NC(=O)SCC(=O)O,3.61
CCO,15.9
CNc1ncnc(O)c1NCC#N,9.9
O=CNCC(=O)O,3.43
COOC(=O)c1ccc(O)c(C(=O)O)c1,2.51
O=C(O)CS(=O)(=O)c1ccccc1,2.4765
OC(O)(C(F)F)C(F)F,8.79
Cc1cc(O)ccc1[N+](=O)[O-],7.65
CC(=O)Nc1ccccc1,13.8
Oc1cccc2ccccc12,9.3
CC/C(=C\c1ccc(Cl)cc1)C(=O)O,4.92
CC(O)=C(Cl)Cl,6.2
O=[N+]([O-])c1cc([N+](=O)[O-])c(O)c([N+](=O)[O-])c1O,0.06
O=C(O)c1cccc(C(=O)O)c1O,1.865
CC(C)(O)c1cccc(C(=O)O)c1,4.18
Oc1ncnc2ccccc12,9.81
Cc1nc(O)nc2c1N=CC(O)N2,10.85
O=C(O)c1c[n+]([O-])ccc1[N+](=O)[O-],0.5
O=C(O)c1ccc(F)cc1,4.14
CC(=O)c1ccc(O)c(CN(C)C)c1,9.62
Cn1c(O)nc2c(O)ncnc21,8.31
O=C(c1ccccc1)N(O)c1ccco1,8.14
Cc1ccc(C)c(O)c1,10.315
Oc1ncnc2c1NCC=N2,10.29
O=C(c1ccccc1)c1cccc(O)c1,9
Cc1ccc2ccccc2c1C(=O)O,3.03
O=C(O)Cn1c(=O)sc2cccc(Cl)c21,3.6
O=C1C[C@H](C(=O)O)[C@H](C(=O)O)C1,3.9
O=CCC=O,5
O=C(O)/C=C/c1ccccc1F,4.28
O=C(O)CCC(=O)c1ccccc1,4.68
O=P(O)(O)C(F)(F)F,1.16
O=C(O)c1ccc(Br)c([N+](=O)[O-])c1,3.38
CCc1ccc(C(=O)O)s1,3.675
N#CC(O)(c1ccccc1)c1ccccc1,9.1
Cc1cc(O)c(C)cc1O,10.38
Nc1ccc(S(N)(=O)=O)cc1,10.455
Oc1ccc2c(C(F)(F)F)cccc2c1,9.08
O=C(/C=N/O)c1ccccc1,8.25
O=C(O)CCc1ccc(O)c(O)c1,4.38
CCCCOc1ccc(C(=O)O)cc1,4.53
COc1cccc(SCC(=O)O)c1,3.477
Cc1cc(C)c(O)cc1C,10.545
O=C(O)c1cnc(Br)s1,2.96
O=C(O)c1ccc([N+](=O)[O-])s1,2.73
NC(=S)N/N=C/c1ccccc1O,9.27
O=S(=O)(c1cccc(O)c1)C(F)(F)F,7.87
C[C@H]1CCCC[C@H]1C(=O)O,5.04
O=C(COc1ccc(Cl)cc1)NO,8.75
Oc1cccc(Cl)n1,7.84
NS(=O)(=O)Oc1ccc([N+](=O)[O-])cc1,7.32
O=C(Cc1cccc([N+](=O)[O-])c1)c1cccnc1,11.96
Cc1cc(C)c(C(=O)O)c(C)c1,3.476666667
O=C1O[C@H]([C@H](O)CO)C(O)=C1O,4.26
Nc1nc(Cl)cc(Cl)n1,16.7
O=C(c1ccccc1)c1ccc(Cl)cc1O,8.3
O=C(O)/C(O)=C(/O)C(=O)O,1.52
Cc1ncnc2ncc(O)nc12,6.3
O=C(O)C(COP(=O)(O)O)OP(=O)(O)O,0.48
NS(=O)(=O)c1cc2c(cc1Cl)NC(C(Cl)Cl)NS2(=O)=O,8.6
O=C(O)C(CO)c1ccccc1,4.175
O=C(O)CCc1ccsc1,4.45
O=C1OCC[C@H]2CC[C@@H](C(=O)O)[C@@H]12,4.76
Cc1ccc(O)cc1C,10.39
O=C(O)c1cnc(Cl)s1,3
O=C1C=C(O)C(=O)C=C1O,2.94
O=C(O)c1cccc(Cl)c1,3.83
CC(c1cccc(C(F)(F)F)c1)[N+](=O)[O-],6.96
O=C(O)COc1ccccc1[N+](=O)[O-],2.9
O=C(O)CS(=O)(=O)c1ccc([N+](=O)[O-])cc1,2.33
O=C(O)COc1ccc(Cl)c([N+](=O)[O-])c1,2.96
CN(C)c1ccc(C(=O)O)c(C(=O)O)c1,3.1
NC(=O)NS(=O)(=O)c1ccc(N)cc1,5.42
N#C[C@H]1C[C@@H]1C(=O)O,3.73
Sc1nc2cc3c(cc2[nH]1)CCCC3,10.3
N#CC(C#N)c1ccccc1,5.8
Cc1ccc(C(=O)O)cc1,4.39
COc1cccc(C=O)c1O,7.895
Cc1cc(O)cc(C)c1C,10.2
CC(Cl)C(O)C(=O)O,3.08
CCOC(=O)/C(C)=N/O,9.64
O=C(NCO)c1ccccc1,13.05
Cc1ccc(NC(C)(C)C(=O)O)cc1,6.39
O=C(O)[C@H]1C[C@@H]1c1ccccc1,4.57
Oc1cc(O)ncn1,5.4
CC1(C)CC(=O)C(Br)C(=O)C1,3.1
O=C(O)[C@@H]1[C@H](C(=O)O)[C@H]2C=C[C@@H]1C2,4.46
CC1C(=O)CC(=O)C1=O,3.4
Oc1ccccc1C(F)(F)F,8.42
COc1cc(C)c(O)c(C)c1,10.63
O=c1ccc([N+](=O)[O-])ccc1O,2.97
N[N+](=O)[O-],6.55
NC(=O)CC(=O)c1ccncc1,7.91
Cc1cnnc2c(O)cccc12,8.34
O=C(O)c1ccnc(C(=O)O)n1,2.14
COC(O)(c1ccccc1)n1ccnc1,10.18
O=C(O)C(F)(F)Cl,0.46
O=C(O)c1ccc(C2CC2)cc1,4.42
Cc1ccc(N[N+](=O)[O-])cc1,4.66
Nc1ncc([N+](=O)[O-])c(O)n1,6.7
CC(C)(C)S,11.13666667
O=P(O)(O)c1ccccc1Br,1.585
CC1=C(O)C(Cc2ccc(Br)cc2)CC1=O,4.24
CC(=O)/C=N/O,8.3
OC1=Nc2nc(O)ncc2NC1,5.84
CC(C)c1ccc(O)cc1,10.25
O=c1c(O)c1O,2.6
Fc1ccc(S)c(F)c1,4.9
Oc1cccc2ccncc12,8.4
O=C(NCO)c1ccc(Cl)c(Cl)c1,12.9
O=C(O)C(=O)Nc1ccc(F)cc1,2.43
Cc1ccsc1C(=O)O,3.9
O=C(O)Cc1cccc(C(F)(F)F)c1,4.19
CP(C)(=O)O,3.1
Cc1ncc2nc(O)cnc2n1,6.53
O=C(O)c1cccc([N+](=O)[O-])c1,3.516666667
Cc1cccc(S(=O)(=O)CC(=O)O)c1,2.567
COC(=O)c1ccccc1S,6.8
CCOC(=S)S,2.74
O=C(O)c1cc[nH]n1,3.79
CC(O)C(=O)O,3.86
CS(=O)(=O)c1ccc(N[N+](=O)[O-])cc1,3.79
CCCC([N+](=O)[O-])[N+](=O)[O-],5.39
Nc1cc(Cl)ccc1O,9.51
CO/C(O)=C(/O)c1ccccc1,6.55
O=C(O)c1cc(O)cc(Cl)c1,4.2
Cc1cc(C(=O)O)ccc1Br,4.03
O=[N+]([O-])C1C=Cc2ccccc21,2
O=C(O)c1cc(Br)cs1,3.13
CC(C)(O)CCC(=O)O,4.87
O/N=C(\c1ccccc1)c1ccccn1,11.1
Sc1ccccc1Cl,5.68
O=C(O)CCCCCCCC(=O)O,4.55
CC(C)(CC(=O)O)CC(=O)O,3.766666667
C/C(=N\O)C(=O)NCC(=O)O,3.49
Oc1ncnc2c1NCCN2,10.13
O=C(O)c1ccccc1C(F)(F)F,2.73
O=C(O)n1cccn1,3.31
O=C(O)CC1C(=O)O[C@H]2CCC[C@@H]12,4.27
O=C(O)C(c1ccccc1)c1ccccc1,3.92
O=C(O)C[S+]([O-])c1ccc(Cl)cc1,2.664
O=[N+]([O-])c1ccc([As](=O)(O)O)cc1,2.9
O=C(O)COCC(=O)O,2.96
CC(=O)c1ccc(S(N)(=O)=O)cc1,9.66
Nc1ccc(O)c(O)c1,10.65
Cc1cc(C(=O)O)cs1,4.24
Cn1cnc2ncnc(N)c21,14.7
CC(=O)c1csc(C(=O)O)c1,3.15
COc1cc([N+](=O)[O-])ccc1O,6.63
CCCC(=O)O,4.82
Oc1ccc(/N=N/c2ccccc2)c(O)c1,6.44
O=C(O)c1ccc2ccccc2c1O,3.86
Oc1cccc2c(C(F)(F)F)cccc12,0.7
CCC(C)(O)C(=O)O,3.91
COc1c(O)ccc(O)c1C,10.3
NS(=O)(=O)c1ccc(Cl)c(Cl)c1,9.6
COc1nc2nc(Cl)nc(N)c2n1C,14.7
Cn1nnnc1CC(=O)O,2.83
O=C(O)COc1ccccc1Cl,3.02
O=C(O)c1cc([N+](=O)[O-])c[nH]1,3.37
C=C(O)c1cccc(Cl)c1,11.2
Cc1c(O)c(=O)c1=O,0.24
On1nnc2ccc(Cl)cc21,4.15
OCCCS,10.19
O=C1C=CC(=Nc2ccc(O)c(Br)c2)C=C1,7.2
COc1cccc([Se]CC(=O)O)c1,3.73
O=C(O)/C(=N\O)c1cccs1,2.3
CC1CCC(=O)C2C(=O)CCCC12,11.3
CCC(Nc1ccccc1C)C(=O)O,4.28
CCC(=O)OO,8.1
O/N=C\c1ccncc1,9.3
CCNc1nc(O)nc(NC(C)C)n1,10.39
NC(=O)NS(=O)(=O)c1ccccc1,5.1
Nc1ccc(C(=O)O)cc1C(=O)c1ccccc1,4.34
O=C(O)[C@@H]1[C@H](C(=O)O)[C@@H]2C=C[C@H]1CC2,4.66
Cc1nc(N[N+](=O)[O-])n[nH]1,4.3
O=C(O)C12CC(C(F)(F)F)(C1)C2,3.25
CN1C(=O)CC(=O)N(C)C1=O,4.4
COC(=O)c1occc1C(=O)O,3.09
O=C(O)CSc1ccccc1,3.49
Cc1ncsc1C(=O)O,3.57
Oc1cccc2cc(C(F)(F)F)ccc12,1.1
CCCCO,16.1
N#Cc1ccc(S)cc1,4.9
CC(C)C(=O)NO,9
N=C(NCCc1ccccc1)N[N+](=O)[O-],12.25
O=C(O)CSc1cccc(C(F)(F)F)c1,3.3
CC#CCC(=O)O,3.59
COc1ccc(C(=O)NCC(=O)O)cc1,4.77
O=c1cc(Br)c(O)c(Br)cc1Br,3.89
O=C(O)/C(=N\O)c1ccccc1,2.82
Cc1ccccc1C(=O)O,3.96
Nc1ccc(O)cc1[N+](=O)[O-],9.04
Cc1ccc(N[N+](=O)[O-])nc1,6.34
OB(O)O,9.21
CC(C)CC(=O)O,4.78
CC1C(=O)CC(Cc2ccc(Br)cc2)C1=O,4.24
OC1=Nc2nccnc2CN1,12.6
COc1ccc(C(=O)N(C)O)cc1,8.715
CC([N+](=O)[O-])[N+](=O)[O-],5.24
O=C(O)/C=C(/Cl)C(=O)O,1.72
N#Cc1cc(Br)c(O)c(Br)c1,4.09
Cc1ccc([N+](=O)[O-])c(O)c1,7.25
COC(=O)c1ccc(C(=O)O)cc1C(=O)OC,3.47
C/C(O)=C/C(N)=O,9.46
C[Si](C)(C)CC(=O)O,5.22
CN1C(=O)c2ccccc2N(C)C1O,11.1
O=[N+]([O-])Cc1ccc([N+](=O)[O-])cc1,5.89
N#CC(CC(=O)O)c1ccccc1,3.79
COc1ccc(C(=O)CC(=O)C(F)(F)F)cc1,6.94
O=[N+]([O-])c1ccc(Cl)cc1O,6.05
CC(=O)Oc1cccc2cccc(O)c12,9.69
OCc1ccc(O)c(CO)c1,9.77
Sc1ncc2nccnc2n1,6.52
Cc1cnc2c(n1)CNC(O)=N2,13.05
O=[As](O)(O)c1ccccc1,3.563333333
O=C(O)c1n[nH]nc1C(=O)O,1.86
Oc1nc2cc3ccccc3cc2[nH]1,11.47
CC1CC(C)CC(C(=O)O)C1,5.2
O=[N+]([O-])c1ccc(Nc2cccc([N+](=O)[O-])c2)cc1,14.66
Cc1cccc(O)c1C(=O)O,3.3
NNC(=O)Cc1ccccc1,13.17
CN1CC(=O)NC1=N,9.2
O=C(O)CN(C(=O)CCl)c1ccccc1,3.47
O=C(O)[C@@H]1C[C@@H]1Cl,4.12
O=C(O)c1cc(Br)cc(C(=O)O)c1,3.21
Cc1nc2nc(O)nc(C)c2nc1C,8.5
CC(C)Oc1ccc(C(=O)O)cc1,4.68
O=C1O[C@H]([C@@H](O)CO)C(O)=C1O,4.175
CCCOP(=O)(O)O,1.88
O=[N+]([O-])c1ccc(O)c2ncccc12,6.422
COC(=O)O,2.92
OC1=Nc2ncc(O)nc2C(O)N1,8.695
COc1ccc(N)cc1C(=O)O,5.43
CCCc1ccc(O)c2ncccc12,9.7
CC(C)=CO,11.63
CN(C)c1ccc(C(=O)NN)cc1,13.05
CCOC(=O)C(CC)(CC)C(=O)O,3.7
O=C(NCO)c1cccc([N+](=O)[O-])c1,13
COc1cc(OC)cc(C(=O)O)c1,3.97
O=S(=O)(O)c1cccc2c(S(=O)(=O)O)cccc12,-3.58
Nc1nc(O)c2[nH]cnc2n1,9.2
CN1C(=O)CC(=O)NC1=O,4.2
O=C(O)[C@@H]1C2CCC(CC2)[C@@H]1C(=O)O,4.79
Cc1ccc([As](=O)(O)O)cc1,3.7
CCOC(=O)C(C(C)O)[N+](=O)[O-],6.52
CC(C)(C)c1ccc2c(c1)C(=O)NC2=O,10.21
O=C(Oc1ccccc1)c1ccccc1O,8.8
CC(C)(C(N)=O)S(N)(=O)=O,9.92
Oc1cc(Br)cc(Br)c1,8.06
Oc1nc(Cl)n[nH]1,6.02
Cc1cc(Cl)ccc1OCCCC(=O)O,4.8
Oc1c(Cl)cc(Cl)cc1Cl,5.99
O=C(O)c1cccc(Br)c1O,2.73
O=[N+]([O-])c1cc(Cl)cc([N+](=O)[O-])c1O,2.96
C=Cc1cccc(C(=O)O)c1,4.32
O=C(O)c1ccc(Cl)cc1[N+](=O)[O-],2
Nc1cccc(O)c1O,10.5
O=C(O)c1cccc2[nH]cnc12,5.2
CCC(CC(=O)O)c1ccccc1,4.68
O=C(O)c1cc(Cl)c(Cl)c(Cl)c1,3.4
CCC1C(=O)CC(=O)C1=O,3.5
CC(C)c1ccc(C(=O)O)cc1[N+](=O)[O-],3.67
CCOC(=O)C(Br)C#N,6
NNS(=O)(=O)CCl,9.7
O=C(O)c1csc([N+](=O)[O-])c1,3.245
O=Cc1cc([N+](=O)[O-])cc([N+](=O)[O-])c1O,2.27
Nc1ccc(S(=O)(=O)Nc2cnc(Cl)nc2)cc1,5.8
O=C(O)c1cccc(C2CC2)c1,4.28
O=C1CCCc2cc(O)ccc21,7.94
CC(Oc1ccc(Cl)cc1Cl)C(=O)O,2.925
O=C(O)CF,2.72
CC(CC(=O)O)c1cccc(C(F)(F)F)c1,4.54
Cc1ccc(S)cc1,6.82
C/C=C/C1=C(O)C(=O)c2ccccc2C1=O,4.8
O=C(O)/C=C(/CC(=O)O)C(=O)O,2.78
C[C@@]1(C(=O)O)C[C@]1(C)C(=O)O,4.06
O=C(O)/C=C\c1ccccc1Cl,3.91
Cc1c(O)c(=O)ccn1C,9.64
CN1C(=O)Nc2nccnc2C1O,11.01
Oc1c(Cl)cccc1Cl,6.77
O=[Se](O)c1ccccc1,4.7
COC(=O)c1cc([N+](=O)[O-])cc([N+](=O)[O-])c1O,2.45
CC1=C(C)C(=O)C(O)=C(C)C1=O,6.26
O=[N+]([O-])c1cccc(O)c1[N+](=O)[O-],5.23
O=C(O)/C=C(\CC(=O)O)C(=O)O,2.91
O=C(O)C=C1CCCCC1,4.59
Cc1ccc(S(=O)(=O)CC(=O)O)cc1,2.542
CS(=O)(=O)O,-1.25
O=C(O)[C@H]1CCC[C@@H](O)C1,4.6
Fc1cc(F)c(F)c(S)c1F,2.75
CC(=O)NC(CSc1ccccc1)C(=O)O,3.6
Cc1ccc2cc(O)ccc2[n+]1[O-],8.21
O=C(O)Cc1ccc(O)cc1,4.33
Cc1cc(Cl)ccc1OCC(=O)O,3.12
Nc1ccc(C(=O)O)c(Br)c1,4.05
CC(=O)CC(=O)Nc1ccc(Cl)cc1,10.25
O=C(O)c1ccccc1Oc1ccccc1,3.53
COC(OC)C(=O)O,2.92
COCC(=O)O,3.55
O=C(O)CN(CC(=O)O)c1ccc(F)cc1,2.43
CS(=O)(=O)CS(=O)(=O)Oc1cccc([N+](=O)[O-])c1,9.07
COC(=O)C(O)C(O)C(=O)O,4.55
COc1ccc(C(C)=O)c(O)c1,10.01
COc1cc(C(=O)O)ccc1C,4.13
Cc1cc(C(=O)O)ccc1O,4.68
Nc1cc(C(=O)O)ccc1C(=O)O,3.58
NS(=O)(=O)CF,9.32
O=C(O)C1C(=O)NC(=O)C1c1ccccc1,2.9
O=[N+]([O-])c1cccc(/C=C/C=N/O)c1,10.16
OOc1cccc2ccccc12,7.9
Sc1cc2ccccc2cn1,8.58
O=C(O)C(O)Cc1ccccc1,3.72
Cc1ncc2c(c1O)C(=O)OC2,7.05
CC(=O)CC(N)=O,10.41
COc1ccc2c(c1)OC(O)C(=O)N2O,6.4
CC1=CC(=O)C=C(O)C1=O,4.86
O=[N+]([O-])NCCO,5.95
O=C(O)c1c([N+](=O)[O-])cccc1[N+](=O)[O-],1.14
Cc1ccnc2c(O)cccc12,9.99
Cc1ccc(O)c(CO)c1,10.15
CC(=O)Oc1ccc(O)c(C(C)=O)c1,9.43
O=C(O)CCCCCC(=O)O,4.485
NC(=S)Nc1ccc(Cl)cc1,12.3
OCC(Cl)(Cl)Cl,12.24
O=C(NO)c1ccc(Cl)cc1,8.58
OOc1ccc2ccccc2c1,8.1
O=C(O)CO[N+](=O)[O-],2.26
CS(=O)(=O)c1ccc(O)c(C(=O)O)c1,2.1
O=C(O)C1=CCC=C(C(=O)O)O1,2.85
O=C(O)c1ccccc1,4.2015
O=C1CC(=O)C(=O)C1,3
O=C(O)CCCC(=O)c1ccccc1,4.77
Nc1cccc(O)c1[N+](=O)[O-],8
CC(O)(C(F)(F)F)C(F)(F)F,9.55
C[C@H]1CC[C@@H](C(=O)O)CC1,5.04
O=C(O)COc1ccccc1OCC(=O)O,2.7
COC(=O)CCS,9.33
CSCc1ccc(O)c(CSC)n1,8.4
NS(=O)(=O)c1nnc(NC(=O)CCl)s1,5.7
NNC(=O)CS,7.75
O=C(O)CCS,4.325
O=C1CCC(=O)NN1,8.1
O=S(=O)(O)CCS(=O)(=O)O,-2.06
O=C(O)CC1(CC(=O)O)CCCC1,3.83
COc1cccc(CC(C)[N+](=O)[O-])c1,7.4
O=S(=O)(Nc1ccc(Br)cc1)c1ccccc1,7.8
CC(O)(O)Oc1ccc([N+](=O)[O-])cc1,10.35
CCC1(CC)C(=O)C=CNC1=O,11.5
O=C(O)c1csc(Br)n1,3.28
CCn1nc(C(=O)O)c(=O)c2cc3c(cc21)OCO3,4.7
O=[N+]([O-])c1cc(O)cc([N+](=O)[O-])c1O,4.42
CNC(=O)CS,8.05
Cc1cc(O)c(O)c(C)c1O,10.3
CSc1nc(O)cc(O)n1,5.09
Nc1ccc(S(=O)(=O)Nc2cccnc2)cc1,7.89
CC(Cl)[N+](=O)[O-],6.8
N=C1NCC(=O)N1,6.82
O=C(O)CCC(=O)C(=O)O,1.7
CCC(CC)(CC(=O)O)CC(=O)O,3.57
Nc1ccc([N+](=O)[O-])cc1O,8.25
O=S(=O)(Nc1ccccc1)C(F)F,6.19
CC(C)(C)P(=O)(O)O,2.79
CC1=CC(=O)C(C)=C(O)C1=O,5.65
CC(=O)NC(C)=O,11.2
O=C(O)CP,4.17
CS(=O)(=O)c1ccc(C(=O)O)s1,2.81
O=C(O)C/C(=C/c1ccccc1)C(=O)O,3.86
Cc1ncnc2nc(O)c(O)nc12,7.12
CCOC(=O)C1CCCCC1=O,11.23
O=C(O)c1cccc(=O)c(O)c1,3.42
Cc1cc(Cl)ccc1NS(=O)(=O)C(F)(F)F,3.9
Oc1ccccc1,9.99
O=C(Cc1ccncc1)c1cccc([N+](=O)[O-])c1,11.02
CC1=Nc2c(C)nc(O)nc2NC1(C)O,11.5
O=P(O)(O)c1ccc(Cl)cc1,1.62
CCCS(=O)(=O)CC(=O)O,2.51
Nc1ccc(C(=O)O)c(F)c1,4.13
O=C(O)c1nc(Cl)ccc1Cl,2.32
C[C@H]1CC[C@H](C(=O)O)CC1,4.89
O=C(O)c1ccc(O)c2c(O)cccc12,5.6
O=Cc1ccc(O)c([N+](=O)[O-])c1,4.58
CCC(Oc1ccccc1)C(=O)O,3.17
OCCSC(=S)Nc1ccccc1,9.2
N=C(Nc1ccc(Cl)cc1)N[N+](=O)[O-],9.7
O=C(O)c1ccc(Cl)o1,2.83
CC(=O)/C(C)=C(/C)O,9.5
O=[N+]([O-])CF,9.55
CONC(=O)C(C)N,9.51
CC1(c2ccccc2)C(=O)NC(=O)C1C(N)=O,7.69
O=C(O)/C=C/c1cccc(O)c1,4.4
CCn1cc(C(=O)O)c(=O)c2ccc(C)nc21,5.95
CCOC(=O)[C@H]1C[C@@H]1C(=O)O,4.1
CS(=O)(=O)CC(=O)O,2.44
O=C1C=C/C(=N/O)C(Cl)=C1,5.7
CC(C)c1ccc(Br)c(=O)c(O)c1Br,6.44
Nc1nc(O)nc2nccnc12,9.97
OC1=Nc2nccnc2C(O)N1,13.03
O=C(O)[C@@H]1CC[C@@H](C(=O)O)C1,4.4
N#CC12CCC(C(=O)O)(CC1)CC2,4.55
C[S+]([O-])c1ccsc1C(=O)O,2.92
O=[N+]([O-])c1cccc(S)c1,5.24
Cc1cc(O)n(O)c(=O)c1C,5.05
O=C(O)CSC1CCCCC1,3.49
O=Cc1cc(Cl)ccc1O,7.4
O=C(O)/C=C/C(=O)O,3.063333333
O=C(O)c1ccc(Br)s1,3.23
NC(=S)C(N)=S,10.62
COC(=O)c1ccc(OC)c(O)c1,9.21
O=CC1CCCCC1=O,6.35
[O-][n+]1cccc(O)c1,6.425
Nc1nnn(CC(=O)O)n1,2.6
NCc1cccc(S(N)(=O)=O)c1,10.14
CN1c2cncnc2N=C(O)C1O,9.33
O=C(O)COc1cccc(Cl)c1,3.04
CC(=O)Nc1ccc(S)cc1,6.08
NC(=O)N[N+](=O)[O-],3.995
C=CCc1ccc2cccnc2c1O,9.97
O=C(O)c1c[nH]nn1,3.22
NNC(=O)c1ccccc1[N+](=O)[O-],11.34
Cc1cccc(C)c1C(=O)O,3.273333333
OOCCl,9.5
Oc1cc(Cl)c(Cl)cc1O,8.26
Nn1cnc2ncnc(O)c21,8
COCOc1c(C)cccc1C(=O)O,3.7
O=C(O)N1C=NN(C(=O)O)C=N1,2.8
Cc1occc(=S)c1O,8.12
O=C(NC1=CON=CC=C1)c1cccc(O)c1,8.81
CN(C)Cc1cc(Br)ccc1O,10.62
CP(=O)(O)O,2.35
O/N=C/c1cc(Cl)ccc1Cl,10.27
CNC(=O)CS(=O)(=O)NC(N)=O,4.89
OC=C(c1ccccc1)c1ccccc1,9.4
NC(=O)CC(=O)O,3.64
COC(=O)c1ccc(C(=O)O)cc1NC(C)=O,3.59
Cc1ncnc2c1N=C(O)C(O)N2,10
CC(c1cccc([N+](=O)[O-])c1)[N+](=O)[O-],6.67
Nc1nc(Cl)ncc1[N+](=O)[O-],13.3
Oc1cc(Cl)cc(Cl)c1,8.18
COC1=C(O)C(=O)SC1,8.3
O=P(O)(O)CP(=O)(O)O,2
Nc1cc(C(=O)O)ccc1O,4.83
Oc1cccc(F)c1O,9.05
OC1=Nc2c(O)nc(O)nc2NC1,7.07
CC(C)C(=O)CC(=O)C(C)C,9.82
CC(O)(CO)C(=O)O,3.58
Oc1cnc2c(O)ncnc2n1,6.08
CCn1nnnc1CC(=O)O,2.85
O=C(O)Cc1ccc([N+](=O)[O-])cc1,3.85
O=C1C=C(O)C(Cc2ccc(Br)cc2)C1,3.96
O=[N+]([O-])NCCC([N+](=O)[O-])([N+](=O)[O-])[N+](=O)[O-],4.97
O=C(O)C(Br)(Br)C(=O)O,0
N#Cc1ccccc1C(=O)O,3.11
CC(=O)CC(C)=O,8.9575
CN(C)c1ccc(/C=C/C(=O)O)cc1,4.83
CC(=O)Nc1cc(C(=O)O)ccc1C(=O)O,3.055
Nc1ccnc2c(O)cccc12,10.71
Cc1cc(O)c(O)cc1O,10
N=C(NN)N[N+](=O)[O-],10.6
CCC/C(=N/O)C(=O)O,3.22
COc1ccccc1OCC(=O)O,3.23
O=C1C(O)=C(Br)C(=O)C(O)=C1Br,0.7
O=[N+]([O-])c1ccc(S)cc1,4.5
O=C(O)O,3.74
O/N=C/c1cc[nH]n1,10.5
Cc1cccc(C(=O)NCO)c1,13.05
O=C(O)CCc1ccc(F)cc1,4.55
CCC(NC(N)=O)C(=O)O,3.89
CN(O)C(=O)c1ccc(Cl)cc1,8.17
CS(=O)(=O)Nc1cccnc1,7.02
O=C(/C(=N\O)c1ccccc1)c1ccccc1,10
O=C(Cc1c[nH]c2ccccc12)NO,9.5
O=C(O)c1cc(C(=O)O)c(C(=O)O)cc1C(=O)O,1.92
Cc1ccccc1NC(C)(C)C(=O)O,5.4
CC(=O)Nc1ccc(C(=O)O)cc1,4.28
O=[N+]([O-])c1c(O)c([N+](=O)[O-])c(Cl)c([N+](=O)[O-])c1O,1.13
Sc1nc2cncnc2n1Cc1ccccc1,7.11
CN(O)C(=O)c1ccc(C(F)(F)F)cc1,8.06
O=C1CCc2ccccc21,16.9
NS(=O)(=O)C(F)(F)F,6.33
SCCn1ccnc1,9.8
O=C(O)c1cc2ccccc2[nH]1,3.84
OC(O)(c1ccccc1)n1ccnc1,9.73
O=C(O)C[C@@]1(C(=O)O)O[C@@H]1C(=O)O,2.59
CC(C)S(=O)(=O)C(C)C(=O)O,2.52
O=C(O)c1cc(Cl)cs1,3.1
O=C(O)c1cccc(Cl)c1Cl,2.67
O=C(O)c1coc(C(=O)O)c1,2.63
O=[Se](O)O,2.6
FC(F)(F)CS,7.3
CN1CCCNS1(=O)=O,11.2
NC(=O)C(CCC(=O)O)c1ccccc1,4.64
O=C(O)c1cc(Cl)ccc1Cl,2.47
Cc1nccc2c1[nH]c1cc(O)ccc12,9.4
CC(Br)[N+](=O)[O-],7.3
CC1=CC(=O)C=C/C1=N/O,6.95
N[C@@H](Cc1ccccc1)C(=O)O,4.66
CCOC(=O)C(Cl)[N+](=O)[O-],4.16
O=NN(O)c1cccc2ccccc12,3.91
O=C1NC(=O)c2c(Cl)cccc21,9.37
O=C(c1cccnc1)N(O)c1ccccc1,8
C=C(O)c1ccccc1,10.32
O=C(O)c1ccc([N+](=O)[O-])cc1[N+](=O)[O-],1.42
CC1(C)SC(=S)NC1=O,5.38
Nc1c(Cl)cc([N+](=O)[O-])cc1Cl,15.55
NS(=O)(=O)c1cc([N+](=O)[O-])cc([N+](=O)[O-])c1,8.75
Sc1ccc(Br)cc1,6.02
O=c1ccc(Br)ccc1O,6.32
Cc1ccc(C(C)(C)C)c(O)c1,11.52
O=C(O)CC(C(=O)O)C(O)C(=O)O,3.29
Cc1cccc(/C=C/C(=O)O)c1,4.44
COc1cc([N+](=O)[O-])c([N+](=O)[O-])c(C(=O)O)c1OC,1.35
CC(O)O,13.54
OC1=CCc2ccccc21,9.48
O=C(O)/C=C\C(=O)O,1.8475
CCCC(CC(=O)O)CC(=O)O,4.315
O=C1C(O)=C(O)C(=O)C(O)(O)C1(O)O,4.25
CCOC(=O)Cc1ccccc1C(=O)O,4.15
Sc1cc(Cl)c(Cl)c(Cl)c1,4.89
O=C(O)CCCC(=O)O,4.383333333
O=[N+]([O-])c1ccc(Nc2ccc([N+](=O)[O-])cc2)cc1,14.08
CC1=C(O)C(=O)CC1=O,3.4
NNC(=O)C(F)(F)C1(F)OC(F)(F)C(F)(F)C1(F)F,8.26
Nc1cc2ccccc2cc1O,9.1
O=C(O)CO,3.865
O=C(O)C[Se]c1cccc([N+](=O)[O-])c1,3.55
N#C/C(=N\O)C(=O)O,1.86
Cc1cc(C)c(C(=O)C(=O)O)c(C)c1,1.37
CC(C)c1cccc(C(=O)O)c1,4.29
Cc1nc(O)nc2nc(O)cnc12,6.31
CCOC(=O)C/C=C(/C)O,12.1
Nc1c(O)cccc1C(=O)O,5.2
C/C=C(\O)CC,11.7
CC(C)C1=C(O)CCC1=O,5.1
NC(=O)NCCCC(=O)O,4.68
Cc1cc(O)cc(C)c1O,10.35
O=C(O)c1cc(=O)cc(C(=O)O)o1,1.88
O=C(O)c1c(F)c(F)nc(F)c1F,3.21
C/C(=N\O)c1ccccn1,11.22
C/C(=C\c1ccc(C)cc1)C(=O)O,5.04
O=C(NCO)c1ccc(Cl)cc1,13.05
CC(C)=NO,12.42
CCOC(=O)C(=O)O,1.5
O=C(O)c1cc(O)c(O)c(O)c1,4.32
NC(=O)/C=C(\O)c1ccccc1,8.89
Oc1ccc(C2CCCC2)cc1,10.31
O=C1C=C(O)CC1,4.36
N#CCCC(C(=O)O)c1ccccc1,3.92
O=[N+]([O-])c1ccc(O)c(O)c1,6.8
Sc1c(Cl)c(Cl)c(Cl)c(Cl)c1Cl,2.88
OCCSC(=S)Nc1ccc(Br)cc1,8.93
CNS(=O)(=O)c1ccc(N)cc1,10.77
COC(=O)/C=C(/C)O,9.48
O=C(O)/C=C/c1ccccc1Br,4.32
COc1ccc(C(=O)O)cc1[N+](=O)[O-],3.72
CCOP(=S)(S)OCC,-0.1
CNC[C@H](O)c1ccc(O)c(O)c1,10.14
O=C(O)Cc1c(F)c(F)c(F)c(F)c1F,3.47
O=C(O)c1cc(O)cc(O)c1,4.01
CC#CC(=O)O,2.65
O=C(O)CC1=CCCCC1,4.6
O=C1CSCC(=O)C1,4.25
Cc1cc(C(=O)O)ccc1[N+](=O)[O-],3.58
COc1cncnc1O,8.6
O=C(NC(=O)c1ccccc1)OCC(Cl)(Cl)Cl,9.1
NC(=O)NCC(=O)O,3.7
O=C(O)Cc1ccccc1Cl,4.07
CC1=Nc2cnc(O)nc2NC1,11.85
O=[N+]([O-])CCl,7.2
O=C(CO)[C@@H](O)[C@H](O)[C@H](O)CO,12.3
Nc1ccc2c(c1)C(O)(OO)N=NC2=O,10.1
CC1(C)OC(O)OC1(C)C,11.37
CS(=O)(=O)CS(=O)(=O)Oc1ccc(C#N)cc1,9.12
Cc1cc(C#N)cc(C)c1O,8.25
CC(=O)c1cccc(C(=O)O)c1,3.81
O=C(O)CCN(CC(=O)O)CC(=O)O,2.06
O=C(Cc1cccc([N+](=O)[O-])c1)c1ccncc1,11.04
O=S(=O)(Nc1ccccc1)C(F)(F)F,4.45
O=[As](O)(O)c1ccc(O)cc1,3.87
Oc1ccc(/N=N/c2ccccc2O)c(O)c1,6.08
O=C(O)COc1ccc(Cl)cc1,3.04
O=Cc1cc(C(=O)O)c(O)c([N+](=O)[O-])c1,0.58
CC=NO,11.42
Cc1cccc(C)c1NC(=O)C(F)(F)F,9.4
CC1(C)SC(=O)NC1=O,6.64
O=C(O)[C@@H](Cl)[C@@H](Cl)C(=O)O,1.74
COc1cc(N)ccc1C(=O)O,5.3
COC(=O)/C=C(\O)c1cccnc1,8.16
OCc1nc2ccccc2[nH]1,11.55
O=C1c2ccccc2C2(O)OCCCN12,7.5
Cc1ccccc1/C=C/C(=O)O,4.5
O=C(O)c1csc(Cl)c1,3.8
O=C(O)COc1cccc(Br)c1,3.07
CC(=O)c1ccc(O)c(C)c1,8.24
COCCC(=O)O,4.46
COC(=O)CSC(C)O,13.98
CNS(=O)(=O)c1ccccc1,11.4
COc1cc2ccccc2cc1C(=O)O,3.82
O=C(O)CSc1cccc(C(=O)O)c1,3.28
O=[N+]([O-])C(F)[N+](=O)[O-],7.7
O=C(O)c1cc(F)c(F)c(F)c1,3.46
CCOC(=O)NCC(=O)O,3.65
CCCCCN[N+](=O)[O-],6.4
CCCCC(=O)NO,9.37
CN1CCNS1(=O)=O,10.39
O=C1CC(=O)CC(=O)C1,4.52
O=C(NO)c1ccc(Br)cc1,8.655
Cc1cccc(C)c1S,7.38
COc1ccc(C=O)cc1O,8.89
CC1(O)OC(C)(C)C(C)(C)O1,12.02
Cc1oncc1C(=O)Nc1ccc(C(F)(F)F)cc1,11
CS,10.33
CC(=O)c1cc(C)ccc1O,10.55
OC(O)(c1cccc(Br)c1)C(F)(F)F,9.51
O=C(O)c1cccc2cc3ccccc3cc12,3.71
Cc1ccc(O)c(C(C)(C)C)c1,10.44
O=C(Cc1ccc(C(F)(F)F)cc1)c1cccnc1,12.32
CC(C)(C(=O)O)C(=O)O,3.17
Cc1ccc(Br)c(O)c(=O)c1,6.3
COc1cccc(S(=O)(=O)CC(=O)O)c1,2.588
CC(=O)Sc1ccc(O)cc1,8.88
CCOc1ccccc1C(=O)O,4.21
CCS(=O)(=O)c1ncccc1S(N)(=O)=O,8.51
CC1=CC(=O)C(O)=C(C)C1=O,5.9
COc1ccc(C(=O)NCO)cc1,13.06
CC(=O)NS(=O)(=O)c1ccc(N)cc1,5.39
COC(=O)CC(=O)O,3.35
O=[N+]([O-])c1cc(Br)c(O)c(Br)c1,3.51
Cc1c(O)cccc1C(=O)O,3.78
Nc1ccc(S(=O)(=O)NCCO)cc1,10.92
Cc1cc(C)n(C(=O)O)n1,3.9
Cc1ccc(C(=O)NC#N)cc1,3.4
CCC1(C)CC(=O)NC1=O,9.5
O=[N+]([O-])c1c(O)c([N+](=O)[O-])c(O)c([N+](=O)[O-])c1O,1.26
Sc1cc(Cl)cc(Cl)c1,4.94
CSc1ccc(C(=O)O)s1,3.51
Nc1cccc([N+](=O)[O-])c1O,7.14
CONC(=O)Oc1ccc(C)cc1,9.3
CCC[N+](=O)[O-],8.98
Cc1cc(Br)c(O)c(=O)c(Br)c1,5.35
O=C(O)CN(C(=O)CBr)c1ccccc1,3.47
OC1NC(S)=Nc2nccnc21,9.72
CC1(C)CC(=O)C(NC(=O)C(F)(F)F)C(=O)C1,3.38
O/N=C1\C=C/C(=N\O)N1,10.14666667
O=[N+]([O-])c1cc(Cl)ccc1O,6.46
CCN[N+](=O)[O-],6.305
CC(S)C(=O)O,3.57
Cc1ccc(OO)cc1,9
CC(O)CO,14.9
O=C(NO)c1ccco1,8.45
O=C(O)CCCCCCC(=O)O,4.52
OC(c1ccccc1)(C(F)(F)F)C(F)(F)F,8.8
CCCCC([N+](=O)[O-])[N+](=O)[O-],5.34
CCc1cc(O)cc(CC)c1,10.11
CC1=CC(=O)C(O)=CC1=O,4.81
O=C(O)CC=C(Cl)Cl,4.04
CC(C)(O)c1ccccc1,15.5
NC(=O)C(F)(F)F,10.36
NNC(=O)/C=C\C(=O)NN,5.67
O=C1CCC(O)=C1O,4.8
ON=C(c1ccccc1)c1ccccc1,11.3
Cc1ccccc1[Se]CC(=O)O,3.79
N#Cc1cccc(OS(N)(=O)=O)c1,7.66
C[Si](C)(C)CP(=O)(O)O,3.22
Cc1cc([N+](=O)[O-])cc(CP(=O)(O)O)c1O,1.91
OC[C@@H](O)[C@@H](O)[C@H](O)[C@@H](O)CS,9.5
NC(=O)CS(=O)(=O)NC(N)=O,5.05
[O-]/[N+](O)=C\CO,3.44
N#CCCCC(=O)O,4.44
O=[N+]([O-])c1cc([N+](=O)[O-])c(O)c([N+](=O)[O-])c1,0.3915
NC(=O)CCCC(=O)O,4.6
COc1cc(O)ccc1[N+](=O)[O-],6.1
O=P(O)(Oc1ccc(Cl)cc1)Oc1ccc(Cl)cc1,-0.12
O=[N+]([O-])CCc1ccccc1,8.615
CNCC(O)c1ccc(O)c(OC)c1,9.6
CC(=O)C1CCCCC1=O,9.89
O/N=C(\c1ccccc1)c1ccccc1O,9.3
OCc1ccccc1,15.4
CCOC(=O)c1cccc(O)c1,9.12
CC[C@H](C(=O)O)[C@@H](CC)C(=O)O,3.63
CCCOc1cc[n+]([O-])c(C(=O)O)c1,3.965
CC1=C(O)CCC1=O,4.59
Nc1cccc(O)c1,9.925
Cc1ccc2nc3sc(S(C)(=O)=O)nc3c(O)c2c1,8.1
CCC(C)(C)S,11.21
O=C(O)CSCC(=O)O,3.31
O=C(O)[C@H]1COC2OCC[C@@H](C(=O)O)[C@H]21,4.28
Oc1cc(O)cc(O)c1,8.406666667
CC(O)(O)n1ccnc1,10.72
CNc1nc(O)cnc1C(N)=O,7.48
CCOc1ncc([N+](=O)[O-])c(O)n1,4.88
COCCO,14.8
O=[As](O)(O)O,2.22
O=C(O)Cc1cccc(Cl)c1,4.14
O=c1cc(O)[nH]c(=O)[nH]1,4.98
CC1C(=O)c2ccccc2C1=O,6.15
Oc1cc(Cl)c(Cl)c(Cl)c1O,6.7
O=C(O)/C=C(/O)C(=O)O,2.15
O=C(O)CCc1ccc(Cl)cc1,4.61
Oc1ccc(Br)cc1Cl,7.64
CC(=O)CC(=O)O,3.58
Cc1ccc(O)c(C)c1,10.61
CC(C)(C)N(O)N=O,6
C/C=C/C#CC(=O)O,2.66
Oc1ccc(Cc2ccccc2)cc1,10.29
O=C/C=C/C=C/O,5.75
N#CCO,11.3
Cc1ccccc1C(=O)NO,8.55
O=C(NCO)c1ccc([N+](=O)[O-])cc1,13.14
CC(=O)NS(=O)(=O)c1ccc(C)cc1,4.92
N#Cc1cc(Cl)c(O)c(Cl)c1,4.275
O=[N+]([O-])c1ccc(O)c(/C=N/O)c1,6.7
CCCc1ncnc2c(O)cccc12,8.82
CC(=O)CCC(=O)O,4.61
O=C(O)Cc1ccco1,3.72
OCCC(F)F,12.74
Nc1cc(Cl)c([N+](=O)[O-])cc1Cl,16.05
CC(=O)c1ccc(O)cc1O,8
CC(C)C(C(=O)O)C(=O)O,2.935
CCCOC(=O)c1ccc(O)cc1,8.16
CC(=O)COO,10.6
COc1ccccc1[Se]CC(=O)O,3.86
COc1cc(O)cc(OC)c1,9.35
Nc1nc(O)ncc1[N+](=O)[O-],7.34
NS(=O)(=O)C(F)F,8.06
C/C(=C\C(=O)O)C(=O)O,3.09
NS(=O)(=O)c1ccc(C(=O)O)cc1,3.47
O=C(O)c1ccc(C(=O)O)o1,2.6
O=C(Cc1ccncc1)c1ccc([N+](=O)[O-])cc1,10.59
N#CC(C#N)=C(N)/C(C#N)=N/Nc1ccc(Br)cc1,6.39
O=C(O)C#CCl,1.889
O=C(O)CS(=O)(=O)c1ccc(F)cc1,2.479
Cc1ccc(C(=O)NN)cc1,12.75
Oc1cnc2ncnc(O)c2n1,6.05
CNC(=O)NS(=O)(=O)c1ccccc1,4.77
NS(=O)(=O)c1cc2c(cc1Cl)N=CNS2(=O)=O,6.7
COc1ccc(/C=C(\C)C(=O)O)cc1,5.09
Cc1csc(S(=O)(=O)NCc2ccccc2)n1,10.05
O=Cc1ccc(C(=O)O)s1,2.85
CCn1cccc(O)c1=O,8.99
Nc1ccc(SCC(=O)O)cc1,4.59
O=C(O)[C@H]1C[C@@H]1Cl,4.12
O=C(Cc1ccc(Cl)cc1)c1cccnc1,12.74
Cc1cc(N)c(O)cc1C,10.4
NS(=O)(=O)c1cccc(C(F)(F)F)c1,8.98
C=CC(NC(C)=O)C(=O)O,3.24
COc1cc(Cl)c(Cl)cc1O,8.29
CCCCCO,16.1
N=C(NC=O)N[N+](=O)[O-],7.5
CS(=O)(=O)c1ccccc1C(=O)O,2.53
O=C(O)C(=O)c1ccccc1C(=O)O,1.49
COc1cccc(O)c1,9.6
O=[N+]([O-])c1ccc(O)c(/C(=N/O)c2ccccc2)c1,7.3
C/C(=C\c1ccc(Cl)cc1)C(=O)O,4.86
Cn1c(N)ccnc1=O,13.4
CCCC(=O)NO,9.48
CCP(=O)(O)O,2.45
CC(=O)c1cc(C(=O)O)cs1,3.69
Cc1cc(C(=O)O)n(C)n1,3.31
CC(=O)c1cc(Cl)c(O)c(Cl)c1,4.5
OC(C(F)(F)F)(C(F)(F)F)C(O)(C(F)(F)F)C(F)(F)F,5.95
COC(=O)C12CC(C(=O)O)(C1)C2,3.51
NO,13.74
COC(=O)NC(=O)c1ccccc1,10.3
Cc1cc(C)cc(P(=O)(O)O)c1,2.01
CCOc1ccc(C(=O)O)cc1OCC,4.43
Cc1cccc(O)c1O,9.51
O=[N+]([O-])NC1CCCCC1,6.63
CC(=O)c1cc(C#N)ccc1O,7.54
CC(C)c1ccccc1O,10.44333333
CCc1c([N+](=O)[O-])cc([N+](=O)[O-])c(O)c1[N+](=O)[O-],1.002
C/C(=C\c1cccc([N+](=O)[O-])c1)C(=O)O,4.63
O=C1CC(=O)C[S+]([O-])C1,3.26
CC(C)(C)c1ccc(C(=O)O)cc1,4.36
O=C(O)Cc1cccc(F)c1,4.13
CC(=O)Nc1ccc(S(N)(=O)=O)cc1,9.86
CCCC(C(=O)O)C(=O)O,2.985
Cc1cccc(C)c1O,10.57333333
COc1ccc(C(=O)O)cc1,4.47
CC/C(=C\c1ccc([N+](=O)[O-])cc1)C(=O)O,4.66
CN(C)c1cccc(C(=O)O)c1,5.065
CCC(=O)c1ccc(O)cc1,7.95
Cc1ccc(O)cc1O,9.46
O=C1CCCC=C1O,10.3
O=[N+]([O-])c1cccc(S(=O)(=O)Nc2cccc(Cl)c2)c1,6.85
CC(O)C(Cl)C(=O)O,2.59
CCOC(=O)C(C)C(=O)CC,13
Cc1ccc(S(=O)O)cc1,1.99
O=C(O)C(O)C(=O)O,2.37
O=C(O)c1ccc(Cl)c(Cl)c1,3.64
O=C(O)C(O)CO,3.66
N#Cc1ccc(C(=O)O)cc1Br,3.28
O=C(O)Cc1ccc(O)c(O)c1,4.22
Cc1ccc(OCC(=O)O)cc1,3.185
O=C(O)CCCOc1ccc(Cl)cc1Cl,4.8
O=[N+]([O-])Cc1ccccc1,6.825
O=C(O)c1cc(O)ccc1Cl,2.86
Cc1cc([N+](=O)[O-])c(C(C)C)c([N+](=O)[O-])c1O,4.5
CC(C)(C)c1cccc(C(=O)O)c1,4.28
Oc1cc2ccccc2nn1,8.64
O=C(O)c1nn[nH]c1C(=O)O,1.86
O=C(O)c1ccc(O)c(Br)c1,4.24
Nc1c2ccccc2nc2ccccc12,15.9
O/N=C/c1ccn[nH]1,10.5
C/C(=N\O)c1ccc(O)cc1O,8.35
OCCO,14.77
O=C(O)C(CO)OP(=O)(O)O,1.42
Nc1ccc2ccc(O)cc2c1,9.6
Cc1cccc(C)c1P(=O)(O)O,2.39
CCCCCCC([N+](=O)[O-])[N+](=O)[O-],5.46
OC(O)n1ccnc1,10.07
CC(=N\O)/C(=N/O)C(=O)O,1.86
O=C(O)CCCl,4.1
COc1ccc(C(=O)O)cc1O,4.49
C=CCc1ccccc1O,10.23
CCOC(=O)CC(=O)O,3.4
Cn1nnc(CC(=O)O)n1,3.44
NS(=O)(=O)Oc1ccc(Br)cc1,7.92
O=C(O)c1cccc2c1C(=O)c1ccccc1C2=O,3.37
COC(=O)c1cc(O)ccc1O,9.63
NCCc1ccc(O)cc1,10.9
CC1Nc2c(O)ncnc2N=C1O,8.43
Cc1ccc2cccc(O)c2n1,10.185
Cc1ccc(C[N+](=O)[O-])cc1,7.11
COc1ccc(Cl)c(C(=O)O)c1,2.89
O=C(O)c1cc([N+](=O)[O-])cs1,2.84
O=C(O)COc1ccccc1O,3.02
Oc1cccc(Cl)c1O,8
N#CCNC(=N)N[N+](=O)[O-],9.3
CC1(C)OC(=O)NC1=O,6.196666667
CCCCP(=O)(O)O,2.59
CC[C@]1(C(=O)O)C[C@]1(CC)C(=O)O,3.53
COc1ccc(N[N+](=O)[O-])cc1,5.62
CC(C)(C)CC#CC(=O)O,2.53
O=[N+]([O-])c1cc([N+](=O)[O-])c(Cl)c([N+](=O)[O-])c1O,-0.2
Oc1ccc2nnccc2c1,7.52
O=C1C[C@@H](C(=O)O)[C@H](C(=O)O)O1,2.13
O=C(O)CCCCC(=O)c1ccccc1,4.83
Oc1cc(Cl)c(O)cc1Cl,7.9
CCC(CC)=NO,12.6
O=C(O)C1CCCc2ccccc21,4.35
O=C(O)C(O)Cc1c[nH]c2ccccc12,4.06
O=C(O)CCC(=O)c1ccc(F)cc1,4.44
O=C(O)COc1cc(Cl)c(Cl)cc1Cl,2.84
O=C(O)c1c[n+]([O-])ccc1Cl,1.8
O=C(Nc1ccccc1)c1ccccc1O,7.1
CCCCSCC(=O)O,3.81
OCc1ccccc1O,9.72
Nc1nc(O)cnc1C=O,6.61
N#Cc1ccc(CC(=O)c2cccnc2)cc1,11.59
O=S(=O)(Nc1ccc(F)cc1F)C(F)(F)F,3.44
COc1ccc(CNP(C)(=S)S)cc1,2.31
O=c1cccc(O)cc1,5.64
O=C1CCCc2ccc([N+](=O)[O-])c(O)c21,7.95
Cc1cccc(NC(=O)C(=O)O)c1,2.42
CCOC(=O)C(C)C(C)=O,12.46666667
CC(=O)CC(=O)Nc1ccccc1,10.46
C=CCS,9.96
O=C(c1ccccc1)c1cc(Cl)ccc1O,9.61
CC1(c2ccc([N+](=O)[O-])cc2)CC(=O)NC1=O,8.48
O=C(O)c1cc(Cl)ccc1O,2.6875
COC(=O)c1ccc(C(=O)O)cc1C(=O)O,2.74
N#Cc1ccc(S(N)(=O)=O)cc1,9.26
Cc1ccc(C(C)C)cc1O,10.35
Nc1ccc(C(=O)O)cc1N,5.02
Oc1ncc2nccnc2n1,7.7
O=C(Nn1cnnc1)c1ccco1,5.73
Oc1ccnc2nccnc12,8.76
O=[N+]([O-])NCc1ccc([N+](=O)[O-])cc1[N+](=O)[O-],5.31
O=C(O)c1ccc(C(=O)O)s1,3.05
CC(C)(C)CC(=O)O,5
Cc1cc(C)c(C(=O)O)c(C)c1C,4
CC(C)=C(C)O,12.4
CC(SC(N)=O)C(=O)O,3.49
N#CCCS,8.6
Cc1ccc2nc3sc(Cl)nc3c(O)c2c1,11
Oc1ccc(C(F)(F)F)cc1,8.68
COc1ccc(O)c2c(=O)c3cc(O)ccc3oc12,9.13
O=[N+]([O-])c1cc(O)c(O)c([N+](=O)[O-])c1,3.46
O=C(O)CSc1ccc(Br)cc1,3.4365
Cc1cc(C(=O)O)cc(C(=O)O)c1,3.6
OCC(CO)(CO)CO,14.1
COc1ccc(NC(=O)CC(C)=O)cc1,10.62
CCC1(c2ccccc2)NC(=O)NC1=O,8.5
O=C(NO)[C@H](O)[C@@H](O)[C@H](O)[C@H](O)CO,8.94
CONC(C)(O)Oc1ccccc1,11.2
Nc1cnc(S)nc1N,10.39
CS(=O)(=O)c1cc(C(=O)O)cs1,3.53
NC(=O)c1ccc(C(=O)O)cc1C(=O)O,3.36
OC1=Nc2cnc(O)nc2NC1,10.22
OCc1ccc(S)cc1,6.4
COC(=O)C=[N+]([O-])O,0.98
COc1c(O)cc(Cl)c(Cl)c1Cl,7.47
O=C(O)CCc1ccco1,4.36
O=C(Cc1ccc(Cl)c([N+](=O)[O-])c1)c1ccncc1,10.67
Nc1ccc(C(=O)O)cc1[N+](=O)[O-],4.19
O=C(Cc1ccc([N+](=O)[O-])cc1)c1cccnc1,10.94
CC(=O)Nc1cccc(C)c1C(=O)O,3.01
O=C(Cc1ccccc1)NO,9.19
CN(C)c1ccc2c(c1)C(O)(OO)N=NC2=O,10.5
O=C(O)CNC(=O)OCc1ccccc1,3.88
NS(=O)(=O)c1nc2ccccc2s1,7.8
O=P(O)(O)c1ccccc1,1.845
OBr,8.7
CN(C)c1cccc(O)c1,9.84
CC(=O)C(C)C#N,6.83
O=C(O)c1cc(C(=O)O)[nH]n1,1
Oc1cccc2cncnc12,8.65
O=C(O)c1cccc(OP(=O)(O)O)c1,0.85
OOCc1ccccc1,11
O=P(O)(O)c1cccc(O)c1,1.78
O=C(O)c1ccc[n+]([O-])c1,2.735
ON/C=C\c1cnsc1,10.9
Cc1ccc(O)c(=O)cc1,7.32
O=C1CC(S)C(=O)N1,6.7
O=C(O)/C(S)=C/c1ccccc1,3.36
Cc1cc([N+](=O)[O-])cc([N+](=O)[O-])c1O,4.453333333
O=C1CNNC(=O)N1,10.3
Oc1cc(Cl)cc(Cl)c1Cl,6.505
CC(CC(=O)O)(C(=O)O)c1ccc([N+](=O)[O-])cc1,3.28
CC(C(N)=O)S(N)(=O)=O,9.86
COc1cccc(C)c1O,10.21
O=C(O)CC(O)c1ccccc1,4.4
Cc1cc(C(=O)O)ccc1N,4.95
CCOC(=O)c1ccc(O)c(O)c1,8.08
O=S(=O)(Nc1cccc(F)c1)c1ccccc1,7.58
O=[N+]([O-])c1ccc(NS(=O)(=O)c2ccccc2)cc1,6.2
CS(=O)O,2.28
O=C(O)CSC(=O)SCC(=O)O,2.81
O=C(O)COc1ccccc1F,3.09
N#CSCC(=O)O,2.58
NNC(=O)c1ccncc1,10.9
Cc1ccc(C(C)C)c(O)c1,10.49
CC1(O)Nc2ncncc2N=C1O,10
CN(Cc1ccccc1)P(C)(=O)O,2.9
NC(=O)c1cccc(O)c1,9.3
Cc1cnc2ncnc(O)c2n1,8.19
COC(=O)c1ccc(OC)c(OC)c1C(=O)O,2.89
O=C(O)CCc1ccccc1[N+](=O)[O-],4.5
O=C(O)CNS(=O)(=O)c1ccccc1,3.45
O=C(O)c1cccc(O)c1,4.19
N#Cc1ccc(CC(=O)O)cc1,3.97
COC(O)(O)C(F)(F)F,8.36
CCC(=O)O,4.88
O=C(/C=C/c1ccc(O)cc1)c1ccccc1,8.13
CCC/C=C/C(=O)O,4.7
O=[N+]([O-])c1ccc(O)c(Cl)c1,5.42
O=C(O)/C=C/Cl,3.72
COC(=O)c1cc(C(=O)O)ccc1C(=O)O,2.59
O=C(O)c1cc(Br)cc(CO)c1,3.77
Cc1cc(C(=O)O)[nH]n1,3.89
COc1cc(C(=O)O)cs1,4.1
CC(CC(=O)O)c1ccc(Cl)cc1,4.6
O=C(O)/C(Br)=C\c1ccccc1,1.84
O=C(O)c1cc2ccccc2cc1O,3.56
O=C(O)C1=C(C(=O)O)CCC1,1.64
NS(=O)(=O)c1ccc2cccnc2c1,9.72
CC1=C(O)C(=O)OC1,7.77
C[C@]1(C(=O)O)C[C@]1(C)C(=O)O,3.7
CC(=O)[C@H]1C[C@@H]1C(=O)O,4.08
O=C(O)CC(C(=O)O)c1ccc([N+](=O)[O-])cc1,3.51
Nc1cc(S)ncn1,9.2
O=C(O)/C=C/c1ccc([N+](=O)[O-])cc1,4.05
O=C(O)CC(F)(F)F,3.06
O=C(O)CCc1ccc([N+](=O)[O-])cc1,4.47
OCC(S)CS,8.605
Cc1nc(O)nc2nccnc12,8.2
COc1csc(C(=O)O)c1,3.41
O=S(=O)(O)c1ccc(Br)cc1,-3.1
O=[N+]([O-])c1ccccc1S(=O)(=O)Nc1ccc(Cl)cc1,6.55
O=C(O)C1=CCc2ccccc2C1,4.6
O=C(c1ccccc1)c1ccc(O)cc1O,8.26
CCCCc1ccc(O)cc1,10.5
COc1cc(C(=O)O)c(C(=O)O)cc1OC,2.85
O=C(O)CSCSCC(=O)O,3.31
C/C(=N\O)c1ccccc1O,9.2
Cc1ccc2c(c1)C(=O)C(=O)N2,10.29
CC(=O)NC(CO)C(N)=O,13.6
ON/C=C/c1ccsn1,9.8
O=[N+]([O-])CC(F)(F)F,7.4
COCCS,9.55
COc1ccc(CC(=O)O)cc1,4.36
CS(=O)(=O)Nc1ccncc1,9.07
O=C(NCCS)NCCS,9.26
ON=CC=NO,9.02
O=C(O)c1c(Cl)cccc1[N+](=O)[O-],1.41
COc1c(O)ccc2oc3ccc(O)cc3c(=O)c12,8.88
Cc1ncc(CO)c(CS)c1O,8.85
COC(=O)c1ccc(OC)cc1O,9.85
O=C(O)c1nc[nH]c1C(=O)O,2.93
NC(=O)Nc1ccc([N+](=O)[O-])cc1,14
COc1ccccc1SCC(=O)O,3.665
O=C(O)c1ccccc1Cl,3.085
CNc1ncc(C(=O)O)nc1N(C)C=O,3.6
Cc1ccc(C(=O)O)s1,3.72
CP(=O)(O)NCc1ccccc1,2.7
NNC(=O)c1ccc([N+](=O)[O-])cc1,11.28
N#Cc1ccc(C(=O)S)cc1,1.43
CS(=O)(=O)CS(C)(=O)=O,12.62
Cc1nc(O)nc(N)c1NC=O,11.39
Oc1cncnc1O,7.48
CCOC(=O)C(C)C(=O)OCC,13.1
O=C1NCCS(=O)(=O)N1,4.51
N=C(Nc1ccccn1)N[N+](=O)[O-],10.7
Oc1ccc(O)c2ccccc12,9.335
O=S1(=O)CCCCCS(=O)(=O)C1,10.99
O=S1(=O)CCCCS(=O)(=O)C1,11.75
CC1(O)OCCO1,12.12
O=C(O)c1ccc(Br)[nH]1,4.17
O=C(O)/C=C(/Cl)c1ccccc1,3.57
O=C(O)c1ccc(C(=O)O)c(C(=O)O)c1,2.52
O=S(=O)(c1ccc(O)cc1)C(F)(F)F,6.79
O=C(O)COc1ccc(NC(=O)CCl)cc1,2.84
COC1=C(O)C(=O)NC1,8.8
Oc1cccc2ncncc12,7.39
OC1=Nc2ncnc(O)c2NC1,8.45
C[C@@H]1C[C@H]1C(=O)O,4.98
O=C(O)[C@H]1CC[C@H]1C(=O)O,4.18
CSc1nc2c(O)c3ccccc3nc2s1,9.2
COC(=O)c1ccc(O)cc1O,8.02
CC1(c2ccccc2)CC(=O)NC1=O,8.76
O=C(O)CCC(=O)NOCc1ccccc1,4.6
C[C@H]1[C@@H](C(=O)O)[C@@]1(C)C(=O)O,3.07
COc1cccc(CCC(=O)O)c1,4.65
CC(=O)CS(C)(=O)=O,10.03
CNS(=O)(=O)Oc1cccc([N+](=O)[O-])c1,8.7
CNS(=O)(=O)C(F)(F)F,7.56
CCCOc1ccccc1C(=O)O,4.24
CCC(CC)C(=O)O,4.71
Cc1c([N+](=O)[O-])cc([N+](=O)[O-])cc1[N+](=O)[O-],14.44
CCOc1cc(O)cc(OCC)c1,9.37
O=C(O)c1ccc(Cl)[nH]1,4.32
CSc1nc2nc(O)ncc2[nH]1,7.2
Oc1cccc2nnccc12,7.4
CN(CCN[N+](=O)[O-])[N+](=O)[O-],5.59
Oc1nc2cncnc2nc1O,6.87
COC(=O)C1CCCC1=O,10.52
CCC(CC(=O)O)CC(=O)O,4.29
CC(C=NO)=NO,9.69
Cc1nc(C(=O)O)cs1,3.9
COc1cccc(O)c1O,9.32
Cc1cc(C(=O)O)cc(C)c1C,4.52
Nc1ncccc1[N+](=O)[O-],16.7
Oc1cncc2ccccc12,8.68
O=[N+]([O-])c1cc(Cl)c(O)c([N+](=O)[O-])c1,2.01
NS(=O)(=O)c1ccc2ccccc2n1,9.4
CCS(=O)(=O)C(Br)S(=O)(=O)CC,10.71
C/C(O)=C/Br,10.3
Nc1ncc(Cl)c(O)n1,7.97
COc1cccc(S(N)(=O)=O)c1,9.39
CN1N=Cc2ccccc2C1O,13
O=C(O)Cc1cccc(O)c1,4.28
CN[N+](=O)[O-],6.333333333
O=C1COC(=S)N1,5.51
CS(=O)(=O)NN,11.46
COc1cc(C(=O)O)c(OC)c([N+](=O)[O-])c1,2.77
O=C(O)C[C@@]1(C(=O)O)O[C@H]1C(=O)O,1.8
O=C(O)c1cc(C(=O)O)cc(C(=O)O)c1,3.25
Cc1cc(O)nn1C,8.91
O=C(O)C1=CCc2ccccc21,4.5
CC([Se]C#N)C(=O)O,2.55
Cc1cc2ccccc2c(C(=O)O)c1C,2.83
CC(C)(S)CO,9.85
O=C(O)c1cc(CO)cc(CO)c1,4.06
COP(=O)(O)O,1.54
O=C1CC(C(=O)O)CO1,3.75
O=[As](O)(O)c1ccccc1O,4.04
CCc1cccc(O)c1,10.06
CCCCCC(=O)O,4.88
Cc1ccc(C(C)CC(=O)O)cc1,4.71
O=C(O)Cc1cccc(=O)c(O)c1C(=O)O,3.75
O=C(O)Cc1nnn[nH]1,3.1
Oc1ccc(Cl)c(Cl)c1O,6.95
O=C(O)/C=C/c1cccc([N+](=O)[O-])c1,4.12
OC(O)(C(F)(F)Cl)C(F)(Cl)Cl,6.48
O=C(O)c1cccc([N+](=O)[O-])c1Br,1.93
O=C(O)CNC(=O)Cc1ccccc1,3.67
Cc1cccc(=O)c(O)c1C(=O)O,3.2
O=CC(c1ccccc1)c1ccccc1,10.42
O=C(O)C(F)(F)C(F)(F)C(F)(F)C(F)(F)F,0.89
CC(=O)C(C)C(C)(C)C(=O)O,5.73
O=Cc1cc(C(=O)O)cc([N+](=O)[O-])c1,3.03
C/C(=N\O)c1cccnc1,11.13
COC(=O)CCCCC(=O)O,4.6
O=C1C[C@@H]2[C@@H](C(=O)O)[C@@H](C(=O)O)C[C@@H]2O1,3.91
O=C(CCl)c1ccc(O)c(O)c1,7.4
CC1=C(O)C(=O)C=CC1=O,5.61
NS(=O)(=O)c1ccc(S(N)(=O)=O)cc1,9.4
NS(=O)(=O)c1cccc2ncccc12,9.61
O=[N+]([O-])Nc1ccc(Cl)cc1,4.5
Cc1ccc(Br)c(=O)c(O)c1Br,5.59
Cc1cccc(C(=O)O)c1O,3.1
COc1ccc([N+](=O)[O-])c(O)c1,6.815
O=C(O)c1c(Br)cccc1[N+](=O)[O-],1.37
O=C(O)Cc1ccccc1Br,4.05
CC12CC(C(=O)O)(C1)C2,4.12
Oc1nc2cncnc2nc1S,5.95
CCC(C)c1cccc(O)c1,10.07
O=C(O)c1nccs1,2.63
NC(=O)C(F)[N+](=O)[O-],5.89
CC(=O)NO,9.36
O=C(O)c1cccc(F)c1,3.87
Cc1ccc(O)c(O)c1,9.5925
O=C(O)c1ccc(C(F)(F)F)cc1,3.67
Nc1ncc([N+](=O)[O-])cn1,14.7
Oc1ccccc1C1CCCCC1,10.53
CC(=O)c1ccc(C(=O)O)s1,3
O=S(=O)(NS(=O)(=O)C(F)(F)C(F)(F)F)C(F)(F)C(F)(F)F,-2
COCOc1c(C(=O)O)cccc1C(=O)O,3
C=CCCCC(=O)O,4.72
SCCN1CCOCC1,9.8
COc1c(C(=O)O)cccc1C(=O)O,2.91
NC(=O)O,5.9
CC(C)P(=O)(O)O,2.55
NS(=O)(=O)c1ccc(Cl)cc1,9.825
CCC(=NO)C(CC)=NO,10.67
N#CC(Br)C#N,5
CC(C)(C)c1cc([N+](=O)[O-])cc([N+](=O)[O-])c1O,4.7
O=C(O)Cc1ccc([N+](=O)[O-])cc1[N+](=O)[O-],3.49
COc1ccc(P(=O)(O)O)cc1Cl,2.25
O=C(O)CCc1ccccc1,4.67
CCNS(=O)(=O)c1ccc(N)cc1,10.7
CC(Br)C(=O)O,2.99
NNS(=O)(=O)c1ccccc1,10.6
CCOC(=O)CS,7.95
O=C(O)c1ccccc1[N+](=O)[O-],2.19
CCC1(C(C)C)C(=O)NC(=O)NC1=O,8.01
CC(=O)c1ccc(S)cc1,5.165
O=C(O)[C@@H]1CCC[C@H](C(=O)O)C1,4.1
COc1ccc([S+]([O-])CC(=O)O)cc1,2.754
CSc1cccc(SCC(=O)O)c1,3.468
COc1ccc(S(=O)(=O)CC(=O)O)cc1,2.602
COc1cccc([N+](=O)[O-])c1O,6.84
C[C@]1(C(=O)O)O[C@@H]1C(=O)O,2.1
O=C(O)C[C@@H]1O[C@@H]1C(=O)O,3.2
COc1ccc(O)c(C(=O)c2ccccc2)c1,9.53
O=C(/C=C/c1ccccn1)c1ccc(Br)cc1O,8.44
CC(=O)c1cccc(NC(N)=S)c1,12.1
O=C(O)CCC(=O)NO,4.5
OCO,12.9
CC(=O)NC(=O)C(F)(F)F,2.1
NS(=O)(=O)c1cnc2ccccc2c1,9.39
O=C(O)CNC(=O)c1ccccc1Cl,3.79
O=[N+]([O-])C1CCCCC1,9.1
N#Cc1cccc(C#N)c1O,4
O=C(OO)c1cccc(Cl)c1,7.4
CCOC(=O)CC#N,11.4
C#CCCCC(=O)O,4.59
Oc1ccc(Oc2ccccc2)cc1,9.865
O=C(O)/C=C/c1ccccc1O,4.61
Cc1cccc([As](=O)(O)O)c1,3.82
CN(C)c1ccc(/C=N/O)cc1,11.38
O=C(O)CC(=O)Nc1ccccc1,3.72
O=C(O)c1ccc(F)c([N+](=O)[O-])c1,3.54
COc1ccc(C(=O)OO)cc1,7.8
Nc1ccc(O)c([N+](=O)[O-])c1,7.81
O=C1NC(=O)c2cc([N+](=O)[O-])ccc21,8.615
Nc1nccn2c(S)ncc12,8.74
Nc1nc(O)ncc1NC=O,10.87
O=C1NC(=O)c2cc(Br)ccc21,9.44
COc1cc(/C=C/C(=O)O)ccc1O,4.56
O=C(CNC(=O)c1ccccc1)NO,8.8
O=C(O)c1c(F)c(F)c(F)c(C(=O)O)c1F,1
Cn1cnc2c(N)nc(Cl)nc21,15.7
O=C(O)c1ccncc1C(=O)O,2.69
Oc1c(F)c(F)c(F)c(F)c1F,5.505
NC(=O)CS(N)(=O)=O,9.7
NS(=O)(=O)Oc1ccc(F)cc1,8.15
ON=C1CCCC1=NO,10.71
Oc1nc2cc3c(cc2[nH]1)CCCC3,12.05
O/N=C/c1cccnc1,10.53
O=C(O)C(C(=O)O)c1ccccc1,2.52
Oc1ccc(Cl)cc1Cc1cc(Cl)ccc1O,9.08
Oc1c(Cl)c(Cl)c(Cl)c(Cl)c1Cl,4.646666667
CC1C(=O)C(C)C1=O,2.8
O=P(O)(O)COc1ccc(Cl)cc1Cl,1.25
Nc1ccc(O)c2c1C(=O)c1ccccc1C2=O,9.925
O=[Se](=O)(O)O,0
O=C(O)/C=C/Br,3.71
Cc1ccc(CC(=O)O)cc1,4.37
CNC(=N)N[N+](=O)[O-],12.4
O=C(O)c1c(F)cccc1Cl,1.95
CC(=O)C(C)CC(=O)O,4.51
CC(=O)CC(=O)Nc1ccccc1C,10.26
O=C(NO)C(=O)NO,6.55
CC[C@@]1(C(=O)O)C[C@]1(CC)C(=O)O,4.16
O=C1C(O)=C(Cl)C(=O)C(O)=C1Cl,0.805
O=S(=O)(O)c1ccccc1,-2.8
O=S(=O)(O)c1ccc2ccccc2c1,-2
O=Cc1ccc([N+](=O)[O-])c(O)c1,6
CCCCCC(O)OC,13.3
CCS(=O)(=O)C(C)C(=O)O,2.45
O=C(NCO)c1ccc(Cl)cc1Cl,13.04
O=C(O)C1(O)CCC1,3.89
CC(=O)c1ccccc1C(=O)O,4.13
O=C(O)c1ccc(C(=O)O)c(C(=O)O)c1C(=O)O,2.06
OC(O)=C1C=Cc2ccccc21,1.9
O=C(O)c1cc[nH]c1,5.01
O=CCc1ccccc1,12.43
OC1=Nc2cnc(O)nc2NC1O,9.44
Oc1ccc2ccccc2c1,9.57
C/C(=N/O)c1ccc(N(C)C)cc1,11.25
CC(C)(S)C(=O)O,3.895
O=Cc1ccc(O)cc1,7.623333333
Cn1c(=O)c(O)nc2ncncc21,7.02
COc1cc(O)cc(C)c1O,10.3
O=C(c1ccccc1)c1ccc([N+](=O)[O-])cc1O,7.07
O=C(O)CSc1ccc(F)cc1,3.584
CCc1ccc(C(C)C)c(O)c1,10.48
COC(=O)CN[N+](=O)[O-],5.28
CC(=O)Nc1ccc2c(c1)C(=O)NC2=O,9.92
Sc1ccccc1,6.525
SCCCCCS,11.82
CN(C)c1ccc(S)cc1,7.2
CNS(=O)(=O)Oc1ccc(Cl)cc1,9.8
O=C(O)c1ccc(O)cc1O,3.265
Oc1cccc2c1NCCC2,9.4
COc1ccc(C(=O)S)cc1,2.8
COc1c(C)cccc1O,9.74
Oc1cccc(F)c1F,7.68
O=[N+]([O-])c1ccc(/C=N/O)cc1,10.03
CC(=O)CS,7.86
Cc1cc(C)cc(OCC(=O)O)c1,3.2
COc1ccc(O)c([N+](=O)[O-])c1,7.47
Oc1cnnc2ccccc12,9.27
O=C(O)/C=C/C=C/C=C/C=C/C(=O)O,5.11
O=C(O)[C@@H]1[C@@H]2CC[C@@H](C2)[C@H]1C(=O)O,4.07
OCCSC(=S)NCc1ccc(Br)cc1,11.58
O=C(O)C(=O)c1ccccc1,1.345
COc1ccccc1P(=O)(O)O,2.185
O=C(O)CNC(=O)c1ccc([N+](=O)[O-])cc1,3.5
COc1ccc(O)c(C(C)=O)c1,10.5
O=C1CCC(C(=O)O)C1,4.25
O=C1CCC(=O)C1NC(=O)C(F)(F)F,4.35
CC(=O)NC(=O)c1ccccc1,10.15
COC(=O)c1ccc(C(=O)O)cc1,3.83
Cc1ccc(Br)c(P(=O)(O)O)c1,1.81
CC(=O)CCN1N=C(O)CCC1=O,8
COc1ccc(C=O)c(C(=O)O)c1OC,3.05
Cc1nc2cnc(O)nc2n(C)c1=O,7.41
O=S(=O)(Nc1ccc(Cl)cc1Cl)C(F)(F)F,2.96
O=C(O)c1cccc2ccccc12,3.645
COc1cc(C(=O)O)c(O)cc1[N+](=O)[O-],2
O=C(O)CN(CC(=O)O)[N+](=O)[O-],2.21
CC1=Nc2c(C)nc(O)nc2NC1,12.5
O=C(O)c1ccccc1P(=O)(O)O,1.71
O=C(/C=N/O)c1cccs1,8.45
Cc1cc(C)c(O)c(C)c1,10.89
Oc1ccc2cnc3ccccc3c2c1,8.43
O=C(O)c1csc(Cl)n1,3.3
CC(=O)Nc1ccc(O)c(C(=O)O)c1,2.7
C/C(=N/O)c1ccc([N+](=O)[O-])cc1,9.97
Nc1ccc(C(=O)O)c([N+](=O)[O-])c1,3.42
CC(=O)CC(=O)/C=C(/C)O,7.42
CNc1cccc(C(=O)O)c1,5.1
OCC(O)CS,9.51
O=P(O)(O)OP(=O)(O)O,0.85
O=CNO,8.65
C=C(O)COC,10.9
C#CC(=O)O,1.89
Cc1ccc(C(O)C(F)(F)F)cc1,12.04
COP(=O)(O)OC,1.29
NC(=S)Nc1ccccc1,13
O=C(O)CC1CCC(=O)C1,4.64
O=[N+]([O-])Nc1ccc([N+](=O)[O-])cc1,3.77
C[C@]1(C(=O)O)C[C@H]1C(=O)O,3.67
Cc1cc(N=C2C=CC(=O)C=C2)ccc1O,8.4
O=C(O)CN(CC(=O)O)c1ccccc1,2.34
O=P(O)(O)c1ccc(O)cc1,1.99
CN1c2ccccc2N=CC1O,12.62
C/C(=C\c1cccc(Cl)c1)C(=O)O,4.79
O=C(O)c1cccc([N+](=O)[O-])c1O,1.973333333
O=[N+]([O-])c1c(O)cccc1O,6.37
Nc1ccc(C(=O)O)c(N)c1,5.81
CC(C)Oc1cccc(C(=O)O)c1,4.15
OC(C(F)(F)F)(C(F)(F)F)C(F)(F)F,5.4
CCCC[N+](=O)[O-],8.6
O=C1CCCC(=O)N1O,7.6
CNc1ccc(S(N)(=O)=O)cc1,11
C[Si](C)(C)c1ccc(C(=O)O)cc1,4.27
O=Cc1ccc(O)c(C(=O)O)c1,2.19
CC(=NO)c1ccccc1N=[N+]=[N-],10.1
Oc1cc(Cl)ccc1Cl,7.51
O=S(=O)(C(S(=O)(=O)C(F)(F)F)S(=O)(=O)C(F)(F)F)C(F)(F)F,0
NC(=O)c1ccc(N)cc1O,9.11
O=C(O)C/C(=N/O)C(=O)O,2.96
Cc1ccc(NC(=N)N[N+](=O)[O-])cc1,10.85
Cc1cccc(C)c1OCC(=O)O,3.36
OCC(F)(F)C(F)(F)C(F)(F)C(F)(F)CO,12.1
O=C(NS(=O)(=O)F)c1ccsc1,2.44
C#CCCC(=O)O,4.21
Cc1c(CO)cc(O)c2c(O)cccc12,7.5
COC(=O)c1ccc(O)c(O)c1,8.18
CC/C(C)=C\C(=O)O,5.15
O=C(O)CN(CC(=O)O)c1ccccc1C(=O)O,2.34
O=[N+]([O-])c1ccc(F)cc1O,6.07
N=C(N)N[N+](=O)[O-],12.2
C#CCCCCC(=O)O,4.57
CC(C)c1ccc(CC(=O)O)cc1,4.39
CC(=O)C[N+](=O)[O-],5.1
COCOc1ccccc1C(=O)O,3.95
O=C(O)/C=C/c1ccc(O)c(O)c1,4.47
O=P(O)(O)c1cccc(Br)c1,1.54
C[S+]([O-])c1cccc(O)c1,8.71
Cc1cc(CC#N)cc(C)c1[N+](=O)[O-],13.44
CC(Cl)CC(=O)O,4.17
COC(=O)c1cccc(=O)c(O)c1C(=O)O,3.75
O=C(O)/C=C\c1ccc([N+](=O)[O-])cc1,3.53
Cc1cc(C)c(C)c(O)c1,10.565
Cc1cnc2nc(O)ncc2n1,7.95
CCOc1cccc(O)c1,9.66
O=S(=O)(Nc1cccc(Cl)c1)c1ccccc1,7.66
O/N=C1/C(c2ccccc2)=Nc2ccccc21,7.69
O=C(O)C(=O)Nc1ccc(Cl)cc1,2
OC1(c2ccccc2)OCCO1,11.33
N#CCc1ccc(C(=O)O)cc1,4.065
O=C(O)CC(S)C(=O)O,3.27
CC(C)(C(=O)O)C(C#N)c1ccccc1,3.95
C=CCc1ccc(O)c(OC)c1,9.97
CC(=O)CC(C)C(=O)O,4.56
COc1cccc(NC(=N)N[N+](=O)[O-])c1,9.8
O=c1c2cc(O)ccc2oc2cc(O)cc(O)c12,6.67
O=Cc1nc2c(O)ncnc2nc1O,5.93
CC1C(=O)CCCC1=O,6
NC(=O)CC(=O)c1ccccc1,10.04
CONC(=O)Oc1ccc(Cl)cc1,8.95
O=C(O)c1ccc2c(c1)C(=O)c1ccccc1C2=O,3.42
Cc1cc(Cl)cc(Cl)c1O,7.7
CC1C=C(C(=O)O)OC(C(=O)O)=C1,2.78
OC(c1c(F)c(F)c(F)c(F)c1F)(c1c(F)c(F)c(F)c(F)c1F)C(F)(F)F,9.2
Nc1ccc(S(=O)(=O)NCc2ccco2)cc1,10.88
CC(=O)CC(=O)Nc1ccc(C)cc1,10.55
O=C(Nc1cccc([N+](=O)[O-])c1)C(F)(F)F,8.2
CC(=O)c1cc([N+](=O)[O-])cc([N+](=O)[O-])c1O,3.26
O=C1CC(=O)C(Cc2ccc(Br)cc2)C1,3.96
COc1ccc(/C=N/O)cc1OC,10.85
C[Si](C)(C)CCCC(=O)O,4.89
C/C=C(/Cl)C(=O)O,2.8
OC(O)=C1C=CC=C1,1.3
O/N=C/c1ccncc1,9.91
CSc1ccccc1SCC(=O)O,3.655
O=C(O)c1c(Br)cc(Br)cc1Br,2.41
CS(=O)(=O)CS(=O)(=O)Oc1ccc(Cl)cc1Cl,9.14
NC(=S)Nc1ccc([N+](=O)[O-])cc1,10.75
CC(c1cccc(F)c1)[N+](=O)[O-],7.05
CC(Cl)(Cl)C(=O)O,2.06
COCC([N+](=O)[O-])[N+](=O)[O-],3.48
O=C(O)C#Cc1ccccc1[N+](=O)[O-],1.97
O=C(O)c1cccc(Br)c1[N+](=O)[O-],2.495
Nc1ccc(C(=O)O)cc1Br,4.24
O=[N+]([O-])c1cc(Br)c(O)c([N+](=O)[O-])c1,2.35
O=[N+]([O-])C(F)(F)C(O)(C(F)(F)F)C(F)(F)F,3.9
CCc1ccc(O)cc1,10.21
O=[N+]([O-])c1ccc(S(=O)(=O)NCl)cc1,3.5
O=C(O)Cc1ccc(Br)cc1,4.18
O=C(c1ccco1)N(O)c1ccccc1,7.69
CC(Cc1ccccc1)NO,10.53
ON=CC(F)(F)F,8.9
CNc1ccc(C(=O)O)cc1,5.04
CC(=O)c1cccc([N+](=O)[O-])c1O,6.78
CCOC(=O)/C(CC(=O)O)=N/O,3.72
O=C(O)CCCCCl,4.69
CCCCCC(=O)NO,9.7
O=[N+]([O-])Nc1cccc([N+](=O)[O-])c1,4
O=C(O)c1ccccc1C(=O)O,2.95
O=C(O)[C@H]1CCCCC[C@H]1C(=O)O,3.87
Oc1cccc(OC(F)(F)F)c1,9.02
O=C(O)C1CCc2ccccc2C1,4.6
Oc1ccc2c(c1)ncc1ccccc12,8.79
O=c1c(O)c(O)c(=O)c(=O)c1=O,4.38
Oc1cccc2cn[nH]c12,8.6
O=C(Cc1ccncc1)c1ccccc1,12.46
CC/C(=C\c1cccc([N+](=O)[O-])c1)C(=O)O,4.7
CCOC(=O)c1ccc(O)cc1,8.5
Oc1nc2ccccc2cc1C(F)(F)F,10.75
CCC(=NO)C(C)=NO,10.41
CC(CC(=O)O)(C(=O)O)c1ccccc1,3.58
N#Cc1ccc(CC(=O)c2ccncc2)cc1,10.6
O=C(O)COC1CCCC1,3.7
COc1cccc(O)n1,9.82
O=P(O)(O)c1ccc(Br)cc1,1.59
Cc1cccc(C(=O)O)c1C,3.77
Cc1nc(O)c2nccnc2n1,8.54
O=C1NC(Cc2c[nH]cn2)C(=O)NC1CS,9
Nc1ccc(S(=O)(=O)Nc2nccs2)cc1,7.13
O=C(O)Cc1ccc(F)cc1,4.22
O=Cc1cccc(C(=O)O)c1,3.77
Nc1nc(N)nc(O)n1,9.54
S=CS,0.85
Cc1cccc(C(=O)O)n1,5.8
C/C(=C/C(=O)O)C(=O)O,2.375
Nc1ccccc1C(=O)O,4.945
O=C(O)c1cc([N+](=O)[O-])cc([N+](=O)[O-])c1,2.745
O=C(O)C[S+]([O-])c1ccc(Br)cc1,2.657
O=C(/C=N/O)c1ccncc1,7.8
Nc1ccc(C(=O)O)c(O)c1,3.61
Oc1cccc(O)c1O,9.06
Oc1ccc([Se]c2ccc(O)cc2)cc1,10.5
OC(O)(C(F)F)C(F)(F)Cl,7.9
O=C(O)C[S+]([O-])c1cccc(Br)c1,2.674
CC(=O)C(=NO)C(C)C,9.5
O=[N+]([O-])c1ccc(Nc2ccccc2)cc1,15.67
O=P(O)(O)CBr,1.14
C[Si](C)(C)CCCCC(=O)O,4.96
CCCC/C(=N/O)C(=O)O,3.19
O=C(Oc1ccccc1O)c1ccccc1,8.7
CC(C)CCC(=O)O,4.84
Nc1ccc(NS(=O)(=O)c2ccccc2)cc1,9.05
O=C(O)CCCCl,4.52
OC(O)C(Cl)(Cl)Cl,9.85
O=[PH2]O,1.07
ONc1cccc2ccccc12,9.33
CC(C)(Cl)C(=O)O,2.97
O=C(O)C1=Cc2ccccc2CC1,4.54
Oc1ccnc2cccnc12,10.01
Oc1c(Cl)cc(Cl)c(Cl)c1Cl,5.22
Nc1cc(Cl)cc(C(=O)O)c1Cl,3.4
Cc1cc(=S)c(O)co1,7.64
O=C(O)c1ncccn1,2.85
Nc1nc(O)c2c(n1)NC(O)C(O)=N2,8.65
O=C1CCC/C1=C/O,5.44
N#Cc1ccc(/C=N/O)cc1,10.07
O=C(O)CCc1ccccc1Br,4.58
CC1(O)C=Nc2cnc(O)nc2N1,10.85
O=C(O)c1cncc(C(=O)O)c1,2.56
O=Cc1cc([N+](=O)[O-])ccc1O,5.51
O=C(O)[C@H]1C[C@@H]1Br,4.09
OC(O)(C(F)(F)F)C(F)(F)F,6.76
COC(=O)C(C(C)O)[N+](=O)[O-],6.48
CC(C)OP(=S)(S)OC(C)C,0
C[C@H]1[C@H](C(=O)O)[C@@]1(Cl)C(=O)O,2.61
NS(=O)(=O)c1ccnc2ccccc12,8.89
CS(=O)(=O)c1ccc(CC#N)c([N+](=O)[O-])c1,11.12
O=C(O)Cc1ccoc1,4.07
O=C(O)C[S+]([O-])c1ccc([N+](=O)[O-])cc1,2.586
CC(C)(C)CP(=O)(O)O,2.84
C=CC(NC(=O)c1ccccc1)C(=O)O,3.84
C[C@]1(C(=O)O)C[C@@]1(C(=O)O)c1ccccc1,3.61
O=Cc1cc(Cl)c(O)c(Cl)c1,4.32
O=[N+]([O-])c1cc(O)cc(O)c1,6.59
Oc1ccc(O)c(O)c1,9.1
Cc1cccc(SCC(=O)O)c1,3.518
O=C(NCO)c1ccccc1Cl,13.14
O=C(O)Cc1cc(O)ccc1O,4.4
Oc1ncc2c(n1)NC(O)C=N2,11.05
O=C(O)c1ccoc1,3.925
O=C(O)CNC(=O)CCl,3.38
O=C(O)Cn1cnnn1,2.27
COc1c(O)c(Cl)c(Cl)c(Cl)c1Cl,6.19
Cc1ccccc1P(=O)(O)O,2.09
NS(=O)(=O)c1ccccc1Cl,9.58
O=C(NO)c1cccc(C(=O)NO)n1,7.64
O=C(O)c1ccc2ccccc2c1,4.14
NC(=O)CC(S)C(=O)O,3.5
CC(=O)C(=NO)C(C)=O,7.38
C1=CCC=C1,15
CNc1nc(N)cc(O)n1,11.03
Cc1cc(C)c([N+](=O)[O-])c(C)c1O,8.98
O=C(O)C(/C=N/O)=N\O,2.38
Cn1c(Cl)nc2nc(Cl)nc(N)c21,13.7
Cc1ccc(C(=O)NC(=N)N(C)N=O)cc1,11.5
O=C(O)c1ccc(Cl)cc1Cl,2.74
O=C1CCC=C1O,9.14
CC(=O)/C=C(\C)CC(C)=O,11.18
N#CCCC(=O)O,3.99
CC(C)SCC(=O)O,3.72
NC(=O)C(Cl)[N+](=O)[O-],3.5
O=C(O)CCCc1cccs1,4.54
Cc1ccc(SCC(=O)O)cc1,3.583333333
CC1=C/C(=N/O)C=CC1=O,6.9
OC(O)(C(F)(F)F)C(F)(Br)Br,7.69
CC(=NO)c1ccc(Cl)cc1,10.3
CC(=O)CCN1NC(=O)CCC1=O,8
CC(CC(=O)O)c1ccc(Br)cc1,4.57
COc1cccc(OC)c1C(=O)O,3.44
CC(=O)C(C)(C)CC(=O)O,4.65
Oc1cccc(C(F)(F)F)c1,8.95
Cc1cc(O)c(C)c(O)c1O,9.87
CC1=C(O)C(=O)C(C(C)C)=CC1=O,5.92
O=[N+]([O-])C(CC([N+](=O)[O-])[N+](=O)[O-])[N+](=O)[O-],1.09
CC=CCOC(=O)c1ccc(O)cc1,8.41
O=C(O)CCC(=O)Nc1ccccc1,4.701
O=[N+]([O-])c1cccc(S(=O)(=O)NO)c1,8.6
NC(=O)/C=C(\O)c1ccccn1,8.23
O=c1c2ccccc2nnn1O,3.97
CSCC[C@H](NC(=O)/C(C)=N/O)C(=O)O,3.21
O=C(CC(=O)NO)NO,8.14
O=C(O)c1ccccc1S,3.45
CC(=O)CC(=O)Nc1ccccc1Cl,9.71
Sc1cnc2ccccc2n1,7.16
Cc1cccc(O)c1C,10.48
COc1cc[n+]([O-])c(C(=O)O)c1,3.69
CC(=O)CC=O,5.92
N#Cc1cccc(O)c1,8.59
CCC/C(=C\c1cccc(Cl)c1)C(=O)O,4.92
O=C(O)c1cc(Cl)c[nH]1,4.07
CC(C)C1NC(=S)NC1=O,8.7
NS(=O)(=O)Oc1cccc([N+](=O)[O-])c1,7.4
O=S(=O)(NCc1ccccc1)c1ccncc1,10.05
O=C1OCC(O)=C1O,4.4
Cc1ccc(C)c(C(=O)O)c1,3.9825
O=C(O)c1sccc1Br,3.24
Nc1ccc(C(=O)O)cc1F,4.35
SCCN1CCCCC1,11.05
C=CC#CCC(=O)O,3.39
O=[N+]([O-])c1cccc(S(=O)(=O)Nc2ccccc2)c1,7.5
O=P(O)(O)P(=O)(O)O,2.2
N#CCc1ccc([N+](=O)[O-])cc1[N+](=O)[O-],9.91
CCN(O)CC,12.88
O=C(O)C[S+]([O-])c1ccccc1,2.695
COC(=O)c1cccc(O)c1O,9.1
C[C@@H]1CCCC[C@H]1C(=O)O,4.73
Cc1ccc(OS(N)(=O)=O)cc1,8.34
Cc1ncc(C(=O)O)s1,3.26
Oc1ccccc1Br,8.385
CN1C(=O)CS(=O)(=O)NC1=O,2.63
N=C(N)NN=O,11.7
Nc1ccc(C(=O)O)cc1O,4.59
CS(=O)(=O)Cc1ccc(C(=O)O)cc1,4.13
O=S1(=O)CCc2cc(O)ccc21,7.81
O=C(O)Cc1cc([N+](=O)[O-])cc([N+](=O)[O-])c1,3.63
O=Cc1cccc(O)c1,9.003333333
N#Cc1ccc(NS(=O)(=O)c2ccccc2)cc1,6.7
O=C(O)/C(Br)=C/c1ccccc1,3.03
CO/C=C(/C)O,11.8
O=C(O)c1ccc([N+](=O)[O-])c([N+](=O)[O-])c1,2.82
CC(c1cc([N+](=O)[O-])cc([N+](=O)[O-])c1)[N+](=O)[O-],5.95
Cc1ccccc1N[C@@H](C)C(=O)O,4.41
C[C@@H]1[C@@H](C(=O)O)[C@@]1(Cl)C(=O)O,2.66
CCSC(=O)SCC(=O)O,2.67
CC(C)c1ccccc(=O)c1O,8.16
O=C(/C(Cl)=N/O)c1ccccc1,3.64
CC(C)(C)C(C(=O)O)C(=O)O,2.92
O[C@H](CS)[C@H](O)CS,9.2
O=C(O)CSc1ccccc1[N+](=O)[O-],3.18
O=C(O)/C(Cc1ccccc1)=N\O,2.24
O=C(O)/C=C(\Br)C(=O)O,1.46
O=C(O)/C=C\c1cccc(Cl)c1,3.71
NNC(=O)c1ccccn1,12.26
Nc1cc(Br)c(C(=O)O)c(Br)c1,2.95
NS(=O)(=O)Oc1cc(Cl)cc(Cl)c1,7.5
CC(CCC(=O)O)C(=O)O,4.6
C/C(=N\O)c1cc(Cl)ccc1O,8.8
O=C(O)c1ccccc1C(=O)c1ccccc1,3.54
O=[N+]([O-])c1ccc(P(=O)(O)O)c(O)c1,1.22
Nc1cccc(S(N)(=O)=O)c1,9.91
CC(Cl)OO,9.6
O=C(O)c1ccc(C2CCCC2)cc1,4.21
O=C(O)CS(=O)(=O)c1ccc(Br)cc1,2.519
O=C(O)c1ccc(CO)cc1,4.18
O=C(O)C12CCC(CC1)CC2,5.08
O=C(O)c1ccc(Br)cc1,3.98
Nc1ccc(S(=O)(=O)Nc2cc(Cl)cc(Cl)c2)cc1,7.54
SCn1ccnc1,9.5
O=C(O)C1CC1,4.83
Cc1ccc(P(=O)(O)O)cc1,1.94
Nc1cccc2c1C(=O)NC2=O,10.81
O=C(O)C[S+]([O-])c1cccc(F)c1,2.675
OC(O)C(F)(F)F,10.12
N#CCC(=O)O,2.47
CC(=O)CCCC(=O)O,4.66
OCOO,10.7
CONC(=O)Oc1cccc(Cl)c1,8.6
C=CCC([N+](=O)[O-])[N+](=O)[O-],4.99
O=C(O)C1=C(C(=O)O)C2CCC1C2,1.32
O=C(Cc1ccncc1)c1cccc(Cl)c1,11.73
O=C(O)Cc1ccccc(=O)c1O,4.52
O=C(O)CCc1cccc(Cl)c1,4.58
N#CN,10.33
O=c1nccc2n1CCN2,12.5
O=C(O)c1cc([N+](=O)[O-])ccc1Br,2.04
O=c1cccccc1S,5.89
Cc1ccc(O)c(C(=O)O)c1,3.15
CC(C)(C)C#CC(=O)O,2.66
O=C1CCCCC1=O,10.3
Sc1nc2ccccc2[nH]1,10.34
CC1=Nc2cnc(O)nc2NC1O,11
O=[N+]([O-])NCN[N+](=O)[O-],4.985
COC(=O)c1c(O)cccc1O,8.96
Nc1ccccc1C(=O)NO,9.17
O=C(O)[C@H]1O[C@H]1C(=O)O,2.015
C[C@]1(C(=O)O)O[C@H]1C(=O)O,2.38
COc1cccc(P(=O)(O)O)c1,1.74
COc1cc(O)cc(OC)c1O,10.6
CCOC(=O)C#CC(=O)O,1.05
CC(=O)N(O)c1ccc(C#N)cc1,8.25
Oc1cnc2cnc(O)nc2n1,5.85
O/N=C/c1ccno1,9.3
Cc1c([N+](=O)[O-])cc(C(=O)O)cc1[N+](=O)[O-],2.97
Nc1cc(O)ccc1O,10.05
O=C(O)C[Se]c1ccc(C(=O)O)cc1,3.49
C/C(O)=C1\CCCCC1=O,9.8
NNC(=O)c1cccc(Br)c1,12.03
O/N=C/c1ccc2c(c1)OCO2,10.85
Cc1ccc(O)c([N+](=O)[O-])c1,7.4
COC(=O)c1ccc(OCC(=O)O)cc1,2.91
O=C(O)[C@@H]1[C@H](C(=O)O)[C@@H]2C=C[C@H]1C2,4.25
CC(=O)C(C(C)=O)C(C)=O,5.86
CCOP(=O)(O)COc1ccc(Cl)cc1,0.91
COS(=O)(=O)O,-3.4
C/C(O)=C/c1ccccc1,11.8
CCC(Cl)C(=O)O,2.92
O/N=C/c1ccccc1,10.955
O=C(O)C(=O)Nc1ccc([N+](=O)[O-])cc1,1.62
O=C(O)CC(CC(=O)O)c1ccccc1,4.28
OOCF,9.3
O=[N+]([O-])C(CCO)[N+](=O)[O-],4.52
Oc1cccc2ccnnc12,8.2
C#C/C=C/C(=O)O,3.75
O=C(O)/C=C(\O)C(=O)O,1.89
O=C(c1cccc([N+](=O)[O-])c1)N(O)c1ccccc1,7.67
CC(C)C1C(=O)CCC1=O,5.1
OC(c1c(F)c(F)c(F)c(F)c1F)(C(F)(F)F)C(F)(F)F,7.9
O=C(O)C([N+](=O)[O-])([N+](=O)[O-])[N+](=O)[O-],-2.7
O=C(O)[C@H]1CC[C@@H](O)CC1,4.84
O=C(O)C(Br)C(Br)C(=O)O,1.42
O=[N+]([O-])c1ccc(P(=O)(O)O)c(Cl)c1,1.12
Oc1c(F)cc(F)c(F)c1F,5.56
O=C(O)C#Cc1ccccc1,2.23
CS(=O)(=O)CS(=O)(=O)Oc1ccc([N+](=O)[O-])cc1Cl,8.42
Cn1c(Cl)nc2c(N)nc(Cl)nc21,15.2
O=C(O)C12CCC(C1)C2,4.46
Cc1nc2ncncc2nc1O,7.09
O=C(O)/C=C/c1ccco1,4.29
CC(c1ccc([N+](=O)[O-])cc1)[N+](=O)[O-],6.57
NS(=O)(=O)c1cccc(S(N)(=O)=O)c1,9.39
COC(C(=O)O)C(OC)C(=O)O,2.76
O=Cc1cc(Br)ccc1O,7.4
Cc1c(Cl)ccc2c1nnn2O,4.09
Oc1c(F)c(F)c(F)c2c(F)c(F)c(F)c(F)c12,7.05
CC1(C(=O)O)CCCCC1,5.16
CC1(C)CC(=O)C=C(O)C1,5.253
O=C(O)C12CCC(Br)(CC1)CC2,4.62
CN(C)c1ccc(O)cc1,10.21
COc1cccc(S)c1,6.39
Cc1ncc(CO)c(C)c1O,9.1
Oc1cc(O)c2ccccc2n1,5.86
O=C(O)C[Se]c1ccccc1Br,3.58
O=[N+]([O-])c1ccc(S(=O)(=O)O)cc1,-3.8
COC(=O)CS,7.91
O=C(O)C(=O)Cc1c[nH]c2ccccc12,3.6
O=C(O)/C=C/C=C/C(=O)O,2.7
CC(=O)NC1C(=O)CC(C)(C)CC1=O,3.7
O=C(O)CC(O)C(=O)O,3.46
Oc1ncccc1C(F)(F)F,9.92
Cc1cc(=O)n(O)c(O)c1C,5.05
O=C(O)CCNc1ccccc1,5.41
CC(NC(=N)N[N+](=O)[O-])c1ccccc1,11.46
CCOc1ccc(O)cc1,10.21666667
NS(=O)(=O)c1nnc(NS(=O)(=O)c2ccccc2)s1,3.2
CC(=O)C1CCc2cccc(O)c2C1=O,8.3
O=C(O)/C=C/c1ccccc1,4.44
O=C1CCCc2cc([N+](=O)[O-])cc(O)c21,5.12
On1nnc2c(Cl)cccc21,3.9
O=C(O)c1c(Cl)ccc(Cl)c1Cl,1.5
O=NO,3.29
COc1ccc(C)cc1C(=O)O,4.18
O=C(O)/C=C\c1ccccc1Br,4.02
CS(=O)(=O)c1ccc(NS(=O)(=O)C(F)(F)F)cc1,2.84
CC/N=C(\C)c1ccccc1O,14.5
COc1ccc(NS(=O)(=O)C(F)(F)F)cc1,4.9
OC(C(F)(F)F)C(F)(F)F,9.3
Nc1cccc2c1C(O)(OO)N=NC2=O,10.4
CC(=O)C1CCCC1=O,7.82
CC(C(=O)O)c1ccccc1,4.35
OCC(F)(F)F,12.37
O=C(O)c1cccc(Br)c1,3.81
Cc1cnc(C(=O)O)s1,3.03
C[C@]1(C(=O)O)C[C@@H]1C(=O)O,3.93
O=P(O)(O)Cc1ccccc1O,2.13
CCOC(O)n1ccnc1,10.69
Oc1cc(C(F)(F)F)c2ccccc2c1,8.71
CC(=O)CC(=O)Nc1ccc([N+](=O)[O-])cc1,9.65
CC(Oc1ccccc1)C(=O)O,3.11
CC(=O)c1ccc(O)c([N+](=O)[O-])c1,5.09
CO/C=C/C(=O)O,4.85
CS(=O)(=O)CS(=O)(=O)Oc1ccccc1,9.99
O=[N+]([O-])c1ccccc1O,7.2
O=C(O)[C@H]1[C@H](C(=O)O)[C@H]2C=C[C@@H]1C2,4.06
O=C(O)CC1CCCCC1,4.82
NS(=O)(=O)c1ccccc1[N+](=O)[O-],8.67
CC(C)(C)c1cccc(O)c1,10.1
O=C(NO)c1cccc(Cl)c1,8.36
CCNC(=O)NS(=O)(=O)c1ccccc1,5.11
CC1=C(O)C(=O)CC1,9.6
COc1c(C)c(O)c(C)c(C)c1O,11.2
NS(=O)(=O)c1cccc([N+](=O)[O-])c1,9.3075
Nc1cc([N+](=O)[O-])cc([N+](=O)[O-])c1O,4.37
O=C(O)CSc1ccccc1C(=O)O,3.01
CC(=O)NC(CSc1ccc(Cl)cc1)C(=O)O,3.77
O=C(O)CCc1cccs1,4.34
O=C(O)CCO,4.51
[CH3][Ge]([CH3])([CH3])[c]1ccc(O)cc1,9.9
O=C(O)CCc1cccc(O)c1,4.51
COc1cc(C(=O)O)cc(OC)c1O,4.27
O=C(O)c1ccc(O)c2ncccc12,4.8
Oc1cnc2ncncc2n1,6.45
C/C(=N\O)C(N)=O,9.87
Cc1c(O)cc(O)c(O)c1C,10
CCCc1ccc(O)cc1,10.28
CN(C)C(C)(O)O,13.37
Cc1cc(Br)cc(Br)c1O,7.6
O=S1(=O)Nc2ccccc2N1,4.96
CCOC(=O)[C@H]1C[C@H]1C(=O)O,4.22
CSc1cccc(O)c1,9.42
Cc1ccc(S(N)(=O)=O)cc1,10.16
Nc1c([N+](=O)[O-])cc(Br)cc1[N+](=O)[O-],13.71
Nc1ccc(S(=O)(=O)Nc2cnccn2)cc1,6.04
O=C(O)CN(CC(=O)O)c1ccc(Cl)cc1,2.38
O=C(CC(=O)C(F)(F)F)c1ccc([N+](=O)[O-])cc1,5.38
CN1C(=O)NC(Cc2ccccc2)C1=O,14
O=C(O)F,0.54
CC(C)OC(=O)c1cc(O)c(O)c(O)c1,7.89
CN1c2ccccc2C=C([N+](=O)[O-])C1O,13
O=C(O)C[S+]([O-])c1ccc(F)cc1,2.653
SCc1ccccn1,8.82
O=S(=O)(Nc1ccc(Cl)cc1)c1ccccc1,7.95
[O-][n+]1ccccc1O,5.975
CCCCCC[N+](=O)[O-],8.6
CSC1=NC(=O)CC(=O)N1,13.5
O=C(O)c1cc(Br)cc(Br)c1O,2.55
SCCCCS,9.98
C/C=C\C(=O)O,4.425
Cc1cccc(C(=O)O)c1,4.26
CC(=O)c1cc([N+](=O)[O-])ccc1O,7.05
CC(CC(=O)O)c1ccccc1,4.64
O=C(O)CC(Br)C(=O)O,2.55
O=C(Cc1ccc([N+](=O)[O-])cc1)c1ccncc1,9.93
C=C(N)O,9.2
CSc1ccsc1C(=O)O,3.86
O=[N+]([O-])c1cccc2c1nnn2O,3.33
O=[N+]([O-])C[N+](=O)[O-],3.57
C=CCc1cccc(C(=O)O)c1,4.32
O=C1CSC(=S)N1,6.9
CC(=O)c1ccccc1O,10.25333333
CC(=O)Nc1cccc(O)c1,9.44
CC(O)(O)C(=O)O,3
CCCCOc1cccc(C(=O)O)c1,4.25
CONC(O)c1ccc(Cl)cc1,13.8
Cc1c(Br)cc(O)cc1Br,8.28
NC(=S)Nc1cccc([N+](=O)[O-])c1,11.1
CC(OC1CCCCC1)C(=O)O,3.64
CC(=O)NCCC(=O)O,4.45
CCc1cc(C)c(O)cc1C,10.51
O=P(O)(O)CCl,1.4
CC(C)N1C(=O)c2ccccc2NS1(=O)=O,3.02
CNc1cc(C(=O)OC)ccc1C(=O)O,4.44
OC1=Nc2c(O)ncnc2NC1O,8.34
Cc1nnnn1CC(=O)O,2.16
COC(=O)c1cccc(OC)c1O,10.3
CS(=O)(=O)CC(=O)/C=N/O,7.46
CCOCCS,9.38
N#Cc1ccc(OS(N)(=O)=O)cc1,7.45
O=C(O)CCCO,4.72
Cc1ccc([N+](=O)[O-])cc1O,8.59
O=[N+]([O-])CCC([N+](=O)[O-])[N+](=O)[O-],3.24
C/C(=N\O)C(=O)O,3.33
COC(=O)CC(=O)c1ccccc1,10.28
CC(=O)CCn1nc(O)c2ccccc2c1=O,6.9
O=C(NO)c1ccccc1F,8
Cc1ccc(S(=O)(=O)NCl)cc1,4.41
O=C(O)c1oc(C(=O)O)c(C(=O)O)c1C(=O)O,0.38
N#CCC(N)=C(C#N)C#N,7.1
OC(O)(c1ccccc1)C(F)(F)F,10
SCCSCCS,9.09
O=C(O)COc1ccc([N+](=O)[O-])cc1,2.85
CCC/C(=C\c1ccccc1)C(=O)O,5.1
O=C(O)c1cccc(Cl)c1[N+](=O)[O-],1.82
O=C(O)Cc1c[nH]c2ccc(O)cc12,4.5
CN1C(=O)NC(O)c2nccnc21,11.43
NC(=O)CS,8.2
O=C1CCCC/C1=C/O,6.03
Nc1nccnc1C(=O)O,3.7
CC(=O)N(O)c1ccc([N+](=O)[O-])cc1,8.37
C=C(O)c1ccc(Cl)cc1,10.07
O=C(O)Cc1ccc(C(=O)O)cc1,3.79
N#Cc1ccc(OCC(=O)O)cc1,2.87
O=C(O)c1cocc1C(=O)O,2.51
O=[N+]([O-])c1cnc(O)nc1O,5.55
N#Cc1ccc(C(=O)O)cc1,3.55
CC(=O)N(O)c1ccc(Cl)cc1,8.37
O=C(O)C1CCCC1,4.99
COc1ccc(C(=O)c2ccccc2)c(O)c1,9.385
COc1ccc(C)cc1C(=O)C(=O)O,1.62
C/C=C/C=C/C(=O)O,4.5625
O=C1C(O)=C([N+](=O)[O-])C(=O)C([N+](=O)[O-])=C1O,0
Cc1cccc(O)c1C(=O)Oc1ccccc1,8.63
[O-][Cl+]O,2
O=P(O)(O)OOP(=O)(O)O,-0.2
O=C(O)[C@@H]1C[C@@H]2CC[C@H]1C2,5.02
O=C(NCO)c1cccc(Cl)c1,13.02
NC(=O)C[N+](=O)[O-],5.18
O=C1NC(=O)C(Cc2ccccc2)N1,9.03
CN(O)C(=O)c1cc([N+](=O)[O-])cc([N+](=O)[O-])c1,7.41
O=C(O)CCc1cccc([N+](=O)[O-])c1,4.53
CCC(C(=O)O)C(CC)C(=O)O,3.51
OCc1cccc(CO)c1O,9.66
O=C(O)CC(CC(=O)O)C(=O)O,3.67
O=C(O)c1ccc(F)cc1F,3.29
O=C(O)c1cc([N+](=O)[O-])ccc1Cl,2.2
O=C(O)CCc1cccc(F)c1,4.59
Cc1c(Cl)cc2nnn(O)c2c1[N+](=O)[O-],3.21
NS(=O)(=O)c1ccccc1,9.95
O=C(O)c1ccccc(=O)c1O,3.2
Oc1cc(O)c2ccccc2c1O,9
O=C(O)C(Cl)CCl,2.85
Cc1ccc(C(=O)C(=O)O)cc1,1.52
O=Cc1cc(C(=O)O)cs1,3.61
CC(C)C1C(=O)CC(=O)C1=O,3.5
[O-][n+]1ccc(S)cc1,3.82
O=C(O)c1cc2ccccc2o1,2.79
O=C(O)CCCC1CCCC1=O,4.86
N#Cc1ccc(OO)cc1,8.5
COc1cc[n+]([O-])cc1C(=O)O,2.88
CC(=O)c1cc(F)ccc1O,9.85
OOC(Cl)C(F)(F)F,8.9
C[C@@H]1[C@@H](C(=O)O)[C@@]1(C)C(=O)O,3.67
CN1C=Nc2ccccc2C1O,12.47
O=C(O)c1cc(Cl)ccc1[N+](=O)[O-],1.82
O=C(O)c1ccsc1,4
CCC(C)P(=O)(O)O,2.74
COc1ccccc1CCC(=O)O,4.8
N#CCC(C(=O)O)c1ccccc1,3.44
CN(C)c1nccc(S)n1,8.02
CC(C)c1cc(O)c(=O)ccc1Br,6.53
CC(C)(Nc1ccccc1)C(=O)O,6
CC[C@@](C)(S)[C@H](N)C(=O)O,8.1
Cc1ccc(Cl)cc1C(=O)O,3.63
CCC(C)C(=O)C(=O)O,2.3
Nc1nn[nH]c1C(=O)O,4.23
Nc1ccc(S(=O)(=O)Nc2nnc[nH]2)cc1,4.77
O=S(=O)(Nc1ccc(Cl)cc1)C(F)(F)F,3.9
O=C(O)c1cc(C(=O)O)c(C(=O)O)c(C(=O)O)c1C(=O)O,1.8
CC(C)(C)c1ccc(O)cc1,10.2475
O=C(O)Cc1ccc2ccccc2c1,4.26
O=C(O)COc1ccccc1Br,3.155
OC(O)(C(F)F)C(F)(F)F,7.67
CC(C)C(O)CC(=O)O,4.42
Cc1ccc(O)c(N)c1,10.19
CC(C)C(C#N)(C(=O)O)C(C)C,2.56
CC1CCC(C(=O)O)C1,4.97
O=C(NO)c1cc([N+](=O)[O-])cc([N+](=O)[O-])c1,7.69
OC1=NN=C(O)CC1,8.1
O=C(O)c1sccc1F,3.11
Nc1nc(O)nc(Nc2ccccc2)n1,9.48
O=C(O)CC1Nc2c(O)ncnc2N=C1O,4.49
COc1cc(C(=O)O)cc(OC)c1OC,4.23
CCC([N+](=O)[O-])[N+](=O)[O-],5.53
CC(=O)c1cccc(=O)c(O)c1,6.23
O=C(O)[C@H]1CCCC[C@H]1C(=O)O,4.39
Nc1ccc([N+](=O)[O-])cc1[N+](=O)[O-],15
Cc1c[nH]c(C(=O)O)c1,4.6
O=Cc1ccccc1O,8.233333333
O=C(O)[C@@H](Br)[C@@H](Br)C(=O)O,1.48
C=Cc1ccc(C(=O)O)cc1,4.34
O=C(O)/C=C(\Cl)c1ccccc1,3.55
CC(=O)NCCC(=O)NC(CS)C(=O)O,3.16
CSc1ccc([Se]CC(=O)O)cc1,3.875
CCC(C(=O)O)C(=O)O,2.913333333
COC(=O)c1cc(Cl)cc(C(=O)O)c1,3.53
Nc1ncnc2nccnc12,14
COc1cccc(OCC(=O)O)c1,3.14
O=C(NO)c1nc[nH]c1C(=O)NO,8.8
CCN1c2ccc(C(C)=O)cc2NS1(=O)=O,3.96
On1nnc2ccccc21,4.3
Oc1ccc2cc(C(F)(F)F)ccc2c1,8.99
CC1C(=O)OC(C)(C)OC1=O,5.3
OCCF,14.06
CC(=O)N(O)c1ccccc1,8.26
Cc1ccc(NC(=O)C(F)(F)F)c(C)c1,9.59
O=C(O)c1ccc(P(=O)(O)O)cc1,1.505
NNC(=O)c1ccccc1Cl,11.79
O=C1CCCC1,16.7
O=C(O)c1csc(F)c1,3.83
O=C(Cc1ccccc1)c1ccncc1,12.26
CN(C)c1ccnc(S)n1,11.18
O=C(O)C(Br)Br,1.48
O=C(O)Cc1ccc(C(F)(F)F)cc1,3.99
CC(=O)NC(CS)C(N)=O,8.75
O=C(NO)c1cccc([N+](=O)[O-])c1,8.135
O=C1C=CCC(=O)N1,9.83
CCOC(=O)Oc1cc([N+](=O)[O-])ccc1O,5.48
Sc1ncnc2ccccc12,8.47
O=P(O)(O)Oc1cccc2ccccc12,0.97
O=C1NC(=O)c2ccccc21,8.3
CC(=O)N/C=C(\O)c1ccc(C)cc1,9.12
O=C(O)CSc1ccc([N+](=O)[O-])cc1,3.205
O=[N+]([O-])Nc1nc[nH]n1,3.95
O=C(O)C(O)CCl,3.12
COc1cccc(/C=C/C(=O)O)c1,4.38
Cc1cc(C(=O)O)ccc1Cl,4.07
CC(C#N)(CC(=O)O)c1ccccc1,3.99
O=C(Cc1c[nH]cn1)NO,9.05
O=C(O)COc1cccc([N+](=O)[O-])c1,2.93
O=C(O)CC#Cc1ccccc1,3.43
CS(=O)(=O)Cc1cccc(C(=O)O)c1,4.09
CC1(C)C(=O)C=C(O)C=C1O,4.2
[O-][n+]1c(O)ccc2ccccc21,6.88
On1cnc2ccccc21,7.77
NS(=O)(=O)Oc1ccc(Cl)cc1,7.88
Nc1c(Br)cc([N+](=O)[O-])cc1[N+](=O)[O-],13.6
Cc1ccc(S(=O)(=O)N(C)CC(=O)O)cc1,3.43
Cc1ccc(O)cc1,10.28
O=C(Cc1ccc(C(F)(F)F)cc1)c1ccncc1,11.31
O=C(O)c1nc2c(O)ncnc2nc1O,3
O=P(O)(O)c1ccccc1F,1.565
CCc1ccccc1C(=O)O,3.77
CS(=O)(=O)CS(=O)(=O)Oc1ccc(Cl)cc1[N+](=O)[O-],8.16
Oc1ccccc1C1CCCC1,10.58
CCCc1ccc(C(=O)O)cc1[N+](=O)[O-],3.66
O=C(O)/C=C\Cl,3.385
O=C1CNC(=O)C(CS)N1,8.75
Nc1ccnc(Cl)n1,16.4
O=[N+]([O-])C(c1ccccc1)[N+](=O)[O-],3.71
O=C(O)C12CC(F)(C1)C2,3.29
C[S+]([O-])c1ccc(C(=O)O)cc1,3.66
CC(F)[N+](=O)[O-],9.15
O=C(O)/C=C/C=C/c1ccccc1,4.42
O=C(O)C[Se]c1cccc(Cl)c1,3.64
Cc1cc(O)cc(C(C)C)c1,10.12
COc1ccc(C(=O)C(=O)O)cc1,1.65
COc1cc(C(=O)N(C)O)ccc1C,8.41
Oc1ccc(Cl)cc1,9.38
CC(C)(C)CCCC(=O)O,4.88
CC(C(N)=O)S(=O)(=O)NC(N)=O,5.21
Cc1cc(O)cc(C)c1S(C)(=O)=O,8.13
COc1ccsc1C(=O)O,4.25
Cc1cccc(P(=O)(O)O)c1C,2.17
Nc1cc(C(=O)O)ccc1Cl,4.115
Cc1cc(O)ccc1Cl,9.52
CC(C)C(CC(=O)O)CC(=O)O,4.28
On1nnc2ccc(C(F)(F)F)cc21,3.97
O=C1CS(=O)(=O)c2ccccc21,7.65
Nc1ccc(S(=O)(=O)NC(=O)CCl)cc1,3.79
COc1cccc(C)c1C(=O)O,3.46
OCc1cccc(O)c1,9.83
COc1ccc(S(=O)(=O)NCl)cc1,4.56
Cn1c(=O)nc(N)c2nccnc21,12
CO[C@H](C(=O)O)[C@@H](OC)C(=O)O,2.96
Oc1cnc2ccccc2n1,9.08
NC(=O)/C=C(\O)c1cccnc1,8.01
OCC(O)CO,14.4
CCC(=NO)C(C)=O,9.38
CCCC(C)C(=O)O,4.75
Oc1ccccc1S,5.7
C/C=C/O,10.8
C[C@H]1[C@H](C(=O)O)[C@@]1(C)C(=O)O,3.93
O/N=C(Cl)/C(=N/O)c1ccccc1,4.92
COc1ccc(C(=O)O)cc1OC,4.405
Sc1nc2cc3ccccc3cc2[nH]1,9.72
O=c1[nH]cc(S)c(=O)[nH]1,5.3
CCOC(=O)C(C)[N+](=O)[O-],6.4
CC(SC#N)C(=O)O,2.44
O=C(O)/C=C/c1cccc(Cl)c1,4.29
CCCOc1cc(N)ccc1C(=O)O,4.96
CO[As](O)OC,7.99
O=[N+]([O-])c1ccc2nnn(O)c2c1,2.75
O=C(O)c1ccc(C(=O)O)cc1,3.6895
CCOP(=O)(O)OCC,1.39
Nc1nccc(S)n1,8.03
O=S(=O)(NCc1ccccc1)c1ccccn1,10.85
O=C(O)c1ccc(Br)cc1Br,2.7
O=C(O)CCc1ccccc1F,4.61
O=C(O)c1csc(Br)c1,3.7
Oc1cccc(Cl)c1,9.02
O=C(O)/C(=N/O)c1ccccc1,1.81
C[Si](C)(C)CCC(=O)O,4.907
COc1ccc(S)cc1,6.78
CC(=O)NS(=O)(=O)c1cccc([N+](=O)[O-])c1,3.97
O=C(Nc1ccc(Cl)cc1)c1ccc(O)cc1,9.5
CC(C)c1ccc(O)c(=O)cc1,6.85
COc1ccc(S(N)(=O)=O)cc1,10.195
O=S(=O)(NCc1ccccc1)c1ncccn1,9.75
O=C(O)CSSCC(=O)O,3.81
COc1ccc(NC(=N)N[N+](=O)[O-])cc1,10.7
COc1ccc(C(=O)O)cc1C,4.41
Oc1cc2ccccc2cc1O,8.81
O=C(O)/C=C/S(=O)(=O)c1ccc(Br)cc1,3.85
CCOc1ccc2nc(S(N)(=O)=O)sc2c1,8.1
O=C(O)CCc1ccc(O)cc1,4.5
OC1=NCC=CN1,11.22
Cc1c(Cl)c([N+](=O)[O-])cc2c1nnn2O,3.1
O=[N+]([O-])c1ccc(S(=O)(=O)Nc2ccccc2)cc1,7.42
Nc1ccc([N+](=O)[O-])cn1,15.8
Oc1ccc2ncccc2c1,8.88
Cc1cc(S(N)(=O)=O)ccc1F,10.06
CC(C)c1cccc(=O)c(O)c1Br,6.68
O=C(O)C1c2ccccc2Oc2ccccc21,3.85
O=[N+]([O-])c1cccc(NS(=O)(=O)c2ccccc2)c1,6.915
CCCCOc1ccc(O)cc1,10.24
CC(C)C([N+](=O)[O-])[N+](=O)[O-],6.75
COc1cc(C(=O)O)cc(C(=O)O)c1,3.46
NC(=O)Nc1nccnc1/C=N/O,9.34
C/N=C\c1c(CO)cnc(C)c1O,10.5
CC(=O)c1ccc(O)cc1,8.015
Cc1ccc(C(O)(O)C(F)(F)F)cc1,10.15
Nc1ccccc1[As](=O)(O)O,3.78
CC(=O)N(O)c1ccc(C)cc1,8.81
Oc1ccc2cncnc2c1,7.37
CCOO,11.45
C[C@H]1[C@](Cl)(C(=O)O)[C@]1(C)C(=O)O,2.91
COc1cc([N+](=O)[O-])c(C(=O)O)c(C(=O)O)c1OC,1.7
CCC(CC)(C(=O)O)C(=O)O,2.21
CS(=O)(=O)c1csc(C(=O)O)c1,2.87
CC(=O)NCC(=O)c1ccccc1,14.45
C/C(=N\O)c1cc([N+](=O)[O-])ccc1O,7.4
Nc1c(C(=O)O)ccc2c1C(=O)c1ccccc1C2=O,5.74
O=C(O)/C=C\c1cccc([N+](=O)[O-])c1,3.61
COc1cc2ccc(=O)oc2cc1O,7.37
OP(O)O,1.8
O=C(O)[C@@H]1C2CCC(CC2)[C@H]1C(=O)O,4.09
CC(NC(N)=O)C(=O)O,3.72
CCCCC(=O)O,4.86
O=C(O)C/C=N/O,4
C[C@]1(C(=O)O)C[C@]1(Cl)C(=O)O,2.72
O=P(O)(O)c1cccc(F)c1,1.53
CC(=O)CC(=O)c1ccccc1,8.585
CCC(C)(C(=O)O)C(=O)O,2.86
C/C(=C\c1ccccc1)C(=O)O,4.96
O=C(O)CC(=O)O,2.813333333
COc1ccc(C(=O)O)c(OC)c1,4.36
CC[N+](=O)[O-],8.62
O=C(O)c1cc([N+](=O)[O-])cc([N+](=O)[O-])c1O,0.13
COC(=O)CC(C(=O)O)c1ccccc1,4.05
C/C=C/C(=O)O,4.7
O=c1ccc(Br)cc(Br)c1O,5.18
CSc1ccccc1C(=O)O,3.78
SCCOCCS,9.21
CC(=O)Nc1ccc(C(=O)Nn2cnnc2)cc1,6.29
Cc1cc(NC(=O)C2CCOC2)no1,11.05
O=C(O)/C=C/c1ccccc1Cl,4.32
C[Si](C)(C)C#CC(=O)O,2.205
CC1CCCC(=NO)C1=NO,10.61
O=P(O)(O)O,2.055
Cc1nnc(/N=N/c2ccc(O)cc2O)s1,5.72
O=C1CCNC(=O)N1,11.66
NS(=O)(=O)c1ccccc1C(=O)O,2.68
CC(C(=O)O)C(=O)O,3.01
O=P(O)(O)c1ccccc1Cl,1.595
ONc1ccnc2ccccc12,6.71
CCSC(O)(O)C(F)(F)F,8.69
Cc1cc(CO)c(O)c(CO)c1,9.92
Oc1ccc2[nH]ncc2c1,10.05
O=C1C=C(c2ccccc2)C(=O)C=C1O,4.7
COC(=O)/C=C(\O)c1ccccc1,9.19
C#CCO,13.55
Oc1cccc(F)c1,9.26
COC(=O)c1ccc(O)c(OC)c1,8.3
C=CCNC(=O)NS(=O)(=O)c1ccc(Cl)cc1,4.23
Sc1ncnc2nccnc12,6.81
CC(C)(C(=O)O)C(C)([N+](=O)[O-])[N+](=O)[O-],3.16
CCOC(=O)/C(=N/O)c1ccccc1,8.95
Cc1ncc2c(n1)NC(O)C(O)=N2,10.05
O=C(O)c1ccc([N+](=O)[O-])cc1,3.435
Oc1c(Cl)ccc(Cl)c1Cl,5.8
O=C(O)[C@H]1CC[C@H](O)CC1,4.68
CC(=O)Nc1ccc([N+](=O)[O-])c(O)c1,6.71
CC(=O)O,4.767
CS(=O)(=O)c1nc2c(O)c3ccccc3nc2s1,7.6
Cc1ccccc1SCC(=O)O,3.465
O=P(O)(O)Oc1ccc(Cl)cc1Cl,0.57
CC(=O)NC(CSc1ccc(Br)cc1)C(=O)O,3.81
ON=C1CCCCC1=NO,10.68
N#Cc1ccc(O)cc1,7.91
CCc1occc(=O)c1O,8.72
Nc1ccc(Br)c(C(=O)O)c1,4.05
Cc1c[n+]([O-])ccc1NO,10
O=C(O)c1c(F)cccc1F,2.27
O=C1CCC(O)=C1NC(=O)c1ccccc1,5.1
Cc1cc(C)cc(C(=O)O)c1,4.335
NC(=O)c1ccccc1O,8.37
CCC(C)(CC(C)C)OO,12.8
O=C(O)C(O)(O)C(=O)O,1
O=C(c1ccccc1)N(O)c1ccccc1,8.275
Oc1ccc(Cl)cc1Cl,7.875
Oc1cc(Cl)cc(Cl)c1O,7.2
CC1CCC(=NO)C(=NO)C1,10.54
NS(=O)(=O)c1ccc(Cl)c([N+](=O)[O-])c1,9.34
CC[C@H]1C[C@@H]1C(=O)O,4.46
C/C=C(\Cl)CC(=O)O,3.22
CS(=O)(=O)CS(=O)(=O)Oc1cccc(Cl)c1,9.59
O=[N+]([O-])c1ccc([N+](=O)[O-])c(O)c1,5.095
CC(C)C1=C(O)C(=O)CC1=O,3.5
COc1c([N+](=O)[O-])cc([N+](=O)[O-])c(O)c1[N+](=O)[O-],0.367
O=P(O)(Oc1ccccc1)Oc1ccccc1,1.9
CCC(Br)C(=O)O,2.97
O=Nc1ccc(C(=O)O)cc1,3.27
O=C1CCC(O)=C1Cc1ccc(Br)cc1,4.2
C[S+]([O-])c1ccccc1C(=O)O,3.1
O=C1C[C@@]2(C(=O)O)CCC[C@H]2O1,3.99
O=C(O)c1c(Cl)cccc1Cl,1.82
O=C(Cc1ccncc1)c1ccc(Cl)cc1,12.06
Oc1ccc2nc3ccccc3cc2c1,8.81
Oc1cc(Cl)c(Cl)cc1Cl,6.903333333
O=C(O)CCC=C(Cl)Cl,4.57
CC(C)(O)O,14.345
O=[N+]([O-])c1cc([N+](=O)[O-])c2ccccc2c1O,3.02
OC(C(F)(F)F)(C(F)(F)F)C(F)(F)Cl,5.3
Oc1c(F)c(F)c(O)c(F)c1F,6.325
CC(=O)CC(=O)C(=O)O,2.61
O=C(O)/C(F)=C/c1ccccc1,2.61
CC(Br)(Br)C(=O)O,1.48
CC(C)(Oc1ccc(Cl)cc1)C(=O)O,2.95
O=C(O)CCC(F)(F)F,4.16
O=S(=O)(Nc1ccccc1)c1ccccc1,8.4
CCNC(=O)CS,8.14
O=P(O)(O)Cc1ccc(O)cc1,1.89
O=C1C[C@@H](C(=O)O)[C@H](C(=O)O)C1,3.59
O=C(O)c1cc([N+](=O)[O-])ccc1O,2.093333333
NS(=O)(=O)CCl,9.26
Nc1nnnn1NC(=O)c1ccco1,5.46
Cc1ccc(NC(=O)C(=O)O)cc1,2.45
COc1cc(O)ccc1O,10.055
Cc1ncc(CO)c(/C=N/O)c1O,8.1
O=C(NC1C(=O)CCC1=O)c1ccccc1,5.1
CC1(Cc2ccccc2)CC(=O)NC1=O,9.3
CC(C)c1ccc(C(=O)O)s1,3.62
O=C1c2ccccc2C(=O)N1O,6.21
O=C(O)CCC(O)(O)C(=O)O,2.5
OCCN(CCO)c1ccc(S)cc1,7
CC(=O)Nc1ccc(O)c([N+](=O)[O-])c1,6.78
C=C=CC(=O)O,3.68
CSC(C)C(=O)O,3.7
CC1C(=O)CC(C)(C)CC1=O,5.6
OC(O)=C(O)c1ccccc1,6.62
Cc1cnc(C(=O)O)cn1,3.13
CC(=S)Nc1ccccc1,11.6
CNC(=O)/C(C)=N/O,10.2
CS(=O)(=O)c1cccc(C(=O)O)c1,3.585
Nc1ccc(S(=O)(=O)Nc2ncco2)cc1,6.5
Nc1cc(C(=O)O)cc([N+](=O)[O-])c1,3.68
COC(=O)C(CC(=O)O)c1ccc([N+](=O)[O-])cc1,4.07
O=C(O)CS(=O)(=O)c1cccc([N+](=O)[O-])c1,2.362
CCC1=C(O)C(=O)CC1=O,3.5
CC(C)=NOCC(=O)O,3.56
O=C1SCC(O)=C1O,4.4
CC1(C)C(=O)NC(=O)NS1(=O)=O,2.35
O=C(O)c1cscn1,3.63
O=C(O)CS(=O)(=O)c1cccc(Cl)c1,2.454
O=C(O)/C=C/c1cccs1,4.25
CC/C=C(\C)C(=O)O,4.95
O=C(Cc1cccc(Cl)c1)c1cccnc1,12.6
CCCNC(=O)Cn1cccc(O)c1=O,8.46
O=C(O)c1ccc(F)c(F)c1,3.8
Cc1ccc(C(=O)S)cc1,2.6
CCC(=O)/C=N/O,8.37
O=C(O)c1ccc(CCl)cc1,4.13
O=C(O)CCCC(Cl)(Cl)Cl,4.52
COC(=O)c1cccc(C(=O)O)c1,3.89
O=C(O)c1ccccc1F,3.435
O=C(O)C#CC(=O)O,0.8906
COC(=O)c1cc(O)c(O)c(O)c1,7.865
COC(=O)c1ccc(O)c(Cl)c1,6.88
CN(C)C(=O)CC(=O)c1ccncc1,7.75
CCOC(C)(O)N1C=NCC1,11.34
COc1ccccc1/C=N/O,10.89
Cc1ccc(S(N)(=O)=O)cc1C,9.62
Cc1ncnc2c(O)cccc12,8.75
CC1=C(O)C(C)C1=O,2.8
Cc1cccc(N)c1C(=O)O,3.2
O=C(O)CCl,2.87
CC(=O)c1c(O)oc(C)cc1=O,5.53
CC(=O)/C(Cl)=N/O,7.9
O=C(O)c1c(F)c(F)c(C(=O)O)c(F)c1F,1.62
O=C(O)C(O)(c1ccccc1)c1ccccc1,3.05
C/C(CCC(=O)O)=N\O,4.64
Nc1ccncc1[N+](=O)[O-],15.9
Nc1cccc2c(O)cccc12,9.7
N#Cc1ccccc1OCC(=O)O,2.97
O=C(O)c1c([N+](=O)[O-])cc([N+](=O)[O-])cc1[N+](=O)[O-],0.65
CN1CCC(S)CC1,10.35
O=C1NCC(O)=C1O,6.2
CC(C)(C)C(=O)C(=O)O,1.52
C[C@@H]1CCC[C@H](C(=O)O)C1,4.88
CC(C)c1cccc(O)c1,10.16
COCOc1c(C(=O)O)cccc1[N+](=O)[O-],2.8
CC(=O)NCCS,9.92
CCC/C(=C\c1ccc(Cl)cc1)C(=O)O,5
CNC[C@H](O)c1cccc(O)c1,9.84
CNc1ncc2ncc(O)nc2n1,7.59
COc1cc(/C=C/C(=O)O)cc(OC)c1O,4.4
OCc1cc(CO)c(O)c(CO)c1,9.66
O=C(NO)c1ccncc1,7.67
C/C(=N\O)c1ccncc1,10.82
COc1ccc(C(=O)C(=O)O)cc1C,1.78
O/N=C/c1cc(Cl)ccc1O,8.8
Cc1ccc(N[C@@H](C)C(=O)O)cc1,5.16
CCOc1cccc(C(=O)O)c1,4.14
Cc1n[nH]c(O)n1,9.61
Oc1ccccc1Cc1ccccc1,10.32
CCCCCC/C=N/O,11.6
CCOC(=O)C(CC)C(C)=O,12.7
Oc1c(Br)cc(Br)cc1Br,6.135
COc1ccc(CC(=O)O)cc1OC,4.32
Oc1cc(Cl)c(O)c(Cl)c1,7.33
Cc1[nH]ccc(=S)c1O,8.93
C=C(C(=O)O)c1ccccc1,4.44
Oc1cccc(OC(F)(F)C(F)(F)F)c1,8.95
CCCCOC(=O)c1ccc(O)cc1,8.18
Cc1cc(C)cc(O)c1,10.15
CC(=O)NC1=C(O)CCC1=O,4.25
O=C(O)[C@@H](S)[C@H](S)C(=O)O,2.9
O=C(O)c1cc(O)cc(C(=O)O)c1,3.52
O=[As](O)(O)c1ccc(Cl)cc1,3.32
O=S(=O)(NCc1ccccc1)c1cccnc1,10.55
Nc1nc(O)c2nc(O)cnc2n1,6.275
O=C(O)c1ccc(Cl)cc1,3.99
O=C(O)C12CC(C1)C2,4.02
O=C1C[C@@H](C(=O)O)[C@@H](C(=O)O)O1,2.26
CCC1(c2ccccc2)C(=O)NC(=O)C1C#N,5.97
CC(=O)c1cccc(NS(=O)(=O)C(F)(F)F)c1,3.75
CCNc1nc(O)nc(NCC)n1,10.31
O=[N+]([O-])c1n[nH]c(O)n1,3.63
Sc1ccccc1Br,5.66
O=S1(=O)CCCS(=O)(=O)C1,12.61
Nc1ccc(S(=O)(=O)Nc2ccccc2)cc1,9.29
C=CCO,15.52
CC(C)(C)Nc1nc(N)nc(O)n1,10.34
O=C1CCC(=O)C1Cc1ccc(Br)cc1,4.2
CC(OC1CCCC1)C(=O)O,3.64
Cc1cc([N+](=O)[O-])cnc1N[N+](=O)[O-],3.59
O=C(O)/C=C/[N+](=O)[O-],2.58
CC(C)(C)N[N+](=O)[O-],6.59
O=C(O)c1cccc([N+](=O)[O-])c1C(=O)O,1.91
CCOc1ccc(P(=O)(O)O)cc1,2.03
O=C(O)c1ccc(Br)cc1[N+](=O)[O-],1.85
O=C(O)c1cccccc1=O,3.73
CCC(C)c1ccccc1O,10.545
O=[N+]([O-])c1cccc(O)c1,8.2975
COC(=O)c1ccccc1C(=O)O,3.18
Oc1ccnnc1,8.68
Oc1cc2ccccc2cn1,9.62
CC(=O)c1ccc(O)c(Cl)c1,6.39
O=C1C=C(O)CCC1,5.255
S=C(S)c1ccccc1,1.92
O=C(O)c1csc2ccccc12,4.24
COC(=O)CC(=O)c1ccncc1,8.24
CC(C)=CCCC(=O)O,4.8
O=[N+]([O-])c1cccc(/C=N\O)c1,10.74
CC1(OO)CCCO1,11.4
COC(=O)CC(C(=O)O)c1ccc([N+](=O)[O-])cc1,3.69
O=C(O)c1ccc(Cl)s1,3.22
COC(=O)c1cocc1C(=O)O,3.75
O=[N+]([O-])C(F)C(F)(F)F,9.1
COc1c(Cl)ccc(Cl)c1C(=O)O,1.97
O=C(O)C(=N\O)/C(=N/O)C(=O)O,1.98
CC(C)COCC(=O)O,3.67
O=C(NO)c1c[nH]cn1,8.82
Cn1cncc1CCS,9.5
O=P(O)(O)CCCNc1ccccc1,2.1
COC(=O)/C=C(\O)c1ccncc1,7.51
COC(=O)CC([N+](=O)[O-])[N+](=O)[O-],3.08
O=S(=O)(NO)c1ccccc1,9.34
COCC(=O)NN,12.14
NS(=O)(=O)c1cc(Cl)c(Cl)c(S(N)(=O)=O)c1,8.15
CN(O)C(=O)c1ccccc1,8.59
NS(=O)(=O)Oc1ccccc1,8.24
O=C(O)CNC(=O)c1ccccc1,3.633333333
O=C(NO)c1ccc([N+](=O)[O-])cc1,7.97
Nc1ccc(S(=O)(=O)Nc2cncnc2)cc1,6.62
CC(=O)c1ccc(NS(=O)(=O)C(F)(F)F)cc1,3.29
Oc1ccc2nc3ccccc3nc2c1,7.5
Cc1ncc2nc(S)n(C)c2n1,7.61
O=C1COC(=O)N1,6.04
O=C(O)C[Se][Se]CC(=O)O,3.31
O=[N+]([O-])c1cc([N+](=O)[O-])c2c(c1O)CCCC2,4.5
O=C(O)C1CCCCCC1,4.91
COC(=O)c1cc(Cl)c(O)c(C(=O)O)c1,1.84
Cc1cc(C)c(C(=O)O)cc1C,4.2
COC(=O)c1ccc(C(=O)O)c(NC(C)=O)c1,3.14
O=C(Cc1ccc(Cl)c([N+](=O)[O-])c1)c1cccnc1,11.61
Nc1ncc([N+](=O)[O-])cc1[N+](=O)[O-],13.8
O=C(O)c1cc([N+](=O)[O-])cc(Cl)c1O,1.33
CNS(=O)(=O)c1ccc(Cl)cc1,11.1
Cc1ccc(C(=O)NCO)cc1,13.06
N#Cc1ccc(P(=O)(O)O)cc1,1.27
CS(=O)(=O)NC(N)=O,5.1
O=C(O)C1CC(C(=O)O)C1,4.03
Cc1cc(N)ccc1C(=O)O,5.01
O=C(O)c1cncs1,3.08
Cn1c(N)nc2c(ncn2C)c1=O,14.6
NC(=S)Nc1cccc(Cl)c1,12
O=[N+]([O-])Cc1cccc([N+](=O)[O-])c1,6.3
O=C(O)/C=C(/Br)C(=O)O,1.45
CC(=O)c1cc(Br)ccc1O,9.82
CCCS(=O)(=O)C(C)C(=O)O,2.51
Oc1c(F)cccc1F,7.12
O=C(C=NO)C=NO,7.65
O=C(O)CCC(F)(F)C(F)(F)C(F)(F)F,4.18
OOc1ccc(O)cc1,9
Oc1nccc2nccnc12,11.05
CC(C)[N+](=O)[O-],7.71
Cc1ccc(P(=O)(O)O)c(C)c1,2.17
O=C1C(O)=C(c2ccccc2)C(=O)c2ccccc21,4.35
O=C(O)[C@@H]1CC[C@H]1C(=O)O,3.833333333
NS(=O)(=O)c1ccc([N+](=O)[O-])c(C(F)(F)F)c1,9.09
N#CSc1ccc(O)cc1,8.57
O=C(O)C1OCCCO1,2.97
CC(=O)N(C)c1cc(C(=O)O)ccc1C(=O)O,2.85
Oc1cccc(SC(F)(F)F)c1,8.97
Cn1c(=O)c2nc(C(=O)O)cnc2n(C)c1=O,3.2
N#CNC(=O)c1ccccc1,2.93
CC(C)(Cc1ccccc1)OO,12.8
O=C(O)CNc1cccc2ccccc12,4.4
CC1=NCCc2c1[nH]c1cc(O)ccc21,10.1
N#Cc1ccccc1O,7.03
Oc1cncnc1,6.78
CS(=O)(=O)CS(=O)(=O)Oc1ccccc1[N+](=O)[O-],8.46
Cc1cccc(P(=O)(O)O)c1,1.915
N#Cc1cccc(C(=O)O)c1,3.6
O=C(O)/C=C/C=C/C=C/C(=O)O,5.01
OC(O)(C(F)(Cl)Cl)C(F)(Cl)Cl,6.42
O=C(O)C[S+]([O-])c1cccc(Cl)c1,2.663
[O]=[Mn](=[O])(=[O])[OH],-2.25
CCC(O)C(=O)O,3.65
Oc1nc(O)c(O)c(O)n1,2.83
Nc1cc(C(=O)O)c2ccccc2c1,4.39
Cc1cc(=O)c(O)co1,7.97
O=C1CC(=O)NC(=O)N1,4.505
O=C(NO)c1ccccc1[N+](=O)[O-],8.2
COCCOP(C)(=O)O,2.1
Oc1ccc(OCc2ccccc2)cc1,10.16
NS(=O)(=O)c1cccc(Cl)c1,9.8
CSc1csc(C(=O)O)c1,3.28
Cc1ccc(N(CC(=O)O)CC(=O)O)cc1,2.21
CCc1occc(=S)c1O,8.16
Nc1ccc(S(=O)(=O)Nc2ccccn2)cc1,8.43
ON=C1CCCC(=NO)C1=NO,8
CCCc1cccc(O)c1,10.02
CS(=O)(=O)c1ccc(C(=O)O)cc1Br,3.29
NC(=S)Nc1ccc(Br)cc1,12.35
Nc1nc(O)c2nc(O)cnc2n1,6.59
Cc1nonc1NS(=O)(=O)c1ccc(N)cc1,4.1
NC(=O)C(CC(=O)O)c1ccccc1,4.42
O=C(Nc1ccc([N+](=O)[O-])cc1)c1ccc(O)cc1,9.5
COc1cc(CC(=O)O)ccc1O,4.42
CC(C)c1ccc(C(=O)O)cc1,4.35
CS(=O)(=O)c1ccc(OCC(=O)O)cc1,2.85
Oc1ccc(F)cc1,9.95
O=C(O)C1=C(C(=O)O)CC1,1.12
COc1cc(C(=O)O)c([N+](=O)[O-])cc1OC,2.465
O=C(O)CNc1ccc2ccccc2c1,4.22
O=c1ccccc(Br)c1O,5.96
O=C(O)[C@@H](O)[C@H](O)C(=O)O,3.03
CCOc1cc[n+]([O-])c(C(=O)O)c1,4.15
COc1ccc(P(=O)(O)O)cc1,2.026666667
O=C(O)C(O)C1CCCCC1,3.81
O=C(O)C1=C(C(=O)O)[C@H]2C=C[C@@H]1C2,1.32
NCCc1c[nH]c2ccc(O)cc12,11
On1nnc2ccc(Br)cc21,3.97
N#CC(Cl)(Cl)OO,8.9
CC(=O)/C(C)=N/O,9.3
O=C(O)c1cnncc1C(=O)O,3.3
Cc1ccc(O)c(Cl)c1,8.68
O=C(Nc1ccccc1)c1ccc(O)cc1,9.54
Cc1ccc(S(=O)(=O)NC(N)=O)cc1,5.8
Oc1ccc(/N=N/c2ccccc2Cl)c(O)c1,6.19
CNc1cc(O)ncn1,10.47
SC1CCCCC1,10.69
Nc1nc(O)nc(O)n1,6.9
Oc1cc2ccccc2cc1C(F)(F)F,8.42
CO[As](O)O,8.58
Cc1cnc2c(C(=O)O)c(Cl)ccc2c1,3.96
COc1ccccc1/C=C/C(=O)O,4.46
CC(C)c1cc(Br)cc(Br)c(O)c1=O,6.55
O=C1NC(=O)c2cc(Cl)ccc21,9.455
CC(O)(O)Oc1ccc([N+](=O)[O-])cc1[N+](=O)[O-],9.81
O=C(O)c1cc(Cl)cc(Cl)c1,3.5
Cc1cccc(/C=C\C(=O)O)c1,3.9
O=C(O)/C=C\Br,3.32
O=C(O)Cc1cccc2ccccc12,4.24
Cc1cccc(CCC(=O)O)c1,4.68
O=C(O)c1ccc[nH]1,4.5
O=C(O)c1ccc(O)c(=O)cc1,4.05
O=[N+]([O-])c1ccc(Nc2ccccc2)c([N+](=O)[O-])c1,13.84
C=C(O)Cc1ccccc1,11.5
OC(C(F)=C(F)F)(C(F)(F)F)C(F)(F)F,6.82
O=C(O)CS(=O)(=O)c1cccc(F)c1,2.432
Cc1ccc(P(=O)(O)O)cc1C,2.04
Cc1ccc(CCC(=O)O)cc1,4.68
O=C(O)/C=C/c1ccc(F)cc1,4.21
O=C1CCC(O)=C1NC(=O)C(F)(F)F,4.35
Cn1c(S)nc2cc3c(cc21)CCCC3,10.65
O=C(O)CC1CC1,4.74
O=C(O)c1cc2ccccc2s1,3.1
CC(=O)c1cccc(O)c1,9.155
OCl,7.46
Nc1ccc(Cl)c(C(=O)O)c1,4.12
CC1[C@](C)(C(=O)O)[C@@]1(C)C(=O)O,3.77
CC(C)OCC(=O)O,3.69
C#N,9.21
NNC(=O)c1cccnc1,11.48666667
COc1ccc(S(N)(=O)=O)cc1OC,10.13
CC(O)CCC(=O)O,4.69
CC(C)=CCC(=O)/C=N/O,8.9
O=C(O)[C@@H]1[C@H]2CC[C@H](C2)[C@@H]1C(=O)O,4.52
C[C@@H]1[C@H](C(=O)O)[C@@]1(C)C(=O)O,4.23
Cc1ccc(=O)c(O)c(Br)c1,6.41
COC(=O)c1ccccc1O,9.6825
O=C1C=C/C(=N\O)C=C1Cl,5.6
CC(=O)N(c1ccccc1)[C@@H](C)C(=O)O,3.9
Oc1cccc2cccnc12,9.795
O=C(O)c1cccs1,3.443333333
O=c1cccccc1O,6.81
Oc1c2ccccc2nc2sc(Cl)nc12,9.5
CCS,10.25
Cc1cc(O)c(C(C)C)c(O)c1O,10.2
Nc1ccc(S(=O)(=O)Nc2ccncn2)cc1,6.17
O=C(O)CCCC(=O)NO,4.6
N/C(=N\O)c1cccnc1,11.98
Cc1cc([N+](=O)[O-])c(C(C)C)c(O)c1[N+](=O)[O-],4.1
CC(C)=[N+]([O-])O,5.11
Cc1cccc(C(=O)O)c1C(=O)O,3.16
O=S1(=O)CCS(=O)(=O)C1,13.9
O=C(O)C1=CCC(C(=O)O)C1,4.27
CCS(=O)(=O)O,-1.68
O=C(c1ccccc1Cl)N(O)c1ccccc1,7.6
O=C(NO)c1ncccn1,7.88
CSCC(=O)O,3.69
O=C(O)/C=C/S(=O)(=O)c1ccccc1,3.69
COC(=O)c1ccc([N+](=O)[O-])c(O)c1,6.15
O=C(NO)c1ccccn1,8.29
CC/C(=C\c1ccccc1)C(=O)O,5.03
O=C(O)CCOc1ccccc1,4.27
COC(=O)c1ccccc1CC(=O)O,4.36
O=[N+]([O-])c1ccc(/C(=N\O)c2ccccc2)cc1,10.47
O=C(O)Cc1ccccc1C(=O)O,3.72
O=C(Cc1ccc(Cl)cc1)c1ccncc1,11.84
CCOC(=O)CC(O)(O)C(=O)O,2.5
CCC(CC(=O)O)c1ccc(Cl)cc1,4.65
CCCCCCCCS,10.72
O=C(O)c1cccc[n+]1[O-],3.545
Oc1nc2c(ccc3ccccc32)[nH]1,11.8
O=C(O)[C@@H]1C[C@@H]1c1ccccc1,4.95
NCC(=O)NCC(=O)O,3.46
Sc1cnnc2ccccc12,7.09
CCC#CC(=O)O,2.6
O=[PH](O)c1ccccc1,1.7
CC(CNc1ccccc1)C(=O)O,4.44
CCC(C)(C)c1ccc(O)cc1,10.3
O=C(CS)OCCOC(=O)CS,7.7
COc1ccc(O)cc1[N+](=O)[O-],8.68
O=P(O)(O)CO,1.91
Nc1ncccc1C(=O)Nc1nc2ccccc2s1,7.87
O=C(O)c1ccc(Br)c(O)c1,3.92
CS(=O)(=O)c1nc2c(O)c3cc(F)ccc3nc2s1,6.5
O=[N+]([O-])c1ccccc1/C=N/O,10.06
Cc1ccccc1[As](=O)(O)O,3.82
Nc1cc(Cl)nc(Cl)n1,15.2
C=CCC1(C(C)C)C(=O)NC(=O)NC1=O,7.54
Sc1ncccn1,7.14
CCOC(O)OCC,11.48
C=CCC(=O)O,4.35
SC1=Nc2nccnc2CN1,10.95
OC1=NCCCN1,11.18
Oc1ccc2cnccc2c1,9.15
O=[N+]([O-])c1ccc(O)cc1[N+](=O)[O-],5.47
NC(=S)N/N=C1\C=Cc2ccccc2C1=O,9.27
O=C(O)c1c(Br)ccc(O)c1Cl,1.66
CC(=O)CC(C)(C)C(=O)O,4.99
NS(=O)(=O)c1ccc(Br)cc1,9.87
CC1CC(=NO)C(=NO)C(=NO)C1,8
Sc1ncnc2nc[nH]c12,7.77
O=C(O)C1=CCCC1C(=O)O,4.03
CNS(=O)(=O)Oc1cccc(Cl)c1,9.48
O=C(O)c1cc(F)ccc1O,2.7
Cc1ccc([N+](=O)[O-])c(C)c1NC(=O)C(F)(F)F,7.77
O=S(=O)(Nc1ccc(Cl)cc1C(F)(F)F)C(F)(F)F,2.59
CC(=O)NCC(=O)O,3.655
COc1cc(C)ccc1C(=O)O,4.39
N#CCc1ccc(C#N)cc1,14.47
CC(CC([N+](=O)[O-])[N+](=O)[O-])([N+](=O)[O-])[N+](=O)[O-],1.36
CNCC(O)c1cccc(O)c1,10.45
O=C(O)[C@@H]1CC[C@H](C(=O)O)C1,4.23
CC(=O)NC1C(=O)CCC1=O,4.25
COP(=O)(OC)c1cccc(C(=O)O)c1,3.85
O=C(O)c1ccc(O)c(O)c1O,3.195
Cc1ccc(O)cc1[N+](=O)[O-],8.62
COc1ccc(/C=N/O)cc1,10.97666667
O=C(O)C(S)Cc1ccccc1,3.56
O=c1c2ccccc2ncn1O,5.1
CNS(=O)(=O)Oc1ccc([N+](=O)[O-])cc1,8.88
OC1=Nc2cncnc2NC1O,9.9
CC(C)(O)OO,13.3
O=C(O)c1ccoc1C(=O)O,2.45
O/N=C1/C=CC=C/C1=N/O,6.93
NC1=NC2NN=NC2C(N)=N1,7.58
CS(=O)(=O)c1ccc(O)cc1,7.83
CCSC(O)O,11.48
CN(C)c1ccccc1C(=O)NO,9.05
O=C(O)c1cc(Cl)c(O)c(Cl)c1,3.82
NS(=O)(=O)c1cccc(C(=O)O)c1,3.68
N#CCCNC(=N)N[N+](=O)[O-],11.65
Cc1cccc(C(=O)NO)c1,8.93
O=S(=O)(O)O,-3.5
O=C(O)CN(CC(=O)O)c1ccc(C(=O)O)cc1,2.31
O=[N+]([O-])CBr,8.2
O=C(OCc1ccccc1)c1ccc(O)cc1,8.41
Cc1cccc(O)c1,10.09
O=C(O)c1cc(Br)ccc1O,2.646666667
NNC(=O)c1ccccc1Br,11.9
O=C(O)c1cc[n+]([O-])cc1,2.86
Oc1ccc(Cl)cc1O,8.525
O=[N+]([O-])C(F)Cl,10.14
O=C(O)c1cc(Cl)cc(Cl)c1Cl,2.5
O=C(NO)c1ccccc1,8.81
N#CNC(=O)c1cccc([N+](=O)[O-])c1,2.55
CC(CC(=O)O)CC(=O)O,4.3
C=CC[N+](=O)[O-],5.22
O=[N+]([O-])c1cc(C(F)(F)F)ccc1CS(=O)(=O)C(F)(F)F,11.3
O=C(O)c1cncc(C(=O)O)n1,2.35
CCO[Si](O)(OCC)OCC,7.95
NNC(=O)c1cccc(Cl)c1,11.96
CC(C)(O)c1ccc(C(=O)O)cc1,4.21
C/C(=N\O)C(=O)c1ccccc1,9.25
CCSC(C)(O)O,12.13
NNC(=O)CF,11.3
CC/C=C/CC(=O)O,4.52
Oc1c2ccccc2nc2ccccc12,12
Oc1c(O)c(Cl)c(Cl)c(Cl)c1Cl,5.46
CNc1nc(O)cnc1C=O,6.44
CC(C)C(NC(N)=O)C(=O)O,3.56
O=C(O)CC(C(=O)O)c1ccccc1,3.78
CCSO,6.18
O=[N+]([O-])Nc1ccccc1,4.63
Cn1nccc1C(=O)O,3.27
Oc1cccc(Br)c1,9.045
O=C(O)[C@@H]1C[C@@H]1Br,4.09
Nc1ccc(O)cc1O,9.16
N#CC(c1ccccc1)c1ccc([N+](=O)[O-])cc1,10.9
O=[N+]([O-])c1ccc(O)c(CP(=O)(O)O)c1,1.94
O=C(O)c1ccccc1O,3.036666667
CC(=O)C1C(=O)c2ccccc2C1=O,2.88
CCC(=O)ONCC(=O)O,3.66
O=C(Cc1ccccc1)c1cccnc1,13.2
N#CC(CC(=O)O)Cc1ccccc1,3.91
O=S(=O)(NCl)c1ccccc1,4.34
CCOCC(=O)O,3.65
O=C(O)C(F)(F)C(F)(F)C(F)(F)C(F)(F)C(F)(F)C(F)(F)C(F)(F)C(F)(F)F,2.58
Cc1ccc(S(=O)(=O)NCC(=O)O)cc1,3.52
CCC(S)C(=O)O,3.53
COC(=O)c1ccc(C(=O)O)c(C(=O)O)c1,2.54
O=C(O)Cc1cccs1,3.82
O=C(O)c1ccc(Cl)c([N+](=O)[O-])c1,3.315
Nc1ccc(C(=O)O)cc1,4.9
CS(=O)(=O)CS(=O)(=O)Oc1ccc([N+](=O)[O-])cc1,9.03
CCOc1nc(O)ncc1[N+](=O)[O-],6.6
CCOc1ccc(C(=O)O)cc1,4.625
Cc1ccc(C(=O)O)c(O)c1,3.27
O=C(O)c1cccc2cccc(OP(=O)(O)O)c12,0.97
O=CC(=O)O,3.055
O=C(O)C1C=Cc2ccccc2C1,4.24
CN(C)c1cc(S)ncn1,9.5
O=C(O)[C@H]1CCCCC[C@@H]1C(=O)O,4.3
O=C(O)CSc1ccc(Cl)cc1,3.5735
O=C1C=C/C(=N\O)C=C1Br,5.55
O=[As](O)(O)c1ccc(Br)cc1,3.25
[O-][n+]1ccccc1S,4.635
Cc1c(O)c(=S)ccn1C,9.44
CC1(C)C(=O)NNC1=O,6
OC(c1ccccc1)C(F)(F)F,11.9
CCCOCC(=O)O,3.65
CC(C)(C)c1cc([N+](=O)[O-])c(O)c([N+](=O)[O-])c1,4.11
Oc1ncc2c(n1)NCCN2,12.5
CC(C)(C)CCC(=O)O,4.81
CS(N)(=O)=O,10.8
O=C1CCC(=O)N1O,6.09
COC(=O)c1ccc(/C=N/O)cc1,10.28
NS(=O)(=O)c1cc2c(cc1Cl)NCNS2(=O)=O,8.74
Oc1cncc2cccnc12,8.33
Fc1c(F)c(F)c(S)c(F)c1F,2.68
O=CC1=CC(C=O)C(C=O)=C1,1.8
O=NC(F)(F)C(O)(C(F)(F)F)C(F)(F)F,3.9
C/C(O)=C/C(=O)c1ccccc1,7.9
O=C(O)c1ccc2cccc(O)c2c1O,3.2
Cc1nnc(NS(=O)(=O)c2ccc(N)cc2)[nH]1,5.45
O=P(O)(O)F,0.55
O=Cc1cccc([N+](=O)[O-])c1O,5.41
CC(C)C(O)O,13.77
O=[N+]([O-])c1cc([N+](=O)[O-])c(Br)c([N+](=O)[O-])c1O,-0.05
OC(O)(C(F)(F)Cl)C(F)(F)Cl,6.67
O=C(Cc1ccncc1)c1ccc(Cl)c([N+](=O)[O-])c1,10.64
Cc1c([N+](=O)[O-])cc([N+](=O)[O-])c(O)c1[N+](=O)[O-],1
C/C(Br)=C/C(=O)O,3.98
CC(=O)Nc1cc([As](=O)(O)O)ccc1O,3.73
Cc1c(N)nc(N)nc1O,11.07
Oc1c2cc(F)ccc2nc2sc(Cl)nc12,11.2
C=C(O)C(=O)O,3.91
CO[C@H]1C[C@H]1C(=O)O,4.76
Oc1ncc2[nH]c(O)nc2n1,7.45
NC(=O)CC(=O)c1cccnc1,8.61
CC(=O)c1ccc(C(=O)O)cc1,3.72
NC(=O)C1C(=O)NC(=O)C1c1ccccc1,7.62
O=C(O)COc1ccc(Cl)cc1Cl,2.86
O=C(O)CSCCc1ccccc1,3.79
N#Cc1ccc(NC(=N)N[N+](=O)[O-])cc1,8.6
COc1c(O)c(OC)c(Cl)c(Cl)c1Cl,7.25
CC(=O)Nc1cccc2c1C(=O)NC2=O,9.53
O=C(O)CS,3.62
CC(C)C(C)(CC(=O)O)CC(=O)O,3.78
O=C1CCCS(=O)(=O)C1,9.03
CCc1ccc(C(=O)O)cc1,4.35
CC(Oc1cc(Cl)c(Cl)cc1Cl)C(=O)O,2.83
CCSCC(=O)O,3.74
O=C(O)c1nccnc1C(=O)O,0.9
Cc1cccc([N+](=O)[O-])c1C(=O)O,2.21
CC(C)(C)Cc1ccccc1O,10.69
CC(=O)C(Br)C(C)=O,7
CNC(=O)NS(=O)(=O)c1ccc(Cl)cc1,4.52
C/C=[N+](\[O-])O,4.39
CC([N+](=O)[O-])C(C)(C)C(=O)O,3.91
O=[N+]([O-])Cc1cccc(Cl)c1,6.63
CC(C)(Oc1ccccc1)C(=O)O,3.36
O=C(O)CCCCBr,4.72
CC(=O)c1ccc(N(O)C(C)=O)cc1,8.34
Oc1ccc2ccncc2c1,8.88
CNS(=O)(=O)Oc1ccccc1,10.53
COc1ccc(C(O)(O)C(F)(F)F)cc1,10.18
CCOC(=O)Cc1nc2c(O)ncnc2nc1O,6.23
C=C(C(=O)O)c1cccc([N+](=O)[O-])c1,4.12
N#CCC(=O)NN,11.095
O=C(O)c1cn[nH]n1,3.22
NNC(=O)c1ccc(Br)cc1,12.15
OC(C(F)(F)F)(C(F)(F)F)C(Cl)(Cl)Cl,5.1
O=C(O)CC(O)(O)C(=O)O,2.4
O=C(O)Cn1ncnn1,2.12
Cc1cc(N=O)cc(C)c1O,7.58
Cc1cc(O)cc(O)c1,9.36
COc1ccc(CNP(C)(=O)O)cc1,2.3
O=C(O)c1ccc2cc3ccccc3cc2c1,4.08
Oc1c(Cl)ccc2cccnc12,7.7
CCOC(=O)CCCCC(=O)O,4.6
O=[N+]([O-])c1ccccc1P(=O)(O)O,1.365
COc1cc([N+](=O)[O-])cc(C(=O)O)c1O,2.05
O=C(O)CCCCC(=O)O,4.42
O=C(O)/C=N/O,3.02
O=C(O)c1ccc(O)cc1,4.525
O=C(O)C[Se]C1CCCCC1,3.19
Oc1cc(Cl)c(Cl)c(Cl)c1,7.733333333
COC(C)(O)O,11.8
CCC(C)(C)C(=O)O,5
O=C(O)CCSCc1ccccc1,4.46
CCC1(c2ccccc2)CC(=O)NC1=O,7.71
CCCP(=O)(O)O,2.45
Oc1ccc2ncncc2c1,8.19
CC(=O)NC(=O)c1ccccc1O,6.5
O=C(O)c1ccc([N+](=O)[O-])cc1Cl,1.975
O=C(O)[C@@H]1C[C@H]1C(=O)O,3.725
CC(C)CN[N+](=O)[O-],6.38
CC(C)c1cccc(=O)c(O)c1,7.21
Sc1ccc(Cl)c(Cl)c1,5.48
C[C@]1(C(=O)O)C[C@]1(C(=O)O)c1ccccc1,3.84
ON=NO,7.05
Cc1cccc(OCC(=O)O)c1,3.2
CC(=O)N[C@@H](CS)C(=O)O,3.08
O=C(O)[C@H]1O[C@@H]1C(=O)O,1.93
O/N=C/c1ccc(O)c(O)c1,8.68
O/N=C/c1ccc(C(F)(F)F)cc1,10.31
O=[N+]([O-])CSc1ccccc1,6.67
Cc1cc(C)c(C(O)C(=O)O)c(C)c1,3.67
CC1(Cc2ccccc2)C(=O)NC(=O)C1C#N,6.69
CCCN[N+](=O)[O-],6.37
CC(=O)/C(=N/O)c1ccccc1,8.85
Cc1cc(O)cc(O)c1O,8.95
CC(=O)N[C@@H](C)C(=O)O,3.72
Sc1cccc(Cl)c1,5.78
CCC(=O)CC(=O)CC,9.55
O=[N+]([O-])Nc1ccc(Br)cc1,4.27
CC(=O)Nc1ccc(CC(=O)O)cc1,4.27
O=C(O)c1cc([N+](=O)[O-])ccc1[N+](=O)[O-],1.62
O=C(O)CCC1CCCC1=O,4.71
Nc1cc(C(=O)O)cc2ccccc12,4.46
C=C(O)c1ccc(C)cc1,10.32
O/C(=C/c1ccccc1)c1ccccc1,11
O=C(O)CSc1cccc(F)c1,3.513
NC(=O)CC(=O)c1ccccn1,8.23
CCOC(=O)c1ccc([N+](=O)[O-])c(O)c1,6.11
Cn1c(CO)nc2ccccc21,11.45
O=C(NO)c1ccc(F)cc1,8.71
OC1OCCO1,11.48
CN1C=C([N+](=O)[O-])c2ccccc2C1O,11.15
CNc1nc(C)nc(S)c1N,10.44
O/N=C/c1ccc(Br)cc1,10.59
C/C=C/c1ccc2cccnc2c1O,11.24
O=COO,7.1
NNC(=O)c1cccc(F)c1,12.16
Oc1nc(O)c2[nH]cnc2n1,7.44
Oc1ncnc(O)n1,6.5
O=[N+]([O-])c1cccc([As](=O)(O)O)c1,2.86
Nc1c(O)cccc1O,9.35
C/C(O)=C/Cl,10.4
COC(=O)C[N+](=O)[O-],5.56
COC1=C(O)C(=O)OC1,8
Cc1cccc(Cl)c1C(=O)O,2.59
O=C(O)/C=C(\Cl)C(=O)O,1.7
CC(=O)Oc1ccccc1C(=O)O,3.5275
O=C(O)C1(O)CCCC1,4.1325
O=C(O)C1C=CCc2ccccc21,3.94
O=C(O)c1cc(F)cc(C(=O)O)c1,3.24
CN(N)C(=N)N[N+](=O)[O-],12.6
O=[N+]([O-])c1ccc(Nc2cccc(Cl)c2)c([N+](=O)[O-])c1,13.17
O=C(Cc1ccncc1)c1ccc(C(F)(F)F)cc1,11.39
Oc1cccc2ccc(C(F)(F)F)cc12,1.3
Sc1ncc2ccccc2n1,8.14
COC(=O)[C@H]1C[C@H]1C(=O)O,4.26
Cc1ccc(/C=N/O)cc1,10.895
OC(c1cccc(Br)c1)C(F)(F)F,11.5
CCOC(=O)C(C(C)=O)C(C)C,15
O=C(O)c1c[n+]([O-])ccc1O,3.08
N#CCC([N+](=O)[O-])[N+](=O)[O-],2.27
Oc1ccc(Br)cc1,9.4
O=C(O)CCCC(F)(F)F,4.49
N#CCCN[N+](=O)[O-],5.24
O=C1CN(/N=C/c2ccc([N+](=O)[O-])o2)C(=O)N1,6.87
Cc1ccc(C(=O)Oc2ccccc2)c(O)c1,9.44
COc1ccc(C(=O)O)c(O)c1,3.25
O=C(O)CSCc1ccccc1,3.73
COC(C(=O)O)c1ccccc1,3.17
C/C(O)=C1\CCCC1=O,7
O=C(O)[C@@H](S)[C@@H](S)C(=O)O,2.71
Cc1ccc(C(=O)c2ccccc2)c(O)c1,9.61
CC(C(=O)O)C(C)C(=O)O,3.94
O=P(O)(O)CCBr,2.25
CCCCC(C)(CC(=O)O)C(=O)O,4.14
O=C(O)[C@@H]1CCCC[C@H]1O,4.68
O=C(O)/C(S)=C/C1CCCCC1,3.74
O=C(O)[C@@H]1C[C@@]1(C(=O)O)c1ccccc1,3.48
COc1ccc(C(=O)C(=O)O)cc1OC,1.79
Nc1cc[n+]([O-])cc1C(=O)O,3.98
N#C/C(=C\C(=O)O)c1ccccc1,3.07
Cc1cccc(S(N)(=O)=O)c1,10.06
NS(=O)(=O)c1cc2c(cc1C(F)(F)F)NCNS2(=O)=O,8.9
O=C(O)CC1CCCC1=O,4.58
OOC(Cl)(Cl)Cl,8.7
CC(C)(CCl)OO,12.75
C/C(=N\O)c1ccccc1,11.48
O=C(O)[C@H]1CCC[C@H](O)C1,4.82
CC(Br)CC(=O)O,4.01
CCC(C)OC(=O)[C@@H](O)[C@@H](O)C(=O)O,3.68
C[S+]([O-])CC(=O)/C=N/O,7.74
CC(C)=C(O)c1ccccc1,11.78
O=Cc1csc(C(=O)O)c1,2.97
O=S(O)c1ccccc1,1.84
N=C(NCc1ccccc1)N[N+](=O)[O-],12
NC(=O)NCCC(=O)O,4.49
COC(=O)C(C(=O)OC)C(=O)OC,7.8
NCC(=O)O,4.3
CSc1cc(C(=O)O)cs1,3.98
O=C(O)c1cc([N+](=O)[O-])c(Cl)c([N+](=O)[O-])c1,2.6
Oc1cc(Cl)ccc1Oc1ccc(Cl)cc1Cl,8.05
CCC(C)c1ccc(O)cc1,10.27
O=C(O)C(F)(F)C(F)(F)F,0.4
COC(O)O,11.15
O=S(=O)(NCl)c1ccc(Cl)cc1,4
O=C(c1ccccc1)c1ccc(O)c(O)c1,7.74
O=C(O)c1ccccc1Br,2.985
CN(O)C(=O)c1c[nH]cn1,8.57
O=C(O)CCc1ccccc1Cl,4.58
Cn1cnc2nc(Cl)nc(N)c21,14.1
O=C(NO)c1ccc(O)cc1,9.06
CN1NCC(=O)NC1=O,10.6
CC(=N\O)/C(C)=N/O,10.42
CN(O)C(=O)c1ccc([N+](=O)[O-])cc1,8.01
COC(=O)/C=C\C(=O)O,2.94
CS(=O)(=O)c1ccc(C(=O)O)cc1,3.52
O=C1NCNC(=O)N1,10.7
COC(=O)c1cccc(O)c1,9.18
O=[N+]([O-])c1ccc(Nc2cccc(Cl)c2)cc1,15
CC(O)(S)CS,9.04
Oc1ccc(OC(F)(F)C(F)(F)F)cc1,9.32
NS(=O)(=O)c1ccc2ncccc2c1,9.79
Nc1cc(C(=O)O)cc(C(=O)O)c1,3.68
CC(C)C1CCC(=NO)C(=NO)C1,10.53
Cc1cc(O)c(C(C)C)cc1O,11.2
CSc1nc2c(O)c3cc(F)ccc3nc2s1,10.5
O=C(O)C(Br)CBr,2.17
O=C(O)c1cccc(C(=O)O)[n+]1[O-],2.02
Cc1nnc(S(=O)(=O)NCc2ccccc2)s1,8.65
Oc1c(Cl)cc(Br)cc1Cl,6.24
O=C(Cc1ccccn1)c1ccccc1,13.27
NC1=NC2NC=NC2C(N)=N1,10.77
CCCCN[N+](=O)[O-],6.455
Cc1cc(Cl)c(O)c(Cl)c1,7.19
O=C(O)c1ccc([N+](=O)[O-])[nH]1,3.22
C=CCN[N+](=O)[O-],5.95
O=S(=O)(CF)Nc1ccccc1,7.57
O=C(O)C12CCC(C(=O)O)(CC1)CC2,4.47
COc1cc(C=O)ccc1O,7.38
CCOC(=O)N[N+](=O)[O-],3.32
C=CCNC(=O)NS(=O)(=O)c1ccccc1,4.7
CCNc1ccc([N+](=O)[O-])c2nonc12,10.75
Cc1c([N+](=O)[O-])c(C)c([N+](=O)[O-])c(O)c1[N+](=O)[O-],1.3925
CC(C)C(=O)O,4.86
CCS(=O)(=O)CS(=O)(=O)CC,12.085
CNC(=O)NC(C)=O,13.15
CNc1nccc(O)n1,9.82
O=C(O)C(O)COP(=O)(O)O,1.42
CC(C(=O)O)S(C)(=O)=O,2.44
Cc1ccc(C(=O)O)cc1[N+](=O)[O-],3.62
Cn1nc(N=[N+]=[N-])nc1C(=O)O,3.01
Cc1cc(O)ccc1O,10.13333333
COc1c(C)c(O)cc(C)c1O,10.9
CC1CNc2ncnc(O)c2N1,9.97
COP(=O)(OC)c1ccc(C(=O)O)cc1,3.64
O/C=C/c1ccccc1,9.46
CC(=O)CCCCC(=O)O,4.73
Cn1c(N)nc2ncn(C)c2c1=O,15
Nc1ccc(C(=O)O)c(C(=O)O)c1,3.3
CONC(=O)c1ccccc1,8.88
CCNC(=O)NS(=O)(=O)c1ccc(Cl)cc1,4.49
Oc1ccc2ccnnc2c1,7.56
O=P(O)(O)Oc1ccc2ccccc2c1,1.28
OCc1ccc(O)cc1,9.78
Cc1csc(C(=O)O)c1,3.59
COc1ccc([As](=O)(O)O)cc1,3.97
CC(=O)/C(=C(/C)O)S(C)(=O)=O,2.7
O=C(O)c1c(F)c(F)c(F)c(F)c1F,1.52
CC1=C(O)C(=O)CCC1,11.23
COc1cc(Cl)c(Cl)c(Cl)c1O,7.2
O=C(S)c1ccccc1,2.48
Cc1nc2cnc(O)nc2nc1C,7.95
O=C(O)c1cccc(C(=O)O)c1,3.575
S=C(Nc1ccccc1)c1ccccc1,10.6
C=C(O)c1ccccc1C,9.6
CN(C)c1ccc(C(=O)O)cc1,4.965
CC(=O)[C@H]1C[C@H]1C(=O)O,4.19
O=C(O)CSc1cccc(Cl)c1,3.4485
NNC(=O)c1ccccc1F,12.04
CCOC(=O)C(CC)C(=O)OCC,15
CC(C)CC([N+](=O)[O-])[N+](=O)[O-],5.36
CCOCP(=O)(O)O,1.57
CSc1ccc(O)cc1,9.53
CSc1ccc(SCC(=O)O)cc1,3.63
CC(C)=CC(=O)O,5.13
N#CCc1cccc(C(=O)O)c1,3.95
CCCOP(=O)(O)OCCC,1.59
N=C(N)c1ccc(O)cc1,12.7
Cc1c(O)cccc1O,9.61
OC(CS)CS,9.04
COc1ccc(C(O)C(=O)O)cc1O,3.1
CCOC(=O)c1c(C)[nH]c(/C=N/O)c1O,7.85
O=[N+]([O-])c1ccc(/C=N/O)c([N+](=O)[O-])c1,9.43
O=C(O)Cc1ccc(Cl)cc1,4.19
CCc1ccc(CC(=O)O)cc1,4.37
CC(=O)C(C(C)=O)S(C)(=O)=O,4.7
COc1ccccc1S,6.89
Nc1ncnc(O)c1N,9.88
CCCCCC([N+](=O)[O-])[N+](=O)[O-],5.41
C[Si](C)(C)c1cccc(C(=O)O)c1,4.165
O=C(O)c1c(Cl)ccc(O)c1Cl,1.68
Oc1ccc2c(cnc3ccccc32)c1,8.68
Cc1c(Br)cc(Br)c(=O)c(O)c1Br,5.17
CC(=O)N1CSCC1C(=O)O,2.96
CCC/C(=C\c1ccc(Br)cc1)C(=O)O,5
CNC(=O)NS(=O)(=O)c1ccc([N+](=O)[O-])cc1,3.94
CC(C)(C(N)=O)S(=O)(=O)NC(N)=O,5.15
C/C(=N\O)[N+](=O)[O-],7.4
O=P(O)(O)C(Cl)Cl,1.14
N#CCOO,9.8
O=C(O)[C@@H]1CCC[C@H]1C(=O)O,4.015
NS(=O)(=O)c1ccc([N+](=O)[O-])cc1,9.09
O=C1NC(=O)C(=O)N1,6.12
O=[N+]([O-])c1ccc(O)cc1O,6.15
O=C(O)/C(O)=C(\O)C(=O)O,1.55
O=[N+]([O-])c1ccc(O)cc1,7.185
N#CC(C#N)=NNc1cccc(Cl)c1,6
CCOC(=O)C(=NO)C(C)=O,7.2
COC(=O)/C(=N/O)c1ccccc1,8.87
N#CC(CCCC(=O)O)c1ccccc1,4.64
O=NOO,6.6
NC(=O)/C(=N/O)c1ccccc1,9.55
CCOc1ccccc1P(=O)(O)O,2.32
CCOC(=O)CC(=O)C(=O)O,2.2
Oc1ccc(SC(F)(F)F)cc1,8.66
Cc1ccc(S(=O)(=O)NN)cc1,10.71
Nc1ccc2cccc(O)c2c1,10
CC/C(C)=N/O,12.45
Nc1ncccc1O,9.51
CC(=O)c1ccc(O)c(=O)cc1,4.97
O=[N+]([O-])c1ccccc1/C=N\O,10.74
OC1=Nc2cncnc2NC1,10.55
Cc1cccc(=O)c(O)c1,7.26
C[C@]1(C(=O)O)C[C@@]1(Cl)C(=O)O,2.95
Cc1cc(O)cc(C)c1[N+](=O)[O-],8.25
NC(=O)NC(C(=O)O)c1ccccc1,3.04
CC1=C(O)C(=O)C(C(C)C)=C(O)C1=O,4.99
C/C(=N\O)C(=O)N[C@@H](C)C(=O)O,3.54
Oc1nc(O)c2nccnc2n1,7.91
O=C(O)c1cccc(C(F)(F)F)c1,3.79
O=C(NS(=O)(=O)c1ccccc1)c1ccccc1,3.95
Nc1ccc(S(=O)(=O)Nc2ncc[nH]2)cc1,9.72
CCCSC(=S)NCc1ccccc1,11.88
O=C(O)/C=C/c1ccc(O)cc1O,4.73
COO,11.25
CC(C)(C(=O)O)C(C)(C)C(=O)O,3.525
O=C1CCCCN1O,9.15
NNC(=O)c1ccc(Cl)cc1,12.12
Cc1cccc([Se]CC(=O)O)c1,3.78
CC(C)OO,11.91333333
O=c1c(Br)cc(Br)cc(Br)c1O,4.27
O=C(O)c1ccc(O)c([N+](=O)[O-])c1,3.8
O=C1C[C@@H]2[C@@H](C(=O)O)[C@H](C(=O)O)C[C@@H]2O1,3.34
OCCCCO,15.1
CC(C)c1csc(C(=O)O)c1,3.62
Oc1ccc(/N=N/c2ccccc2)cc1,8.396666667
CC(=O)/C=C(/C)O,8.2
C/C=C(\C)O,11.7
O=C(O)c1ccc([N+](=O)[O-])cc1O,2.23
O=S(O)CCCCc1ccccc1,2.23
CCCCCOc1ccc(O)cc1,10.13
COC(=O)CC(=O)c1ccccn1,8.4
CC(C)Oc1ccccc1C(=O)O,4.24
O=C(O)c1c(Br)c(O)c(O)c(O)c1Br,1.92
CC(=O)CCn1nc(O)ccc1=O,5.6
O=C(O)c1cc(Br)c(O)cc1O,3
O=C1NS(=O)(=O)c2ccccc21,2
O=C(O)C(=O)C1CCCCC1C(=O)O,1.58
CC(=O)CC1=C(O)C(=O)c2ccccc2C1=O,4.12
Cc1ccc(C)c(C(=O)O)c1O,3.23
Cc1cnc2cnc(O)nc2n1,8.07
OOCBr,9.4
CC(C)(C)c1ccccc1C(=O)O,3.46
C=CCCC(=O)O,4.68
COc1ccc(O)cc1,10.26
Nc1cccc(C(=O)O)c1,4.79
C=CC(=O)O,4.25
CC1(C)[C@@H](C(=O)O)[C@@H]1C(=O)O,3.78
O=[N+]([O-])c1cccc(/C=N/O)c1,10.15
Cc1nnc(NS(=O)(=O)c2ccc(N)cc2)s1,5.29
NS(=O)(=O)c1ccc(F)cc1,9.99
O=C1CC(=O)CC2(CCCCC2)C1,5.2
O=C(O)C(=O)Nc1cccc(Cl)c1,1.91
Cc1cc(C(=O)O)c(C)c(C)c1C,4.22
OCCCO,15.1
Oc1ccc(OC(F)(F)F)cc1,9.35
CCNc1nc(N)nc(O)n1,9.93
CNS(C)(=O)=O,11.8
CCCOc1cccc(C(=O)O)c1,4.2
O=C(O)C(Cl)(Cl)Cl,0.623333333
CN(O)C(=O)c1ccc(Cl)c([N+](=O)[O-])c1,7.78
C=C(C(=O)O)c1cccc(Cl)c1,4.29
CCO[Si](O)(O)O,7.27
Cc1ncc(CO)c(C(O)O)c1O,8.68
O=C(O)c1cccc(O)c1O,2.956666667
CCc1cc(C)cc(O)c1,10.1
C=CC(Cl)C(=O)O,2.54
COc1cc(O)c(C)cc1O,10.7
CC1(C)CNS(=O)(=O)NC1,10.78
CCC/C(=C\c1cccc(Br)c1)C(=O)O,4.92
NC(=O)N1CCCC1C(=O)O,3.48
Cc1cc(O)cc(C)c1C#N,8.21
O=C(O)[C@@H]1CCCC[C@@H]1O,4.8
CC(C)=C(O)C(C)C,12.4
CCC(=O)c1c(O)oc(CC)cc1=O,5.38
Cn1ccc(=O)nc1N,14.3
O=C(O)c1ccc(O)c(O)c1,4.44
O=C(O)[C@@H]1[C@@H]2CC[C@@H](C2)[C@@H]1C(=O)O,2.09
CC(C)(C)CO,15.5
Cc1nc(C(=O)O)c(C(=O)O)[nH]1,4.25
Oc1ncc2c(n1)NCC=N2,12
Cn1cccc1C(=O)O,4.51
O=C(Cc1cccnc1)c1ccccc1,13.71
Cc1cc(C)c(C)c(C(=O)O)c1,4.01
O=C(O)CCc1ccccc1O,4.75
Nc1cc(Cl)c(C(=O)O)c(Cl)c1,2.96
C#CCC(=O)O,3.32
CC(C)S,10.86
COC(O)OC,11.79
Cc1cc([N+](=O)[O-])cc2c1nnn2O,3.43
O=C(CCl)NO,8.4
O=C(c1ccccc1)C(c1ccccc1)[N+](=O)[O-],5.04
CN(C)c1ccc(NC(=N)N[N+](=O)[O-])cc1,10.7
O/N=C/c1ccc(O)cc1,8.79
OOC1CC1,11.2
O=[N+]([O-])c1cc(C(F)(F)F)cc([N+](=O)[O-])c1CS(=O)(=O)C(F)(F)F,9.65
CCC(Nc1ccccc1)C(=O)O,4.51
NC(=O)Nc1ccccc1,16
Cc1ccccc1S(N)(=O)=O,9.93
Oc1cccc2nccnc12,8.65
O=C(NC(=O)c1ccccc1)c1ccccc1,9.05
O=C1C=CC(=Nc2ccc(O)cc2)C=C1,8.1
Nc1ccc(S(=O)(=O)Nc2cccc(Cl)c2)cc1,8.28
N#CC(c1ccc(Cl)cc1)c1ccc([N+](=O)[O-])cc1,10.7
O=C1CC[C@@H](C(=O)O)N1,3.32
O=C(O)C[Se]c1ccc(S)cc1,3.77
CSCC(=O)/C=N/O,8.16
O=[N+]([O-])c1ccc(O)cc1C(F)(F)F,6.38
CS(=O)(=O)Nc1ccccn1,8.02
O=C(O)CC[N+](=O)[O-],3.79
O=C(Nc1ccccc1)c1ccccc1,13.7
OOC(c1ccccc1)c1ccccc1,10.5
O=C(O)c1cccc(Cl)c1O,2.36
Oc1ccc(SSc2ccc(O)cc2)cc1,10
O=Cc1ccc(C(=O)O)cc1,3.69
O=C(O)[C@@H](O)[C@H](O)[C@H](O)CO,2.95
CC(C)=CCC(=O)O,4.6
C=CO,10.5
O/N=C/c1ccc(O)cc1O,8.05
Oc1ccccc1F,8.8
CC1(c2ccccc2)C(=O)NC(=O)C1C(=O)O,3.02
COc1ccc(C(=O)O)c([N+](=O)[O-])c1OC,3.1
OC1=Nc2c(O)ncnc2NC1,9.14
NNC(=O)c1cccc([N+](=O)[O-])c1,11.36
CC1(c2ccccc2)C(=O)NC(=O)C1C#N,6.2
NC(=O)/C=C(\O)c1ccncc1,7.36
O=P(O)(O)C=Cc1ccccc1,2
N=C(NC(=O)c1ccccc1)N[N+](=O)[O-],8.1
Cc1ccc(C)c(C(=O)C(=O)O)c1,1.45
CNC(=O)c1c(O)c(=O)cc(C)n1C,8.44
O=C(O)CCCc1ccccc1,4.76
CC(C)(O)C(=O)O,3.885
COc1cccc(C(=O)O)c1OC,3.98
Nc1ccc(C(=O)O)c(Cl)c1,4.13
Nc1cc(O)cc(O)c1,9.23
COC(=O)c1cc(O)cc(O)c1,8.71
O=C(O)Cc1ccsc1,4.07
O=C(O)c1c(O)cc(O)cc1O,1.68
O=S(=O)(Nc1cccc(C(F)(F)F)c1)C(F)(F)F,3.5
C[Si](C)(C)OO,12.1
CC(C)CP(=O)(O)O,2.7
O=C(NO)c1ccccc1O,7.46
CC(CC(=O)O)c1ccc(C=O)cc1,4.77
Nc1ccc(S(=O)(=O)Nc2cc(Br)ccn2)cc1,7.15
O=C(O)COCC1CCCCC1,3.9
CCCCCCCC(=O)O,4.89
O=C(CC(=O)C(F)(F)F)c1ccccc1,6.553333333
Cc1ccc(O)c(C(=O)c2ccccc2)c1,10.47
CCC1C(=O)CCC1=O,4.7
O=C(O)CSc1cccc(Br)c1,3.53
O=C(O)C1CCC1,4.78
O=C(O)c1c(O)cccc1[N+](=O)[O-],2.24
CP(=O)(O)c1ccccc1,2.9
O=C(O)C(/C=N/O)=N/O,2.55
COC(=O)c1ccc(O)cc1,8.346666667
O=C(O)/C=C/c1ccc(Cl)cc1,4.41
Cc1ccc(C(=O)Cc2ccncc2)cc1,12.87
COc1ccc(O)c(C)c1,10.21
O=C(O)CC(C(=O)O)C(CC(=O)O)C(=O)O,3.43
Oc1ccc(O)cc1,9.906666667
NNC(=O)c1ccccc1,12.52
Cc1ccccc1OCC(=O)O,3.2
Cc1cc(F)cc(C)c1O,10.36
Cc1nc2c(O)ncnc2nc1O,6.82
CNc1nc(S)nc(C)c1N,11.5
CN(C)C(=O)/C=C(\O)c1ccncc1,7.32
C=[N+]([O-])O,3.25
Cc1ccc(O)c2c1CCC2,10.27
Cc1ccc(C(=O)O)[nH]1,4.88
Nc1ccc(S(=O)(=O)Nc2ncccn2)cc1,6.48
O=C(O)CCC1CCOC1=O,4.55
CN(C)C(=O)c1ccccc1O,8
CCCC(=NO)C(CCC)=NO,10.81
O=C1CCCc2cccc(O)c21,11.31
O=[N+]([O-])c1cc(Cl)c(O)c(Cl)c1,3.61
CC(O)CC(=O)O,4.39
Nc1cc(O)nc(N)n1,10.78
CCCS,10.725
O=C1CCC(=O)N1,9.56
Cc1cc([N+](=O)[O-])cc(C)c1O,7.19
O=c1ccccc(S)c1O,5.9
O=C(O)c1cccc(C(=O)O)c1C(=O)O,2.8
O=C(O)c1cccnc1Nc1cccc(C(F)(F)F)c1,2
O=C1C=CC(=Nc2ccc(O)cc2Br)C=C1,7.7
Oc1ccc(Br)cc1O,8.7
CCOC(=O)/C=C\C(=O)O,3.02
CN1CC(=O)NC1=O,9.1
Cc1ccc(C(=O)O)c(C)c1,4.1875
Oc1cc(Cl)c(Cl)c(Cl)c1Cl,5.64
NCc1ccc(S(N)(=O)=O)cc1,10.155
Cc1ccc(NCC(C)C(=O)O)cc1,5.17
CC1=C(C)C(=O)C(O)=CC1=O,5.22
O=C1CN=C(c2ccccn2)c2cc(Br)ccc2N1,11
Oc1cnc2c(O)nc(O)nc2n1,3.61
O=C(O)COC1CCCCC1,3.54
N#CO,3.73
Oc1cccc(O)c1,9.2725
O=C(O)CS(=O)(=O)c1ccc(Cl)cc1,2.424
O=C(O)C1CC1(F)c1ccccc1,4.14
O=[N+]([O-])c1ccc(/C(=N/O)c2ccccc2)cc1,10.85
Oc1cnc2ccccc2c1,8.06
O=C(O)C(Cl)Cl,1.335
OCCS,9.61
NC(=O)Cc1ccc(C(=O)O)cc1,4.06
N#Cc1ccc(SCC(=O)O)cc1,3.12
Oc1c(Cl)c(Cl)cc(Cl)c1Cl,5.03
CCOC(=O)C1CCCC1=O,10.52
CCC1=C(O)CCC1=O,4.7
CCC(C)CC(=O)O,4.76
CC(=O)Nc1nnc(S)s1,8.54
O=[N+]([O-])c1cc(O)ccc1O,7.47
O=C(O)COc1cccc(F)c1,3.08
O=[N+]([O-])c1cccc([N+](=O)[O-])c1O,3.89
COc1ccc(C(C)CC(=O)O)cc1,4.73
Cc1cnc2c(O)ncnc2n1,8.09
CC(C)C1(C)NNC(=O)NC1=O,7.45
N#Cc1ccc(C(=O)NO)cc1,8.16
O=[As](O)(O)c1cccc2ccccc12,3.66
Cc1ccc(/C=C/C(=O)O)cc1,4.56
Cc1ncc(CO)c(C=O)c1O,8.7
CCOC(=O)C(CC)C(=O)O,3.43
O=C(O)CCCC1CCOC1=O,4.75
O=C(O)C[C@H]1CC[C@H]2OC(=O)C[C@@H]12,4.88
Cc1cc([N+](=O)[O-])c(O)c([N+](=O)[O-])c1,4.06
O=C(Cc1ccccc1)c1ccccc1,16.15
CC(=O)c1c(O)cccc1O,7.94
CC(C)C/C(=N/O)C(=O)O,3.25
C/C(Cl)=C/C(=O)O,4.086666667
O=C([O-])CC1(CC(=O)O)CCCC1,6.77
O=C([O-])c1cc(C(=O)O)cc(C(=O)O)c1,3.89
O=C([O-])c1cc(C(=O)[O-])cc(C(=O)O)c1,4.7
Cn1c([O-])c2ncnc-2[nH]c1=O,12
C[C@H](C(=O)[O-])[C@H](C)C(=O)O,6
O=C1C=C(O)C(=O)C=C1[O-],5.18
O=P([O-])(O)c1ccccc1Br,7.37
O=C([O-])c1c(O)ccc2ccccc12,11.9
C[C@@H](S)C(=O)[O-],10.21
O=P([O-])(O)c1cccc(Br)c1,6.69
Cn1c(O)nc([O-])c2ncnc1-2,11.3
O=C([O-])CCS,10.84
O=C(O)c1cccc(S(=O)(=O)[O-])c1,3.78
O=S(=O)([O-])c1cccc(O)c1,9.07
Nc1ccc(C(=O)[O-])c(O)c1,13.74
O=P([O-])(O)c1ccc(Br)cc1,6.83
O=C(O)c1ccc(S(=O)(=O)[O-])cc1,3.72
O=S(=O)([O-])c1ccc(O)cc1,8.56
O=C([O-])C#CC(=O)O,2.34
O=P([O-])(O)CBr,6.52
O=P([O-])(O)CCl,6.3
O=C([O-])[C@H]1CCCC[C@H]1C(=O)O,6.76
O=C([O-])[C@H]1CCC[C@@H](C(=O)O)C1,5.46
O=C(O)[C@H]1O[C@H]1C(=O)[O-],3.92
O=C([O-])C1(C(=O)O)CCC1,5.55
O=C([O-])[C@H]1CC[C@H]1C(=O)O,5.89
O=C([O-])[C@@H]1CC[C@H]1C(=O)O,5.61
O=C([O-])[C@H]1C[C@@H](C(=O)O)C1,5.3
O=C([O-])[C@H]1C[C@H](C(=O)O)C1,5.28
O=C([O-])[C@H]1CC[C@H](C(=O)O)CC1,5.42
O=C([O-])C1(C(=O)O)CCCC1,5.8
O=C([O-])[C@@H]1CCC[C@H]1C(=O)O,5.85
O=C([O-])[C@H]1CC[C@@H](C(=O)O)C1,5.53
O=C([O-])[C@@H]1CC[C@@H](C(=O)O)C1,5.42
O=C([O-])C1(C(=O)O)CC1,7.22
O=C([O-])[C@H]1C[C@H]1C(=O)O,6.47
O=C([O-])[C@H]1C[C@@H]1C(=O)O,5.13
O=C([O-])[C@H](Br)[C@@H](Br)C(=O)O,3.24
O=P([O-])(O)C(Cl)Cl,5.58
O=C([O-])[C@@H](Cl)[C@H](Cl)C(=O)O,3.18
CC(C)(C(=O)[O-])C(=O)O,5.68
[S-]CCS,10.54
[H]/N=c1\[nH]c2ncnc-2c([O-])[nH]1,12.3
CC(C)C(C(=O)[O-])C(=O)O,5.88
C=C(CC(=O)O)C(=O)[O-],5.45
O=C([O-])c1cccc(O)c1,9.85
[O-]c1cccc(O)c1,10.9
O=C([O-])/C=C\C(=O)O,6.23
O=C([O-])C[C@@H](O)C(=O)O,5.1
O=C([O-])CC(=O)O,5.26
C/C(=C\C(=O)[O-])C(=O)O,4.75
O=C(O)[C@@H](Br)[C@@H](Br)C(=O)[O-],2.97
O=C(O)[C@@H](Cl)[C@@H](Cl)C(=O)[O-],3.24
C[C@H](C(=O)[O-])[C@@H](C)C(=O)O,5.36
COc1ccc(P(=O)([O-])O)cc1,7.15
CP(=O)([O-])O,7.74
COP(=O)([O-])O,6.31
O=C([O-])c1cccc(C(=O)O)c1,4.6
[O-]c1ccc(O)c2ccccc12,10.93
[O-]c1ccccc1O,12.4
O=C([O-])c1ccccc1C(=O)O,5.41
O=C([O-])C(=O)O,4.27
O=C([O-])c1ccc(O)cc1,9.23
[O-]c1ccc(O)cc1,12.04
O=C([O-])C(C(=O)O)c1ccccc1,5.59
NP(=O)([O-])O,8.25
O=C([O-])c1ccc(C(=O)O)cc1,4.46
Cc1ccc(P(=O)([O-])O)cc1,7.33
O=C([O-])c1cccc(C(=O)O)n1,5.22
O=C([O-])c1ccccc1O,12.38
O=c1c([O-])c(O)c1=O,3.48
O=C([O-])CCC(=O)O,5.64
O=C(O)CS(=O)(=O)[O-],4
O=C(O)[C@@H](O)[C@@H](O)C(=O)[O-],4.37
CC(C)(C)P(=O)([O-])O,8.88
CC(C)(C(=O)[O-])C(C)(C)C(=O)O,7.28
O=C([O-])CSCC(=O)O,4.29
Cc1cc([O-])ccc1O,11.62
O=C([O-])[C@@H]1CCCC[C@H]1C(=O)O,5.93
O=C([O-])[C@@H]1CC=CC[C@H]1C(=O)O,5.81
O=C([O-])[C@H]1O[C@@H]1C(=O)O,3.25
O=c1[n-]c(=O)c2[nH]c(=O)[nH]c2[nH]1,9.8
O=C(O)[C@@H](S)[C@@H](S)C(=O)[O-],3.46
O=C([O-])[C@@H](S)[C@@H](S)C(=O)[O-],9.44
O=C([O-])[C@@H](S)[C@@H]([S-])C(=O)[O-],11.82
O=C([O-])c1c(C(=O)O)c(C(=O)O)c(C(=O)O)c(C(=O)O)c1C(=O)O,2.21
O=C([O-])c1c(C(=O)[O-])c(C(=O)[O-])c(C(=O)O)c(C(=O)O)c1C(=O)[O-],6.32
O=C([O-])c1c(C(=O)[O-])c(C(=O)[O-])c(C(=O)O)c(C(=O)[O-])c1C(=O)[O-],7.49
O=C([O-])c1cc(C(=O)[O-])c(C(=O)[O-])c(C(=O)O)c1C(=O)[O-],6.46
O=C([O-])c1cc(C(=O)[O-])c(C(=O)O)cc1C(=O)[O-],5.63
O=C([O-])c1cc(C(=O)[O-])c(C(=O)[O-])c(C(=O)O)c1,5.81
O=C([O-])c1ccc(C(=O)[O-])c(C(=O)O)c1C(=O)[O-],6.21
O=C([O-])c1cccc(C(=O)[O-])c1C(=O)O,5.87
O=C([O-])c1cccc(C(=O)O)c1C(=O)O,4.2
O=c1c([O-])ccccc1O,11.5
[O-]c1nc2c[nH]c(Cl)cc-2n1,14.36
[S-]c1nc2cc(Cl)ncc2[nH]1,13.4
[S-]c1ccc(S)nn1,10.36
O=c1ccc([O-])n[nH]1,13
O=C1[N-]C(=O)C(c2ccccc2)(c2ccccc2)C(=O)N1,11.9
O=C1O[C@H]([C@@H](O)CO)C(O)=C1[O-],11.62
C[C@H](CS)C(=O)N1CCC[C@H]1C(=O)[O-],9.8
[NH-]S(=O)(=O)c1cc2c(cc1Cl)NC=NS2(=O)=O,9.45
O=C([O-])c1ccccc1-c1ccccc1C(=O)O,5.06
O=c1[n-]c(=O)c(F)c[nH]1,13
Nc1nc([O-])nc2[nH]c(O)nc12,11.4
[O-]c1ccc(/N=N/c2ccccc2)cc1O,11.45
S=c1cc([S-])nc[nH]1,9.7
Cc1nc(C)c(C(=O)O)cc1C(=O)[O-],6.16
O=C([O-])c1cncc(C(=O)O)c1,4.62
Cc1nc(C)c(C(=O)O)c(C)c1C(=O)[O-],6.54
O=C([O-])c1cncc(C(=O)[O-])c1C(=O)O,5.48
Nc1nc([O-])c2ncc(=S)nc-2[nH]1,9.4
Nc1nc(O)c2ncc([O-])nc2n1,10.06
O=C([O-])[C@]12[C@@H]3[C@@H]4[C@H]1[C@@H]1[C@H]2[C@H]3[C@]41C(=O)O,4.76
O=C([O-])[C@]12[C@@H]3[C@@H]4[C@H]1[C@]1(Cl)[C@H]2[C@H]3[C@]41C(=O)O,4.09
O=C([O-])[C@]12[C@@H]3[C@@H]4[C@@]1(Cl)[C@@H]1[C@H]2[C@@]3(Cl)[C@]41C(=O)O,3.68
O=C([O-])[C@]12[C@@H]3[C@@H]4[C@H]1[C@@]1(Cl)[C@]4(C(=O)O)[C@@H]3[C@@]21Cl,3.63
O=P([O-])(O)CI,6.72
O=P(O)(O)C[O-],7.15
N#Cc1ccc(P(=O)([O-])O)cc1,6.79
O=P([O-])(O)c1ccccc1F,6.8
O=P([O-])(O)c1ccccc1Cl,6.98
O=P([O-])(O)c1cccc(Cl)c1,7.1
COc1ccccc1P(=O)([O-])O,7.77
Cc1ccccc1P(=O)([O-])O,7.71
Cc1cccc(P(=O)([O-])O)c1,7.44
Cc1cccc(C)c1P(=O)([O-])O,7.7
O=C([O-])c1ccccc(O)c1=O,7.98
O=C([O-])c1cccc(=O)c(O)c1,7.03
O=C([O-])c1ccc(O)c(=O)cc1,6.41
O=C([O-])C1(C(=O)O)CCCCC1,5.73
Cc1c(P(=O)([O-])O)cnn1C,7.15
O=P(O)(O)c1cnc([O-])nc1,5.6
O=P([O-])(O)c1cnc([O-])nc1,9.24
O=P([O-])(O)C(F)(F)F,3.93
C[Si](C)(C)CP(=O)([O-])O,8.6
Cc1nc([O-])ncc1P(=O)(O)O,5.92
Cc1nc([O-])ncc1P(=O)([O-])O,10.03
O=P([O-])(O)c1ccc(Cl)cc1,7.23
O=C([O-])c1ccc(P(=O)(O)O)cc1,4.37
O=C([O-])c1ccc(P(=O)([O-])O)cc1,7.64
CCOc1ccc(P(=O)([O-])O)cc1,7.65
CCP(=O)([O-])O,8.05
C=CP(=O)([O-])O,7.34
Nc1nc2ncc(C(=O)[O-])nc2c(=O)[nH]1,7.9
O=C([O-])c1cccc(P(=O)(O)O)c1,4.37
O=C([O-])c1cccc(P(=O)([O-])O)c1,7.78
O=P([O-])(O)c1ccc(F)cc1,6.96
O=P([O-])(O)c1ccc(C(F)(F)F)cc1,6.48
O=P([O-])(O)c1ccc(OC(F)(F)F)cc1,6.69
CC(=O)c1cccc(P(=O)([O-])O)c1,6.61
CC(=O)c1ccc(P(=O)([O-])O)cc1,6.48
CCc1ccc(P(=O)([O-])O)cc1,7.02
CC(C)(C)c1ccc(P(=O)([O-])O)cc1,7.05
O=P([O-])(O)c1ccc(-c2ccccc2)cc1,6.93
O=P([O-])(O)c1cccc(-c2ccccc2)c1,6.89
Cc1cc(C)c(P(=O)([O-])O)c(C)c1,8.82
Cc1ccc(P(=O)([O-])O)c(C)c1,8.07
Cc1ccc(C)c(P(=O)([O-])O)c1,8.1
Cc1cccc(P(=O)([O-])O)c1C,8.07
CC(C)c1ccc(P(=O)([O-])O)cc1,8.18
Cc1cc(C)cc(P(=O)([O-])O)c1,7.73
Cc1ccc(P(=O)([O-])O)cc1C,7.76
CCc1ccccc1P(=O)([O-])O,8.09
CC(C)P(=O)([O-])O,8.7
O=C([O-])C[P@@](=O)([O-])O,8.69
COc1cccc(P(=O)([O-])O)c1,7.42
O=P([O-])(O)c1cc(F)ccc1F,6.32
CCCP(=O)([O-])O,8.18
Cc1ccc(Br)c(P(=O)([O-])O)c1,7.15
Cc1nc2nc(S(=O)(=O)[O-])[nH]c(=O)c2nc1C,6.02
[O-]c1cnc2c(O)nc(=S)[nH]c2n1,8.44
[O-]c1cnc2c([O-])nc(=S)[nH]c2n1,13.26
Cn1c(=S)[nH]c(=O)c2ncc([O-])nc21,9.63
O=c1cnc2c([O-])nc[nH]c-2n1,9.62
O=c1cnc2[n-]c(=S)[nH]c(=O)c2[nH]1,8.43
O=c1cnc2[n-]c(=S)[n-]c(=O)c2[nH]1,13.11
Cn1c(=S)nc(O)c2nc([O-])cnc21,9.32
O=c1cnc2c(=O)nc(S(=O)(=O)[O-])[nH]c2[nH]1,5.03
Cn1c(=O)c2[n-]c(=O)c(=O)[nH]c2n(C)c1=S,10.86
Cn1c(=S)[n-]c2[nH]c(=O)c(=O)[nH]c2c1=O,8.8
Cn1c(=S)[n-]c2[n-]c(=O)c(=O)[nH]c2c1=O,12.1
Cn1c(=S)[n-]c(=O)c2[nH]c(=O)c(=O)[nH]c21,9
Cn1c(=S)[n-]c(=O)c2[n-]c(=O)c(=O)[nH]c21,12.37
O=c1[nH]c2[n-]c(=S)[nH]c(=O)c2[nH]c1=O,9.59
O=c1[n-]c2[n-]c(=S)[nH]c(=O)c2[nH]c1=O,11.88
Cn1c(=O)c(=O)[nH]c2c(=O)[nH]c(=S)[n-]c21,9.11
Cn1c(=O)c(=O)[n-]c2c(=O)[nH]c(=S)[n-]c21,13.16
CSc1nc2c([nH]c(=O)c(=O)n2C)c(=O)[n-]1,11.02
CSc1nc2[nH]c(=O)c(=O)[nH]c2c(=O)[n-]1,9.66
CSc1nc2[n-]c(=O)c(=O)[nH]c2c(=O)[n-]1,12.75
O=c1[nH]c2nc[n-]c(=O)c2[nH]c1=O,9.36
O=c1[n-]c2nc[n-]c(=O)c2[nH]c1=O,12.63
Cn1c(N)nc2[nH]c(=O)c(=O)[n-]c2c1=O,10.95
O=C([O-])c1cnc2[nH]c(=O)[nH]c(=O)c2n1,8
Cn1c(=O)[nH]c(=O)c2nc(C(=O)[O-])cnc21,8.56
Cn1c(=O)[nH]c2ncc(C(=O)[O-])nc2c1=O,7.98
Cc1nc2[nH]c(=O)[nH]c(=O)c2nc1C(=O)[O-],8.16
O=C([O-])c1cnc2c(=O)[nH]c(=O)[nH]c2n1,8.33
Cn1c(=O)[nH]c(=O)c2ncc(C(=O)[O-])nc21,8.41
Cn1c(=O)[nH]c2nc(C(=O)[O-])cnc2c1=O,8.4
Cc1nc2c(=O)[nH]c(=O)[nH]c2nc1C(=O)[O-],8.3
Cn1c(=O)c2[nH]c(=S)c([O-])nc2n(C)c1=O,8.38
Cn1c(=O)[n-]c2nc(-c3ccccc3)c(=O)[nH]c2c1=O,10.21
Cn1c([O-])c2nc(-c3ccccc3)c(=O)[nH]c2nc1=O,10.71
Cc1nc2nc(N)[nH]c(=O)c2nc1C(=O)[O-],8.42
O=C([O-])CS,10.2
CC(=O)N[C@@H](CS)C(=O)[O-],9.52
Nc1nc2c(=O)[nH]c(=O)[nH]c2[n-]1,12.01
Cn1c(=O)[nH]c2[n-]c(N)nc2c1=O,12.44
Cn1c(=O)[nH]c(=O)c2nc(N)[n-]c21,12.71
O=C([O-])c1nc[nH]c1C(=O)O,8.27
O=C([O-])c1cnn[nH]1,8.66
O=C([O-])[C@]12CC[C@](C(=O)O)(CC1)CC2,5.457
O=C([O-])[C@]12CC[C@](C(=O)O)(CC1)C2,5.284
O=C([O-])C1=C(C(=O)O)[C@H]2C=C[C@@H]1C2,7.77
O=C([O-])C1=C(C(=O)O)[C@@H]2CC[C@H]1C2,8
O=C([O-])C1=C(C(=O)O)CC=CC1,4.9
O=C([O-])C1=CC=CC[C@H]1C(=O)O,5.02
O=C([O-])C1=CCC=C[C@@H]1C(=O)O,5.03
O=C([O-])c1oc(C(=O)O)c(C(=O)O)c1C(=O)O,2.1
O=C([O-])c1oc(C(=O)[O-])c(C(=O)O)c1C(=O)O,3.73
O=C([O-])c1oc(C(=O)[O-])c(C(=O)O)c1C(=O)[O-],7.7
CC1(C)[C@H](C(=O)[O-])[C@@H]1C(=O)O,8.25
C[C@@]1(C(=O)[O-])C[C@]1(C)C(=O)O,6.56
C[C@@]1(C(=O)[O-])C[C@@]1(C)C(=O)O,5.24
C[C@@]1(C(=O)[O-])C[C@H]1C(=O)O,5.3
O=C(O)[C@@H]1C[C@]1(C(=O)[O-])c1ccccc1,5.14
C[C@@]1(C(=O)[O-])C[C@@]1(Cl)C(=O)O,4.27
O=C(O)[C@]1(Cl)C[C@]1(C(=O)[O-])c1ccccc1,5.33
CC1(C)[C@@H](C(=O)[O-])[C@@H]1C(=O)O,5.32
C[C@]1(C(=O)[O-])C[C@H]1C(=O)O,6.65
O=C([O-])[C@@H]1C[C@@]1(C(=O)O)c1ccccc1,6.47
C[C@@]1(C(=O)[O-])C[C@@]1(C(=O)O)c1ccccc1,6.28
C[C@@]1(C(=O)[O-])C[C@]1(Cl)C(=O)O,5.25
C[C@@H]1[C@@H](C(=O)[O-])[C@@]1(C)C(=O)O,6.82
C[C@H]1[C@@H](C(=O)[O-])[C@@]1(C)C(=O)O,7.91
C[C@@H]1[C@](C)(C(=O)O)[C@]1(C)C(=O)[O-],6.74
C[C@@H]1[C@](Cl)(C(=O)[O-])[C@]1(C)C(=O)O,5.41
C[C@H]1[C@@H](C(=O)[O-])[C@@]1(Cl)C(=O)O,5.41
C[C@H]1[C@@H](C(=O)[O-])[C@]1(C)C(=O)O,5.65
C[C@@H]1[C@@H](C(=O)[O-])[C@]1(C)C(=O)O,5.51
CC1[C@@](C)(C(=O)[O-])[C@]1(C)C(=O)O,5.42
C[C@@H]1[C@@H](C(=O)[O-])[C@]1(Cl)C(=O)O,4.46
O=C1C[C@@H](C(=O)[O-])[C@H](C(=O)O)C1,5.34
O=C1C[C@H](C(=O)[O-])[C@H](C(=O)O)C1,5.6
O=C([O-])C1=C(C(=O)O)CCC1,7.18
O=C([O-])C1=CCC[C@H]1C(=O)O,5.92
O=C([O-])C1=CC[C@H](C(=O)O)C1,5.1
O=C1C[C@@H]2[C@@H](C(=O)O)[C@@H](C(=O)[O-])C[C@@H]2O1,5.97
O=C1C[C@@H]2[C@@H](C(=O)[O-])[C@H](C(=O)O)C[C@@H]2O1,5.51
O=C1C[C@@H](C(=O)O)[C@H](C(=O)[O-])O1,3.95
O=C1C[C@@H](C(=O)O)[C@@H](C(=O)[O-])O1,4.5
O=c1cccc([O-])cc1O,9.52
O=c1ccc([O-])ccc1O,10.1
O=C(O)c1ccoc1C(=O)[O-],7.25
O=C(O)c1coc(C(=O)[O-])c1,3.77
O=C([O-])c1ccc(C(=O)O)o1,3.55
O=C([O-])c1cocc1C(=O)O,7.43
NC(=O)Nc1[nH]cnc1C(=O)[O-],12.2
Cc1n[n-]c(=O)[nH]c1=O,13.4
Nc1nc(=O)[n-]c(=O)[nH]1,13.5
O=c1cn[nH]c([O-])n1,12.9
[O-]c1cc(O)ccn1,13
Nc1ccc([O-])c(N)c1O,11.5
Nc1cc(N)c(O)cc1[O-],12
Nc1cc(N)c(O)c(N)c1[O-],11.9
Nc1ccc([O-])cc1O,11.3
Nc1c([O-])cccc1O,11.6
Cn1cnc2[nH]c(=O)[n-]c2c1=O,11.87
Cn1c2nc(=O)[n-]c-2c[nH]c1=O,13
O=c1[nH]c(=O)c2nc[n-]c2[nH]1,11.84
O=c1nc2[nH]c(=O)[nH]c2c[n-]1,12.3
Cn1c(=O)[nH]c2c(=O)[n-]cnc21,11.79
Cn1c2c[nH]c(=O)[n-]c-2nc1=O,12
Cn1c(=O)[nH]c2c[n-]c(=O)nc21,11.5
O=c1[n-]c2ncncc2[nH]c1=O,10
Nc1cc([O-])c2ccccc2c1O,11.27
O=C([O-])c1cc(=O)[nH]cn1,8.4
O=c1nc[nH]cc1[O-],11.69
O=c1nc2[n-]nnc2c[nH]1,10.21
Cc1[nH]c(=O)nc2nn[n-]c12,10.83
CSc1nc2c[nH]c(=O)[n-]c-2n1,12.38
Cc1nc([O-])nc2[nH]cnc12,12.46
Cc1nc2nc(N)[nH]c(=O)c2[n-]1,13
Nc1nc2nc(C(F)(F)F)[n-]c2c(=O)[nH]1,11.5
O=c1[nH]cnc2nn[n-]c12,10.83
O=C(O)c1ccnc(C(=O)[O-])c1,5.17
CNc1nc2[n-]cnc2c(=O)[nH]1,12.8
[O-]c1c(O)c(Cl)c(Cl)c(Cl)c1Cl,10.1
[O-]c1cc(Cl)c(O)c(Cl)c1,9.99
Cc1cc([O-])cc(O)c1,11.2
O=C([O-])c1cc(Cl)ccc1O,13
O=C([O-])c1cc(Br)ccc1O,12.8
O=C([O-])/C=C/C(=O)O,4.602
O=C([O-])c1cccc(Br)c1C(=O)O,4.35
O=C([O-])c1ccc(Br)cc1C(=O)O,4.6
Cc1ccc(C)c(C(=O)[O-])c1O,12.32
CC(C)C(C(=O)[O-])(C(=O)O)C(C)C,8.848
Cc1c(C)c(O)c(C)c(C)c1[O-],12.84
O=C([O-])c1cc(O)cc2ccccc12,9.78
O=C([O-])c1cc(O)c2ccccc2c1,9.59
O=c1[nH]cc([S-])c(=O)[nH]1,10.6
O=c1cnc2nc([O-])ncc2[nH]1,8.64
O=c1[nH]cnc2ncc([O-])nc12,9.51
O=C([O-])c1ccncc1O,11.3
Cn1c(=O)[nH]c2[nH]c(=O)[n-]c2c1=O,10.6
Cn1c(=O)[nH]c2nc([O-])[nH]c(=O)c21,10.3
[O-]c1ncc2nc(C(F)(F)F)[nH]c2n1,10.92
O=C([O-])c1c(F)c(F)c(O)c(F)c1F,5.17
O=C([O-])c1cc(Cl)c(O)c(Cl)c1,5.97
O=C([O-])c1cnccc1C(=O)O,5.07
COc1ccc(C(=O)[O-])c(C(=O)O)c1,5.16
[O-]c1ccccc1-c1ccccc1O,11.8
S=c1[n-]c2ncncc2[nH]1,11.16
S=c1[nH]cnc2[n-]ncc12,11.65
O=C([O-])C1=C(C(=O)O)CC1,7.63
O=C(N[O-])C(=O)NO,9
[O-]/N=C1\CCCC\C1=N/O,11.92
[O-]c1ccccc1/C=N/O,12.1
[O-]/N=C\c1cccc(/C=N/O)n1,10.88
O=c1cc(C(F)(F)F)[n-]c(=O)[nH]1,13
O=C([O-])c1cc(O)cc(C(=O)O)n1,3.47
O=C([O-])c1cc(O)cc(C(=O)[O-])n1,11.4
Cn1c(=O)[nH]c2nc[n-]c2c1=S,11
Cn1c(=O)[nH]c(=S)c2nc[n-]c21,11.2
Cn1cnc2[nH]c(=O)[n-]c(=S)c21,12.1
Cn1cnc2c(=S)[n-]c(=O)[nH]c21,12.6
Cn1c(=S)[n-]c2c[nH]c(=O)nc21,11.21
O=C([O-])c1cc(=O)c(O)c(C(=O)O)o1,2.11
O=C([O-])c1cc(=O)c(O)c(C(=O)[O-])o1,11.25
O=C([O-])c1cc(=O)[nH]c(=O)[nH]1,9.45
O=C([O-])c1c[nH]c(=O)[nH]c1=O,8.89
Nc1c(C(=O)[O-])[nH]c(=O)[nH]c1=O,8.72
O=C([O-])c1[nH]c(=O)[nH]c(=O)c1Br,7.33
O=C([O-])c1[nH]c(=O)[nH]c(=O)c1I,7.63
O=P([O-])(O)C1CCCCC1,8.3
CC(C)(C(=O)O)C(=O)C(=O)[O-],4.62
O=c1cc(S(=O)(=O)[O-])[nH]c(=O)[nH]1,7.26
CC(C)(P(=O)(O)O)[P@](=O)([O-])O,3.16
CC(C)(P(=O)([O-])O)[P@](=O)([O-])O,8.04
CC(C)(P(=O)([O-])[O-])[P@](=O)([O-])O,12.1
O=C([O-])/C(O)=C(\O)C(=O)O,3.36
O=C([O-])c1nc(=O)[nH]c2c1CCCC2,10.38
O=S(=O)([O-])c1cc(Br)c2cccnc2c1O,8.56
O=S(=O)([O-])c1ccc(O)c2ccccc12,8.47
O=S(=O)([O-])c1c(O)ccc2ccccc12,11.38
O=S(=O)([O-])c1cccc2c(O)cccc12,9.11
O=S(=O)([O-])c1cccc2ccc(O)cc12,9.48
O=S(=O)([O-])c1cccc2cccc(O)c12,13.02
O=S(=O)([O-])c1ccc2ccccc2c1O,9.47
O=S(=O)([O-])c1ccc2cc(O)ccc2c1,9.13
O=S(=O)([O-])c1ccc2ccc(O)cc2c1,9.35
O=S(=O)([O-])c1ccc2cc(O)c(O)cc2c1,8.19
O=S(=O)([O-])c1ccc2cc([O-])c(O)cc2c1,12.16
O=S(=O)([O-])c1cc(S(=O)(=O)[O-])c2cc(O)ccc2c1,8.99
O=S(=O)([O-])c1ccc2cc(O)c(S(=O)(=O)[O-])cc2c1,9.62
O=S(=O)([O-])c1ccc2c(O)cc(S(=O)(=O)[O-])cc2c1,8.64
Cn1c([O-])nc2[nH]c(=O)n(C)c2c1=O,10.6
CC1(C)C(=O)[CH-]C(=O)CC1=O,9.73
CSc1nc([O-])c2nc(SC)[nH]c2n1,10.75
Cc1ccc(C(=O)[O-])c(C(=O)O)c1,5.26
O=S(=O)([O-])c1ccc(O)c(O)c1,8.5
O=S(=O)([O-])c1ccc([O-])c(O)c1,12.8
Cn1c(=O)cc(C(=O)[O-])[nH]c1=O,10.52
Cn1c(C(=O)[O-])cc(=O)[nH]c1=O,9.82
O=S(=O)([O-])c1cc(O)c2c(O)cc(S(=O)(=O)[O-])cc2c1,5.36
Cc1cc(=O)n(O)c([O-])c1C,10.35
O=c1[nH]c(=S)c2[n-]cnc2[nH]1,11.4
O=C([O-])c1cc(=O)c(O)co1,7.75
O=C1C(O)=C(Cl)C(=O)C([O-])=C1Cl,3.08
O=C1C(O)=C(Br)C(=O)C([O-])=C1Br,3.1
O=C1C(=O)C(F)=C(O)C([O-])=C1F,3.3
O=C1NCc2n[n-]nc2N1,14.48
O=C([O-])c1ncccc1O,10.76
[O-]c1[nH]cnc2nc(C(F)(F)F)nc1-2,10.9
O=C([O-])c1cc(=O)cc(C(=O)O)o1,2.36
O=C([O-])c1ccc(O)c(Cl)c1,7.52
O=C1CNc2nc(=O)[nH]c(C(=O)[O-])c2N1,12.04
O=P([O-])(O)C#Cc1ccccc1,6.3
O=C([O-])[C@H]1C(=O)NC(=O)[C@@H]1c1ccccc1,8.92
O=C(c1cccc(O)c1)c1ccc([O-])cc1O,9.24
O=C(c1cccc([O-])c1)c1ccc([O-])cc1O,12.2
O=C([O-])c1ccc(NS(=O)(=O)c2ccccc2)cc1,7.75
O=C([O-])c1ccc(NS(=O)(=O)c2ccccc2)cc1O,7.61
CC(C)(C)c1cc(S(=O)(=O)[O-])cc(C(C)(C)C)c1O,10.4
CC(C)(C)c1cc(C(=O)[O-])cc(C(C)(C)C)c1O,10.8
C[C@@]1(c2cccc3ccccc23)C(=O)NC(=O)[C@H]1C(=O)[O-],8.93
O=C([O-])c1nnn(-c2ccccc2)c1C(=O)O,4.93
O=Nc1c([O-])[nH]c(=O)[nH]c1=O,9.66
O=Nc1ccc2ccc(S(=O)(=O)[O-])cc2c1O,7.22
O=Nc1ccc2c(S(=O)(=O)[O-])cccc2c1O,7.32
O=Nc1c(O)ccc2cc(S(=O)(=O)[O-])ccc12,7.6
Cc1[nH]c(=O)c(C#N)cc1C(=O)[O-],8.97
CC(=O)c1cc(C(=O)[O-])c(=O)[nH]c1C,10.87
Nc1cc([O-])[nH]c(=O)n1,15.32
S=c1[nH]cnc2nn[n-]c12,9.44
O=C([O-])c1ccc2ccccc2c1O,12.9
c1c[nH]nn1,9.26
c1nc[nH]n1,10.26
Cn1c(O)nc(=O)n1C,7.5
Cn1[nH]c(=O)n(C)c1=O,5.3
Oc1cccc2nc3ccccc3cc12,8.51
C[C@H](C(=O)O)[C@H](C)C(=O)O,3.93
Cc1ccc(O)c(C)c1C,10.59
Oc1cc(F)c(F)cc1F,7.37
Cc1cc(C)c2cccc(O)c2n1,10.6
O=C(O)c1c(O)cccc1O,1.3
CC(=O)Nc1ccccc1C(=O)O,3.63
CC[C@H](NC(C)=O)C(=O)O,3.72
O=C(O)[C@H](Br)c1ccccc1,2.21
C[C@H](Br)C(=O)O,2.97
C[C@H](Cl)C(=O)O,2.84
CC(C)(C#N)C(=O)O,2.29
C[C@H](C#N)C(=O)O,2.37
Cc1cc[nH]c(=O)c1,12.23
O=C(O)c1c(O)ccc2ccccc12,2.7
Oc1ccccn1,11.6
O=c1ccc2ccccc2[nH]1,11.74
O=C(O)c1ccccc1I,2.86
Oc1ccccc1I,8.46
C[C@@H](I)C(=O)O,3.11
C[C@@H](S)C(=O)O,3.64
Sc1ccccn1,10
S=c1ccc2ccccc2[nH]1,10.21
c1ccc(-c2c[nH]c(-c3ccccc3)n2)cc1,12.53
c1ccc(-c2nc3ccccc3[nH]2)cc1,11.91
c1ccc(-c2ncc[nH]2)cc1,13.32
CC(C)(C)c1ccccc1O,10.62
O=C(O)[C@H](O)C(Cl)(Cl)Cl,2.34
Cc1cnc2c(O)cccc2c1C,10.05
Oc1cc(F)c(F)c(F)c1,7.84
Oc1cc(I)cc(I)c1,8.1
O=C(O)c1c(Cl)ccc(Cl)c1C(=O)O,1.46
CC(=O)Oc1cccc(C(=O)O)c1,4
O=c1ccc2cc3ccccc3[nH]c-2c1,9.72
Oc1cccnc1,8.72
O=C(O)c1cccc(I)c1,3.86
Oc1cccc(I)c1,8.88
Cn1c(O)nc(O)c2ncnc1-2,8.1
Sc1cccnc1,7.01
Sc1cnc2ccccc2c1,6.13
OC[C@@H](O)CS,9.43
CS(=O)(=O)c1cccc(O)c1,9.33
CC(=O)Oc1ccc(C(=O)O)cc1,4.38
Sc1ccc(Cl)cc1,5.9
O=c1[nH]cnc2nccnc12,7.89
O=c1cc[nH]cc1,11.09
O=c1cc[nH]c2ccccc12,11.25
O=C(O)c1ccc(I)cc1,4
Oc1ccc(I)cc1,9.2
S=c1cc[nH]cc1,8.86
S=c1cc[nH]c2ccccc12,8.83
Oc1nnc(O)n1-c1ccccc1,5.2
CC1(C)NC(=O)NC1=O,9.19
Oc1cccc2ncccc12,8.54
Oc1ccc2cccnc2c1,8.85
Nc1nc(O)c2[nH]c(O)nc2n1,8.55
Cn1c(=O)[nH]c2c(=O)[nH]c(=O)[nH]c21,5.77
CC(C)C1=CC2=CC[C@@H]3[C@](C)(CCC[C@@]3(C)C(=O)O)[C@H]2CC1,4.94
CC(=O)NO,9.4
CNC[C@@H](O)c1ccc(O)c(O)c1,9.96
C=C(F)C(=O)O,2.55
Nc1nn[nH]n1,6.07
O=C1c2ccccc2C(=NO)c2ccccc21,9.78
O=C(O)c1c2ccccc2cc2ccccc12,3.65
O=C(O)C=C(F)F,3.17
O=C(NO)c1ccccc1,8.89
c1ccc2[nH]cnc2c1,12.3
O=C1C=CC(=NO)C=C1,6.2
O=C1C=C(O)[C@H](Br)O1,2.23
NC(=S)S,2.95
C[C@H](NC(N)=O)C(=O)O,3.89
Clc1nn[nH]n1,2.07
O=C(O)[C@H]1CCCC[C@H]1C(=O)O,4.34
O=C(O)[C@H]1O[C@H]1C(=O)O,1.93
O=C1C=C(O)[C@H](Cl)O1,2.13
CC(C)(OO)c1ccccc1,12.33
O=C(O)C1(C(=O)O)CCC1,3.01
O=C(O)[C@H]1CC[C@H]1C(=O)O,3.9
O=C(O)[C@H]1C[C@@H](C(=O)O)C1,4.03
O=C(O)[C@H]1C[C@H](C(=O)O)C1,3.8
O=C(O)C1(C(=O)O)CCCC1,3.09
O=C(O)[C@@H]1CC[C@H](C(=O)O)C1,4.14
O=C(O)C1(C(=O)O)CC1,1.68
O=C(O)[C@H]1C[C@H]1C(=O)O,3.33
O=C(O)[C@H]1C[C@@H]1C(=O)O,3.65
NCCS,10.53
COC(=O)[C@@H](N)CS,9.17
Nc1cc[nH]c(=O)n1,12.15
O=C(O)[C@H](Br)[C@@H](Br)C(=O)O,1.48
O=C(O)[C@@H](Cl)[C@H](Cl)C(=O)O,1.68
CC(C)CS,11.22
NCCc1ccc(O)c(O)c1,10.63
SCCS,8.96
O=C1CCCC(=O)N1,11.43
O=C(O)[C@H](O)CO,3.64
NCC(=O)NO,9.1
O=C(O)/C=C/C(F)(F)F,3.36
O=C1CNC(=O)N1,9.12
Oc1nc[nH]c2ncnc1-2,8.5
c1c[nH]cn1,14.17
c1ccc2n[nH]cc2c1,13.9
O=C(O)CI,3.18
C[C@@H](O)C(=O)O,3.86
O=c1[nH]c(=O)c2nccnc2[nH]1,7.92
Oc1cccc(-c2ccccc2)c1,9.63
O=C(O)C[C@@H](O)C(=O)O,3.46
O=C(O)[C@@H](O)c1ccccc1,3.4
S=c1[nH]cnc2nc[nH]c12,7.77
C/C(=C\C(=O)O)C(=O)O,3.04
C[C@H](C(=O)O)[C@@H](C)C(=O)O,3.67
CO,15.54
Cc1nn[nH]n1,5.5
CC(=O)N[C@@H](C(=O)O)C(C)(C)S,9.9
O=C1C=C/C(=N\O)c2ccccc21,8.01
NC[C@@H](O)c1ccc(O)c(O)c1,9.7
Nc1ccc(O)cc1,10.3
Oc1ccc(-c2ccccc2)cc1,9.55
O=c1[nH]ccc2c1cnc1ccccc12,11.39
O=C(O)COc1ccccc1,3.71
NP(=O)(O)O,2.83
O=C(O)c1ccc(Oc2ccccc2)cc1,4.52
c1nc2cnc[nH]c-2n1,8.92
O=C(O)c1cccc(C(=O)O)n1,2.22
O=C1C=CC(=O)N1,9.62
CC(C)(C)C(=O)O,5.03
CC(C)(C)O,16
CC(C)(C)OO,12.8
c1nn[nH]n1,4.86
Cn1cnc2c1c(=O)[nH]c(=O)n2C,9.97
Cn1c(=O)c2nc[nH]c2n(C)c1=O,8.55
Cc1c[nH]c(=O)[nH]c1=O,9.9
C/C=C(\C)C(=O)O,4.96
N#C[C@H]1CCCC[C@@H]1C(=O)O,3.87
O=C(O)[C@@H]1CC=CC[C@H]1C(=O)O,3.95
O=C(O)C(Cl)=C(Cl)Cl,1.15
O=C(O)C(F)(F)F,0.5
O=C(O)C(F)=C(F)F,1.79
O=C(O)C(c1ccccc1)(c1ccccc1)c1ccccc1,3.96
O=c1cc[nH]c(=O)[nH]1,9.4
O=c1[nH]nc(O)[nH]1,5.8
O=c1[nH]c(=O)c2[nH]c(=O)[nH]c2[nH]1,5.4
Sc1nccc2ccccc12,10.84
O=C(O)[C@@H](S)[C@@H](S)C(=O)O,2.4
O=C(O)c1c(C(=O)O)c(C(=O)O)c(C(=O)O)c(C(=O)O)c1C(=O)O,0.68
O=C(O)c1cc(C(=O)O)c(C(=O)O)c(C(=O)O)c1C(=O)O,2.1
O=C(O)c1cc(C(=O)O)c(C(=O)O)c(C(=O)O)c1,2.38
O=C(O)c1ccc(C(=O)O)c(C(=O)O)c1C(=O)O,2.05
O=C(O)c1cccc(C(=O)O)c1C(=O)O,2.84
O/N=C/c1ccccn1,10.17
Oc1ncccn1,9.17
Oc1ccncn1,8.59
O=c1c(O)ccccc1O,6.7
OC(c1ccccc1)c1ccccc1,13.54
c1cn[nH]c1,13.91
c1ccc2n[nH]nc2c1,8.38
S=c1cccc2[nH]cccc1-2,6.48
Sc1ccc2ncccc2c1,6.5
Sc1cccc2cccnc12,8.29
S=c1cc2ccccc2c[nH]1,8.58
O=c1cncc[nH]1,8.23
O=c1cc[nH]nc1,8.68
Oc1cccnn1,10.46
O=c1cnc2ccccc2[nH]1,9.08
c1cc2[nH]cnc2cn1,10.88
Oc1nc2ccncc2[nH]1,10.12
Oc1nc2c[nH]c(Cl)cc-2n1,9.48
Clc1cc2[nH]cnc2cn1,10.19
Clc1nccc2nc[nH]c12,9.83
Sc1nc2cc(Cl)ncc2[nH]1,7.76
Clc1nc2c[nH]c(Cl)cc-2n1,6.85
Sc1ccc(S)nn1,2.06
CSc1ccc(=S)[nH]n1,8.19
O=c1ccc(O)n[nH]1,5.67
CSc1nc2cc[nH]cc-2n1,9.95
CC(=O)O[C@H]1C=C[C@H]2[C@H]3Cc4ccc(O)c5c4[C@@]2(CCN3C)[C@H]1O5,9.55
O=C(O)c1cc(Cl)c2cccccc1-2,4.95
O=C(O)c1cc(Br)c2cccccc1-2,4.87
O=C1NC(=O)C(Br)(Br)C(=O)N1,5.68
O=C1NC(=O)C(Cl)(Cl)C(=O)N1,5.55
CC1(C)C(=O)NC(=O)NC1=O,8.51
CC1(c2ccccc2)C(=O)NC(=O)NC1=O,7.78
O=C1NC(=O)C(c2ccccc2)(c2ccccc2)C(=O)N1,7.3
O=C1NC(=O)C2(CC2)C(=O)N1,8.73
O=C1NC(=O)C2(CCC2)C(=O)N1,8.82
O=C1NC(=O)C2(CCCC2)C(=O)N1,8.83
O=C1NC(=O)C2(CCCCC2)C(=O)N1,8.88
Cc1ccc(S(=O)(=O)Nc2ccccc2)cc1,8.46
COc1ccc(S(=O)(=O)Nc2ccccc2)cc1,8.66
O=C1Nc2ccc(Cl)cc2C(c2ccccc2)=N[C@@H]1O,11.1
CC(=O)Nc1ccc2c(c1)C(c1ccccc1)=NCC(=O)N2,12.4
Nc1ccc2c(c1)C(c1ccccc1)=NCC(=O)N2,13.1
CC1(C)S[C@@H]2[C@H](NC(=O)Cc3ccccc3)C(=O)N2[C@H]1C(=O)O,2.73
O=S(=O)(Nc1ncccn1)c1ccccc1,5.91
Cn1c(=O)c2[nH]c(Br)nc2n(C)c1=O,5.45
C[C@H](CS)C(=O)N1CCC[C@H]1C(=O)O,3.7
Cn1c(=O)c2[nH]c(Cl)nc2n(C)c1=O,5.3
NS(=O)(=O)c1cc2c(cc1Cl)NC=NS2(=O)=O,6.85
Oc1c(I)cc(Cl)c2cccnc12,8.16
N#C/N=C1\NC(=O)C(c2ccccc2)(c2ccccc2)N1,5.3
O=C(O)c1ccccc1-c1ccccc1C(=O)O,3.2
C[C@@H]1CCc2cc(F)cc3c(=O)c(C(=O)O)cn1c23,6.38
O=c1[nH]cc(F)c(=O)[nH]1,8
COC(=O)n1cc(F)c(=O)[nH]c1=O,6.8
CC[C@@]1(c2ccccc2)CCC(=O)NC1=O,10.5
O=c1cc(O)c2ccccc2o1,4.13
O=C1NC(=O)C(c2ccccc2)(c2ccccc2)N1,8.31
CCn1cc(C(=O)O)c(=O)c2ccccc21,6.51
Cc1cc(C)nc(NS(=O)(=O)c2ccc(N)cc2)n1,7.59
COc1ccc(NS(=O)(=O)c2ccc(N)cc2)nn1,7.19
Nc1ccc(S(=O)(=O)NC(=O)c2ccccc2)cc1,4.57
O=C(Nc1n[nH]c(NC(=O)c2ccccc2)n1)c1ccccc1,10.21
NCCc1[nH]cnc1I,11.88
NCCc1nc(I)[nH]c1I,10.11
N#Cc1cc(I)c(O)c(I)c1,4.08
Fc1cc2nc[nH]c2cc1F,11.7
Fc1c(F)c(F)c2[nH]cnc2c1F,9.4
Oc1cccc2c1cnc1ccccc12,8.68
Cn1[nH]c(=O)[nH]c1=O,5.3
Cn1nc(O)n(-c2ccccc2)c1=O,4.7
Cn1c(=O)[nH]c(=O)n1-c1ccccc1,6.97
Cn1c(O)c2ncnc-2[nH]c1=O,7.7
Oc1ncnc2n[nH]cc12,9.4
Nc1nc(O)[nH]c2ncnc1-2,9
CSc1nc2cnc(Cl)cc2[nH]1,8.75
Nc1nc(O)nc2[nH]c(O)nc12,8.12
Cn1ccc(=O)[nH]c1=O,9.7
Cn1cnc2c(N)[nH]c(=O)nc21,9
Cn1cnc2c(=O)[nH]cnc21,9.21
Nc1nccc(O)n1,9.47
Cc1[nH]c(=S)[nH]c(=O)c1C,8.08
Cc1cc(O)nc(=S)[nH]1,7.73
Cc1cnc(=S)[nH]c1O,7.71
CN(C)c1cc(O)ncn1,10.42
Nc1cc(S)ncn1,9.25
Nc1cc(O)ncn1,10.05
Nc1ccnc(=S)[nH]1,11.18
Oc1ccnc(=S)[nH]1,7.46
CN(C)c1nccc(=O)[nH]1,9.89
Nc1nc(=S)cc[nH]1,8.03
CN(C)c1nccc(=S)[nH]1,8.02
Oc1ccc(/N=N/c2ccccc2)cc1O,7.5
c1ccc2c(c1)[nH]c1ccccc12,15.16
CN1c2ccccc2Nc2c(O)cccc21,9.5
O=C(O)c1ccon1,2.69
O=C(O)c1cnoc1,3.42
O=C(O)c1ccno1,2.04
O=C(O)c1cc(-c2ccccc2)on1,2.26
O=C(c1ccccc1)c1c(-c2ccccc2)noc1O,1.3
CC1=NOC(=O)/C1=C(\O)c1ccccc1,1.4
O=C(O)c1ccn[nH]1,3.84
O=c1cccc2[nH][nH]cc1-2,8.65
Oc1ccc2c[nH]nc2c1,9.35
Oc1cccc2c[nH]nc12,8.6
Nc1ncc(Br)c(=O)[nH]1,8.05
Nc1ncc(F)c(O)n1,8.04
Nc1nc(O)cc(Cl)n1,8.06
Nc1nc(F)cc(=O)[nH]1,8.38
Nc1[nH]c(=O)ncc1Br,10.33
Nc1[nH]c(=O)ncc1Cl,10.36
Nc1nc(O)ncc1F,10.87
Nc1cc(Cl)nc(O)n1,8.59
Nc1cc(F)nc(O)n1,9.05
Sc1ncc(Br)cn1,5.47
Oc1ncc(Br)cn1,7.36
Oc1ncncc1Br,7.15
Sc1ncncc1Br,5.6
S=c1cc(S)nc[nH]1,3.6
O=C(O)[C@@H]1CCc2ccccc2O1,3.28
O=C(O)[C@H]1CCCc2ccccc2O1,3.63
O=C(O)[C@@H]1Cc2ccccc2O1,3.25
O=C(O)c1cccc2cc3ccccc3nc12,7.4
O=C(O)c1ccc2nc3ccccc3cc2c1,5
Cn1ncc(=O)[nH]c1=O,6.99
O=C(O)[C@@H]1CCNO1,4.77
CC1(C)OC(=O)C=C(O)O1,4.97
Cc1nc(C)c(C(=O)O)cc1C(=O)O,2.81
Cc1nc(C)c(C(=O)O)c(C)c1C(=O)O,1.77
Nc1nc(O)c2ncc(=S)nc-2[nH]1,5.82
Nc1nc(O)c2ncc(O)nc2n1,7.34
O=C(O)[C@]12[C@@H]3[C@@H]4[C@H]1[C@@H]1[C@H]2[C@H]3[C@]41C(=O)O,3.63
O=C(O)[C@]12[C@@H]3[C@@H]4[C@H]1[C@]1(Cl)[C@H]2[C@H]3[C@]41C(=O)O,3.17
O=C(O)[C@]12[C@@H]3[C@@H]4[C@@]1(Cl)[C@@H]1[C@H]2[C@@]3(Cl)[C@]41C(=O)O,2.73
O=C(O)[C@]12[C@@H]3[C@@H]4[C@H]1[C@@]1(Cl)[C@]4(C(=O)O)[C@@H]3[C@@]21Cl,2.7
O=P(O)(O)CI,1.3
O=C(O)c1ccccc(O)c1=O,3.2
O=C(O)[C@]12CC[C@H](C1)C2,4.46
c1ccc2c(c1)[nH]c1cnccc12,14.5
c1ccc2cc3[nH]cnc3cc2c1,12.36
Cc1nc2cc3ccccc3cc2[nH]1,12.73
O=C(O)C1(C(=O)O)CCCCC1,3.33
O=c1cc(O)nc[nH]1,5.4
NC(=O)CC(N)=O,12.5
O=C(O)[C@H]1/C(=C/CO)O[C@@H]2CC(=O)N21,2.7
Cn1ccnc1C(=O)O,6.88
Cc1nn(C)cc1C(=O)O,4.52
Cn1cc(C(=O)O)c(C(F)(F)F)n1,3.79
Cc1c(P(=O)(O)O)cnn1C,2.1
O=P(O)(O)c1cnc(O)nc1,1.52
C[C@@H]1CC(=O)C=C(O)C1,5.08
CC1=C(O)CCCC1=O,5.57
CC(=O)C1=C(O)CCCC1=O,5.47
CC(=O)C1C(=O)CC(C)(C)CC1=O,5.36
O=C1C=C(O)C[C@H](c2ccco2)C1,4.73
O=C1C=C(O)C[C@H](c2ccccc2)C1,4.74
O=C1C=C(O)C[C@H](c2ccc(Cl)cc2)C1,4.68
CC1(C)CCC(O)=CC1=O,5.19
Cc1nc(O)ncc1P(=O)(O)O,2.51
C=CP(=O)(O)O,2.74
O=C(Nc1n[nH]c(NC(=O)C(F)(F)F)n1)C(F)(F)F,5.9
CC(=O)Nc1n[nH]c(NC(C)=O)n1,9.35
Nc1nc2nccnc2c(=O)[nH]1,7.9
Cc1cnc2nc(N)nc(O)c2n1,8.3
Cc1nc2nc(N)[nH]c(=O)c2nc1C,8.6
Nc1nc2ncc(CO)nc2c(=O)[nH]1,8.1
O=C(O)c1cccc(P(=O)(O)O)c1,1.55
O=P(O)(O)c1ccc(F)cc1,1.59
O=P(O)(O)c1ccc(C(F)(F)F)cc1,1.28
O=P(O)(O)c1ccc(OC(F)(F)F)cc1,1.45
CC(=O)c1cccc(P(=O)(O)O)c1,1.36
CC(=O)c1ccc(P(=O)(O)O)cc1,1.28
CC(C)(C)c1ccc(P(=O)(O)O)cc1,1.8
O=P(O)(O)c1ccc(-c2ccccc2)cc1,1.64
O=P(O)(O)c1cccc(-c2ccccc2)c1,1.61
CC(C)c1ccc(P(=O)(O)O)cc1,2.13
O=P(O)(O)c1cc(F)ccc1F,1.06
COC(=O)NS(=O)(=O)c1ccc(N)cc1,4.8
Cc1nc2nc[nH]c(=O)c2nc1C,8.39
CNc1nc2nc(C)c(C)nc2c(=O)[nH]1,8.73
Nc1nc2[nH]c(-c3ccccc3)c(-c3ccccc3)nc-2c(=O)n1,8.6
Oc1cnc2c(O)nc(=S)[nH]c2n1,2.85
Cn1c(=S)[nH]c(=O)c2ncc(O)nc21,2.89
O=c1cnc2c(O)nc[nH]c-2n1,6.08
Cn1c(O)cnc2c(=O)ncnc1-2,7.58
O=c1cnc2[nH]c(=S)[nH]c(=O)c2[nH]1,4.93
Cn1c(=S)nc(O)c2nc(O)cnc21,4.93
Cn1c(=O)c2[nH]c(=O)c(=O)[nH]c2n(C)c1=S,2.72
Cn1c(=S)[nH]c2[nH]c(=O)c(=O)[nH]c2c1=O,3.06
Cn1c(=S)[nH]c(=O)c2[nH]c(=O)c(=O)[nH]c21,2.63
O=c1[nH]c2[nH]c(=S)[nH]c(=O)c2[nH]c1=O,2.91
Cn1c(=O)c(=O)[nH]c2c(=O)[nH]c(=S)[nH]c21,2
CSc1nc2c([nH]c(=O)c(=O)n2C)c(=O)[nH]1,6.19
CSc1nc2[nH]c(=O)c(=O)[nH]c2c(=O)[nH]1,6.23
O=c1[nH]c2nc[nH]c(=O)c2[nH]c1=O,6.73
Cn1c(N)nc(=O)c2ncc(O)nc21,5.25
Cc1nc2c(=O)nc(N)n(C)c2[nH]c1=O,5.03
Cn1c(N)nc2[nH]c(=O)c(=O)[nH]c2c1=O,7.6
O=C(O)c1cnc2[nH]c(=O)[nH]c(=O)c2n1,2.71
COC(=O)c1cnc2[nH]c(=O)[nH]c(=O)c2n1,6.78
Cn1c(=O)[nH]c(=O)c2nc(C(=O)O)cnc21,2.6
Cn1c(=O)[nH]c2ncc(C(=O)O)nc2c1=O,2.9
NC(=O)c1cnc2[nH]c(=O)[nH]c(=O)c2n1,7
Cc1nc2[nH]c(=O)[nH]c(=O)c2nc1C(=O)O,2.45
O=C(O)c1cnc2c(=O)[nH]c(=O)[nH]c2n1,2.09
COC(=O)c1cnc2c(=O)[nH]c(=O)[nH]c2n1,7.39
Cn1c(=O)[nH]c(=O)c2ncc(C(=O)O)nc21,1.51
Cn1c(=O)[nH]c2nc(C(=O)O)cnc2c1=O,1.57
Cn1c(=O)c2ncc(C(=O)O)nc2n(C)c1=O,1.69
Cc1nc2c(=O)n(C)c(=O)n(C)c2nc1C(=O)O,1.2
Cc1nc2c(=O)[nH]c(=O)[nH]c2nc1C(=O)O,1.25
Cn1c(N)nc2ncc(C(=O)O)nc2c1=O,3.3
Cn1c(=O)c2[nH]c(=S)c(N)nc2n(C)c1=O,5.46
Cn1c(=O)c2[nH]c(=S)c(O)nc2n(C)c1=O,2.56
Cn1c(=O)c2[nH]c(=S)c(S)nc2n(C)c1=O,1.96
NC(=O)[C@]1(O)NC=Nc2ccccc21,11.38
CC1=N[C@@](O)(C(N)=O)c2ccccc2N1,11.45
CC1=Nc2ccc(C)cc2[C@](O)(C(N)=O)N1,11.44
CC1=N[C@@](O)(C(N)=O)c2cc(F)ccc2N1,11.23
Oc1cc(Cl)nc(Cl)n1,5.3
Oc1nc(Cl)cc(Cl)n1,4.05
CNc1cc(Cl)[nH]c(=O)n1,9.05
Cc1nc2c(=O)nc(O)nc-2n(C)c1C,9.9
Cc1nc2c(S)nc(=O)nc-2n(C)c1C,6.97
Cc1nc2c(O)nc(=S)nc-2n(C)c1C,8.23
Nc1nc(N)c2ncc(S)nc2n1,7.02
CN(C)c1nc(N)c2ncc(S)nc2n1,7.42
Cn1c(=O)[nH]c2nc(-c3ccccc3)c(Cl)nc2c1=O,7.53
Cn1c(=O)[nH]c2nc(-c3ccccc3)c(=O)[nH]c2c1=O,7.03
Cn1c(O)c2nc(-c3ccccc3)c(=O)[nH]c2nc1=O,3.65
COC(=O)c1nc2nc(N)nc(O)c2nc1C,8.05
Cc1nc2nc(N)[nH]c(=O)c2nc1C(=O)O,3.2
O=c1[nH]c(=O)c2c[nH]nc2[nH]1,7.7
Nc1nc2c(=O)[nH]c(=O)[nH]c2[nH]1,8.48
Cn1c(=O)[nH]c2[nH]c(N)nc2c1=O,8.88
Cn1c(=O)[nH]c(=O)c2nc(N)[nH]c21,9.77
Oc1nc(O)nc(O)n1,6.5
Nc1nc(=O)[nH]c(=O)[nH]1,6.9
Fc1cccc2[nH]cnc12,11.6
Fc1ccc(F)c2[nH]cnc12,10.3
Fc1ccc2nc[nH]c2c1F,11.1
Fc1cc(F)c2[nH]cnc2c1,11.2
Fc1cc2[nH]cnc2c(F)c1F,10.7
Fc1cc(F)c2[nH]cnc2c1F,9.9
O=C(O)C1CC2(CCC2)C1,4.6
O=C(O)C1CC2(C1)CC(F)(F)C2,4.3
O=C(O)C1CC2(CC2)C1,4.6
O=C(O)[C@H]1CC2(CC2)CO1,3.5
O=C(O)[C@@H]1CC2(CCC2)CO1,3.7
S=c1[nH]cc[nH]1,11.6
Cn1cc[nH]c1=S,11.56
Brc1c[nH]cn1,12.32
Brc1ncc[nH]1,11.03
O=C(O)c1nc[nH]c1C(=O)O,3.43
Nc1nnc[nH]1,11.08
O=C(O)c1cnn[nH]1,3.17
Cn1cc(C(=O)O)nn1,3.16
O=C(O)/C=C/c1c[nH]cn1,5.92
O=C(O)/C=C\c1cnc[nH]1,6.78
CN1CCc2cc3c(cc2[C@H]1O)OCO3,11.58
Cc1[nH]ccc2c1[nH]c1cc(=O)ccc12,9.51
Cc1oc2c(O)ccc(C)c2c1C,9.37
O=C(O)c1ccc2cccccc1-2,5.5
Cc1sc2ccc(O)cc2c1C,10.03
Cc1sc2cc(O)ccc2c1C,9.84
Cc1sc2c(O)cccc2c1C,8.8
CCc1cc2c(O)cccc2s1,9.32
CCc1ccc(O)c2ccsc12,9.41
Cc1csc2c(C)cc(O)cc12,10.09
O=C(O)[C@]12CC[C@](C(=O)O)(CC1)CC2,4.468
N#C[C@]12CC[C@](C(=O)O)(CC1)CC2,4.545
O=C(O)[C@]12CC[C@](Br)(CC1)CC2,4.619
COC(=O)[C@]12CC[C@](C(=O)O)(CC1)CC2,4.764
O=C(O)[C@]12CC[C@H](CC1)C2,4.876
O=C(O)[C@]12CC[C@](Br)(CC1)C2,4.356
N#C[C@]12CC[C@](C(=O)O)(CC1)C2,4.227
COC(=O)[C@]12CC[C@](C(=O)O)(CC1)C2,4.494
O=C(O)[C@]12CC[C@](C(=O)O)(CC1)C2,4.197
Cc1oc2cccc(O)c2c1C,9.93
Cc1cc2c(O)ccc(C)c2o1,9.6
Cc1oc2ccc(O)cc2c1C,10.52
Cc1oc2cc(O)ccc2c1C,9.95
Cc1oc2c(O)cccc2c1C,9.07
Cc1cc(=O)oc2cccc(O)c12,8.26
Cc1cc(=O)oc2ccc(O)cc12,9.14
Cc1cc(=O)oc2cc(O)ccc12,7.8
Cc1csc2ccc(O)cc12,9.94
Cc1csc2cc(O)ccc12,9.7
Cc1csc2c(O)cccc12,8.72
O=c1cc(-c2ccccc2)[nH]o1,4.01
O=C(O)c1cnc2ccccc2n1,2.875
O=C(O)c1cccc2nccnc12,4.026
O=C(O)c1ccc2nccnc2c1,3.64
O=C(O)C1=C(C(=O)O)[C@H]2CC[C@@H]1C2,1.32
Cc1cc2c(O)cccc2o1,9.31
Cc1coc2cccc(O)c12,9.65
O=c1[nH]c(Cl)cc2c1CCC2,8.53
Fc1ccc2[nH]ccc2c1,16.3
Fc1cccc2[nH]ccc12,16.3
Cc1ccc(Br)c(O)c(=O)c1Br,5.59
O=c1nc(O)c2ccccc2[nH]1,9.82
O=c1[nH]c2ccccc2[nH]c1=O,9.52
Oc1cccc2sccc12,9.18
O=C(O)[C@]12[C@@H]3[C@H]1CCC[C@@H]32,4.6
Cc1nc2ccccc2[nH]1,13.18
O=C(O)C1=C(C(=O)O)CC=CC1,3.64
O=C(O)C1=CC=CC[C@H]1C(=O)O,4.08
O=C(O)C1=CCC=C[C@@H]1C(=O)O,4.06
COc1cccc(=O)c(O)c1,8
Cc1cccc(O)c(=O)c1,7.26
O=C(O)c1oc(C(=O)O)c(C(=O)O)c1C(=O)O,1.37
S=c1[nH]c2ccccc2o1,6.33
O=C1NC(=O)[C@@H]2CCC[C@H]12,9.53
S=c1[nH]nnn1-c1ccccc1,2.8
O=c1[nH]c2ccccc2o1,8.9
CC1(C)[C@H](C(=O)O)[C@@H]1C(=O)O,2.38
C[C@@]1(C(=O)O)C[C@@]1(C)C(=O)O,3.7
C[C@@]1(C(=O)O)C[C@H]1C(=O)O,3.93
O=C(O)[C@@H]1C[C@]1(C(=O)O)c1ccccc1,3.72
C[C@@]1(C(=O)O)C[C@@]1(Cl)C(=O)O,2.72
O=C(O)[C@]1(Cl)C[C@]1(C(=O)O)c1ccccc1,3.61
C[C@]1(C(=O)O)C[C@H]1C(=O)O,3.56
O=C(O)[C@@H]1C[C@@]1(C(=O)O)c1ccccc1,3.67
C[C@@]1(C(=O)O)C[C@@]1(C(=O)O)c1ccccc1,3.84
C[C@@]1(C(=O)O)C[C@]1(Cl)C(=O)O,2.95
C[C@@H]1[C@@H](C(=O)O)[C@@]1(C)C(=O)O,3.69
C[C@H]1[C@@H](C(=O)O)[C@@]1(C)C(=O)O,3.09
C[C@@H]1[C@](C)(C(=O)O)[C@]1(C)C(=O)O,4.23
C[C@@H]1[C@](Cl)(C(=O)O)[C@]1(C)C(=O)O,2.91
C[C@H]1[C@@H](C(=O)O)[C@@]1(Cl)C(=O)O,2.66
C[C@H]1[C@@H](C(=O)O)[C@]1(C)C(=O)O,4.23
C[C@@H]1[C@@H](C(=O)O)[C@]1(C)C(=O)O,3.93
CC1[C@@](C)(C(=O)O)[C@]1(C)C(=O)O,3.77
C[C@@H]1[C@@H](C(=O)O)[C@]1(Cl)C(=O)O,2.61
O=C1C[C@H](C(=O)O)[C@H](C(=O)O)C1,3.59
O=C(O)C1=CCC[C@H]1C(=O)O,4.03
O=C(O)C1=CC[C@H](C(=O)O)C1,4.27
O=C1C[C@@H]2[C@@H](C(=O)O)[C@H](C(=O)O)C[C@@H]2O1,3.4
CC1=CC(O)=CC(=O)C1=O,4.04
CN1C(=O)C(C)(C)NC1=S,10.8
Oc1cccc2nsnc12,7.86
Oc1ccc2nsnc2c1,8.16
CC(C)c1n[nH]c(=O)[nH]c1=O,7.45
Cc1cc[nH]c1C(=O)O,5.1
Cc1c[nH]cc1C(=O)O,5.65
Cc1cc(C(=O)O)c[nH]1,5.35
O=C1NC(=O)[C@@H]2CC[C@H]12,9.63
O=C1NC(=O)[C@H]2CC[C@@H]1C2,9.53
O=C1NC(=O)[C@H]2CC[C@@H]1CC2,9.72
CC1(C)C(=O)NC(=O)C1(C)C,9.7
Cc1nn2c(C)n[nH]c2nc1=O,5.85
O=C1C[C@H]2C(=O)NC(=O)[C@H]2N1,8.15
O=C(O)c1coc(C(=O)O)c1,2.9
S=C(S)N1CCOCC1,5.19
CC1(C)NC(=S)NC1=O,8.71
S=C(S)N1CCCC1,3.29
CC[C@]1(c2ccccc2)NC(=O)NC1=O,8.5
Cc1nn(C)c(=O)nc1O,7.49
Cc1n[nH]c(=O)n(C)c1=O,10.1
CCn1ncc(=O)[nH]c1=O,7.07
CCn1c(=O)cn[nH]c1=O,9.59
NC(=O)Nc1[nH]cnc1C(=O)O,4.9
O=C(O)c1c[nH]cn1,6.26
Cc1cc(C(=O)O)n[nH]1,3.79
O=C(O)c1ccco1,3.272
Cn1c(=S)cn[nH]c1=O,8.57
Cn1ncc(=O)[nH]c1=S,6.24
Cn1c(=O)cn[nH]c1=S,8.12
Cc1n[nH]c(=S)[nH]c1=O,6.47
Cc1n[nH]c(=S)n1C,8.19
CN1CC(=O)NC(=O)N1,10.6
CN1C(=O)CNNC1=O,11
C[C@H]1NC(=O)NC1=O,9.07
Cn1ncc(=S)[nH]c1=S,5.76
Cn1c(=S)cn[nH]c1=S,7.37
Cc1n[nH]c(=S)[nH]c1=S,6.1
COc1ncnc(O)n1,6.92
Cc1nc(=O)[nH]c(=O)[nH]1,7.23
Cn1c(=O)nc[nH]c1=O,6.58
Cn1cnc(=O)[nH]c1=O,8.15
Cc1n[nH]c(=O)[nH]c1=O,7.48
Cn1c(=O)cn[nH]c1=O,9.25
O=C(O)c1nnc(C(=O)O)nn1,2.8
O=c1[nH]ncc(=S)[nH]1,6.33
O=c1cn[nH]c(=S)[nH]1,5.98
O=c1[nH]nc(I)c(=O)[nH]1,6.27
O=c1[nH]nc(Br)c(=O)[nH]1,6.05
O=c1[nH]nc(Cl)c(=O)[nH]1,5.8
O=C1CNNC(=O)N1,10.1
Cc1nsc(=S)[nH]1,5.18
Cc1n[nH]c(=S)s1,4.9
S=c1cn[nH]c(=S)[nH]1,5.66
O=c1[nH][nH]c(=O)c(=O)[nH]1,2.95
O=c1cn[nH]c(O)n1,7
O=c1nc[nH]c(=O)[nH]1,6.73
O=c1cnnc[nH]1,7.15
N#Cc1n[nH]nc1N,6.15
COc1c(O)cccc1CN,10.54
COc1cc(CN)ccc1O,10.52
COc1cccc(CN)c1O,11.06
Nc1cc(N)c2ccccc2c1O,10.18
Oc1ccnc(O)c1,6.545
O=Cc1ncccc1O,6.95
Oc1ccccc1-c1ccccn1,10.64
Nc1ccc(O)c(N)c1O,9.3
Nc1cc(N)c(O)cc1O,9.8
Nc1cccc(N)c1O,10.5
Nc1ccc(O)c(N)c1,10.5
Nc1cc(N)c(O)c(N)c1O,10.1
Nc1ccc(O)cc1O,9.3
Nc1ccccc1O,9.75
CN(C)c1ccc(/N=N/c2ccc(O)cc2)cc1,8.6
Cc1cc(C)c(/N=N/c2c(C)cc(O)cc2C)c(C)c1,9.1
O=C(O)c1ccc2ccccc2n1,4.98
O=C(O)c1ccc2ncccc2c1,4.82
O=C(O)c1cccc2cccnc12,6.77
Nc1cc(N)c2cccnc2c1O,10.83
O=c1cc(O)[nH]c2ccccc12,5.9
Cc1cc2cccc(O)c2nc1C,10.2
Cc1cnc2c(O)cccc2c1,9.75
Oc1cc(C(F)(F)F)cc2cccnc12,10.1
Oc1c(C(F)(F)F)ccc2cccnc12,9.08
Cc1cc2nc[nH]c2cc1C,12.52
CN(C)c1nc2ccccc2[nH]1,11.5
O=c1[nH]c2ccccc2[nH]1,11.99
Oc1cccc2scnc12,8.85
Nc1ccc2cc3cc(C(=O)O)ccc3nc2c1,8
O=c1[nH]ccc2cccnc12,12.04
O=c1cc[nH]c2cccnc12,10.03
Nc1nc2cncnc2[nH]1,9.38
Nc1nc(C(F)(F)F)c2[nH]c(C(F)(F)F)nc2n1,5.02
Nc1ncc2[nH]c(-c3ccccc3)nc2n1,9.21
Nc1nc(C(F)(F)F)c2nc[nH]c2n1,8.87
N#Cc1ncnc2nc[nH]c12,6.88
Nc1nc(N)c2[nH]cnc2n1,10.81
Nc1nc(N)c2nc(C(F)(F)F)[nH]c2n1,7.55
Cn1cnc2[nH]c(=O)[nH]c2c1=O,8.54
Cn1c2nc(=O)[nH]c-2c[nH]c1=O,8
[H]/N=c1\c2[nH]cnc2ncn1C,11
Cn1cc2nc[nH]c2nc1=O,8.8
O=c1[nH]c(=O)c2nc[nH]c2[nH]1,7.53
O=c1nc2[nH]c(=O)[nH]c2c[nH]1,7.4
Cn1c(=O)[nH]c2c(=O)[nH]cnc21,8.34
Cn1c2c[nH]c(=O)[nH]c-2nc1=O,7.7
Cn1c(=O)[nH]c2c[nH]c(=O)nc21,8.5
CN(C)c1ncc2[nH]cnc2n1,10.24
CN(C)c1ncnc2nc[nH]c12,10.5
CN(C)c1nc2ncncc2[nH]1,9.77
CN(C)C(=O)c1ncnc2nc[nH]c12,7.9
Cn1cnc2cnc(O)nc21,9.22
Cn1c2cnc[nH]c-2nc1=O,8.23
Cn1c(=O)[nH]c2cncnc21,9.08
Cn1c(=S)[nH]c2cncnc21,7.5
COc1ncc2[nH]cnc2n1,9.2
COc1ncnc2[nH]cnc12,9.18
COc1nc2cncnc2[nH]1,7.76
Cc1[nH]cnc2ncnc1-2,9.05
Cc1nc2ncncc2[nH]1,9.4
CSc1ncc2nc[nH]c2n1,8.93
CSc1ncnc2nc[nH]c12,8.76
CSc1nc2ncncc2[nH]1,7.7
c1ccc(-c2nc3c[nH]cnc-3n2)cc1,8.1
Nc1nc(N)c2[nH]c(N)nc2n1,10.85
FC(F)(F)c1ncnc2nc[nH]c12,7.35
FC(F)(F)c1nc2cnc[nH]c-2n1,5.12
c1ncc2cn[nH]c2n1,9.54
Nc1ncnc2c[nH]nc12,10.15
Nc1ncnc2n[nH]cc12,10.84
Cc1nc(N)c2cn[nH]c2n1,11.3
Cc1[nH]nc2ncnc(N)c12,11.11
CSc1ncnc2[nH]ncc12,9.65
c1ccc2c(c1)ccc1nc[nH]c12,12.58
c1nc2c3c(ccc2[nH]1)CCCC3,12.8
Nc1nc2cc3ccccc3cc2[nH]1,12.8
CCc1nc2cc3ccccc3cc2[nH]1,12.9
O=c1[nH]c2cc3ccccc3cc2[nH]1,11.66
c1nc2cc3c(cc2[nH]1)CCCC3,13.33
CNc1ncnc2n[nH]cc12,10.59
CNc1nc2ncncc2[nH]1,9.59
CNC(=O)c1ncnc2nc[nH]c12,8.9
c1cnc2nc[nH]c2c1,11.11
S=c1[nH]ncc2ccccc12,9.99
CNc1nc(C)nc2n[nH]cc12,11.31
O=c1nc[nH]c2cccnc12,8.98
O=c1[nH]ccc2nccnc12,11.08
O=c1[nH]c2cncnc2[nH]c1=O,6.89
Nc1ncc2ncc(=O)[nH]c2n1,7.5
Nc1nc(=O)[nH]c2nccnc12,9.99
Cc1nc2nc(=O)[nH]c(N)c2nc1C,10.73
O=c1ncc2nccnc2[nH]1,7.7
Cc1nc2ncncc2[nH]c1=O,7.46
Cc1ncnc2ncc(=O)[nH]c12,6.3
Cc1cnc2[nH]c(=O)ncc2n1,8
S=c1cn[nH]c2ccccc12,7.13
O=c1ncc2ccccc2[nH]1,10.73
O=c1nc[nH]c2ccccc12,9.87
O=c1ccc2cnc[nH]c-2c1,7.39
S=c1nc2ccccc2c[nH]1,8.18
S=c1[nH]cnc2ccccc12,8.47
Cc1nc2ccccc2[nH]c1=O,9.9
S=c1cnc2ccccc2[nH]1,7.2
O=C1NCc2nccnc2N1,12.6
O=C1CNc2cncnc2N1,9.96
Cc1cnc2c(n1)CNC(=O)N2,13.05
CC1=Nc2cnc(=O)[nH]c2NC1,11.89
Cc1ncc2ncc(=O)[nH]c2n1,6.7
O=c1nc2c(c[nH]1)NCCN2,12.5
CC1=NC2=C(C)NC(=O)NC2=NC1,12.5
Nc1cc(O)c(O)c2ccccc12,9.32
Nc1cc(O)c2ccccc2c1O,9.57
CNc1nc(N)c(N)c(=O)[nH]1,10.66
O=c1cccc(O)[nH]1,4.52
Cc1ccc(=O)[nH]c1,12.01
Cc1cccc(=O)[nH]1,12.45
Cc1ccc[nH]c1=O,12.59
COc1ncccc1O,8.65
O=c1ccc(Cl)c[nH]1,10.03
CC(C)(C)c1ccnc(=O)[nH]1,10.29
NCc1cnc[nH]1,11.31
c1ccc(-c2nc[nH]c2-c2ccccc2)cc1,12.8
Oc1cc2ccccc2cc1C1=NCCN1,10.85
Oc1ccccc1C1=NCCN1,12.58
Sc1cnccn1,6.75
S=c1cccn[nH]1,8.32
S=c1cc[nH]nc1,6.65
Cc1cnc(=O)[nH]c1N,12.4
CNc1nc(=O)cc(N)[nH]1,11.06
Cn1cc(Br)c(=O)[nH]c1=O,7.84
O=c1[nH]cc(Br)c(=O)[nH]1,7.83
O=C(O)c1cc(=O)[nH]cn1,2.8
Nc1nc(=O)c(N)c(O)[nH]1,8.9
Nc1cc(N)[nH]c(=O)n1,11.98
Cc1c(N)nc(N)[nH]c1=O,11.1
Nc1c[nH]c(=S)nc1N,10.42
O=c1nc[nH]cc1O,7.52
Cc1cc(=O)[nH]c(=O)[nH]1,9.8
COc1c[nH]cnc1=O,8.64
COc1nc(=O)cc(C)[nH]1,8.5
Cc1cc[nH]c(=O)n1,9.9
Cc1cc(=O)[nH]cn1,9.1
CNc1nccc(=O)[nH]1,9.84
Cc1cc(C)[nH]c(=S)n1,8.5
Cc1cc[nH]c(=S)n1,8.1
Cc1cc(=S)[nH]cn1,7.3
CNc1cc[nH]c(=S)n1,11.12
CC(C)(N)C(=O)O,10.205
O=c1cc2ccccc2c[nH]1,9.62
Nc1nc(N)c2n[nH]nc2n1,7.58
Nc1nc(N)c(-c2ccc(Cl)cc2)c(=O)[nH]1,10.8
Nc1cc(=S)[nH]c(N)n1,10.19
Nc1nc(N)[nH]c(=S)n1,8.2
Cc1nc(=O)nc(N)[nH]1,9.2
Nc1nc(-c2ccccc2)[nH]c(=O)n1,8.1
Cc1ncn[nH]1,10.73
c1ccc(-c2ncn[nH]2)cc1,9.59
CCc1ncn[nH]1,10.69
Nc1n[nH]c(N)n1,12.12
Cc1nc(C(=O)O)c(C)o1,4.17
Cc1nc(C)c(C(=O)O)o1,3.08
O=C(O)c1nc(-c2ccccc2)oc1-c1ccccc1,3.4
Cc1nc(C(=O)O)co1,3.59
Cc1ncoc1C(=O)O,2.88
O=C(O)c1ncc(-c2ccccc2)o1,1.78
O=Cc1cnn[nH]1,6.63
Clc1ccc2nc[nH]c2c1,12.07
Brc1ccc2[nH]cnc2c1,12.02
Cc1ccc2nc[nH]c2c1,13
FC(F)(F)c1ccc2nc[nH]c2c1,11.72
Nc1ncc2n[nH]nc2n1,6.51
Nc1nc(=O)c2n[nH]nc2[nH]1,6.59
Cc1nc(N)nc2n[nH]nc12,6.63
C1=NCc2n[nH]nc2N1,8.97
CC1=Nc2n[nH]nc2CN1,9.47
O=c1nc2[nH]nnc2c[nH]1,6.56
Cc1[nH]c(=O)nc2nn[nH]c12,5.41
Cc1[nH]cnc2nnnc1-2,5.12
CSc1nc(C)c2nn[nH]c2n1,5.45
CSc1ncc2n[nH]nc2n1,5.23
c1ncc2n[nH]nc2n1,4.89
Cn1cnc(=O)c2nc[nH]c21,8.34
Cn1cnc2[nH]cnc(=O)c21,9
Cn1cnc(=S)c2[nH]cnc21,7.51
Clc1ncc2nc[nH]c2n1,8.21
Clc1ncnc2nc[nH]c12,7.88
Clc1nc2cnc[nH]c-2n1,6.02
Clc1nc(Cl)c2nc[nH]c2n1,7.06
Clc1nc(Cl)c2[nH]c(Cl)nc2n1,3.96
Cc1ncc2[nH]c(=S)n(C)c2n1,7.66
CSc1nc2c[nH]c(=O)[nH]c-2n1,7.25
Cc1nc(O)nc2[nH]cnc12,8.9
Nc1ncc2[nH]c(C(F)(F)F)nc2n1,6.19
CSc1nc2nc(N)ncc2[nH]1,8.53
CS(=O)(=O)c1nc2cnc[nH]c-2n1,4.9
Cn1c(=S)[nH]c2cnccc21,8.81
Cn1c2c[nH]ccc-2nc1=S,8.92
Nc1cc(=O)cc[nH]1,10.69
Nc1cccc(O)n1,11.38
Nc1cccnc1O,12.57
Nc1cc[nH]c(=O)c1,13.54
Nc1ccc(O)nc1,11.65
Nc1ccnc(O)c1N,13.43
Nc1cc(O)[nH]c(=O)n1,8.69
Nc1c[nH]c(=O)[nH]c1=O,9.52
CNc1nc(=S)[nH]c(C)c1N,11.55
c1nc2cnc(N3CCCCC3)nc2[nH]1,10.24
c1nc(N2CCCCC2)c2[nH]cnc2n1,10.04
Nc1cnccc1O,11.27
Cc1nc[nH]c1C(=O)O,7.01
Cc1cc(=O)[nH]n1C,8.91
Cc1cc(=O)n(C)[nH]1,7.94
Nc1ccc(=S)[nH]n1,9.05
O=c1ccc(=S)[nH][nH]1,3.32
CNc1ccc(=S)[nH]n1,9.46
Cc1cc(C)nc(O)n1,10.5
Cc1cc(=O)[nH]c(C)n1,9.82
O=C(Nc1ncccn1)c1ccccc1,11.2
CC(C)c1c(Cl)nc[nH]c1=O,9.13
Cc1c(O)ncnc1Cl,7.79
CSc1ncnc(O)c1C,9.12
COc1nc[nH]c(=S)c1C,7.9
Cc1c(N)nc(=O)[nH]c1N,11.78
Nc1cc(N)[nH]c(=S)n1,10.53
Cc1c(N)[nH]c(=O)[nH]c1=O,9.22
Cc1nc(N)c(C)c(=O)[nH]1,11.41
Nc1cc(=O)[nH]c(=S)[nH]1,7.25
Cc1c[nH]cnc1=O,9.17
Cc1cc(=S)nc(C)[nH]1,8.18
Nc1ncnc(C(=O)O)c1N,7.79
COc1cc(=O)[nH]cn1,8.47
Cc1nc(O)cc(=O)[nH]1,6.35
Cn1cnc2c(=S)[nH]cnc21,7.96
Cc1ccc(-c2cnc(O)nc2)cc1,8.74
CC(=O)Nc1nc2[nH]c(C)nc2c(=O)n1C,9.2
CC(=O)Nc1nc2nc(C)n(C)c2c(=O)[nH]1,8.62
CC(=O)Nc1nc2c(nc(C)n2C)c(=O)[nH]1,8.93
CC(=O)Nc1nc2nc(C)[nH]c2c(=O)[nH]1,8.62
Cc1nc2c(=O)n(C)c(N)nc2[nH]1,11.22
Cc1nc2[nH]c(N)nc(=O)c2n1C,9.9
Cc1nc2c(=O)[nH]c(N)nc2n1C,9.95
Cc1nc2nc(N)[nH]c(=O)c2[nH]1,9.7
Cn1c(C(F)(F)F)nc2nc(N)[nH]c(=O)c21,8.8
Cn1c(C(F)(F)F)nc2c(=O)[nH]c(N)nc21,9.16
Nc1nc2nc(C(F)(F)F)[nH]c2c(=O)[nH]1,6.52
Cn1c(N)nc2[nH]cnc2c1=O,10.54
Cn1cnc2[nH]c(N)nc(=O)c21,9.95
Nc1ncnc2n[nH]nc12,6.29
O=c1[nH]cnc2nn[nH]c12,5.19
Cn1nc2[nH]cnc(=O)c2n1,8.81
CNc1ncc2nc[nH]c2n1,10.37
c1ncc2[nH]ccc2n1,13.16
O=C1NC=CC2=NCCN12,12.6
Nc1[nH]ccn2c(=S)ncc1-2,8.74
O=c1cnc2cnccc2[nH]1,7.91
O=c1cnc2ccncc2[nH]1,7.33
Cc1cc(O)nn1-c1ccccc1,8.23
COc1cccc(=O)[nH]1,9.47
Cn1c(O)cccc1=O,4.62
O=C(O)c1ccnc(C(=O)O)c1,2.17
O=c1[nH]cc(Br)cc1Br,8.43
O=c1[nH]cccc1Br,10.42
O=c1ccc(Br)c[nH]1,10.03
O=c1[nH]cccc1Cl,10.4
O=c1[nH]cc(Cl)cc1Cl,8.48
O=c1cc[nH]c(Cl)c1,6.84
O=C(Nc1ccccc1)c1c[nH]cn1,11.97
COc1cc(=S)[nH]cn1,7.51
NC(=O)c1nn[nH]c1N,7.81
Cn1nc(N)c(C(=O)O)n1,3.81
O=Cc1ncnc2[nH]cnc12,8.8
O=c1c(Cl)c[nH]cc1Cl,7.68
Oc1cc(Cl)nc(Cl)c1,5.9
O=c1c(Cl)c(Cl)[nH]c(Cl)c1Cl,2
O=c1c(Cl)c[nH]c(Cl)c1Cl,3.97
O=Cc1c[nH]cn1,10.66
Cn1[nH]c(=O)ccc1=O,5.46
Oc1ncc(-c2ccc(Cl)cc2)cn1,8.57
O=C(O)[C@H]1CSCN1,6.08
CC1(C)SCN[C@H]1C(=O)O,5.98
Oc1ccc(Br)c2cccnc12,9.02
Oc1ccc(Cl)c2cccnc12,9.34
Oc1ccc(I)c2cccnc12,8.65
Cc1cc(O)nc2c1CCO2,8.92
CNc1nc2[nH]cnc2c(=O)[nH]1,8.9
Oc1cc(Cl)c(O)c(Cl)c1,7.3
Nc1cc(Cl)ccc1C(=O)O,4.44
Nc1ccc(Cl)cc1C(=O)O,4.35
Nc1cc(Br)ccc1C(=O)O,4.37
Nc1cc(F)ccc1C(=O)O,4.6
Nc1ccc(F)cc1C(=O)O,4.82
Cc1cc(O)cc(C)c1Cl,9.706
Cc1ccc(C(=O)O)c(N)c1,5.07
COc1ccc(C(=O)O)c(N)c1,4.88
COc1ccc(N)c(C(=O)O)c1,5.57
C[C@@H](Cl)C(=O)O,2.89
C[C@@H](Br)C(=O)O,3.01
Cc1n[nH]c(=S)o1,5.01
O=C1CCCN1,14.7
Cc1cc(O)nc(Cl)c1,8.06
Nc1ccc(O)cc1C(=O)O,5.37
N#Cc1ccc(O)c(C(=O)O)c1,2.38
N#Cc1ccc(C(=O)O)c(O)c1,2.35
O=C(O)c1cccc(Br)c1C(=O)O,2.27
O=C(O)c1ccc(Br)cc1C(=O)O,2.5
Cc1ccc(C(=O)O)cc1Cl,4.06
Cc1cccc(C(=O)O)c1Br,2.9
Cc1ccc(C(=O)O)c(Br)c1,3.09
Cc1ccc(Br)c(C(=O)O)c1,3
Cc1cccc(C(=O)O)c1Cl,3
Cc1ccc(C(=O)O)c(Cl)c1,3.27
Cc1ccc(Cl)c(C(=O)O)c1,3.12
Cc1ccc(C(=O)O)cc1Br,3.96
Cc1cccc(C(=O)O)c1I,2.92
Cc1ccc(C(=O)O)c(I)c1,3.2
Cc1ccc(I)c(C(=O)O)c1,2.95
CC(=O)Nc1ccc(O)c(Cl)c1,8.2
O=C1CCc2cc(O)ccc21,7.53
O=C1CCc2cccc(O)c21,8.43
CC(=O)c1cccc(C)c1O,9.14
COc1c(C)cccc1C(=O)O,3.84
CC(C)c1ccccc1S,7.02
CC(C)C(C(=O)O)(C(=O)O)C(C)C,2.124
Oc1c(Cl)cc(Cl)c2cccnc12,7.62
O=C(O)c1nc2ccccc2nc1Cl,1.83
CC(C)c1cccc(C(=O)O)c1O,2.76
Cc1cccc(O)c1C(C)C,11.23
Cc1ccc(O)c(C(C)C)c1,10.73
Cc1cc(C(C)C)ccc1O,10.56
Cc1cc(O)ccc1C(C)C,10.31
Cc1c(C)c(O)c(C)c(C)c1O,11.25
Oc1cc(Cl)cc2ccccc12,8.4
Oc1cc(Cl)c2ccccc2c1,8.82
Oc1cc(Br)cc2ccccc12,8.34
Oc1cc(Br)c2ccccc2c1,8.74
Oc1cc(I)cc2ccccc12,8.36
Oc1cc(I)c2ccccc2c1,8.81
Nc1cc(O)c2ccccc2c1,9.36
Nc1cc(O)cc2ccccc12,9.84
Cc1nc2ccccc2cc1O,10.16
CC(C)(C)c1ccc(O)c(Cl)c1,8.58
Cc1cc(O)c(C(C)C)cc1Cl,9.98
O=C(O)c1cc(O)cc2ccccc12,3.69
O=C(O)c1cc(O)c2ccccc2c1,4.25
Cc1ccc(O)c2ccccc12,9.64
Cc1cc(O)c2oc(C)c(C)c2c1,9.11
Cc1cccc(C(C)(C)C)c1O,10.96
Cc1cc(C(C)(C)C)ccc1O,10.59
Cc1cc(C)c(C(C)C)cc1O,10.76
Cc1cc(C)c(O)c(C(C)C)c1,11.18
Cc1cc(C(C)C)cc(C)c1O,10.9
Cc1cc(O)c(C(C)C)cc1C,10.79
O=C(O)c1ccc(Cl)c2ccccc12,3.36
O=C(O)c1ccc(Br)c2ccccc12,3.37
O=C(O)c1ccc(F)c2ccccc12,3.7
N#Cc1ccc(O)c2ccccc12,7.08
N#Cc1cc(O)cc2ccccc12,8.41
Cc1cc(C)c(O)c(C(C)(C)C)c1,12.04
CC(C)c1cccc(C(C)C)c1O,11.1
CN1C(=O)NC(=O)[C@@](C)(C2=CCCCC2)C1=O,8.36
CC1(C2=CCCCC2)C(=O)NC(=O)NC1=O,7.9
O=c1cnc2nc(O)ncc2[nH]1,5.58
O=c1[nH]cnc2ncc(O)nc12,6.05
S=c1ncc2nccnc2[nH]1,6.52
O=C(O)c1ccncc1O,4.83
Cn1c(=O)[nH]c2[nH]c(=O)[nH]c2c1=O,5.75
Cn1c(=O)[nH]c2nc(O)[nH]c(=O)c21,5.5
Oc1ncc2nc(C(F)(F)F)[nH]c2n1,5.35
O=C(O)c1c(F)c(F)cc(F)c1F,1.87
O=C(O)c1c(F)c(F)c(O)c(F)c1F,2.27
Cc1cnc2cnc(=O)[nH]c2n1,8.07
O=C(O)c1c(F)c(F)c(Cl)c(F)c1F,1.69
O=C(O)c1c(F)c(F)c(Br)c(F)c1F,1.66
N#Cc1c(O)cccc1Cl,6.1
N#Cc1cc(Cl)ccc1O,6.4
Cn1c(=S)c2nc[nH]c2n(C)c1=O,8.2
Cn1c(=O)[nH]c2ncn(C)c2c1=S,7.5
Cn1c(=O)[nH]c2c(ncn2C)c1=S,5.3
Cn1cnc2c1c(=S)[nH]c(=O)n2C,8.8
Oc1cccc2occc12,9.06
O=C(O)c1ccc2c(c1)OCO2,4.5
Cc1ccc(C(=O)O)cc1O,4.32
Cc1c(F)c(F)c(C(=O)O)c(F)c1F,2
O=C(O)c1c(F)c(F)c(C(F)(F)F)c(F)c1F,1.44
COc1ccc(O)c(C#N)c1,7.4
COc1cccc(O)c1C#N,6.6
COC(=O)c1ccc(C(=O)O)nc1,3.62
COC(=O)c1cccc(C(=O)O)n1,2.65
COc1ccc(C(=O)O)c(C(=O)O)c1,2.67
Cn1c(=O)[nH]c2ccccc2c1=O,10.6
O=c1c(O)c(-c2ccccc2)c1=O,0.37
O=c1c(O)c(-c2ccc(O)cc2)c1=O,1.85
O=C1CC(c2ccccc2)=C1O,6.25
O=C(O)c1nc2ccccc2nc1C(=O)O,1.62
O=C(O)c1ccn(-c2ccccc2)n1,3.6
O=C(O)c1ccnn1-c1ccccc1,2.7
CC(=O)c1c[nH]c2ccccc12,12.99
Cc1[nH]c2ccccc2c1C=O,12.47
Cc1c(-c2ccccc2)[nH]oc1=O,4.73
CC(=O)Nc1c(C)cccc1C(=O)O,4.05
CC(=O)Nc1ccc(C)cc1C(=O)O,3.73
COc1ccc(-c2c(O)c(=O)c2=O)cc1,2.05
O=c1cc(-c2ccccc2)cc(Cl)[nH]1,7.32
Oc1ccccc1-c1ccccc1O,7.56
Oc1cc(-c2ccccc2)ccc1Cl,8.07
O=C(O)[C@H]1CCNC1,8.96
CC(C)(C)c1cc(Br)cc(C(C)(C)C)c1O,10.83
Cc1cc(C(C)(C)C)c(O)c(C(C)(C)C)c1,12.23
COc1cc(C(C)(C)C)c(O)c(C(C)(C)C)c1,12.15
CC(C)(C)c1cc(C#N)cc(C(C)(C)C)c1O,8.7
CC(C)(C)c1cc(C(N)=O)cc(C(C)(C)C)c1O,9.53
CC(=O)c1cc(C(C)(C)C)c(O)c(C(C)(C)C)c1,8.68
O=C1CC(c2ccccc2)(c2ccccc2)C(=O)N1,8.25
CC(C)(C)c1cc(C(C)(C)C)c(O)c(C(C)(C)C)c1,12.19
OCC(Cl)Cl,12.89
OCCCl,14.31
O=c1cc(Cl)nc[nH]1,7.43
O=c1ccocc1O,7.99
[H]/N=c1/c2n[nH]nc2ncn1C,9.12
S=c1[nH]cnc2[nH]ncc12,8.34
Oc1cccnc1O,8.62
Oc1ccc(O)nc1,8.51
Cn1nnc2nc(=O)[nH]c(N)c21,9.04
Cn1nnc2[nH]c(N)nc(=O)c21,8.25
Cn1nc2nc(N)[nH]c(=O)c2n1,8.64
CC1(C)NC(=S)NC1=S,7.6
NC(=S)c1ccccn1,12.55
Cn1cc(C(=O)O)ccc1=O,3.84
O=C(NO)c1ccc(Cl)cc1,8.7
C[C@@H]1CC=C(O)C1=O,9.6
O=CNO,8.7
O=C(NO)c1ccc(F)cc1,8.63
O=C(NO)c1ccc(I)cc1,8.81
N#Cc1ccc(C(=O)NO)cc1,8.26
Cc1ccc(C(=O)NO)cc1,9.05
O=C(Cc1ccccc1)NO,9.2
COc1ccccc1C(=O)NO,8.9
O=C(NO)c1cccc2ccccc12,7.7
O=C(Cc1ccccc1)N(O)c1ccccc1,8.43
Cc1ccccc1C(=O)N(O)c1ccccc1,8.08
Cc1ccc(C(=O)N(O)c2ccccc2)cc1,8.31
Cc1ccc(N(O)C(=O)c2ccccc2)cc1,8.27
Cc1cccc(N(O)C(=O)c2ccccc2)c1,8.67
COc1ccc(C(=O)N(O)c2ccccc2)cc1,8.15
O=C(c1ccccc1C(F)(F)F)N(O)c1ccccc1,7.88
O=C(c1cccc(C(F)(F)F)c1)N(O)c1ccccc1,8.15
O=C(c1ccc(C(F)(F)F)cc1)N(O)c1ccccc1,7.98
O=C(/C=C/c1ccccc1)N(O)c1ccccc1,8.64
Cc1ccccc1N(O)C(=O)Cc1ccccc1,8.46
COc1ccc(C(=O)N(O)c2ccccc2C)cc1,8.44
O=C(NO)C(=O)NO,6.97
C[C@@H](O)C(=O)NO,9.35
O=C(NO)c1cnccn1,8.09
O=C(NO)c1ncccn1,7.85
O=C(NO)c1ccccn1,8.5
O=C(NO)c1cccnc1,8.09
O=C(NO)c1ccncc1,7.8
O=C(NO)c1ccc(O)cc1,8.93
Nc1ccc(C(=O)NO)cc1,9.42
Nc1ccccc1C(=O)NO,9
O=C(NO)C1CCCCC1,9.75
CCC(=O)NO,9.5
O=C(O)[C@H]1CCOC1=O,3.75
O/N=C/C(F)(F)F,8.9
O/N=C\c1ccco1,11.16
O/N=C/c1cccs1,10.76
O/N=C1\CCCC\C1=N/O,10.68
O=Nc1ccc(O)cc1Cl,5.7
O=C1C=C/C(=N/O)C=C1Cl,5.6
O=Nc1ccc(O)cc1Br,5.7
O=Nc1ccc(O)c(Br)c1,5.55
O/N=C/c1ccccc1O,9.3
O/N=C/c1ccc(O)cc1,8.93
CC1=CC(=O)C=C/C1=N\O,6.95
O/N=C(C(=N\O)\c1ccccc1)/c1ccccc1,8.5
O/N=C\c1cccc(/C=N/O)n1,10.08
O=C(/C=N\O)c1ccncc1,7.8
O=C(/C=N\O)c1cccnc1,7.8
O/N=C/c1ncccc1O,8.1
O=C(O)c1cc(I)ccc1O,2.7
O=C1CCC(C(=O)O)CC1,4.38
COC(=O)C1=C(C(=O)O)CC1,3.19
NC(=O)c1ccncc1,11.47
Cn1ccc(=S)[nH]c1=S,7.47
Cc1onc(O)c1C,6.1
O=C1NC(=O)C(Cl)(Cl)C=C1Cl,6.53
O=c1cc(C(F)(F)F)[nH]c(=O)[nH]1,5.7
O=c1[nH]cc(C(F)(F)F)c(=O)[nH]1,7.35
CC1=C(O)[C@H](C)C1=O,2.8
OC1=CCCCC1,11.3
C/C(O)=C/C(=O)C(C)C,8.66
Cc1nc(C)c2nc(C)[nH]c2n1,9.9
Brc1ccc2[nH]ccc2c1,16.13
Cn1cnc2c(=S)[nH]c(=O)n(C)c21,8.8
O=C(O)c1cc(O)cc(C(=O)O)n1,1.4
O=C(O)c1ccc(=O)[nH]c1,3.82
Cc1nnc2[nH]c(N)nc(=O)c2n1,6.95
NC(=O)c1cc2[nH]nnc2nc1N,5.35
COc1nc2nnn(C)c2c(=O)[nH]1,7.17
COc1nc(=O)c2nn(C)nc2[nH]1,7.69
CC1(C)CCC(=O)N1O,8.7
Nc1ccc(O)c(Cl)c1,9.16
Cn1c(=O)[nH]c2nc[nH]c2c1=S,6.7
Cn1c(=O)[nH]c(=S)c2nc[nH]c21,7.9
Cn1cnc2[nH]c(=O)[nH]c(=S)c21,6.8
Cn1cnc2c(=S)[nH]c(=O)[nH]c21,4.9
Cn1cc2[nH]c(=S)[nH]c2nc1=O,6.61
Cn1c(=S)[nH]c2c[nH]c(=O)nc21,7
O=C(O)c1cc(=O)c(O)c(C(=O)O)o1,1.83
O=C(O)c1c(O)cccc1Cl,2.63
Cn1cnc(O)cc1=S,4.38
COc1ccc(-c2cnc(=O)[nH]c2)cc1,8.86
Cc1c2c([nH]c(=O)c1C#N)OCC2,6.19
Cc1cc(=O)[nH]c2c1CCCO2,10.17
CN(C)C(=S)S,3.36
CCC(=O)C(=O)O,2.5
O=C(O)c1cc(=O)[nH]c(=O)[nH]1,2.07
O=C(O)c1c[nH]c(=O)[nH]c1=O,4.16
Nc1c(C(=O)O)[nH]c(=O)[nH]c1=O,2.63
Cc1c(O)[nH]c(=O)[nH]c1=O,4.4
CN1CC(=O)C=C1O,7.05
C[C@@H]1NC(=O)C=C1O,6.42
O=c1cco[nH]1,5.85
Oc1ccsn1,7.54
O=C(O)c1[nH]c(=O)[nH]c(=O)c1Br,2.38
O=C(O)c1[nH]c(=O)[nH]c(=O)c1I,1.88
CS(=O)(=O)c1cc(=O)[nH]c(=O)[nH]1,4.73
O=C1CC[C@@H](C(=O)O)C1,4.25
CNc1[nH]c(=O)cnc1C(N)=O,7.48
O=P(O)(O)C1CCCCC1,2.2
CC[C@]1(C)OC(=O)NC1=O,6.1
CC(C)(C(=O)O)C(=O)C(=O)O,1.77
O=C1CNC(=O)C1,6.4
CSc1nc(C)c2[nH]c(C)nc2n1,9.7
CSc1nc(C)c2[nH]c(SC)nc2n1,7.94
CSc1nc(C)c2[nH]c(=O)n(C)c2n1,9.41
Cc1ccc([C@H](O)C(F)(F)F)cc1,12.04
COc1ccc([C@H](O)C(F)(F)F)cc1,12.24
O=C1[C@@H]2[C@H](C(=O)N1O)[C@H]1C=C[C@@H]2C1,5.9
O=C(O)c1nc(=O)[nH]c2c1CCCC2,3.36
Cc1nc2c(c(=O)[nH]1)CCCC2,10.5
O=c1o[nH]c(-c2ccccc2)c1Br,2.3
CC(=O)N(C)c1ccccc1S,5.6
Oc1cccc2cccc(O)c12,6.71
Oc1cc(O)c2ccccc2c1,7.35
CC(=O)c1cc(C)c(O)c(C)c1,8.22
O=S(=O)(O)c1cc(Br)c2cccnc2c1O,4.08
COc1cc(OC)c(C(=O)O)c(OC)c1,3.59
COc1ccc(C(=O)O)c2ccccc12,4.31
O=C(Nc1ccccc1)c1ccc(O)cc1O,6.8
O=C(Nc1ccccc1)c1c(O)cccc1O,6.3
CC(C)(C)c1cc(O)cc(C(C)(C)C)c1,10.293
Cc1ccc(C(=O)Nc2ccc(O)cc2)cc1,9.54
COc1ccc(C(=O)Nc2ccc(O)cc2)cc1,9.55
CC(=O)[C@@H]1CCCC1=O,7.82
C[C@H]1CCC=C(O)C1=O,11.23
CSc1ncc2[nH]c(C)nc2n1,9.58
Cn1c(=O)[nH]c(=O)c2c1[nH]c(=O)n2C,5.5
Cn1c(O)nc2[nH]c(=O)n(C)c2c1=O,5.5
Cn1c(=O)c2[nH]c(=O)[nH]c2n(C)c1=O,5.75
Cc1cccc(C(N)=S)n1,12.62
Cn1c(C(=O)O)cc(=O)n(C)c1=O,0.8
COC(=O)c1cc(O)c(O)c(O)c1,7.88
COc1cccc(CO)c1O,9.97
COC(=O)C1=C(C(=O)O)CCC1,2.94
O[C@@H](c1ccccc1)C(F)(F)F,11.9
O=C(/C=N\O)c1ccccc1,8.4
Cn1c(=O)c2c(=O)cn[nH]c2n(C)c1=O,8.51
Cc1cccc(C(=O)O)c1N,4.92
Cc1ccc(C(=O)O)cc1N,4.49
Cc1ccc(N)cc1C(=O)O,4.16
O=c1[nH]cnc2c1CCCC2,9.64
Cc1[nH]nc2c1c(=O)n(C)c(=O)n2C,9.83
Cn1c(=O)c2c([nH]c(=O)n2C)n(C)c1=O,6
Cn1c(=O)n(C)c2c1c(=O)[nH]c(=O)n2C,8.35
S=c1[nH]cnc2c1CCCC2,8.13
Cn1c(=O)[nH]c2c(ncn2C)c1=O,5.99
Cn1cnc2c(=O)[nH]c(=O)n(C)c21,10.14
Cc1nc2c(=O)[nH]c(=O)[nH]c2n1C,6.2
Cn1c(=O)[nH]c2ncn(C)c2c1=O,8.6
CSc1nc(O)c2nc(SC)[nH]c2n1,7.5
C[C@H]1CC(=O)N(O)C1(C)C,8.85
C[C@H]1C=C(C(=O)O)N(O)C1(C)C,2.85
Cn1c(-c2ccccc2)n[nH]c1=S,7.66
CC1(C)C(=O)NC(=O)[C@]12CCC(=O)O2,7.9
Cc1nc2c(c(=S)[nH]1)CCCC2,8.91
Oc1nc(Cl)cc2c1CCCC2,8.81
Cc1ccc(C(=O)O)c(C(=O)O)c1,3.04
COc1cccc(C(C)=O)c1O,10
O=C(O)c1cn(-c2ccccc2)nn1,2.88
CC(=O)N(C)c1ccccc1O,8.6
COC(=O)C1=C(C(=O)O)[C@@H]2CC[C@H]1C2,3.19
COC(=O)C1=C(C(=O)O)[C@H]2C=C[C@@H]1C2,3.02
Cc1c(C(=O)O)nnn1-c1ccccc1,3.73
O=C(c1ccccc1O)n1cccc1,8.59
O=c1ccc2nccnc2[nH]1,9.52
Cn1cnc2nc(=O)[nH]c-2c1,9.8
Cn1cncc2[nH]c(=O)nc1-2,10.5
Cn1cc2[nH]c(=O)nc-2[nH]c1=O,7.94
Cn1c(C(=O)O)cc(=O)[nH]c1=O,0.7
COC(=O)c1cnc(O)nc1,7.29
Cc1nc(C)c2cccc(O)c2n1,9.41
COc1ccc(O)c(C(=O)O)c1,2.94
CNc1cc(=S)[nH]cn1,9.64
Oc1ccc(I)cn1,9.93
COC(=O)c1cc(=O)cc(C(=O)OC)[nH]1,6.25
O=c1[nH]c(=S)c2[nH]cnc2[nH]1,6.2
N#Cc1cc2n[nH]nc2nc1N,6.53
CC1=C(O)[C@@H](C)OC1=O,4
O=C1C(=O)C(Cl)=C(Cl)C(O)=C1Cl,1.09
O=C1C(O)=C(Br)C(=O)C(Br)=C1Br,1.1
O=C1C(=O)C(F)=C(O)C(O)=C1F,1.4
CNC(=S)S,2.89
Nc1n[nH]c(=O)[nH]c1=O,7.35
NC[C@@H](O)C(F)(F)F,12.29
O=C1NCc2n[nH]nc2N1,8.03
O=c1[nH]cnc2nncnc12,6.59
Cn1nnc2[nH]c(=S)[nH]c(=O)c21,6.73
O=C(O)[C@@H]1CCCCO1,3.8
Cc1nnc2[nH]cnc(=O)c2n1,7
O=C(O)c1ncccc1O,5.17
Cn1ncc2c(=O)[nH]cnc21,9.26
CC(=O)N[C@@H]1CC(=O)NC1=O,8.85
CC(=O)N1C(=O)NC(=O)[C@@H]1C,7.2
Cn1c(Br)nc2c(=O)[nH]c(=O)[nH]c21,5.45
O[C@H]1NC(=S)Nc2nccnc21,9.72
CSc1nc2nn(C)nc2c(=O)[nH]1,7.28
Cn1nnc2[nH]c(S(C)(=O)=O)nc(=O)c21,2.96
Cn1nc2nc(S(C)(=O)=O)[nH]c(=O)c2n1,3.54
CC(C)[C@@H]1NC(=S)NC1=O,8.7
S=C(S)OC1CCCCC1,2.05
O=P(O)(O)C#Cc1ccccc1,1.14
[H]/N=C(/N)[C@@H](O)c1ccccc1,12.52
Oc1cnn(-c2ccccc2)c1,9.05
O=c1[nH]c(O)c(-c2ccccc2)c(=O)[nH]1,3.75
N#C[C@@H]1C(=O)NC(=O)C12CCCCC2,7.09
O=c1[nH]c(=S)[nH]c(O)c1-c1ccccc1,3.9
Nc1nc(=O)c2nc(-c3ccccc3)nnc2[nH]1,6.77
O=C(O)[C@H]1C(=O)NC(=O)[C@@H]1c1ccccc1,2.9
NC(=O)[C@@H]1C(=O)NC(=O)[C@H]1c1ccccc1,7.62
C[C@]1(c2ccccc2)CC(=O)NC1=O,8.8
CC(=O)c1c(C)[nH]c2ccccc12,13.24
O=c1[nH]c2cc3c(cc2[nH]1)CCCC3,12.21
S=c1[nH]c2cc3c(cc2[nH]1)CCCC3,10.43
O=S(=O)(Nc1ccccn1)c1ccccc1,8.2
Oc1ccccc1-c1ccccc1,10.01
COC(=O)c1cc(O)cc2ccccc12,8.88
COC(=O)c1cc(O)c2ccccc2c1,8.75
C[C@]1(c2ccccc2)C(=O)NC(=O)[C@@H]1C#N,6.2
CC(=O)Nc1cc(O)cc2ccccc12,9.31
CC(=O)Nc1cc(O)c2ccccc2c1,8.87
C[C@@]1(c2ccccc2)C(=O)NC(=O)[C@H]1C(N)=O,7.69
Cn1c(=S)[nH]c2cc3c(cc21)CCCC3,10.78
Oc1ccc(C2CCCCC2)cc1Cl,8.66
CC1=C/C(=N\c2cc(Cl)c(O)c(Cl)c2)C=C(Cl)C1=O,5.5
O=C(c1ccccc1)c1ccc(O)cc1,7.95
O=C(c1cccc(O)c1)c1ccc(O)cc1O,7.02
O=C(Nc1ccccc1O)c1ccccc1,7.5
O=C(Nc1ccc(O)cc1)c1ccccc1,9.54
C[C@]1(Cc2ccccc2)C(=O)NC(=O)[C@@H]1C#N,6.69
CC[C@@]1(c2ccccc2)C(=O)NC(=O)[C@H]1C#N,5.97
CC1=CC(=O)C=C/C1=N\c1cc(Cl)c(O)c(Cl)c1,5.9
CC1=C/C(=N/c2cc(Cl)c(O)c(Cl)c2)C=CC1=O,5.7
Cc1cc(N=C2C=C(Br)C(=O)C(Br)=C2)ccc1O,5.4
O=C(Nc1ccc(O)cc1)c1ccc(Cl)cc1,9.5
Cc1ccc(NS(=O)(=O)c2ccccc2)cc1,8.64
CC(C)(C)c1ccc(O)c(C(C)(C)C)c1,11.72
N#C[C@@H]1C(=O)NC(=O)[C@@]12CCCc1ccccc12,6.3
CC1=CC(=Nc2ccc(O)cc2)C=C(C)C1=O,8.7
CC(=O)c1ccc(NS(=O)(=O)c2ccccc2)cc1,6.94
Cc1cc(N=C2C=C(Br)C(=O)C(Br)=C2)cc(C)c1O,5.4
Cc1ccc(C(=O)c2ccccc2C(=O)O)cc1,3.644
O=C1C(c2ccc(Cl)cc2)=C(O)c2ccccc21,4
O=c1[nH]c(=O)n(-c2ccccc2)c(=O)n1-c1ccccc1,6.51
O=C1CC2(C(=O)N1)c1ccccc1-c1ccccc12,7.72
O=C1NC(=O)C(c2ccccc2)(c2ccccc2)C1=O,5.5
NC(=O)[C@H]1C(=O)NC(=O)C1(c1ccccc1)c1ccccc1,7.44
N#C[C@@H]1C(=O)NC(=O)C1(c1ccccc1)c1ccccc1,5.18
N#C[C@@H]1C(=O)NC(=O)C12c1ccccc1-c1ccccc12,5.6
C[C@@]1(c2cccc3ccccc23)C(=O)NC(=O)[C@H]1C(=O)O,2.94
C[C@@]1(c2ccc3ccccc3c2)CC(=O)NC1=O,8.73
C[C@@]1(c2cccc3ccccc23)C(=O)NC(=O)[C@H]1C#N,6.2
C[C@@]1(c2ccc3ccccc3c2)C(=O)NC(=O)[C@H]1C#N,6.25
O=C1NC(=O)C(c2ccccc2)(c2ccccc2)[C@@H]1O,7.65
Cc1cc(NS(=O)(=O)c2ccc(N)cc2)nc(C)n1,7.49
C[C@@]1(c2cccc3ccccc23)C(=O)NC(=O)[C@H]1C(N)=O,7.6
C[C@@]1(c2ccc3ccccc3c2)C(=O)NC(=O)[C@H]1C(N)=O,7.7
CC(C)C(O)=C1C(=O)c2ccccc2C1=O,3.2
Cc1ccnc(NS(=O)(=O)c2ccc(N)cc2)n1,6.84
S=c1[nH]c2cc3ccccc3cc2[nH]1,9.84
CC(=O)C1=C(O)c2ccccc2C1=O,2.9
O=C(O)c1nnn(-c2ccccc2)c1C(=O)O,2.13
CN(C=O)c1ccccc1S,5.65
O=C(NO)c1ccccc1Cl,7.9
O=C(NO)c1ccccc1F,8.05
NS(=O)(=O)c1cc(=O)[nH]c(=O)[nH]1,5.43
Oc1cccc(O)c1O,9.12
O=C(O)c1n[nH]c2c(=O)nc[nH]c12,3.6
C[C@]1(C(=O)O)CC=CN1O,2.95
CC(=O)/C=C(\O)C(F)(F)F,6.3
CC(=O)C(C)C(C)=O,10.87
CC(=O)C(C(C)=O)C(C)C,12.85
CC(=O)C(C(C)=O)c1ccccc1,9.32
CC[C@]1(c2ccccc2)CC(=O)NC1=O,8.76
CCC1(c2ccccc2)C(=O)NC(=S)NC1=O,6.3
Nc1nc(N)c(NC=O)c(O)n1,9.9
Oc1ccc2c(c1)Cc1ccccc1-2,9.53
Oc1cccc2c1Cc1ccccc1-2,9.05
Oc1ccc2c(n1)COC2,9.85
Oc1ccc2c(n1)CSC2,10.68
O=c1ccc2c([nH]1)CS(=O)(=O)C2,8.99
Nc1cc(N)c(O)c(N)c1,10.5
O=Nc1c(O)[nH]c(=O)[nH]c1=O,4.41
Cc1cc(O)cc(C)c1N=O,8.04
O=Nc1ccc(O)c2ncccc12,7.6
Cc1ccc(C#N)c(=O)[nH]1,9.09
Cc1[nH]c(=O)c(C#N)cc1C(=O)O,3.51
CC(=O)c1cc(C(=O)O)c(=O)[nH]c1C,4.68
CC(=O)c1cc(C#N)c(O)nc1C,7.51
CC(=O)c1ccc(O)nc1C,10.58
COC(=O)c1cc(C(C)=O)c(C)[nH]c1=O,9.31
CSc1ccc(=O)[nH]n1,10.11
O=C1C(Br)=CC(=Nc2cc(Br)c(O)c(Br)c2)C=C1Br,6.1
O=C1C(Cl)=CC(=Nc2ccc(O)c(Cl)c2)C=C1Cl,5.7
O=C1C(Br)=CC(=Nc2ccc(O)c(Br)c2)C=C1Br,5.4
O=C1C=CC(=Nc2cc(Cl)c(O)c(Cl)c2)C=C1,5.8
O=C1C=CC(=Nc2cc(Br)c(O)c(Br)c2)C=C1,5.8
CC1=CC(=Nc2cc(Br)c(O)c(Br)c2)C=C(C)C1=O,5.6
CC1=CC(=Nc2cc(Cl)c(O)c(Cl)c2)C=C(C)C1=O,5.9
O=C1C=C/C(=N/c2cc(Cl)c(O)c(Cl)c2)C=C1Cl,5.7
Cc1[nH]c(=S)[nH]c1C,12.19
Clc1nc2ccccc2[nH]1,9.4
FC(F)(F)c1nc2ccccc2[nH]1,10.1
ClC(Cl)(Cl)c1nc2ccccc2[nH]1,10.3
O=c1cc(CCl)occ1O,7.7
O=c1cc(CI)occ1O,7.8
Cn1c(N)cc(=O)[nH]c1=S,9.84
Cn1nnc2nc[nH]c(=S)c21,7.11
Cn1nnc2[nH]cnc(=O)c21,8.17
Cn1nnc2c(=S)[nH]cnc21,7.21
Cn1nnc2c(=O)[nH]cnc21,8.06
CC(C)(C)c1cnc2c(=O)nc(N)[nH]c2n1,8.54
Nc1nc2ncc(-c3ccccc3)nc2c(=O)[nH]1,8.22
Nc1nc(=O)c2ncc(-c3ccccc3)nc2[nH]1,8.14
Nc1nc2nc(-c3ccccc3)c(-c3ccccc3)nc2c(=O)[nH]1,8.6
Cn1c(=O)cc[nH]c1=O,9.95
O=c1[nH]cc(Cl)c(=O)[nH]1,7.95
O=c1[nH]cc(I)c(=O)[nH]1,8.25
O=c1cc(F)[nH]c(=O)[nH]1,4.03
O=c1cc(Cl)[nH]c(=O)[nH]1,5.67
Cn1c(=O)cc(Cl)[nH]c1=O,5.84
O=c1[nH]c2nc[nH]c(=O)c2[nH]1,8.2
Cn1c(=O)[nH]c2nc[nH]c(=O)c21,7.8
Cn1cnc2c([nH]c(=O)n2C)c1=O,8.5
Cn1cnc(=O)c2c1[nH]c(=O)n2C,6
Cn1c(=O)n(C)c2c(=O)[nH]cnc21,9.2
Cn1nc2[nH]cnc(=S)c2n1,7.64
c1cnc2c(c1)ccc1ccc[nH+]c12,4.9
CN(C)C(=[NH2+])N(C)C,13.6
Cn1cc[nH+]n1,1.25
c1c[nH+]n[nH]1,1.17
Cn1c[nH+]cn1,3.2
c1n[nH]c[nH+]1,2.39
CC1=CC=C(C)[NH+]1C,-0.05
Cn1cc[nH+]cc1=O,-0.04
CC1=Cc2ccccc2[NH+]1C,0.33
[NH3+]CC[NH3+],6.85
NCC[NH3+],9.92
[NH3+]c1ccccc1[NH3+],0.8
Nc1ccccc1[NH3+],4.47
[NH3+]c1cccc([NH3+])c1,2.54
Nc1cccc([NH3+])c1,4.88
[NH3+]CCC[NH3+],8.49
NCCC[NH3+],10.47
[NH3+]CCCC[NH3+],9.19
NCCCC[NH3+],10.65
[NH3+]c1ccc([NH3+])cc1,2.97
Nc1ccc([NH3+])cc1,5.94
c1c[nH+]c2c(c1)ccc1ncccc12,4.3
Nc1cccc2[nH+]c3ccccc3cc12,6.02
[NH3+]C1CC1,9.1
N#CC[NH+]1CCCCC1,4.55
Oc1cccc2[nH+]c3ccccc3cc12,5.72
C[NH+]1CC=CC1,9.88
Cn1cc[nH+]c1,7.31
[NH3+]c1cccc2ccccc12,3.92
c1ccc(-c2cccc[nH+]2)[nH+]c1,0.05
c1ccc(-c2cccc[nH+]2)nc1,4.4
CC1=C[NH2+]C(C)=C1C,3.92
C[C@H]([NH3+])[C@H](C)[NH3+],6.91
C[C@H](N)[C@H](C)[NH3+],10
Cc1cccc([NH3+])c1C,4.7
Cc1cc2ccccc2[nH+]c1C,4.94
Cc1[nH+]c(C)c(C)s1,4.55
Cc1cc(C)[nH+]c(C)c1,7.43
Cc1cc(C)c2cccc(O)c2[nH+]1,6.2
Cc1ccc([NH3+])c(C)c1,4.89
Cc1c[nH]c(C)[nH+]1,8.38
Cc1cc[nH+]c(C)c1,6.74
Cc1csc(C)[nH+]1,3.76
Cc1ccc(C)c([NH3+])c1,4.53
C[C@@H]1C[NH2+][C@@H](C)C[NH2+]1,5.2
C[C@@H]1C[NH2+][C@@H](C)CN1,9.66
Cc1c[nH+]c(C)cn1,1.9
Cc1ccc(C)[nH+]c1,6.43
Cc1c[nH+]c(C)s1,3.91
Cc1ccc2[nH+]c(C)ccc2c1,5.46
Cc1cccc(C)c1[NH3+],3.95
C[C@@H]1CCC[C@H](C)[NH2+]1,11.07
Cc1c[nH+]cc(C)n1,2.2
Cc1cccc(C)[nH+]1,6.71
Cc1cc[nH+]c(C)n1,2.7
CC(=O)[NH+]=C(N(C)C)N(C)C,7.5
CC(=O)c1cccc[nH+]1,2.64
CC(C)([NH3+])C#N,5.3
Cc1ccc[nH+]c1N,7.14
Cc1cc[nH+]c(N)c1,7.48
Cc1ccc(N)[nH+]c1,7.22
Cc1cccc(N)[nH+]1,7.41
Nc1ccc2[nH+]c3ccccc3cc2c1,5.9
[NH3+]c1ccccc1C(=O)O,2.09
COC(=O)c1ccccc1[NH3+],2.36
Nc1[nH+]c2ccccc2s1,4.48
[NH3+]c1ccccc1-c1ccccc1,3.78
Nc1[nH]cc[nH+]1,8.46
Nc1c[nH+]ccn1,3.07
Nc1cccc[nH+]1,6.71
Nc1nccc[nH+]1,3.55
C[C@H]([NH3+])CO,9.47
Nc1ccc2ccccc2[nH+]1,7.34
Nc1[nH+]ccs1,5.36
[NH3+]c1ccccc1Br,2.53
Brc1cccc[nH+]1,0.84
Brc1ccc2ccccc2[nH+]1,1.5
NC(=O)OC(=O)c1cccc[nH+]1,2.1
Clc1[nH]cc[nH+]1,3.55
Clc1cccc[nH+]1,0.47
N#Cc1cccc[nH+]1,-0.26
N#CC(C#N)C[NH3+],5.14
CN(C)c1c[nH+]ccn1,3.24
[NH3+]c1ccccc1F,3.2
Fc1cccc[nH+]1,-0.44
CC1=CC(=O)[NH2+]C=C1,1.14
Oc1ccc2[nH+]c3ccccc3cc2c1,5.62
O=C1C=Cc2ccccc2[NH2+]1,-0.31
[NH3+]c1ccccc1I,2.54
Ic1cccc[nH+]1,1.82
Sc1cccc[nH+]1,-1.07
S=C1C=Cc2ccccc2[NH2+]1,-1.44
COC(=O)c1cccc[nH+]1,2.21
COCC[NH3+],9.45
COc1cccc[nH+]1,3.06
C[C@H]1NC=[NH+]c2ccccc21,9.19
CNc1c[nH+]ccn1,3.39
Cc1[nH]cc[nH+]1,7.85
CC1=Cc2ccccc2[NH2+]1,-0.2
C[C@H]1CCCC[NH2+]1,11.08
Cc1c[nH+]ccn1,1.46
Cc1cccc[nH+]1,5.96
CC1=CC=C[NH2+]1,-0.21
Cc1nc2ccccc2c[nH+]1,3
Cc1ccc2ccccc2[nH+]1,5.7
CC1=[NH+]CCCC1,9.55
Cc1[nH+]ccs1,3.59
[NH3+]c1ccc2ccccc2c1,4.11
c1ccc(-c2c[nH]c(-c3ccccc3)[nH+]2)cc1,5.64
c1ccc(-c2[nH]cc[nH+]2)cc1,6.43
CC(C)(C)c1cccc[nH+]1,5.76
CC(C)(C)c1[nH+]ccs1,3
C=Cc1cccc[nH+]1,4.98
c1c[nH+]cc(-c2ccc[nH+]c2)c1,3
c1cncc(-c2ccc[nH+]c2)c1,4.6
Cc1ccc([NH3+])cc1C,5.17
Cc1c[nH+]c2c(O)cccc2c1C,5.8
Cc1cc[nH+]cc1C,6.47
[NH3+]c1cc(Br)cc(Br)c1,2.35
[NH3+]c1cc(I)cc(I)c1,2.37
COc1cc([NH3+])cc(OC)c1,3.86
Cc1c[nH+]cc(C)c1,6.09
Cc1ccc(C)[nH+]n1,3.99
CC(=O)c1ccc[nH+]c1,3.26
[NH3+]c1cc(C(=O)O)c2ccccc2c1,2.61
[NH3+]c1cccc(C(=O)O)c1,3.07
COC(=O)c1cccc([NH3+])c1,3.58
N#Cc1cccc([NH3+])c1,2.75
[NH3+]c1cccc(-c2ccccc2)c1,4.18
Nc1cc2ccccc2c[nH+]1,4.95
Nc1ccc[nH+]c1,6.03
Nc1c[nH+]c2ccccc2c1,4.95
[NH3+]c1cccc(Br)c1,3.53
Cc1ccc([NH3+])cc1Cl,4.05
Cc1c([NH3+])cccc1Cl,2.49
Clc1ccc[nH+]c1,2.84
Clc1c[nH+]c2ccccc2c1,2.63
N#Cc1ccc[nH+]c1,1.39
[NH3+]c1cccc(F)c1,3.58
Fc1ccc[nH+]c1,2.97
O=C1C=CC2=Cc3ccccc3[NH2+]C2=C1,5.3
Oc1ccc[nH+]c1,4.8
Oc1c[nH+]c2ccccc2c1,4.3
[NH3+]c1cccc(I)c1,3.58
Ic1ccc[nH+]c1,3.25
Sc1ccc[nH+]c1,2.28
Sc1c[nH+]c2ccccc2c1,2.33
COC(=O)c1ccc[nH+]c1,3.13
COc1ccc[nH+]n1,2.5
COc1ccc[nH+]c1,4.91
Cc1cc2ccccc2c[nH+]1,5.64
C[C@@H]1CCC[NH2+]C1,11.07
Cc1ccc[nH+]c1,5.68
Cc1c[nH+]c2ccccc2c1,5.15
CS(=O)(=O)c1cccc([NH3+])c1,2.68
CSc1ccc[nH+]n1,2.26
C1=CC[NH2+]C1,10.46
CC(C)(C)c1ccc[nH+]c1,5.82
c1cc(-c2cc[nH+]cc2)cc[nH+]1,3.17
c1cc(-c2cc[nH+]cc2)ccn1,4.82
Cc1[nH+]csc1C,3.73
CC(=O)c1cc[nH+]cc1,3.51
[NH3+]c1cc(C(=O)O)cc2ccccc12,2.89
Cc1c[nH+]ccc1N,9.43
[NH3+]c1ccc(C(=O)O)cc1,2.41
COC(=O)c1ccc([NH3+])cc1,2.45
N#Cc1ccc([NH3+])cc1,1.74
[NH3+]c1ccc(C(=O)c2ccccc2)cc1,2.15
[NH3+]c1ccc(-c2ccccc2)cc1,4.27
Nc1c[nH+]cc2ccccc12,6.27
Nc1cc[nH+]cc1,9.11
Nc1cc[nH+]cn1,5.69
Nc1cc[nH+]c2ccccc12,9.13
[NH3+]c1ccc(C(=O)O)c(O)c1,1.78
c1c[nH+]c2cc[nH]c2c1,6.9
[NH3+]c1ccc(Br)cc1,3.88
Brc1cc[nH+]cc1,3.71
C[NH2+]c1ccc(Cl)cc1,3.9
Cc1cc(Cl)ccc1[NH3+],3.39
Clc1cc[nH+]cc1,3.83
N#Cc1cc[nH+]cc1,1.9
[NH3+]c1ccc(F)cc1,4.65
O=c1[nH]cnc2[nH+]ccnc12,-0.17
O=C1C=C[NH2+]C=C1,3.23
O=C1C=C[NH2+]c2ccccc21,2.27
[NH3+]c1ccc(I)cc1,3.82
Ic1cc[nH+]cc1,4.02
CC(C)c1cc[nH+]cc1,6.02
S=C1C=C[NH2+]C=C1,1.43
S=C1C=C[NH2+]c2ccccc21,0.77
COC(=O)c1cc[nH+]cc1,3.26
CC1CC[NH2+]CC1,11.23
COc1cc[nH+]nc1,3.68
Cc1cc[nH+]cc1,6
Cc1cc[nH+]cn1,1.95
Cc1[nH+]cnc2ccccc12,2.8
Cc1cc[nH+]c2ccccc12,5.5
CS(=O)(=O)c1ccc([NH3+])cc1,1.48
Cc1csc[nH+]1,3.16
CSc1cc[nH+]nc1,3.25
c1ccc(-c2cc[nH+]cc2)cc1,5.55
CC(C)(C)c1ccc([NH3+])cc1,4.93
CC(C)(C)c1cc[nH+]cc1,5.99
CC(C)(C)c1csc[nH+]1,3.04
C=Cc1cc[nH+]cc1,5.62
Nc1cccc2c[nH+]ccc12,5.58
Nc1cnc[nH+]c1,2.6
Nc1cccc2[nH+]cccc12,5.46
c1cc2c[nH+]ccc2[nH]1,8.3
Brc1cccc2[nH+]cccc12,3.62
Cc1ccc(Cl)cc1[NH3+],3.85
Oc1cccc2c[nH+]ccc12,5.39
Oc1cccc2[nH+]cccc12,5.2
Cc1cccc2nc[nH+]cc12,2.31
Cc1cccc2[nH+]cccc12,4.62
Cc1c[nH+]cs1,3.03
c1ccc(-c2c[nH]c[nH+]2)cc1,6.05
Nc1ccc2c[nH+]ccc2c1,7.16
Nc1[nH+]c2ccccc2c2ccccc12,7.07
Nc1ccc2[nH+]cccc2c1,5.63
c1cc2cc[nH+]c-2c[nH]1,7.9
Cc1cccc(Cl)c1[NH3+],2.22
Clc1ccc2[nH+]cccc2c1,4
Oc1ccc2c[nH+]ccc2c1,5.84
COc1ccc2[nH+]cccc2c1,5.03
Cc1ccc2nc[nH+]cc2c1,2.16
Cc1ccc2[nH+]cccc2c1,5.1
Nc1ccc2cc[nH+]cc2c1,6.19
Nc1ccc2ccc[nH+]c2c1,6.63
c1c[nH]c2[nH+]ccc-2c1,4.6
Clc1ccc2ccc[nH+]c2c1,3.85
Oc1ccc2cc[nH+]cc2c1,5.69
Oc1ccc2ccc[nH+]c2c1,5.48
COc1ccc2ccc[nH+]c2c1,5.03
Cc1ccc2c[nH+]cnc2c1,2.54
Nc1cccc2cc[nH+]cc12,6.05
Cc1ccc2cccc(N)c2[nH+]1,4.86
Nc1cccc2ccc[nH+]c12,3.97
[NH3+]c1cccc2ccc(O)cc12,4.2
Clc1cccc2ccc[nH+]c12,3.12
Cc1ccc2cccc(O)c2[nH+]1,5.58
Cc1cc[nH+]c2c(O)cccc12,5.56
Oc1cccc2cc[nH+]cc12,5.65
Oc1cccc2ccc[nH+]c12,4.91
Cc1cccc2c[nH+]cnc12,2.15
Nc1nc2nc(O)[nH]c2c(O)[nH+]1,-0.1
Nc1c2ccccc2[nH+]c2ccccc12,10
COC(=O)c1c2ccccc2[nH+]c2ccccc12,3.43
[H]/[NH+]=C(/C)N,12.2
CC(=O)Nc1cccc[nH+]1,4.37
CC(=O)N[NH3+],3.24
[H]/[NH+]=C(N)\N=C(\C)O,8.23
CC(=O)N1CC[NH2+]CC1,7.94
c1ccc2[nH+]c3ccccc3cc2c1,5.6
C[NH2+]C[C@@H](O)c1ccc(O)c(O)c1,8.64
COC(=O)[C@H](C)[NH3+],7.74
C=CC[NH3+],9.69
Cc1c([NH3+])c(=O)n(-c2ccccc2)n1C,4.94
Nc1n[nH]n[nH+]1,1.76
C=C1CC[NH+]2CC[C@@H](O)[C@H]12,9.4
[NH3+]c1ccccc1,4.6
CC1=CC(=O)[NH+](c2ccccc2)N1C,1.45
C[NH+]1CCc2cccc3c2[C@H]1Cc1ccc(O)c(O)c1-3,7
CC[C@@]12CCC[NH+]3CC[C@]4(c5cccc(OC)c5N(C(C)=O)[C@@H]4CC1)[C@H]32,7.65
C1C[NH2+]C1,11.29
COC(=O)CC[NH3+],9.17
c1ccc2[nH+]scc2c1,-0.1
c1ccc2[nH+]c[nH]c2c1,5.55
c1ccc2sc[nH+]c2c1,1.2
c1ccc2[nH+][nH]nc2c1,0.42
c1ccc2oc[nH+]c2c1,0.5
[NH3+]Cc1ccccc1,9.38
C[NH2+]Cc1ccccc1,9.58
C[C@@H]1C[C@H](OC(=O)c2ccccc2)CC(C)(C)[NH2+]1,9.35
Cn1c(=O)c2c([nH+]cn2C)n(C)c1=O,0.6
COC(=O)Nc1[nH]c2ccccc2[nH+]1,4.53
C=C[C@H]1C[NH+]2CC[C@H]1C[C@@H]2[C@@H](O)c1cc[nH+]c2ccccc12,4.04
C=C[C@H]1C[NH+]2CC[C@H]1C[C@@H]2[C@@H](O)c1ccnc2ccccc12,8.15
c1ccc2n[nH+]ccc2c1,2.35
[NH3+][C@@H]1CCCC[C@@H]1[NH3+],6.43
N[C@@H]1CCCC[C@@H]1[NH3+],9.93
COc1ccc2c3c1O[C@H]1[C@@H](O)C=C[C@H]4[C@@H](C2)[NH+](C)CC[C@@]341,8.22
N#CCC[NH3+],7.7
N#CC[NH3+],5.34
[NH3+]C1CCCCC1,10.64
[NH3+]C1CCCC1,10.65
[NH3+]CCS,8.23
COC(=O)[C@@H]([NH3+])CS,6.38
Nc1cc[nH]c(=O)[nH+]1,4.58
C1C[NH+]2CC[NH+]1CC2,2.97
C1C[NH+]2CCN1CC2,8.82
C1CCC([NH2+]C2CCCCC2)CC1,11.25
C1CCC([NH2+]C2CCCC2)C1,10.93
CC(C)[NH2+]C(C)C,11.12
C[NH2+]C,10.77
C[NH+](C)C1CCCCC1,10.7
CNC(=[NH2+])NC,13.6
CC(C)[NH+](C)C,9.91
C[NH+]1CC[NH+](C)CC1,4.63
CN1CC[NH+](C)CC1,8.54
c1ccc([NH2+]c2ccccc2)cc1,0.9
[NH3+]CCc1ccc(O)c(O)c1,8.87
C[NH2+][C@H](C)[C@@H](O)c1ccccc1,9.54
[NH3+]CCO,9.5
CC[NH3+],10.63
NC(=O)C[NH3+],8.03
COC(=O)C[NH3+],7.59
[NH3+]CC(=O)NO,7.1
NC(N)=[NH2+],13.6
COc1ccc2c(c1)[nH]c1c(C)[nH+]ccc12,7.45
CC(=O)Oc1ccc2c3c1O[C@H]1[C@@H](OC(C)=O)C=C[C@H]4[C@@H](C2)[NH+](C)CC[C@@]341,7.6
Oc1[nH+]c[nH]c2ncnc1-2,1.19
c1c[nH+]c[nH]1,6.95
C1=c2ccccc2=N[NH2+]1,1.25
c1ccc2c(c1)CC[NH2+]2,4.9
[NH3+]CCc1[nH]cc[nH+]1,6.04
[NH3+]CCc1ncc[nH]1,9.27
CC(C)[NH3+],10.64
c1ccc2c[nH+]ccc2c1,5.4
OC[C@H]1CC[NH+]2CCC[C@@H]12,10.83
c1c[nH+]sc1,-0.5
CC(=O)c1cccc([NH3+])c1,3.58
[NH3+]c1cccc(Cl)c1,3.52
[NH3+]c1cccc(C(F)(F)F)c1,3.5
COc1cccc([NH3+])c1,4.2
C[NH3+],10.62
C[NH+]1CCC1,10.4
CN=C(N)[NH3+],13.4
C[NH+]1CCCCC1,10.19
C[NH+]1CCCC1,10.46
C[NH+]1CC[C@]23c4c5ccc(O)c4O[C@H]2[C@@H](O)C=C[C@H]3[C@H]1C5,8.21
C1COCC[NH2+]1,8.43
Cc1cccc([NH3+])c1,4.69
c1c[nH+]cc(C2=NCCC2)c1,5.26
C[C@H]1CCCC[NH+]1C,10.26
C[C@@H]1CCC[NH+]1C,10.26
CC(=O)n1cc[nH+]c1,3.6
C/[NH+]=C(/N(C)C)N(C)C(C)=O,9.1
C/N=C(\[NH2+]C)N(C)C(C)=O,8.93
c1ccc2cc3[nH+]c[nH]c3cc2c1,5.16
O=C(c1ccccc1)N1CC[NH2+]CC1,7.75
C[NH+]1CCC[C@H]1c1ccc[nH+]c1,3.13
C[NH+]1CCC[C@H]1c1cccnc1,8.11
CC(C)[NH2+]c1ccccc1,5.5
C[NH2+]c1ccccc1,4.85
C[NH+]1CC1,7.86
Cn1[nH+]cc2ccccc21,0.4
Cn1c[nH+]c2ccccc21,5.24
C[NH2+]OC,4.75
C[NH+]1CCOCC1,7.41
Cc1ccccc1[NH+](C)C,5.86
Cc1ccc([NH+](C)C)cc1,5.5
C[NH+](C)c1ccccc1,5.15
[NH3+]C[C@@H](O)c1ccc(O)c(O)c1,8.64
CC(=O)c1ccccc1[NH3+],2.3
[NH3+]c1ccccc1Cl,2.64
[H]/[NH+]=C(/N)OC,9.72
COc1ccccc1[NH3+],4.53
Cc1ccccc1[NH3+],4.45
c1coc[nH+]1,0.8
[NH3+]c1ccc(O)cc1,5.48
[NH3+]c1ccc(Cl)cc1,3.99
[NH3+]c1ccc(C(F)(F)F)cc1,2.6
COc1ccc([NH3+])cc1,5.36
C1=[NH+]c2cccc3cccc(c23)N1,6.35
O=c1[nH]ccc2c1c[nH+]c1ccccc12,4.01
c1ccc2c(c1)c[nH+]c1ccccc12,4.52
c1ccc2[nH+]c3ccccc3nc2c1,1.2
[NH3+]Nc1ccccc1,5.2
c1ccc2c[nH+]ncc2c1,3.47
CNC(=O)Oc1ccc2c(c1)[C@]1(C)CC[NH+](C)[C@@H]1N2C,7.88
C1C[NH2+]CC[NH2+]1,5.33
C1C[NH2+]CCN1,9.73
C1CC[NH2+]CC1,11.12
C[NH+]1[C@@H]2CC[C@H]1C[C@H](O)C2,9.86
Cc1ccc([NH3+])cc1,5.08
c1c[nH+]ccn1,0.6
c1cc[nH+]nc1,2.33
c1cc[nH+]cc1,5.17
c1cnc[nH+]c1,1.3
C1CC[NH2+]C1,11.31
c1ccc2nc[nH+]cc2c1,1.95
C=C[C@H]1C[NH+]2CC[C@H]1C[C@@H]2[C@@H](O)c1cc[nH+]c2ccc(OC)cc12,4.2
C=C[C@H]1C[NH+]2CC[C@H]1C[C@@H]2[C@@H](O)c1ccnc2ccc(OC)cc12,8.8
C=C[C@H]1C[NH+]2CC[C@H]1C[C@H]2[C@H](O)c1cc[nH+]c2ccc(OC)cc12,4.33
C=C[C@H]1C[NH+]2CC[C@H]1C[C@H]2[C@H](O)c1ccnc2ccc(OC)cc12,8.59
c1ccc2[nH+]cccc2c1,4.8
c1ccc2[nH+]ccnc2c1,0.72
[H]/[NH+]=C(/N)SC,9.83
C[NH2+]CC(N)=O,8.02
C[NH2+]CC(=O)N(C)C,8.86
CNC(=O)C[NH2+]C,8.28
NC(=O)N[NH3+],3.53
COC(=O)[C@@H]([NH3+])CO,7.03
C1CC[NH+]2C[C@@H]3C[C@@H](C[NH+]4CCCC[C@@H]34)[C@H]2C1,4.49
C1CCN2C[C@@H]3C[C@@H](C[NH+]4CCCC[C@@H]34)[C@H]2C1,11.76
O=C1C[C@@H]2OCC=C3C[NH+]4CC[C@]56c7ccccc7N1[C@H]5[C@H]2[C@H]3C[C@H]46,8.2
CC(C)(C)[NH3+],10.69
CC(C)(C)[NH2+]c1ccccc1,7.1
C[NH+](C)C(C)(C)C,10.52
c1ccc2c(c1)CC[NH2+]C2,9.41
c1ccc2c(c1)C[NH2+]CN2,7.63
c1ccc2c(c1)CCC[NH2+]2,5.03
c1ccc2c(c1)NCC[NH2+]2,4.48
C[NH+](C)CC[NH+](C)C,5.85
CN(C)CC[NH+](C)C,8.97
Cc1nc(C)c(C)[nH+]c1C,3.6
Cc1cc(C)c(C)[nH+]c1C,7.9
COC1=CC=C2[C@H]3Cc4ccc(OC)c5c4[C@@]2(CC[NH+]3C)[C@H]1O5,7.95
Cn1c[nH+]c2c1c(=O)[nH]c(=O)n2C,0.68
c1ccc2[nH]c(-c3csc[nH+]3)nc2c1,4.64
NC(=S)N[NH3+],1.5
NC([NH3+])=S,-1.58
[NH3+][C@@H]1CCCC[C@H]1[NH3+],6.34
N[C@@H]1CCCC[C@H]1[NH3+],9.74
[NH3+]CC(Cl)(Cl)Cl,5.47
CC[NH+](CC)CC,10.72
C[NH+](C)C,9.8
[NH3+]C(CO)(CO)CO,8.08
C[NH+]1[C@@H]2CC[C@H]1C[C@H](OC(=O)c1ccccc1)C2,9.51
C[NH+]1[C@@H]2CC[C@H]1C[C@@H](O)C2,10.33
[NH3+]CCc1ccc(O)cc1,9.74
NC(=O)[C@@H]([NH3+])Cc1ccc(O)cc1,7.48
CC(C)[C@H]([NH3+])C(N)=O,8
COC(=O)[C@@H]([NH3+])C(C)C,7.49
O=C1CCN=C2[NH2+]CCN12,8.25
c1nc2c(c[nH+]1)NCCN2,6.63
Brc1c[nH+]cc2ccccc12,3.31
Nc1nc2ccccc2c[nH+]1,4.83
Nc1[nH+]cnc2ccccc12,5.76
COc1c[nH+]nc2ccccc12,3.14
CSc1c[nH+]nc2ccccc12,3.15
Brc1nccc[nH+]1,-1.63
CSc1[nH+]ncc2ccccc12,3.46
Nc1[nH+]ncc2ccccc12,6.58
COc1c[nH+]c2ccccc2n1,0.28
COc1nc2ccccc2[nH+]c1OC,-1.15
COc1[nH+]c2ccccc2c2ccccc12,2.38
Cc1cccc2[nH+]c(N)sc12,4.25
COc1ccc2sc(N)[nH+]c2c1,4.29
[NH3+]C1=NCC(=O)N1,4.8
CC(=O)N=C1NCC[NH2+]1,7.48
NC(=O)c1c[nH]c[nH+]1,3.7
Cn1c[nH+]c(Cl)c1,3.1
Cn1c[nH+]c(-c2ccccc2)c1,5.78
c1c[nH][nH+]c1,2.48
Cn1ccc[nH+]1,2.08
Cc1ccn(C)[nH+]1,2.97
Cc1cc[nH+][nH]1,3.43
Cc1cc(C)[nH+][nH]1,4.25
COc1c[nH+]ccn1,0.75
CSc1c[nH+]ccn1,0.51
NC(=O)c1c[nH+]ccn1,-0.5
Clc1cc[nH+]c2ccc(Br)cc12,2.83
Nc1ncc(Cl)c[nH+]1,1.73
Nc1ncc(-c2ccc(Cl)cc2)c[nH+]1,3.14
N#Cc1cnc(N)[nH+]c1,0.66
Cc1cc[nH+]c(N)n1,4.13
Cc1cc(C)[nH+]c(N)n1,4.86
Cc1cc(N)[nH+]cn1,6.16
Nc1cc(Cl)[nH+]cn1,2.1
O/N=C/c1cc[nH+]cc1,4.73
O/N=C/c1cccc[nH+]1,3.56
CN1C(=O)C[NH+]=C(c2ccccc2)c2cc(Cl)ccc21,3.3
C[C@@H]1C[C@H]2Cc3[nH+]cccc3[C@]3(C1)[NH2+]CCC[C@H]23,3.97
C[C@@H]1C[C@H]2Cc3ncccc3[C@]3(C1)[NH2+]CCC[C@H]23,8.08
c1ccc([NH2+]C2=NCCN2)cc1,10.24
COc1ccc([NH+]=C2NCCN2)cc1,10.62
CC(=O)c1ccc([NH+]=C2NCCN2)cc1,9.11
c1c[nH+]cc([NH+]=C2NCCN2)c1,3.05
c1c[nH+]cc(N=C2NCCN2)c1,8.99
c1ccc(N=C2NCCN2)[nH+]c1,9.45
NC(N)=[NH+]c1ccccc1,10.9
NC([NH3+])=Nc1ccc([NH3+])cc1,3.63
NC(N)=[NH+]c1ccc2c(c1)OCO2,11.03
Cc1cc(C)c([NH+]=C(N)N)cc1C,11.35
Oc1nccc[nH+]1,2.24
[NH3+]CCc1c[nH+]c[nH]1,6.04
[NH3+]CCc1cnc[nH]1,9.2
CC1=CC=C(C)[NH2+]1,-0.71
CC1=CC(C)=C(C)[NH2+]1,2
CC1=C[NH2+]C(C)=C1,2.55
CSc1cccc[nH+]1,3.62
C[NH+]1C=CC=CC1=S,-1.22
CSc1ccc[nH+]c1,4.45
CSc1cc[nH+]cc1,5.97
C[NH+]1C=CC(=S)C=C1,1.3
CSc1ccc2ccccc2[nH+]1,3.71
CSc1c[nH+]c2ccccc2c1,3.88
CSc1cc[nH+]c2ccccc12,5.81
S=C1C=CC=C2[NH2+]C=CC=C12,3.31
CSc1cccc2[nH+]cccc12,4.5
C[NH+]1C=CC=C2C(=S)C=CC=C21,3.22
Sc1ccc2[nH+]cccc2c1,3.95
CSc1ccc2[nH+]cccc2c1,4.12
Sc1cccc2ccc[nH+]c12,2.05
CSc1cccc2ccc[nH+]c12,3.5
Sc1[nH+]ccc2ccccc12,-1.9
CSc1[nH+]ccc2ccccc12,3.93
C[NH+]1C=Cc2ccccc2C1=S,-2.13
S=C1C=c2ccccc2=C[NH2+]1,0.39
CSc1cc2ccccc2c[nH+]1,3.41
COc1ccc2ccccc2[nH+]1,3.17
COc1cc[nH+]c2ccccc12,6.65
Oc1c2ccccc2[nH+]c2ccccc12,-0.26
O=c1cc[nH][nH+]c1,1.07
COc1cc[nH+]cn1,2.5
Cn1ccc[nH+]c1=O,2.5
Cn1ccc(=O)[nH+]c1,1.8
Oc1ccc2[nH+]nccc2c1,3.65
Oc1ccc2cc[nH+]nc2c1,3.31
Oc1ccc2[nH+]ccnc2c1,1.4
Oc1cccc2[nH+]c3ccccc3nc12,1.44
c1cnc2[nH+]ccnc2c1,1.2
c1cc2ncc[nH+]c2cn1,2.47
COc1[nH+]ncc2ccccc12,3.7
Nc1ccc2cc3ccccc3[nH+]c2c1,8
Nc1cccc2cc3ccccc3[nH+]c12,4.2
c1ccc2c(c1)ccc1ccc[nH+]c12,4.25
c1ccc2c(c1)ccc1[nH+]cccc12,5.15
Nc1cccc2c1ccc1[nH+]cccc12,5.2
c1ccc2cc3[nH+]cccc3cc2c1,5.05
Nc1c[nH+]c2cc3ccccc3cc2c1,4.78
c1ccc2[nH+]c3ccc4ccccc4c3cc2c1,4.7
Nc1ccc2cc3ccc4ccccc4c3[nH+]c2c1,6.72
c1nc2c[nH+]ccc2[nH]1,6.1
Oc1[nH]c2cnccc2[nH+]1,6.12
Oc1nc2c[nH]c(Cl)cc-2[nH+]1,1.77
Sc1[nH]c2cnc(Cl)cc2[nH+]1,0.81
Clc1cc2[nH+]c(Cl)nc-2c[nH]1,1.35
C[NH+]1C=CC=CC1=O,0.32
C[NH+]1C=CC(=O)C=C1,3.33
Cn1c([NH3+])cccc1=O,2.09
Cn1cc([NH3+])ccc1=O,3.8
Cn1cccc([NH3+])c1=O,2.94
Cn1ccc(=O)c([NH3+])c1,3.88
Cn1ccc(=O)c[nH+]1,1.07
CSc1ccc(SC)[nH+]n1,1.95
COc1ccc(OC)[nH+]n1,1.61
CC(=O)O[C@H]1C=C[C@H]2[C@H]3Cc4ccc(O)c5c4[C@@]2(CC[NH+]3C)[C@H]1O5,8.19
Nc1ccc2cc3ccc([NH3+])cc3[nH+]c2c1,0.3
Nc1ccc2cc3ccc(N)cc3[nH+]c2c1,9.65
Cc1cc2cc3cc(C)c([NH3+])cc3[nH+]c2cc1N,0.5
Cc1cc2cc3cc(C)c(N)cc3[nH+]c2cc1N,8.9
[NH3+][C@]12C[C@H]3C[C@H](C[C@H](C3)C1)C2,10.71
NC(N)=NC(=O)c1[nH+]c(Cl)c(N)nc1N,8.7
Cc1c([NH+](C)C)c(=O)n(-c2ccccc2)n1C,5.06
C[C@H]([NH3+])Cc1ccccc1,9.94
COc1ccc(C[C@H](C)[NH3+])cc1,9.99
O=C1C[NH+]2Cc3c(ccc(Cl)c3Cl)NC2=N1,2.87
COC(=O)C1=CCC[NH+](C)C1,7.64
c1ccc(N2CC[NH2+]CC2)cc1,9.02
CCOC(=O)c1ccc([NH3+])cc1,2.53
O=C1Nc2ccc(Cl)cc2C(c2ccccc2Cl)=[NH+][C@@H]1O,1.3
CN1CC[NH+]=C(c2ccccc2)c2cc(Cl)ccc21,6.19
O=C1Nc2ccc(Cl)cc2C(c2ccccc2)=[NH+][C@@H]1O,1.8
CC(=O)Nc1ccc2c(c1)C(c1ccccc1)=[NH+]CC(=O)N2,3.2
[NH3+]c1ccc2c(c1)C(c1ccccc1)=[NH+]CC(=O)N2,2.5
Nc1ccc2c(c1)C(c1ccccc1)=[NH+]CC(=O)N2,4.6
COC(=O)[C@H]1[C@@H](OC(=O)c2ccccc2)C[C@@H]2CC[C@H]1[NH+]2C,8.7
CC[C@@]1(O)C(=O)OCc2c1cc1n(c2=O)Cc2cc3ccccc3[nH+]c2-1,1.18
Clc1cccc(Cl)c1[NH+]=C1NCCN1,8.12
C[NH+]1CC[NH+](C2=Nc3cc(Cl)ccc3Nc3ccccc32)CC1,4.02
C[NH+]1CCN(C2=Nc3cc(Cl)ccc3Nc3ccccc32)CC1,7.6
C[NH+]1CCC(=C(c2ccc(Cl)cc2)c2cccc[nH+]2)CC1,3.64
C[NH+]1CCC(=C(c2ccc(Cl)cc2)c2ccccn2)CC1,8.78
[NH3+][C@@H]1CONC1=O,4.53
COc1ccc2c3c1O[C@H]1[C@@H](O)CC[C@H]4[C@@H](C2)[NH+](C)CC[C@@]341,8.75
C[NH+]1CC[C@]23c4c5ccc(O)c4O[C@H]2[C@@H](O)CC[C@H]3[C@H]1C5,9.35
C[NH+]1CCC(OC(c2ccccc2)c2ccccc2)CC1,8.9
COC(=O)[C@@H]1[C@H]2CC[C@@H](C[C@@H]1O)[NH+]2C,9.16
[H]/[NH+]=C1/NC[C@H]2c3ccccc3Cc3ccccc3N12,11.2
Clc1ccc2c(c1)C(c1ccccc1)=NCc1[nH+]ncn1-2,2.84
CN1C(=O)C[NH+]=C(c2ccccc2F)c2cc(Cl)ccc21,2.29
C[C@H]1CC[NH+]2CCC[C@@H]12,11.4
CC1=CC[NH+]2CCC[C@@H]12,10.55
C[NH2+][C@]1(c2ccccc2Cl)CCCCC1=O,7.5
C[NH2+][C@@]1(C)[C@H]2CC[C@H](C2)C1(C)C,11.2
C[NH+]1CCN2c3ccccc3Cc3ccccc3[C@@H]2C1,7.5
Cc1[nH+]cc2n1-c1ccc(Cl)cc1C(c1ccccc1F)=[NH+]C2,1.7
Cc1[nH+]cc2n1-c1ccc(Cl)cc1C(c1ccccc1F)=NC2,6.5
NC(=O)c1ccc[nH+]c1,3.33
COC(=O)[C@H]1[C@H]2CC[C@@H](C[C@@H]1O)[NH+]2C,8.15
Cc1cc(C)[nH+]c(NS(=O)(=O)c2ccc(N)cc2)n1,2.65
Nc1ccc(S([NH3+])(=O)=O)cc1,2.36
Nc1ccc(S(=O)(=O)[NH2+]C(=O)c2ccccc2)cc1,1.78
C[C@@H]1C(=O)C=C2[C@H]1C[NH+](C)C[C@@H]2C,7.2
c1ccc2c(c1)CCC[C@H]2C1=[NH+]CCN1,10.51
c1ccc(CC2=[NH+]CCN2)cc1,10.3
[NH3+]CCC1=C(I)N=C[NH2+]1,4.11
[NH3+]CCc1[nH+]c(I)[nH]c1I,2.31
Cc1c[nH+]c2nc(N)nc(N)c2n1,5.33
Cc1cnc2nc(N)[nH+]c(O)c2n1,2.5
Nc1nc(N)c2[nH+]c(O)cnc2n1,4.3
CC(=O)[NH2+]S(=O)(=O)c1ccc(N)cc1,1.76
[H]/[NH+]=C(/N)N1CCc2ccccc2C1,11.9
Cc1[nH+]c(N(C)C)nc(OC(=O)N(C)C)c1C,4.54
Fc1cc2[nH]c[nH+]c2cc1F,4.5
Fc1c(F)c(F)c2[nH+]c[nH]c2c1F,2.1
Cc1[nH+]cc(CO)c(CO)c1O,5
C[NH+]1CCN2c3ncccc3Cc3ccccc3[C@@H]2C1,7.1
Oc1cccc2c1c[nH+]c1ccccc12,4.39
C1=[NH+]CCC1,6.7
C1=[NH+]CCCC1,7.93
C1=CC[NH2+]CC1,10.43
CC1=NCc2ccccc2[NH2+]1,10.16
Nc1[nH+]c(O)[nH]c2ncnc1-2,4.5
c1ncc2[nH+]cnc-2[nH]1,2.52
O=c1c[nH+]cc[nH]1,-0.1
Clc1cc2[nH]cnc2c[nH+]1,2.7
CSc1c[nH+]c2ccccc2n1,0.29
Oc1ccnc[nH+]1,1.85
CSc1nc2c[nH+]c(Cl)cc2[nH]1,1.35
CSc1nc2c[nH]ccc-2[nH+]1,5.98
Nc1[nH+]c(O)nc2[nH]c(O)nc12,2.45
[H]/N=c1/c2[nH+]cn(C)c2ncn1C,9.1
CN(C)c1[nH+]c[nH+]c2c1ncn2C,-0.77
CN(C)c1[nH+]cnc2c1ncn2C,4.18
Cn1ccc(N)[nH+]c1=O,4.5
Cn1c[nH+]c2c(N)[nH]c(=O)nc21,4.5
Cn1c[nH+]c2c(N)[nH+]cnc21,-0.64
Cn1cnc2c(N)[nH+]cnc21,4.1
Cn1cnc2c(=O)[nH]c[nH+]c21,1.87
Nc1nccc(O)[nH+]1,4.07
COc1cc(N(C)C)nc[nH+]1,4.23
CSc1cc(N(C)C)nc[nH+]1,4.57
CN(C)c1cc(S)[nH+]cn1,-0.27
CN(C)c1cc(O)[nH+]cn1,1.22
CSc1nc(N(C)C)cc[nH+]1,5.73
CN(C)c1cc[nH+]c(S)n1,2.4
CSc1cc(N)nc[nH+]1,3.94
Nc1cc(S)[nH+]cn1,0.24
Nc1cc(O)[nH+]cn1,1.36
CSc1nc(N)cc[nH+]1,4.91
COc1nc(N)cc[nH+]1,5.53
Nc1cc[nH+]c(=S)[nH]1,2.4
CSc1cc[nH+]c(N(C)C)n1,5.04
COc1cc[nH+]c(N(C)C)n1,5.87
CN(C)c1[nH]c(=O)cc[nH+]1,3.68
CSc1cc[nH+]c(N)n1,4.75
COc1cc[nH+]c(N)n1,5.53
NC1=NC(=S)C=C[NH2+]1,2.86
CN(C)c1[nH]c(=S)cc[nH+]1,2.2
C[NH+]=C(N(C)C)N(C)C,13.8
CN(C)C(=[NH+]c1ccccc1)N(C)C,11.77
Clc1ccccc1N=P(N1CCCC1)(N1CCCC1)[NH+]1CCCC1,9.98
Brc1ccc(N=P(N2CCCC2)(N2CCCC2)[NH+]2CCCC2)cc1,11.23
FC(F)(F)c1ccc(N=P(N2CCCC2)(N2CCCC2)[NH+]2CCCC2)cc1,10.59
CN(C)c1ccc(N=P(N2CCCC2)(N2CCCC2)[NH+]2CCCC2)cc1,12
COc1ccc(N=P(N2CCCC2)(N2CCCC2)[NH+]2CCCC2)cc1,11.94
Clc1ccc(Cl)c(N=P(N2CCCC2)(N2CCCC2)[NH+]2CCCC2)c1,9.21
Clc1cccc(Cl)c1N=P(N1CCCC1)(N1CCCC1)[NH+]1CCCC1,9
N=P(N1CCCC1)(N1CCCC1)[NH+]1CCCC1,13.93
c1ccc(N=P(N2CCCC2)(N2CCCC2)[NH+]2CCCC2)cc1,11.6
CN(C)P(=Nc1ccccc1)(N(C)C)[NH+](C)C,10.6
CN(C)P(=N)(N(C)C)[NH+](C)C,13.32
CN(C)c1cccc2cccc([NH+](C)C)c12,12.1
COC1=N[NH+]=C(c2ccc(C)cc2)CC1,5.01
O=C1CCC(c2ccccc2)=[NH+]N1,1.41
C1CNCCC[NH2+]CCCNC1,12.2
C1CNCCC[NH2+]CCC[NH2+]C1,7.57
C1C[NH2+]CCC[NH2+]CCC[NH2+]C1,2.41
CC12CNCCCN1CCC[NH2+]C2,9.7
CC12C[NH2+]CCC[NH+]1CCC[NH2+]C2,1.71
Clc1ccc(Cl)[nH+]n1,-1.5
Cc1ccc(O)[nH+]n1,-0.81
CN(C)c1ccc[nH+]n1,4.59
CN(C)c1ccc(-c2ccccc2)[nH+]n1,4.49
CN(C)c1ccc(Cl)[nH+]n1,2.82
Clc1ccc(-c2ccccc2)n[nH+]1,-0.06
Cc1ccc(Cl)[nH+]n1,0.89
CNc1cc(=S)n(C)c[nH+]1,-0.48
CNc1cc(=O)n(C)c[nH+]1,0.82
Cn1c[nH+]c(N)cc1=S,0.98
CN(C)c1ccn(C)c(=S)[nH+]1,2.62
CN(C)c1[nH+]ccc(=S)n1C,2
CN(C)c1[nH+]ccc(=O)n1C,3.49
Cn1c(N)[nH+]ccc1=S,2.92
CNc1cc(O)[nH+]cn1,1.7
CNc1cc(OC)[nH+]cn1,4.23
C1=CC2=CC=C[NH+]2C=C1,3.9
c1c[nH+]oc1,-2.03
C1=C[NH+]=C2C=CC=CC(=C1)C2,3.2
Nc1c[nH+]c2ccccc2n1,3.96
Nc1cccc2[nH+]ccnc12,2.62
Nc1ccc2[nH+]ccnc2c1,2.95
Nc1nc2ccccc2[nH+]c1N,4.7
Cc1cc2nc3ccc(N(C)C)cc3[nH+]c2cc1N,6.75
Cn1c2cccc(=O)c-2[nH+]c2ccccc21,5
Nc1ccc2c[nH][nH+]c2c1,3.66
O[C@H]1[NH+]=CNc2ccccc21,7.77
CSc1nc2ccccc2c(C)[nH+]1,1.86
C1=[NH+]CCCN1,13
[NH2+]=C1NCCCN1,14.1
c1ccc(C2=[NH+]CCCN2)cc1,12.8
COC1=NCCC[NH2+]1,10.79
CO[C@H]1CNC=[NH+]C1,11.72
O[C@@H]1CNC=[NH+]C1,10.9
CC1=[NH+]C[C@H](O)CN1,11.4
CC1=NC(C)(C)[NH2+]C(C)(C)C1,8.11
Nc1ncc(Br)c[nH+]1,1.95
CC(C)(C)c1nc(N)[nH+]cc1Br,2.93
Cc1nc(N)[nH+]cc1Br,2.66
Cc1nc(N)[nH+]c(C)c1Br,3.35
Nc1[nH]c(=O)c(Br)c[nH+]1,2.56
Nc1ncc(Cl)c(O)[nH+]1,2.53
Nc1ncc(F)c(O)[nH+]1,2.57
Nc1nc(Cl)cc(O)[nH+]1,0.5
Cc1nc(N)[nH+]c(C)c1C#N,1.67
Cc1nc(N)[nH+]cc1C#N,1.14
Nc1nc(-c2ccccc2)cc(-c2ccccc2)[nH+]1,3.78
Nc1ncc(I)c[nH+]1,2.23
COc1ncc(Br)c[nH+]1,-0.77
CSc1ncc(Br)c[nH+]1,-0.9
CNc1ncc(Br)c[nH+]1,2.09
CC(=O)Nc1cc[nH+]cn1,2.76
Nc1nc[nH+]cc1Br,3.97
Nc1[nH]c(=O)[nH+]cc1Br,3.04
Nc1[nH]c(=O)[nH+]cc1Cl,2.94
Nc1nc(O)[nH+]cc1F,2.83
Nc1cc(Cl)[nH+]c(O)n1,3.26
Nc1cc(F)[nH+]c(O)n1,1.5
N#Cc1c[nH+]cnc1N,2.54
Cc1nc(N)c(C#N)c[nH+]1,3.51
Oc1ncc(Br)c[nH+]1,0.44
Oc1[nH+]cncc1Br,0.43
Sc1[nH+]cncc1Br,-0.46
COc1nc[nH+]cc1Br,1.35
Nc1cc(N)[nH+]cn1,6.01
Nc1nc[nH+]c(N)c1Br,4.22
Cc1nc(N)c(C)c(N)[nH+]1,7.08
O=c1cc(O)[nH+]c[nH]1,0.26
COc1cc(OC)[nH+]cn1,1.49
Nc1cc(N)[nH+]c(N)[nH+]1,1.07
Nc1cc(N)[nH+]c(N)n1,7.18
CC1=Cc2cc(C)ccc2[NH2+]1,0.26
Cn1cc2ccccc2[nH+]1,2.02
Nc1ccc2cc3c(ccc4ccccc43)[nH+]c2c1,7.1
Nc1ccc2[nH+]c3ccc4ccccc4c3cc2c1,6.4
Nc1ccc2cc3ccc(Cl)cc3[nH+]c2c1,6.8
Nc1ccc2c(Cl)c3ccccc3[nH+]c2c1,6.4
Nc1c2ccccc2[nH+]c2cc(Cl)ccc12,8.9
COc1ccc2[nH+]c3ccccc3c(N)c2c1,9.2
Nc1c2c([nH+]c3ccccc13)CCCC2,10
Nc1ccc2[nH+]c3ccc(N)cc3cc2c1,5.9
Nc1ccc2c(N)c3ccccc3[nH+]c2c1,11.1
Nc1cccc2cc3cccc(N)c3[nH+]c12,4.07
Cc1c2ccccc2[nH+]c2ccccc12,5.6
Cc1cccc2cc3ccccc3[nH+]c12,5.4
Cc1ccc2[nH+]c3ccccc3cc2c1,5.5
Nc1ncc[nH+]c1N,4.88
Nc1[nH+]cc[nH+]c1N,0.76
Cc1[nH+]c(N)c(N)[nH+]c1C,1.23
Cc1nc(N)c(N)[nH+]c1C,5.36
Cc1nc(N)c[nH+]c1C,3.89
N#Cc1[nH+]ccnc1N,-0.43
CN(C)c1[nH+]cc[nH+]c1N,-0.24
CN(C)c1ncc[nH+]c1N,4.29
CN(C)c1ccc2ccc([NH+](C)C)c(N(C)C)c2c1N(C)C,15.8
C1CN=C2[NH2+]CCCN2C1,14.5
C1CCC2=[NH+]CCCN2CC1,13.5
C[NH+]1CCCN2CCCN=C21,13
C1C[NH2+]OC1,5.05
Cc1cc(C)o[nH+]1,-1.26
Cc1cc[nH+]o1,-1.61
Cc1cco[nH+]1,-1.22
Cc1ccs[nH+]1,0.88
Cc1cc[nH+]s1,0.42
Cc1cc(C)s[nH+]1,1.52
CC1=C(C)C(=O)[NH+](C)O1,-1.36
c1c[nH+]c2cccnc2c1,3.05
C[NH+]1C(C)(C)CCCC1(C)C,11.25
CC1(C)CCCC(C)(C)[NH2+]1,11.24
C[C@@H]1CCC[C@H](C)[NH+]1C,10.21
C[C@H]1CC[NH+](C)C(C)(C)C1,10.24
Cc1[nH+]c(C)c(C(=O)O)cc1C(=O)O,1.72
O=C(O)c1c[nH+]cc(C(=O)O)c1,1.1
Nc1nc(N)c2nc(Cl)c[nH+]c2n1,4.36
Nc1[nH]c2nc(=S)cnc-2c(O)[nH+]1,-0.92
Nc1nc(O)c2ncc(O)[nH+]c2n1,-0.5
C1CNCC[NH2+]CCN1,10.4
C1C[NH2+]CC[NH2+]CCN1,6.9
C1C[NH2+]CC[NH2+]CC[NH2+]1,0.7
CN1CCN(C)CC[NH+](C)CC1,11.7
CN1CC[NH+](C)CC[NH+](C)CC1,5.2
C[NH+]1CC[NH+](C)CC[NH+](C)CC1,0.6
CN1CCCN(C)CCC[NH+](C)CCC1,12.8
CN1CCC[NH+](C)CCC[NH+](C)CCC1,5.7
C[NH+]1CCC[NH+](C)CCC[NH+](C)CCC1,2.9
CN(C)c1ccc(O)[nH+]n1,1.36
C1[C@H]2[C@@H]3[C@H]4[C@@H]5[C@H]([C@@H]24)[NH+]1[C@@H]53,9.7
C1C[NH+]2CCC1CC2,11.1
C1C[NH+]2CCC1C2,11.5
c1ccc([NH+]2CCC2)cc1,3.6
Nc1cccc2cccc([NH3+])c12,4.61
CNc1cccc2cccc([NH2+]C)c12,5.61
c1cc2c3c(cccc3c1)[NH2+]CCN2,4.62
CN1CCCC[NH+]1C,6.66
CN1[C@@H]2CC[C@@H](C2)[NH+]1C,6.89
C1CCN2CCN=C2[NH2+]C1,11.26
C1CC[NH+]2CCCCN2C1,6.79
CN1[C@H]2CC[C@H](CC2)[NH+]1C,7.14
NC(=O)C12CC[NH+](CC1)CC2,9.47
ClC12CC[NH+](CC1)CC2,8.78
N#CC12CC[NH+](CC1)CC2,8.23
OC12CC[NH+](CC1)CC2,9.53
C[C@@H]1C[NH+]2CCC1CC2,11.29
O[C@@H]1C[NH+]2CCC1CC2,9.91
NC(=O)[C@@H]1C[NH+]2CCC1CC2,9.82
Cl[C@H]1CC2CC[NH+]1CC2,6.98
N#C[C@H]1CC2CC[NH+]1CC2,5.85
C[C@H]1CC2CC[NH+]1CC2,11.33
NC(=O)[C@H]1CC2CC[NH+]1CC2,9.04
ClCC12CC[NH+](CC1)CC2,10.27
CC(=O)OC12CC[NH+](CC1)CC2,9.13
C1CN2CCC[NH+]2C1,7.91
CN1CCC[NH+]1C,6.67
c1ccc2c(c1)n[nH+]c1ccccc12,2.2
c1ccc2c(c1)[nH]c1c[nH+]ccc12,7.2
c1cnc2ccc3[nH+]cccc3c2c1,4
c1c[nH+]c2ccc3[nH+]cccc3c2c1,2.4
Cc1[nH]c2cc3ccccc3cc2[nH+]1,6.02
Cc1cnc2c(ccc3cc(C)c[nH+]c32)c1,5.23
Cc1cnc2c(c1)c(C)c(C)c1cc(C)c[nH+]c12,5.54
Clc1c(Cl)c2ccc[nH+]c2c2ncccc12,3.47
Clc1ccnc2c1ccc1c(Cl)cc[nH+]c12,3.03
Cc1ccc2ccc3ccc(C)[nH+]c3c2n1,6.17
Cc1cnc2c(ccc3c(C)c(C)c[nH+]c32)c1C,6.31
Cc1cc(C)c2ccc3c(C)cc(C)[nH+]c3c2n1,6.5
COc1ccnc2c1ccc1c(OC)cc[nH+]c12,6.45
COc1c(OC)c2ccc[nH+]c2c2ncccc12,4.42
c1ccc2c(c1)ccc1ccc3ccc4ccc5ccc[nH+]c5c4c3c12,4.55
c1ccc2c(c1)ccc1ccc3ccc4ccc5cc[nH+]cc5c4c3c12,5.28
C1C[NH2+]1,8.04
C[C@@H]1C[NH2+]1,8.5
CC1(C)C[NH2+]1,8.61
C[C@H]1[NH2+][C@@H]1C,8.69
C[C@@H]1[NH2+][C@@H]1C,8.72
C1CSC[NH2+]1,6.2
C1N2CN3CN1C[NH+](C2)C3,6.3
CN1CCCCC[NH+]1C,6.66
CN(C)[NH+](C)C,6.18
C1CCN([NH+]2CCCC2)C1,7.16
C1CCN([NH+]2CCCCC2)CC1,7.09
CN[NH3+],7.85
CN(C)[NH3+],7.12
C[NH2+]N(C)C,6.58
CN[NH2+]C,7.49
[NH3+]N1CCCC1,7.75
[NH3+]N1CCCCC1,7.51
[NH3+]N1CCCCCC1,7.92
Cc1ccc(N[NH3+])cc1,5.32
N#Cc1ccc(N[NH3+])cc1,4.25
[NH3+]Nc1ccc(Cl)cc1,4.96
[NH3+]Nc1ccc(Br)cc1,5.05
Cc1cccc(N[NH3+])c1,5.26
Cc1ccccc1N[NH3+],5.32
N#Cc1cccc(N[NH3+])c1,5.57
COc1cccc(N[NH3+])c1,5.3
COc1ccc(N[NH3+])cc1,5.71
COc1ccccc1N[NH3+],5.53
[NH3+]Nc1ccccc1Cl,4.65
[NH3+]Nc1cccc(Cl)c1,4.78
[NH3+]Nc1cccc(Br)c1,4.84
[NH3+]Nc1ccccc1Br,4.54
CN1CC=CC[NH+]1C,5.7
C#CCN[NH3+],5.46
[NH3+]C12CC[NH+](CC1)CC2,6.74
[NH3+]C12CCN(CC1)CC2,10.14
O[C@H]1CC2CC[NH+]1CC2,10.07
O=C1C[NH+]2CCC1CC2,7.53
FC12CC[NH+](CC1)CC2,8.55
C#CC12CC[NH+](CC1)CC2,9.48
CCC12CC[NH+](CC1)CC2,11.09
C=CC12CC[NH+](CC1)CC2,10.56
C[NH2+]C12CC[NH+](CC1)CC2,6.91
C[NH2+]C12CCN(CC1)CC2,10.32
CO[C@H]1CC2CC[NH+]1CC2,8.87
C=C(C)C12CC[NH+](CC1)CC2,10.52
CC(C)C12CC[NH+](CC1)CC2,11.2
C[NH+](C)C12CC[NH+](CC1)CC2,6.41
C[NH+](C)C12CCN(CC1)CC2,10.15
CSC12CC[NH+](CC1)CC2,9.46
CC(C)(C)C12CC[NH+](CC1)CC2,11.27
ClC[C@@H]1CC2CC[NH+]1CC2,9.68
ClC[C@@H]1C[NH+]2CCC1CC2,10.15
CS(=O)(=O)C12CC[NH+](CC1)CC2,7.89
BrC12CC[NH+](CC1)CC2,8.47
c1ccc(C23CC[NH+](CC2)CC3)cc1,10.18
COC(=O)C12CC[NH+](CC1)CC2,9.42
c1cc(N2CCCC2)c2c([NH+]3CCCC3)cccc2c1,9.97
c1cnc2c(ccc3[nH+]ccnc32)n1,0.5
COC12CC[NH+](CC1)CC2,9.4
Cl[C@@H]1C[NH+]2CCC1CC2,8.85
CC12CC[NH+](CC1)CC2,11.08
c1ccc2c(c1)C1CC[NH+]2CC1,7.79
CC1=[NH+]CCS1,5.22
c1csc[nH+]1,2.53
C1CC2(C1)C[NH2+]C2,11.3
C1CC2(C1)CC[NH2+]2,11.4
Cc1cc2c(=O)nc(N)[nH+]c-2n(C)c1,6.7
c1c[nH+]c2c(c1)ccc1ccc[nH+]c12,-0.7
[NH3+]c1ccc(Cl)cc1Cl,2
Cc1nc2[nH+]c(N)n(C)c(=O)c2nc1C,2.34
CNc1[nH]c(=O)c2nc(C)c(C)nc2[nH+]1,2.39
CNc1[nH+]c2nc(C)c(C)nc2c(=O)n1C,2.04
Nc1nc2[nH]c(-c3ccccc3)c(-c3ccccc3)[nH+]c-2c(=O)n1,1.82
CN(C)c1nc2c(=O)n(C)c(=O)n(C)c2[nH+]c1N,0.61
Cn1c(N)nc(=O)c2[nH+]ccnc21,2.86
Cc1nc2c(=O)[nH+]c(N)n(C)c2nc1C,3.25
Cn1c(N)nc(=O)c2ncc(O)[nH+]c21,2.22
Cc1nc2c(=O)[nH+]c(N)n(C)c2[nH]c1=O,2.4
Cn1c(N)[nH+]c2[nH]c(=O)c(=O)[nH]c2c1=O,-0.53
Cn1c(N)nc2ncc(C(=O)O)[nH+]c2c1=O,1.29
CCc1nc2ccccc2c[nH+]1,2.95
CCc1[nH+]cnc2ccccc12,2.82
CC(C)c1[nH+]cnc2ccccc12,2.81
COc1cccc2c[nH+]cnc12,1.93
COc1ccc2c[nH+]cnc2c1,2.86
COc1ccc2nc[nH+]cc2c1,2.12
COc1cccc2nc[nH+]cc12,2.37
c1cnc2c[nH+]cnc2c1,1.36
c1cc2c[nH+]cnc2cn1,1.81
CNc1nc2ccccc2c[nH+]1,4.98
CN(C)c1nc2ccccc2c[nH+]1,5.24
CC1=[NH+][C@H](O)c2ccccc2N1,8.31
Cc1cccc2c1[C@@H](O)[NH+]=CN2,7.89
Cc1ccc2c(c1)NC=[NH+][C@@H]2O,7.88
Cc1cccc2c1[NH+]=CN[C@@H]2O,7.85
CC1=[NH+][C@](C)(O)c2cc(C)ccc2N1,9.22
CC(C)(C)C1=[NH+]c2ccccc2[C@@H](O)N1,8.38
CC1=[NH+][C@H](O)c2cc(C)ccc2N1,8.65
[NH3+]C(=O)[C@]1(O)NC=Nc2ccccc21,6.88
CC1=N[C@@](O)(C([NH3+])=O)c2ccccc2N1,7.57
CC1=Nc2ccc(C)cc2[C@](O)(C([NH3+])=O)N1,7.77
CC1=N[C@@](O)(C([NH3+])=O)c2cc(F)ccc2N1,7.13
COc1cccc2c1[C@@H](O)NC=[NH+]2,7.71
COc1ccc2c(c1)[C@@H](O)NC=[NH+]2,8.05
COc1ccc2c(c1)NC=[NH+][C@@H]2O,7.35
COc1cccc2c1NC=[NH+][C@@H]2O,7.82
CCSc1ccc2c(c1)NC=[NH+][C@@H]2O,7.47
CCC1=[NH+]c2ccccc2[C@@H](O)N1,8.41
CC(C)C1=[NH+]c2ccccc2[C@@H](O)N1,8.41
O[C@H]1[NH+]=CNc2cccc(Cl)c21,6.95
O[C@H]1NC=[NH+]c2ccc(Cl)cc21,7.15
O[C@H]1[NH+]=CNc2cc(Cl)ccc21,7
O[C@H]1NC=[NH+]c2c(Cl)cccc21,6.55
O[C@H]1[NH+]=CNc2cccc(F)c21,6.9
O[C@H]1[NH+]=CNc2ccc(F)cc21,6.75
O[C@H]1[NH+]=CNc2cc(F)ccc21,7.11
CC1=[NH+][C@H](O)c2cc(F)ccc2N1,8.06
CNc1cc(Cl)[nH]c(=O)[nH+]1,3.15
Cc1nc2c(=O)nc(O)[nH+]c-2n(C)c1C,0.85
Cc1nc2c(S)[nH+]c(=O)nc-2n(C)c1C,0.08
Cc1nc2c(O)[nH+]c(=S)nc-2n(C)c1C,-0.57
COc1nc(N(C)C)nc2nc(SC)c[nH+]c12,3.55
Nc1nc(N)c2ncc(S)[nH+]c2n1,2.02
CSc1c[nH+]c2c(N)nc(N)nc2n1,5.26
CN(C)c1nc(N)c2ncc(S)[nH+]c2n1,2.26
CSc1c[nH+]c2c(N)nc(N(C)C)nc2n1,5.33
COC(=O)c1[nH+]c2c(n(C)c1=O)N=C(N)N(C)C2,1.66
Cn1c(=O)c2nc(N)c[nH+]c2n(C)c1=O,0.3
CN(C)c1c[nH+]c2c(n1)c(=O)n(C)c(=O)n2C,-0.47
CNc1c[nH+]c2c(n1)c(=O)n(C)c(=O)n2C,-0.24
CN(C)c1c[nH+]c2c(=O)n(C)c(=O)n(C)c2n1,-0.47
Cn1c(=O)c2[nH+]cc(N)nc2n(C)c1=O,-1.05
CNc1c[nH+]c2c(=O)n(C)c(=O)n(C)c2n1,-0.62
Nc1nc(N)c2[nH+]c(CO)cnc2n1,5.02
COC(=O)c1nc2nc(N)[nH+]c(O)c2nc1C,2.1
Cc1nc2nc(N)[nH]c(=O)c2[nH+]c1C(=O)O,1.39
[H]/[NH+]=C(/N)N/C(N)=N/c1ccccc1,10.76
[H]/[NH+]=C(/[NH3+])N/C(N)=N/c1ccccc1,2.13
Nc1[nH]c2[nH]c(=O)[nH]c(=O)c2[nH+]1,2
Cn1c(=O)[nH]c2[nH]c(N)[nH+]c2c1=O,2.21
Cn1c(=O)[nH]c(=O)c2[nH+]c(N)[nH]c21,1.29
[H]/[NH+]=C(\[NH3+])N=C(N)N,3.2
[H]/[NH+]=C(\N)N=C(N)N,13.3
[H]/[NH+]=C(N)\N=C(\N)O,8
Nc1nc(N)[nH+]c(N)n1,5.1
Nc1nc(N)[nH+]c(O)n1,4.5
Nc1[nH]c(=O)[nH]c(=O)[nH+]1,1.8
c1cc2c(cc1C[NH+]1C[C@H]3C[C@@H](C1)O3)OCO2,7.1
c1cc2c(cc1C[NH+]1CC3(COC3)C1)OCO2,8
CC1(C)C[NH+](Cc2ccc3c(c2)OCO3)C1,9.6
c1cc2c(cc1C[NH+]1CCC13COC3)OCO2,6.2
CC1(C)CC[NH+]1Cc1ccc2c(c1)OCO2,10.1
c1cc2c(cc1C[NH+]1CCC3(CC1)COC3)OCO2,8.3
CC1(C)CC[NH+](Cc2ccc3c(c2)OCO3)CC1,9.5
O=C1CC[NH+](Cc2ccc3c(c2)OCO3)CC1,7.5
c1cc2c(cc1C[NH+]1CCCCC13COC3)OCO2,7
CC1(C)CCCC[NH+]1Cc1ccc2c(c1)OCO2,10.2
CC1(C)CCC[NH+]1Cc1ccc2c(c1)OCO2,10
c1cc2c(cc1C[NH+]1CCCC13COC3)OCO2,6.3
FC1(F)CC[NH2+]CC1,8.5
FC1(F)CCC[NH2+]C1,7.4
F[C@@H]1CCC[NH2+]C1,9.3
FC1CC[NH2+]CC1,9.4
C1CSCC[NH2+]1,9
O=S1(=O)CC[NH2+]CC1,5.4
CC1(C)CC(=O)CC(C)(C)[NH2+]1,7.9
FC1(F)CC[NH2+]C1,7.5
F[C@@H]1CC[NH2+]C1,9.4
Fc1cccc2[nH]c[nH+]c12,4.2
Fc1ccc(F)c2[nH+]c[nH]c12,3
Fc1ccc2[nH+]c[nH]c2c1F,3.6
Fc1cc(F)c2[nH]c[nH+]c2c1,3.7
Fc1cc2[nH]c[nH+]c2c(F)c1F,3.1
Fc1cc(F)c2[nH]c[nH+]c2c1F,2.5
Fc1ccc2[nH+]c[nH]c2c1,5
C[NH+](C)CC#N,4.2
[NH3+]CC(F)(F)F,5.7
[NH3+]CC(F)F,7.3
[NH3+]CCF,9
C1CCC[NH2+]CC1,11.1
C[NH+]1CCCCCC1,10.3
Cc1ccc(S(=O)(=O)N2CC[NH2+]CC2)cc1,7.4
c1cnc(N2CC[NH2+]CC2)nc1,8.9
c1ccc(N2CC[NH2+]CC2)nc1,8.9
F[C@H]1C[NH2+]CC[C@H]1Cc1ccccc1,9.3
F[C@@H]1C[NH2+]CC[C@H]1Cc1ccccc1,8.8
[NH3+]C[C@H]1CC2(CCC2)CO1,9.5
[NH3+]C[C@H]1CC2(CC2)CO1,8.9
[NH3+]CC1CC2(CC2)C1,10.1
C/[NH+]=C(\N)N=C(N)[NH3+],3
C/N=C(\N)N=C(N)[NH3+],11.4
[H]/[NH+]=C([NH3+])/N=C(\N)N(C)C,2.77
[H]/[NH+]=C(N)/N=C(\N)N(C)C,11.52
[H]/[NH+]=C(\Nc1ccc(C)cc1)[NH+]=C(N)N,2.6
[H]/[NH+]=C(/N=C(N)N)Nc1ccc(C)cc1,10.84
NC([NH3+])=N/C(N)=[NH+]/c1ccc(Cl)cc1,2.2
NC(N)=N/C(N)=[NH+]/c1ccc(Cl)cc1,10.4
Brc1c[nH]c[nH+]1,3.88
Brc1[nH]cc[nH+]1,3.85
Cn1cc[nH+]c1Br,3.85
Cn1c[nH+]cc1Br,3.88
Nc1n[nH+]c[nH]1,4.04
[H]/N=C1\[NH2+]N=CN1C,5.38
Cn1nc[nH+]c1N,4.29
Cn1n[nH+]cc1Br,-0.47
Cn1c[nH+]cc1Cl,4.75
CS(=O)(=O)c1cc[nH+]cc1,1.62
CS(=O)(=O)c1[nH+]ccc2ccccc12,-0.83
COc1[nH+]ccc2ccccc12,3.05
c1ccc(-c2cccc(-c3cccc[nH+]3)[nH+]2)nc1,3.28
c1ccc(-c2cccc(-c3cccc[nH+]3)n2)nc1,4.66
[NH3+]c1cccccc1=O,2.24
[NH3+]c1ccccc(=O)c1,3.33
[NH3+]c1cccc(=O)cc1,3.61
COc1ccccc([NH3+])c1=O,2.39
COc1ccc([NH3+])ccc1=O,3.42
COc1cccc([NH3+])cc1=O,3.08
COc1c([NH3+])ccccc1=O,2.89
COc1cc([NH3+])cccc1=O,3.53
[NH3+]c1ccc(O)c(=O)cc1,2.62
[NH3+]c1cccc(=O)c(O)c1,2.04
[NH3+]c1ccccc(=O)c1O,1.59
[NH3+]Cc1cccc(Br)c1,8.98
[NH3+]Cc1ccc(Br)cc1,9.13
[NH3+]Cc1cccc(Cl)c1,9.01
[NH3+]Cc1ccc(Cl)cc1,9.14
N#Cc1ccc(C[NH3+])cc1,8.53
[NH3+]Cc1cccc(F)c1,9.04
[NH3+]Cc1ccc(F)cc1,9.3
Cc1cccc(C[NH3+])c1,9.45
Cc1ccc(C[NH3+])cc1,9.54
COc1cccc(C[NH3+])c1,9.29
COc1ccc(C[NH3+])cc1,9.51
[NH3+][C@@H]1C[C@H]1c1ccccc1,8.27
[NH3+][C@@H]1C[C@H]1c1ccc(Br)cc1,8.13
[NH3+][C@@H]1C[C@H]1c1ccc(Cl)cc1,8.11
[NH3+][C@@H]1C[C@H]1c1ccc(F)cc1,8.25
COc1ccc([C@@H]2C[C@H]2[NH3+])cc1,8.32
C[C@H]1CC[NH+]2CC[C@@H](O)[C@@H]12,10.88
OC[C@H]1CC[NH+]2CC[C@@H](O)[C@@H]12,10.2
c1c[nH+]cc(-c2ccc[nH]2)c1,4.35
Cn1cccc1-c1ccc[nH+]c1,4.76
CC1=c2[nH]c3c(c2C=C[NH2+]1)C=CC(=O)C=3,7.86
Cc1[nH+]nc2c(c1C)CCC2,5.36
Cc1cc2c(n[nH+]1)CCC2,4.93
c1cc2c(n[nH+]1)CCC2,4.12
Nn1nn[nH+]c1-c1ccccc1,-0.62
Nc1nn[nH+]n1-c1ccccc1,1.12
Cn1nn[nH+]c1N,1.82
Nc1nn[nH+]n1-c1ccc(Cl)cc1,0.78
Cc1ccccc1-n1[nH+]nnc1N,1.23
Cc1cccc(-n2[nH+]nnc2N)c1,1.08
Nc1nn[nH+]n1-c1cccc(Cl)c1,0.7
NC(N)=[NH+][c-]1nnn[nH+]1,3.26
Nc1[nH+]ccc2ccccc12,7.59
C1=NNC=[NH+]N1,2.25
[NH3+]C1Cc2ccccc2C1,9.57
[NH3+][C@@H]1CCc2ccccc21,9.21
[NH3+]c1ccc2c(c1)CCC2,5.31
[NH3+][C@@H]1Cc2ccccc2[C@H]1O,8.13
[NH3+]c1cccc2c1Cc1ccccc1-2,3.87
[NH3+]c1ccc2c(c1)Cc1ccccc1-2,4.64
[NH3+]c1ccc2c(c1)-c1ccccc1C2,4.82
[NH3+]c1cccc2c1-c1ccccc1C2,3.39
[NH3+]c1ccc2c(c1O)Cc1ccccc1-2,4.82
[NH3+]c1ccc2c(c1)Cc1cccc(O)c1-2,4.73
[NH3+]c1ccc2c(c1)Cc1ccc(O)cc1-2,4.63
[NH3+]c1ccc2c(c1)Cc1cc(O)ccc1-2,4.88
CC1(C)[C@@H]2CC[C@@]1(C)[C@H]([NH3+])C2,10.01
Oc1cccc2cc3ccccc3[nH+]c12,5.31
O=C1[NH2+]C(Cl)=CC2=C1CCC2,0.13
O[NH+]1C=CC(=S)C=C1,1.53
O[NH+]1C=CC=CC1=S,-1.95
CO[NH+]1C=CC(=O)C=C1,2.57
CO[NH+]1C=CC=CC1=O,-1.3
NC(=O)Nc1[nH]c[nH+]c1C(=O)O,2
O=C(O)c1c[nH]c[nH+]1,2.01
NC1=[NH+][C@@H](C(=O)O)CS1,2.03
Cc1n[nH+]c(N)[nH]c1=O,2.19
[H]/[NH+]=C(\c1ccccc1)c1ccccc1Cl,5.59
[H]/[NH+]=C(/c1ccccc1)c1cccc(Cl)c1,5.69
[H]/[NH+]=C(\c1ccccc1)c1ccc(O)cc1O,4
[H]/[NH+]=C(\c1ccccc1)c1ccccc1O,5
[H]/[NH+]=C(/c1ccccc1)c1cccc(O)c1,7.08
[H]/[NH+]=C(/c1ccccc1)c1ccc(O)cc1,7.55
[H]/[NH+]=C(\c1ccccc1)c1ccc(OC)cc1OC,8.3
[H]/[NH+]=C(/c1ccccc1)c1ccc(C)cc1C,6.79
[H]/[NH+]=C(/c1ccccc1)c1cc(C)ccc1C,6.79
[H]/[NH+]=C(\c1ccccc1)c1c(C)cccc1C,6.29
[H]/[NH+]=C(/c1ccccc1)c1cc(C)cc(C)c1,7.18
[H]/[NH+]=C(/c1ccccc1)c1ccccc1C,6.79
[H]/[NH+]=C(/c1ccccc1)c1ccccc1OC,7.29
[H]/[NH+]=C(\c1ccccc1)c1cccc(OC)c1,6.59
[H]/[NH+]=C/OCc1ccccc1,5.8
[H]/[NH+]=C(/c1ccccc1)c1ccc(O)cc1OC,5.99
[NH3+]Cc1ccccc1Cl,8.8
COc1cccc(C[NH3+])c1OC,9.41
COc1ccccc1C[NH3+],9.7
Cc1ccccc1C[NH3+],9.19
[NH3+]Cc1ccc2c(c1)OCO2,9.37
[NH3+]Cc1c(F)c(F)c(F)c(F)c1F,7.67
COc1c(O)cccc1C[NH3+],8.89
COc1cc(C[NH3+])ccc1O,8.94
COc1cccc(C[NH3+])c1O,8.7
NCc1ccccc1S([NH3+])(=O)=O,8.53
[NH3+]c1ccc(-c2ccc([NH3+])cc2)cc1,3.85
Nc1ccc(-c2ccc([NH3+])cc2)cc1,4.95
Cc1cccc([NH3+])c1-c1c(C)cccc1[NH3+],2.1
Cc1cccc(N)c1-c1c(C)cccc1[NH3+],3.7
Cc1cc([NH3+])ccc1-c1ccc([NH3+])cc1C,3.7
Cc1cc(N)ccc1-c1ccc([NH3+])cc1C,4.9
Cc1cc(-c2ccc([NH3+])c(C)c2)ccc1[NH3+],3.4
Cc1cc(-c2ccc([NH3+])c(C)c2)ccc1N,4.5
[NH3+]c1cc(Br)cc2ccccc12,2.67
[NH3+]c1ccc(Br)c2ccccc12,3.21
[NH3+]c1cc(Br)c2ccccc2c1,3.4
[NH3+]c1cc(Cl)cc2ccccc12,2.69
[NH3+]c1cccc2c(Cl)cccc12,3.34
[NH3+]c1cccc2cc(Cl)ccc12,3.48
[NH3+]c1cccc2ccc(Cl)cc12,3.48
[NH3+]c1cc(Cl)c2ccccc2c1,3.38
[NH3+]c1ccc2ccc(Cl)cc2c1,3.71
N#Cc1cc([NH3+])c2ccccc2c1,2.26
N#Cc1cc([NH3+])cc2ccccc12,2.66
[NH3+]c1cccc2c(O)cccc12,3.96
[NH3+]c1cccc2cc(O)ccc12,3.97
[NH3+]c1ccc2c(O)cccc2c1,4.07
[NH3+]c1ccc2ccc(O)cc2c1,4.25
[NH3+]c1cc(I)cc2ccccc12,2.82
[NH3+]c1cc(I)c2ccccc2c1,3.41
COc1cc([NH3+])c2ccccc2c1,3.26
COc1ccc2c([NH3+])cccc2c1,3.9
COc1ccc2cccc([NH3+])c2c1,4.07
COc1cc([NH3+])cc2ccccc12,4.05
COc1ccc2cc([NH3+])ccc2c1,4.64
COc1ccc2ccc([NH3+])cc2c1,4.19
COC(=O)c1cc([NH3+])c2ccccc2c1,3.12
COC(=O)c1cc([NH3+])cc2ccccc12,3.38
Cc1cc([NH3+])c2ccccc2c1,3.96
[NH3+][C@@H]1CCCc2ccccc21,9.63
[NH3+][C@H]1CCc2ccccc2C1,9.33
[NH3+]c1cccc2c1CCCC2,4.47
[NH3+]c1ccc2c(c1)CCCC2,5.17
[NH3+]c1ccc([NH3+])c2ccccc12,2.78
Nc1ccc([NH3+])c2ccccc12,5.87
[NH3+]c1cc([NH3+])c2ccccc2c1O,3.14
Nc1cc([NH3+])c(O)c2ccccc12,4.7
C[NH+](C)c1cccc2ccccc12,4.83
C[NH+](C)c1ccc2ccccc2c1,4.566
C[NH2+]c1cccc2ccccc12,3.67
CC[NH+]1CC1,7.93
CC[C@H]1C[NH2+]1,8.29
CC[NH+]1[C@H](C)[C@@H]1C,8.56
CC[NH+]1[C@@H](C)[C@@H]1C,9.47
[NH3+]Cc1ccco1,8.89
C=CC[NH+]1CCCCC1,9.65
CC(C)(C#N)[NH+]1CCCCC1,9.22
CC[NH+]1CCCCC1,10.45
CC[NH+]1CCCC[C@H]1C,10.66
C[NH+]1CCC(c2ccccc2)(c2ccccc2)CC1,8.65
C1CC[C@H]([C@@H]2CCCC[NH2+]2)NC1,10.16
C[C@@H]1CCCC(C)(C)[NH+]1C,10.7
C[C@H]1CC[NH2+]C(C)(C)C1,11.04
C[C@@H]1CCCC(C)(C)[NH2+]1,11.21
CC(=O)Nc1ccc[nH+]c1,4.37
CC(=O)Nc1cc[nH+]cc1,5.87
Nc1cc[nH+]cc1Br,7.05
Nc1ccc(Cl)c[nH+]1,4.83
Cc1c[nH+]cc(C)c1N,9.38
CCc1c[nH+]ccc1N,9.39
CC(C)c1c[nH+]ccc1N,9.44
[NH3+]Cc1cccc[nH+]1,2.14
[NH3+]Cc1ccccn1,8.64
Cc1ccc(C[NH3+])c[nH+]1,2.9
Cc1ccc(C[NH3+])cn1,8.76
[NH3+]c1ccc(-c2cccc[nH+]2)cc1,2.47
Nc1ccc(-c2cccc[nH+]2)cc1,5.7
[NH3+]c1ccc(-c2cc[nH+]cc2)cc1,2.75
Nc1ccc(-c2cc[nH+]cc2)cc1,6.26
Cc1[nH+]c(C)c(C)c(N)c1C,10.45
O=C(Nc1cccc[nH+]1)c1ccccc1,3.33
O=C(Nc1ccc[nH+]c1)c1ccccc1,3.8
O=C(Nc1cc[nH+]cc1)c1ccccc1,5.32
c1ccc(Cc2cccc[nH+]2)cc1,5.13
c1ccc(CSc2cccc[nH+]2)cc1,3.23
c1ccc(CSc2cc[nH+]cc2)cc1,5.41
CN(C)c1cc[nH+]cc1Br,6.45
CNc1cc[nH+]cc1Br,7.37
NC(=O)c1cccc[nH+]1,2.1
NC(=O)c1cc[nH+]cc1,3.61
Clc1ccc(C#Cc2cc[nH+]cc2)cc1,4.54
Clc1ccc(/C=C/c2cc[nH+]cc2)cc1,5.66
Nc1ccc([NH3+])c[nH+]1,2.13
Nc1ccc(N)[nH+]c1,6.48
Oc1cc[nH+]c(O)c1,1.37
Cc1ccc[nH+]c1C,6.57
CN(C)c1cc[nH+]cc1,9.58
CC(C)c1c[nH+]ccc1N(C)C,8.16
Cc1c[nH+]ccc1N(C)C,8.58
Cc1c[nH+]cc(C)c1N(C)C,8.02
CNc1c(C)c[nH+]cc1C,9.65
CCc1cccc[nH+]1,5.97
CCc1ccc[nH+]c1,5.7
CCc1cc[nH+]cc1,6.02
CCc1c[nH+]cc(C)c1,6.3
CCc1ccc(C)[nH+]c1,6.51
CCc1c[nH+]ccc1NC,9.76
O=Cc1[nH+]cccc1O,3.4
COc1ccc[nH+]c1C=O,3.89
COc1c[nH+]ccc1C=O,4.45
Oc1ccccc1-c1cccc[nH+]1,4.19
CC(C)c1cccc[nH+]1,5.83
CC(C)c1ccc[nH+]c1,5.72
CNc1cc[nH+]cc1C(C)C,9.84
CS(=O)(=O)Nc1cccc[nH+]1,1.1
CS(=O)(=O)Nc1ccc[nH+]c1,3.43
CS(=O)(=O)Nc1cc[nH+]cc1,3.64
COc1cc[nH+]cc1,6.47
COc1c[nH+]cc(-c2ccccc2)c1C,5
COc1ccc(C#Cc2cc[nH+]cc2)cc1,4.8
COc1ccc(/C=C/c2cc[nH+]cc2)cc1,6.03
CC(=O)N(C)c1cccc[nH+]1,2.01
CC(=O)N(C)c1ccc[nH+]c1,3.52
CC(=O)N(C)c1cc[nH+]cc1,4.62
CNc1cc[nH+]cc1,9.52
CN(C(=O)c1ccccc1)c1cccc[nH+]1,1.44
CN(C(=O)c1ccccc1)c1ccc[nH+]c1,3.66
CN(C(=O)c1ccccc1)c1cc[nH+]cc1,4.68
CN(c1cccc[nH+]1)S(C)(=O)=O,1.73
CN(c1ccc[nH+]c1)S(C)(=O)=O,3.94
CN(c1cc[nH+]cc1)S(C)(=O)=O,5.14
CNc1cc[nH+]cc1C,9.81
Cc1ccnc(-c2cc(C)cc[nH+]2)c1,5.32
Cc1ccc(C#Cc2cc[nH+]cc2)cc1,4.7
Cc1ccc(/C=C/c2cc[nH+]cc2)cc1,5.94
C=Cc1ccc(C)[nH+]c1,5.67
c1ccc(-c2cccc[nH+]2)cc1,4.48
c1ccc(-c2ccc[nH+]c2)cc1,4.8
C(#Cc1cc[nH+]cc1)c1ccccc1,4.62
c1ccc(-c2ccc[nH+]c2)[nH+]c1,1.52
c1ccc(-c2cccnc2)[nH+]c1,4.42
c1ccc(-c2cc[nH+]cc2)[nH+]c1,1.19
c1ccc(-c2ccncc2)[nH+]c1,4.77
c1c[nH+]cc(-c2cc[nH+]cc2)c1,3
c1c[nH+]cc(-c2ccncc2)c1,4.85
C(=C/c1cc[nH+]cc1)\c1ccccc1,5.92
CNc1c(C)c(C)[nH+]c(C)c1C,9.95
O=C(/[NH+]=c1\ccccn1O)c1ccccc1,-0.44
c1ccc(-c2c[nH+]c(-c3ccccn3)o2)cc1,2.31
c1ccc(-c2c[nH+]c(-c3cccnc3)o2)cc1,3.27
c1ccc(-c2c[nH+]c(-c3ccncc3)o2)cc1,4.18
C[NH+](C)O,5.2
C[Si](C)(C)C[NH3+],10.96
CC(=O)[NH+](C)C,-0.19
C[NH2+]C(C)=O,-0.46
C[Si](C)(C)C[NH2+][Si](C)(C)C,11.4
CO[NH+](C)C,3.65
CO[NH3+],4.6
CC(=O)NCC[NH3+],9.05
CC(=O)CC[NH+](C)C,8.37
[NH3+]CCNC(=O)c1ccccc1,9.13
[NH3+]CCBr,8.49
C[C@@H]([NH3+])C(N)=O,8.02
C[NH+](C)CC[NH3+],6.63
CN(C)CC[NH3+],9.53
CSCC[NH3+],9.34
C[Si](C)(C)CC[NH3+],10.97
CC(=O)OCC[NH3+],9.1
CCC([NH3+])=O,-0.9
C[NH+](C)CCC#N,7
CC[NH+](C)C,10.16
C[NH+](C)CCO,9.23
CC(=O)[NH2+]CC(C)C,0.01
CC(C)(C)C[NH3+],10.24
CC(C)(O)C[NH3+],9.25
CC(C)C[NH3+],10.51
[NH3+]CCC(Cl)(Cl)Cl,9.65
[NH3+]CCC(F)(F)F,8.7
CCCC([NH3+])=O,-0.43
CC(C)(C)CC([NH3+])=O,-0.32
CC(C)C([NH3+])=O,-0.42
CC(C)(C)C([NH3+])=O,-0.28
C[NH+](C)CCC(C#N)(c1ccccc1)c1ccccc1,8.26
C[C@@H]([NH3+])C[NH3+],7.13
C[C@@H](N)C[NH3+],10
CC(C)(C[NH3+])C[NH3+],8.18
CC(C)(CN)C[NH3+],10.22
CC(C)([NH3+])C[NH3+],6.79
CC(C)(N)C[NH3+],10
C[C@@H](O)C[NH2+]C(C)(C)C,10
CC(C)[NH2+]C[Si](C)(C)C,10.8
C=CC[NH+](C)C,8.64
C=CC[NH2+]C,10.11
C#CC[NH3+],8.15
C#CC[NH+](C)C,6.97
CC(C)(C)CCC([NH3+])=O,-0.44
C#CCC[NH+](C)C,8.25
C[C@H](C=C(c1ccccc1)c1ccccc1)[NH+](C)C,9.21
C[NH2+]C1CCCC1,10.85
CC(C)[C@@H]1CC[C@H](C)C[C@H]1[NH3+],10.35
CC(C)[C@@H]1CC[C@@H](C)C[C@H]1[NH3+],10.48
C[C@@H]1CCCC[C@@H]1[NH3+],10.49
CC1([NH3+])CCCCC1,10.36
C[C@@H]1CCCC[C@H]1[NH3+],10.51
C[C@H]1CC[C@H]([NH3+])CC1,10.48
C[NH2+]C1CCCCC1,11.04
[NH2+]=C1CCCCC1,9.15
C[NH+]=C1CCCCC1,9.43
[NH3+][C@@H]1C=CCCC1,10.42
CC1=CCCC[C@@H]1[NH3+],10.37
CC1(C)[C@@H]2CC[C@@]1(C)[C@@H]([NH3+])C2,10.17
CC(=O)c1ccc([NH3+])cc1,2.19
CC(=O)[NH+](C)c1ccccc1,-0.5
[NH3+]c1ccc(C(=O)c2ccc([NH3+])cc2)cc1,1.367
Nc1ccc(C(=O)c2ccc([NH3+])cc2)cc1,2.932
[NH3+]c1ccc(O)c([NH3+])c1O,2.9
Nc1c(O)ccc([NH3+])c1O,5.6
[NH3+]c1cc([NH3+])c(O)cc1O,3.8
Nc1cc([NH3+])c(O)cc1O,6
[NH3+]c1cccc([NH3+])c1O,2.7
Nc1cccc([NH3+])c1O,5.5
[NH3+]c1ccc(O)c([NH3+])c1,3.1
Nc1cc([NH3+])ccc1O,5.7
CC(C)(C)[NH2+]c1ccc(Br)cc1,5.93
C[NH+](C)c1ccc(Br)cc1,4.232
C[NH+](C)c1ccccc1Br,4.31
Cc1cc(Br)cc(C)c1[NH3+],3.54
COc1ccc([NH3+])cc1Br,4.08
Cc1ccc([NH3+])cc1Br,3.98
Cc1cc(Br)ccc1[NH3+],3.71
Cc1cc(Br)cc(C)c1[NH+](C)C,4.36
CC(C)(C)c1ccccc1[NH3+],5.03
CC(C)(C)c1cccc([NH3+])c1,4.66
C[NH+](c1ccccc1)C(C)(C)C,7.39
Cc1ccccc1[NH2+]C(C)(C)C,6.49
Clc1ccc(/C=[NH+]/c2ccccc2)cc1,2.8
C[NH+](C)c1cccc(Cl)c1,3.837
C[NH+](C)c1ccc(Cl)cc1,4.395
COc1cc([NH3+])cc(Cl)c1,3.1
N#Cc1ccccc1[NH3+],0.77
C[NH+](C)c1cccc(C#N)c1,2.969
C[NH+](C)c1ccc(C#N)cc1,1.777
Nc1ccc([NH3+])c(N)c1,6.1
Nc1cc([NH3+])ccc1[NH3+],3.7
[NH3+]c1cc([NH3+])c(O)c([NH3+])c1O,1.2
Nc1c(O)c([NH3+])cc([NH3+])c1O,3.6
Nc1cc([NH3+])c(O)c(N)c1O,5.8
[NH3+]c1ccc(Br)cc1Br,1.83
[NH3+]c1c(Br)cccc1Br,0.168
[NH3+]c1cc(Br)c(O)c(Br)c1,3.2
COc1c(Br)cc([NH3+])cc1Br,2.98
Cc1cc(Br)c([NH3+])c(Br)c1,0.69
CC(C)(C)c1cc([NH3+])cc(C(C)(C)C)c1,4.97
[NH3+]c1cc(Cl)ccc1Cl,1.57
[NH3+]c1ccc(O)cc1O,5.7
[NH3+]c1c(O)cccc1O,5.1
CC(C)[NH+](c1ccccc1)C(C)C,8.14
C[NH2+]c1ccccc1C,4.6
C[NH2+]c1cccc(C)c1,4.85
C[NH2+]c1ccc(C)cc1,5.25
Cc1cc(C)cc([NH3+])c1,4.765
C[NH+](C)c1ccc(N)cc1,6.59
C[NH+](C)c1cccc(C(F)(F)F)c1,3.27
C[NH+](C)c1ccc(C(F)(F)F)cc1,2.67
[NH3+]c1ccc(C=O)cc1,1.76
O[NH2+]c1ccccc1,2.19
[NH3+]c1ccccc1O,4.66
Cc1cc([NH3+])c(O)cc1C,5.26
C[NH2+]c1ccc(O)cc1,5.9
CC(C)c1ccccc1[NH3+],4.42
CC(C)c1cccc([NH3+])c1,4.67
COC(=O)c1ccccc1[NH+](C)C,3.78
COC(=O)c1cccc([NH+](C)C)c1,3.86
COC(=O)c1ccc([NH+](C)C)cc1,2.52
C[NH2+]c1ccccc1C(=O)OC,3.53
C[NH2+]c1ccc(C(=O)OC)cc1,2.32
COc1ccc([NH+](C)C)cc1,5.845
CSc1cccc([NH3+])c1,4
CSc1ccc([NH3+])cc1,4.35
CC(C)(C)C[NH2+]c1ccccc1,4.17
C/C(Nc1ccccc1)=[NH+]\c1ccccc1,8.298
Nc1ccccc1S([NH3+])(=O)=O,1
Nc1cccc(S([NH3+])(=O)=O)c1,2.9
Cc1cccc(C)c1[NH+](C)C,5.82
Cc1cc(C)c(C)c([NH3+])c1C,4.3
C[NH2+]c1c(C)cccc1C,6.12
Cc1cc(C)c([NH3+])c(C)c1,4.38
Cc1cc([NH3+])cc(C)c1C,5.12
C[Si](C)(C)c1cccc([NH3+])c1,4.64
C[Si](C)(C)c1ccc([NH3+])cc1,4.36
C[N+](C)(C)c1cccc([NH3+])c1,1.983
C[N+](C)(C)c1ccc([NH3+])cc1,2.146
C[NH+](C)c1cccc([N+](C)(C)C)c1,2.269
C[NH+](C)c1ccc([N+](C)(C)C)cc1,2.336
[NH3+]c1cccc2cc3ccccc3cc12,4.1
Nc1ccc(/N=[NH+]/c2ccccc2)cc1,2.76
CN(C)c1ccc(/N=[NH+]/c2ccccc2)cc1,3.226
CN(C)c1ccc(/N=[NH+]/c2ccc(O)cc2)cc1,3.4
CN(C)c1ccc(/N=[NH+]/c2ccc(I)cc2)cc1,2.06
Cc1ccc(/N=N/c2ccc([NH+](C)C)cc2)cc1,2.31
COc1ccc(/[NH+]=N/c2ccc(N(C)C)cc2)cc1,2.35
COC(=O)c1ccc(/[NH+]=N/c2ccc(N(C)C)cc2)cc1,2.6
[H]/[NH+]=C(/N)c1ccccc1,11.6
[H]/[NH+]=C(\N)[C@@](C)(O)c1ccccc1,10.96
NC(N)=[NH+]c1ccc(Cl)cc1,10.6
CC(C)(C[NH3+])c1ccccc1,10.03
C[Si](C)(C[NH3+])c1ccccc1,10.36
Brc1c[nH+]c2ccccc2c1,2.69
Brc1ccc2[nH+]cccc2c1,3.91
Brc1ccc2ccc[nH+]c2c1,3.87
Brc1cccc2ccc[nH+]c12,3.13
Clc1cc[nH+]c2cc(Br)ccc12,2.83
Clc1cc[nH+]c2ccccc12,3.68
Clc1cccc2[nH+]cccc12,3.65
Fc1ccc2[nH+]ccc(Cl)c2c1,2.95
Fc1ccc2c(Cl)cc[nH+]c2c1,3.04
Cc1ccc2[nH+]ccc(Cl)c2c1,3.96
Cc1ccc2c(Cl)cc[nH+]c2c1,4
Clc1ccc2[nH+]ccc(Cl)c2c1,2.81
Clc1ccc2c(Cl)cc[nH+]c2c1,2.8
Cc1cc(C)c2ccccc2[nH+]1,5.12
Cc1ccc2ccc(C)[nH+]c2c1,5.02
Cc1ccc2cccc(C)c2[nH+]1,4.11
Nc1cc[nH+]c2cc(Cl)ccc12,8.23
Nc1cc[nH+]c2c(O)cccc12,6.91
Nc1ccc(O)c2[nH+]cccc12,5.67
COc1ccc2[nH+]ccc(N)c2c1,8.93
Cc1cc(N)c2ccccc2[nH+]1,9.42
Cc1cc(C)c2[nH+]c(C)cc(N)c2c1,10.4
O=C(O)c1ccc2ccccc2[nH+]1,1.9
O=C(O)c1cccc2ccc[nH+]c12,2
Oc1c(Cl)ccc2ccc[nH+]c12,4
COc1ccc2[nH+]ccc(Cl)c2c1,3.93
COc1ccc2c(Cl)cc[nH+]c2c1,4.32
Nc1cc(N)c2ccccc2[nH+]1,9.4
Nc1cc(N)c2ccc[nH+]c2c1O,6.96
O=C1C=C(O)[NH2+]c2ccccc21,0.76
C[NH+]1C(=O)C=Cc2ccccc21,-0.71
C[NH+]1C=CC(=O)c2ccccc21,2.36
C[NH+]1C=CC=C2C(=O)C=CC=C21,6.09
C[NH+]1C=CC=C2C=CC(=O)C=C21,5.53
C[NH+]1C=CC(=S)c2ccccc21,0.56
Cc1cc2cccc(O)c2[nH+]c1C,5.87
Cc1c[nH+]c2c(O)cccc2c1,4.94
Oc1ccc(C(F)(F)F)c2ccc[nH+]c12,1.8
Oc1cc(C(F)(F)F)cc2ccc[nH+]c12,2.6
Oc1c(C(F)(F)F)ccc2ccc[nH+]c12,2.4
Cc1ccc2ccc[nH+]c2c1,5.29
Cc1cccc2ccc[nH+]c12,4.91
FC(F)(F)c1cccc2[nH+]cccc12,3.1
FC(F)(F)c1ccc2ccc[nH+]c2c1,3.16
COc1cccc2ccc[nH+]c12,5.01
COC(=O)c1ccc2ccccc2[nH+]1,1.748
COC(=O)c1ccc2[nH+]cccc2c1,3.8
COc1cccc2ccc(C)[nH+]c12,5.7
[H]/[NH+]=c1/ccn(C)c2ccccc12,12.4
Oc1cccc2c1[NH2+]CCC2,5.5
Cc1cc2cccc(C)c2[nH+]c1C,4.42
c1ccc([C@H]2C[NH+]3CCC2CC3)cc1,10.23
CN(C)c1ccc(C2C[NH+]3CCC2CC3)cc1,10.29
NC(=O)[C@H]1C[NH+]2CCC1CC2,9.67
COC(=O)[C@@H]1C[NH+]2CCC1CC2,9.4
Nc1[nH]c2ccccc2[nH+]1,7.18
Nc1cccc2c1[NH2+]C=[NH+]2,1.5
Nc1cccc2[nH+]c[nH]c12,5.3
Cc1[nH+]c2cccc([NH3+])c2n1C,2.35
Cc1[nH+]c2cccc(N)c2n1C,6.66
Cc1[nH+]c2cc([NH3+])ccc2n1C,3.38
Cc1[nH+]c2cc(N)ccc2n1C,7
Cn1c[nH+]c2cccc([NH3+])c21,2.36
Cn1c[nH+]c2cccc(N)c21,5.79
Cn1c[nH+]c2cc([NH3+])ccc21,2.86
Cn1c[nH+]c2cc(N)ccc21,6.31
CC1=[NH+]c2ccc(N)cc2[NH2+]1,3.42
Cc1[nH]c2cc(N)ccc2[nH+]1,6.77
Cc1[nH+]c2ccccc2n1C,6.55
Cc1ccc2[nH+]c(C)[nH]c2c1,6
Cc1cc2[nH]c[nH+]c2cc1C,5.96
CCn1c[nH+]c2ccccc21,5.59
CCc1[nH]c2ccccc2[nH+]1,6.27
CC(C)n1c[nH+]c2ccccc21,5.71
CC(C)c1[nH]c2ccccc2[nH+]1,6.25
Cc1cccc2[nH+]c[nH]c12,5.65
COc1cccc2sc(N)[nH+]c12,4.29
COc1ccc2[nH+]c(N)sc2c1,4.5
Cc1cccc2sc(N)[nH+]c12,4.7
Cc1ccc2sc(N)[nH+]c2c1,4.6
Cc1ccc2[nH+]c(N)sc2c1,4.6
C1[NH2+]C[C@H]2C[NH2+]C[C@@H]1C2,5.75
C1NC[C@H]2C[NH2+]C[C@@H]1C2,11.29
Oc1cccc2sc[nH+]c12,1.2
Nc1[nH+]c2ccccc2o1,3.7
Nc1ccc2cc3cc(Cl)ccc3[nH+]c2c1,6.91
COC(=O)c1ccc2[nH+]c3cc(N)ccc3cc2c1,7.1
Nc1ccc2cc3cc(C(=O)O)ccc3[nH+]c2c1,2.3
O=c1cccc2n1C[C@@H]1C[NH2+]C[C@H]2C1,8.12
C[NH+]1CCC[C@@H]2c3cccc4[nH]cc(c34)C[C@H]21,8.87
NC1=c2ccccc2=N[NH2+]1,3.12
Nc1cccc2[nH][nH+]cc12,3.26
Nc1ccc2[nH][nH+]cc2c1,5.12
Nc1cccc2c1=N[NH2+]C=2,3.02
c1c[nH+]c2ccncc2c1,3.76
c1c[nH+]c2cnccc2c1,3.61
c1cnc2[nH+]cccc2c1,3.36
O=c1[nH]ccc2ccc[nH+]c12,2.53
O=c1cc[nH]c2ccc[nH+]c12,2.81
Nc1nc2c[nH+]cnc2[nH]1,4.64
Nc1nc2nc(C(F)(F)F)[nH]c2c(C(F)(F)F)[nH+]1,0.3
Nc1ncc2[nH]c(-c3ccccc3)[nH+]c2n1,3.97
Nc1nc(C(F)(F)F)c2[nH+]c[nH]c2n1,1.85
N#Cc1[nH+]cnc2nc[nH]c12,0.3
Nc1nc(N)c2[nH]c[nH+]c2n1,5.05
Nc1nc2[nH]c(C(F)(F)F)nc2c(N)[nH+]1,3.68
Cn1c[nH+]c2ncn(C)c2c1=O,2.13
Cn1c(=O)n(C)c2nc[nH+]cc21,2.8
CN1C(=O)NC=C2[NH2+]C(=O)N=C21,1.25
[H]/N=c1\c2[nH]cnc2[nH+]cn1C,7.2
Cn1cc2[nH+]c[nH]c2nc1=O,1.8
O=c1[nH]c2c[nH]c(=O)[nH+]c2[nH]1,0.5
Cn1c(=O)[nH]c2c[nH]c(=O)[nH+]c21,0.3
CN(C)c1nc2nc[nH]c2c[nH+]1,4
CN(C)c1[nH+]cnc2nc[nH]c12,3.83
CN(C)c1nc2nc[nH+]cc2[nH]1,4.75
Cn1c2c[nH+]c[nH]c-2nc1=O,2.66
Cn1c(=O)[nH]c2c[nH+]cnc21,2.77
COc1nc2nc[nH]c2c[nH+]1,2.43
COc1[nH+]cnc2[nH]cnc12,2.17
COc1nc2c[nH+]cnc2[nH]1,3.11
Cc1[nH]cnc2[nH+]cnc1-2,2.5
Cc1nc2nc[nH+]cc2[nH]1,2.76
Cn1cnc2c[nH+]cnc21,2.27
CSc1nc2c[nH+]cnc2n1C,2.95
CSc1nc2[nH]cnc2c[nH+]1,1.89
CSc1[nH+]cnc2nc[nH]c12,0
CSc1nc2nc[nH+]cc2[nH]1,2.92
c1ccc(-c2nc3c[nH]cnc-3[nH+]2)cc1,2.66
Nc1nc2[nH+]c(N)[nH]c2c(N)[nH+]1,2.31
Nc1nc2nc(N)[nH+]c(N)c2[nH]1,6.17
FC(F)(F)c1nc2c[nH+]c[nH]c-2n1,1
c1nc2[nH]ncc2c[nH+]1,2.84
Nc1[nH+]cnc2c[nH]nc12,5
Cc1n[nH]c2c(N)[nH+]cnc12,5.02
Nc1[nH+]cnc2n[nH]cc12,4.59
Cc1nc(N)c2c[nH+]n(C)c2n1,5
Cn1ncc2c(N)[nH+]cnc21,4.32
Cc1nc(N)c2c[nH+][nH]c2n1,5.41
Cc1[nH]nc2nc[nH+]c(N)c12,4.61
Nc1[nH+]cnc2c1cnn2-c1ccccc1,3.89
Nc1nc2n[nH]cc2c(N)[nH+]1,5.59
Nc1nc(N)c2c[nH+]n(-c3ccccc3)c2n1,4.49
Cc1nc2c(cnn2C)c[nH+]1,3.27
CN(C)c1[nH+]cnc2[nH]ncc12,4.53
CN(C)c1[nH+]cnc2c1cnn2C,4.05
COc1[nH+]cnc2c1cnn2C,2.51
Cn1ncc2c[nH+]cnc21,2.46
CSc1[nH+]cnc2[nH]ncc12,1
Nc1[nH+]cnc2scnc12,2.74
Nc1cccc2ccc3[nH+]cccc3c12,4.99
Cc1cc(N)[nH+]c2ccc3ccccc3c12,7.1
Cc1cc(N)[nH+]c2c1ccc1ccccc12,6.7
Nc1ccc2c[nH+]c3ccccc3c2c1,6.84
Oc1ccc2c(c1)[nH+]cc1ccccc12,4.78
Oc1ccc2c(c[nH+]c3ccccc32)c1,4.35
Oc1ccc2c[nH+]c3ccccc3c2c1,5.31
c1ccc2c(c1)ccc1[nH+]c[nH]c12,5.27
Clc1[nH]c2c3c(ccc2[nH+]1)CCCC3,2.54
CN(C)c1[nH]c2ccc3c(c2[nH+]1)CCCC3,7.54
c1[nH]c2ccc3c(c2[nH+]1)CCCC3,5.99
Nc1[nH]c2cc3ccccc3cc2[nH+]1,6.99
Nc1[nH]c2cc3c(cc2[nH+]1)CCCC3,7.64
CCc1[nH]c2cc3ccccc3cc2[nH+]1,6.13
Clc1[nH]c2cc3c(cc2[nH+]1)CCCC3,2.64
CN(C)c1[nH]c2cc3c(cc2[nH+]1)CCCC3,7.61
CCc1[nH]c2cc3c(cc2[nH+]1)CCCC3,6.6
c1[nH]c2cc3c(cc2[nH+]1)CCCC3,5.96
c1ccc2c(c1)c[nH+]c1ccc[nH+]c12,0.75
c1ccc2c(c1)cnc1ccc[nH+]c12,4.075
Cc1cc(=O)c2c(O)cc3c(C)[nH+]ccc3c2[nH]1,7.75
Cc1ccc2ccc3c(C)[nH+]ccc3c2n1,5.06
Cc1ccc2ccc3c(C)[nH+]ccc3c2[nH+]1,2.26
Cc1nc2c(c(C)c1C)c(C)c(C)c1c(C)[nH+]ccc12,6.98
Cc1cc(C)c2c(C)cc3c(C)[nH+]ccc3c2[nH+]1,3.1
Cc1cc(C)c2c(C)cc3c(C)[nH+]ccc3c2n1,5.1
Brc1ccnc2c1ccc1ccc[nH+]c12,4.01
Clc1cnc2c(ccc3ccc[nH+]c32)c1,3.97
Clc1ccnc2c1ccc1ccc[nH+]c12,4.3
Clc1cc2ccc[nH+]c2c2ncccc12,4.18
Cc1cc(Cl)c2ccc3ccc[nH+]c3c2n1,4.53
N#Cc1ccnc2c1ccc1ccc[nH+]c12,3.56
Cc1cc(C)c2ccc3ccc[nH+]c3c2n1,5.94
Cc1cnc2c(ccc3ccc[nH+]c32)c1C,5.6
Cc1cnc2c(ccc3c(C)cc[nH+]c32)c1,5.55
Cc1ccnc2c1cc(C)c1ccc[nH+]c12,5.69
Cc1ccnc2c1ccc1c(C)cc[nH+]c12,5.94
Cc1ccc2ccc3ccc[nH+]c3c2n1,5.45
Cc1cnc2c(ccc3ccc[nH+]c32)c1,4.98
Cc1cc2ccc[nH+]c2c2ncccc12,5.26
CCc1ccnc2c1ccc1ccc[nH+]c12,5.42
CCc1cnc2c(ccc3ccc[nH+]c32)c1,4.96
O=c1cc[nH]c2c1ccc1ccc[nH+]c12,2.17
Cc1cnc2c(cc(C)c3c(C)cc[nH+]c32)c1C,6.43
Cc1c[nH+]c2c(c1)c(C)cc1c(C)c(C)cnc12,6.05
Cc1cnc2c(cc(C)c3ccc[nH+]c32)c1C,5.91
Cc1cnc2c(ccc3c(C)cc[nH+]c32)c1C,5.97
Cc1cnc2c(c1)c(C)c(C)c1ccc[nH+]c12,5.32
Cc1cnc2c(c1)c(C)cc1c(C)cc[nH+]c12,5.88
Cc1c[nH+]c2c(c1)cc(C)c1cc(C)cnc12,5.25
Nc1ccnc2ccc3[nH+]cccc3c12,7.3
Nc1ccc2[nH+]c3cc(N)ccc3nc2c1,4.59
Nc1ccc2nc3ccccc3[nH+]c2c1,4.71
Cn1c2cc(=O)ccc-2[nH+]c2ccccc21,3.05
CC[C@@]12CCC[NH+]3CC[C@]4(c5cccc(OC)c5N[C@@H]4CC1)[C@H]32,8.48
c1ccc2c(c1)cnc1[nH+]cccc12,5.2
CNc1[nH+]cnc2scnc12,2.81
Cc1nc(N)c2[nH+]csc2n1,3.54
CNc1[nH+]cnc2n[nH]cc12,4.49
CNc1nc(C)nc2c1c[nH+]n2C,4.96
COc1nc(N)c2c[nH+]n(C)c2n1,3.62
Cn1[nH+]cc2c(N)nc(Cl)nc21,2.65
CNc1nc2nc[nH+]cc2[nH]1,4.75
CNc1nc(C)nc2[nH+]c[nH]c12,5.04
CNC(=O)c1[nH+]cnc2nc[nH]c12,1
Cn1cnc2nc[nH+]cc21,2.25
c1c[nH+]c2nc[nH]c2c1,3.92
c1ccc2n[nH+]cnc2c1,-0.82
C=C1[NH+]=[N+]=Cc2c[c-]ccc21,4.37
COc1cc(=O)n2ccccc2[nH+]1,1.36
CNc1cc[nH+]c(Cl)n1,2.8
CNc1nc(Cl)cc[nH+]1,2.59
CNc1cc(Cl)[nH+]cn1,2.24
CN(C)c1cc(Cl)[nH+]cn1,2.42
CNc1[nH+]cnc2c1cnn2C,4.2
CNc1[nH+]c(C)nc2n[nH]cc12,5.52
C[NH2+]c1cccc(C(=O)O)c1,3.08
[H]/[NH+]=C(\N)N(C)C,13.4
CNC([NH3+])=O,0.9
[H]/[NH+]=C(\N)OC1CCCCC1,10.19
Oc1cc[nH+]c2nccnc12,0.6
O=c1[nH]ccc2[nH+]ccnc12,-0.78
CC(=O)Nc1ncc2ncc[nH+]c2n1,2.63
CC(=O)Nc1[nH+]cnc2nccnc12,1.21
Nc1cnc2nc[nH+]cc2n1,4.13
Nc1cnc2c[nH+]cnc2n1,2.21
Cc1c[nH+]c2nc(N)nc(C)c2n1,2.66
Cc1c[nH+]c2c(C)nc(N)nc2n1,2.59
Cc1nc(N)nc2[nH+]ccnc12,2.81
Cc1nc2nc(N)[nH+]c(C)c2nc1C,2.99
Nc1cnc2nc[nH+]c(N)c2n1,4.33
Nc1cnc2c(N)[nH+]cnc2n1,4.96
Cc1nc2nc(C)c(C)nc2c[nH+]1,3.76
Nc1nc2nc[nH+]c(N)c2nc1N,5.56
Nc1c[nH+]c2c(N)nc(N)nc2n1,6.29
Nc1nc2nc(N)c(N)nc2c(N)[nH+]1,6.82
O=c1[nH]c2c[nH+]cnc2[nH]c1=O,0.9
Cn1c(N)nc2[nH+]ccnc2c1=O,2.18
Cn1cc[nH+]c2c(=O)nc(N)nc1-2,5.4
Cn1c(=O)c[nH+]c2cnc(N)nc21,2.05
Cn1c(=O)nc(N)c2[nH+]ccnc21,2.94
Cc1nc2c(=O)nc(N)[nH+]c-2n(C)c1C,6.08
Cc1nc2c(N)[nH+]c(=O)n(C)c2nc1C,3.62
Nc1ncc2[nH+]cc(=O)[nH]c2n1,1.5
Nc1nc(=O)[nH]c2ncc[nH+]c12,2.95
Cc1nc2nc(=O)[nH]c(N)c2[nH+]c1C,3.45
Cn1cnc2[nH+]ccnc2c1=O,-0.47
Cn1c(=O)cnc2c[nH+]cnc21,1.1
C/N=c1\[nH+]cn(C)c2nc(C)c(C)nc12,11.39
Cc1nc2c(=O)[nH+]cn(C)c2nc1C,1.73
Cc1nc2[nH+]cn(C)c(=O)c2nc1C,-0.05
Oc1cnc2ncncc2[nH+]1,1.2
CSc1ncc2ncc[nH+]c2n1,2.2
CSc1[nH+]cnc2nccnc12,2.53
CSc1cnc2c[nH+]cnc2n1,2.46
COc1ncc2ncc[nH+]c2n1,2.1
COc1[nH+]cnc2nccnc12,1.04
COc1cnc2nc[nH+]cc2n1,3.57
COc1cnc2c[nH+]cnc2n1,1.64
Nc1cc2ccccc2n[nH+]1,3.7
Nc1c[nH+]nc2ccccc12,6.83
Nc1cccc2n[nH+]ccc12,2.69
Nc1ccc2n[nH+]ccc2c1,5.03
Nc1ccc2cc[nH+]nc2c1,4.83
Nc1cccc2cc[nH+]nc12,3.66
Nc1cc2cc(Cl)ccc2n[nH+]1,3.24
Nc1cc2ccc(Cl)cc2[nH+]n1,3.28
Cc1c[nH+]nc2c(O)cccc12,3.16
Nc1cccc2nc[nH+]cc12,3.56
Nc1ccc2c[nH+]cnc2c1,4.59
Nc1cccc2c[nH+]cnc12,2.8
CC(C)(C)[C@@H]1NC=[NH+]c2ccccc21,9.36
C1=[NH+]Cc2ccccc2N1,9.17
CN1C=[NH+]c2ccccc2C1,9.22
C[C@@H]1[NH+]=CNc2ccccc21,9.15
CN1C=[NH+]Cc2ccccc21,9.41
O=c1[nH]cc2c([nH+]1)NCCN2,4.31
CN=C(NC)[NH2+]C,13.9
CCN[NH3+],7.99
[NH3+]C1=CC(=O)C(=O)c2ccccc21,1.57
C[C@H]([NH3+])[C@H](O)c1ccccc1,9.44
[H]/[NH+]=C(/c1ccccc1)c1c(C)cc(O)cc1O,7.25
[NH3+]NC(=O)c1ccccc1,3.03
[NH3+]c1cc(O)c(O)c2ccccc12,4.41
[NH3+]c1cc(O)c2ccccc2c1O,4.04
Nc1cc[nH+]cc1[NH3+],0.49
Nc1cc[nH+]cc1N,9.01
Cn1cccc/c1=[NH+]\S(C)(=O)=O,-0.33
Cn1ccc(=[NH+]S(C)(=O)=O)cc1,3.42
[NH3+]NC(=O)c1ccccn1,2.86
[NH3+]NC(=O)c1ccc[nH+]c1,1.86
[NH3+]NC(=O)c1cccnc1,3.29
[NH3+]NC(=O)c1ccncc1,3.52
C[NH+]1CC[NH+]([C@H](c2ccccc2)c2ccc(Cl)cc2)CC1,2.43
CN1CC[NH+]([C@H](c2ccccc2)c2ccc(Cl)cc2)CC1,8.15
CNc1[nH]c(=O)c(N)c(N)[nH+]1,5.42
CNc1nc[nH+]c(N)c1N,5.9
CN(C)c1nc(O)cc(O)[nH+]1,1.45
Cc1ccc2c(c1)[NH2+]CC[NH2+]2,2.03
Cc1ccc2c(c1)NCC[NH2+]2,4.97
COc1ccc2c(c1)[NH2+]CC[NH2+]2,1.93
COc1ccc2c(c1)[NH2+]CCN2,5.26
Cc1c[nH+]c2ccccc2n1,0.95
COc1nc2ccccc2[nH+]c1C,1.38
CNc1c[nH+]c2ccccc2n1,4.07
COc1nc(NC(C)=O)nc2[nH+]ccnc12,1.95
CC(=O)N1CCNc2[nH+]cnc(C)c21,5.23
[H]/N=c1\[nH+]c(N)c2nc(C)c(C)nc2n1C,11.86
[H]/N=c1\[nH+]cn(C)c2nccnc12,9.48
[H]/N=c1/[nH+]cn(C)c2nc(C)c(C)nc12,10.44
Nc1ccc2n[nH+]c3ccccc3c2c1,6.68
C1CCc2c(n[nH+]c3c2CCCC3)C1,6.12
[H]/[NH+]=c1\cc(C)ccn1C,13.9
[H]/[NH+]=c1/cccc(C)n1C,13.7
[H]/[NH+]=c1/ccccn1C,13.25
Oc1ccc[nH+]c1O,0.22
O=C1C=CC=C(O)[NH2+]1,1
CC1=C[NH2+]C(=O)C=C1,1.13
CC1=CC=CC(=O)[NH2+]1,1.12
CC1=CC=C[NH2+]C1=O,0.2
COc1[nH+]cccc1O,2.1
COc1ccc(C)c[nH+]1,3.73
Nc1[nH+]cc(Cl)cc1Cl,2.75
N#Cc1ccc(N)[nH+]c1,3.41
[H]/[NH+]=c1/ccc(Cl)cn1C,12.3
O=C1C=CC(Cl)=C[NH2+]1,0.01
CNc1ccc(Cl)c[nH+]1,5.11
[H]/[NH+]=c1\ccc(C#N)cn1C,10.2
[H]/[NH+]=c1\c(Cl)cc(Cl)cn1C,10.14
CNc1[nH+]cc(Cl)cc1Cl,3.01
[H]/N=c1\[nH+]c(C)c(Br)c(C)n1C,11
CNc1nc(C)c(Br)c(C)[nH+]1,3.52
C/N=c1\[nH+]cccn1C,11.69
CC(C)(C)c1cc[nH+]c(N)n1,4.58
Cc1nc(N)[nH+]cc1C(N)=O,2.6
[H]/N=c1\[nH+]c(C(C)(C)C)c(Br)cn1C,11.17
[H]/N=c1/[nH+]c(C)c(Br)cn1C,10.28
[H]/N=c1\[nH+]c(C(C)(C)C)ccn1C,11.64
Cn1ccc(C(C)(C)C)[nH+]c1=O,2.9
CC(C)(C)c1cc[nH+]c(=O)[nH]1,2.78
Cc1[nH+]c(=O)n(C)cc1C(N)=O,1.76
[H]/N=c1\[nH+]c(C)c(C(N)=O)cn1C,9.5
[H]/N=c1/[nH+]c(C)ccn1C,11.05
[H]/[NH+]=c1/ccccn1OC,12.4
Cn1ccc(=[NH2+])cc1,12.5
[NH3+]Cc1cccnc1,8.04
CC(=O)/[NH+]=c1\ccccn1C,7.12
c1ccc(C[NH+]2CCCC2)cc1,9.51
c1ccc(C[C@@H]2CCC[NH2+]2)cc1,10.31
N#CC[NH+]1CCCC1,4.8
C1CCC([NH+]2CCCC2)CC1,10.7
c1ccc([NH+]2CCCC2)cc1,4.3
C[NH+]1CCC[C@H]1c1ccccc1,8.8
Cc1ccc([NH+]2CCCC2)cc1,4.7
c1csc([C@H]2CCC[NH2+]2)c1,9.35
COc1ccc([C@@H]2CCC[NH+]2C)cc1,8.9
[NH3+]Cc1cccs1,8.92
[NH3+]Cc1c[nH+]c[nH]1,4.71
[NH3+]Cc1cnc[nH]1,9.37
c1ccc(-c2[nH]c[nH+]c2-c2ccccc2)cc1,5.9
CCn1cc[nH+]c1,7.3
CCc1[nH]cc[nH+]1,8
OCc1c[nH+]c[nH]1,6.385
c1c[nH]c(-c2[nH]cc[nH+]2)n1,4.53
Cc1c[nH+]c[nH]1,7.518
C1=NC(c2cccc[nH+]2)=C[NH2+]1,1.33
c1ccc(-c2c[nH]cn2)[nH+]c1,5.492
Oc1cc2ccccc2cc1C1=[NH+]CCN1,7.01
Oc1ccccc1C1=[NH+]CCN1,6.63
C=CC[NH+]1CCOCC1,7.02
CC[NH+]1CCOCC1,7.67
C[NH+]1CCC[C@@H](c2cccnc2)O1,4.21
C[NH+]1CCN(C(=O)c2ccccc2)CC1,6.78
CN1CC[NH+](C(c2ccccc2)c2ccccc2)CC1,8.16
[H]/N=C(\N)c1[nH+]ccnc1NC,8.96
[H]/N=C/Nc1[nH+]ccnc1C=O,5.15
[H]/N=C/Nc1[nH+]ccnc1C(C)=O,5.49
[H]/N=C(\N)c1[nH+]c(C)c(C)nc1NC,9.43
CNc1nc(C)c(C)[nH+]c1C(N)=O,2.68
CNc1ncc[nH+]c1C(N)=O,2.09
Sc1cncc[nH+]1,-0.24
Cn1cc[nH+]cc1=S,-0.18
CNc1ncc[nH+]c1-c1nc(C)cc(C)n1,2.9
CC1=CC(=O)N(c2ccccc2)[NH2+]1,1.42
[NH3+]C1=NNC(=O)C1,2.9
NC1=N[NH+](c2ccccc2)C(=O)C1,1.2
CCc1ccc[nH+]n1,3.58
Nc1ccc[nH+]n1,5.19
Nc1cc[nH+]nc1,6.65
Cc1ccc(N)[nH+]n1,5.29
Cn1ccc(=S)c[nH+]1,-0.83
CCc1ccc(C)[nH+]n1,4.17
CCc1cc[nH+]nc1C,4.03
Cc1ccc[nH+]n1,3.46
Cc1cc[nH+]nc1,3.53
Cc1n[nH+]c(C)c(C)c1C,5.36
Cc1cc(C)c(C)n[nH+]1,4.81
Cc1cc(N)[nH+]c(Nc2ccc(Cl)cc2)n1,6.6
CNc1nc(N)cc(Cl)[nH+]1,3.79
[H]/N=c1\[nH+]c(Cl)cc(N)n1C,9.87
Cc1cn(C)c(=O)[nH+]c1N,4.69
[H]/N=c1/[nH+]c(N)ccn1C,12.9
Cn1c[nH+]c(N)cc1=O,0.98
CN(C)c1cc[nH+]c(N)n1,7.94
Cc1c[nH+]c(=O)[nH]c1N,4.6
CNC1=NC(=O)C=C(N)[NH2+]1,3.2
COc1cc(N)nc[nH+]1,4
Cc1nc[nH+]cc1N,3.06
CNc1nc(N)cc[nH+]1,7.53
CNc1cc(N)[nH+]cn1,6.3
Nc1nc[nH+]cc1NC(=O)C(F)(F)F,3.91
CN(C)c1cc(N(C)C)[nH+]cn1,6.34
CNc1cc(NC)[nH+]cn1,6.32
O=C(O)c1nccc[nH+]1,-1.13
Nc1cc[nH+]c(N)n1,7.4
Nc1cnc(N)[nH+]c1,3.93
Nc1c[nH+]cnc1N,6
Nc1c[nH+]c(Cl)nc1N,2.63
Cn1c[nH+]c(N)c(N)c1=O,3.42
Nc1[nH]c(O)c(N)c(=O)[nH+]1,3.6
Nc1cc(O)[nH+]c(N)n1,3.3
Nc1cc(N)[nH+]c(=O)[nH]1,6.56
Cc1c(N)[nH+]c(N)[nH]c1=O,3.58
Nc1c[nH]c(=S)[nH+]c1N,2.93
CSc1cc(N)nc(N)[nH+]1,5.44
CSc1nc(N)c(N)c[nH+]1,5.03
Cc1ccn(C)c(=O)[nH+]1,3.21
[H]/N=c1/ccn(C)c[nH+]1,12.18
C/N=c1\[nH+]c(N)ccn1C,14
[H]/N=c1\ccn(C)c(SC)[nH+]1,12.43
COc1ccn(C)c(=O)[nH+]1,0.65
CNc1ccn(C)c(=O)[nH+]1,4.47
Cn1c[nH+]ccc1=O,1.79
Cn1ccc[nH+]c1=S,1.66
Cn1ccc(=S)[nH+]c1,1.16
Cn1c[nH+]ccc1=S,0.56
Cc1cc(C)n(C)c(=O)[nH+]1,3.9
Cc1cc(C)n(C)c(=S)[nH+]1,3.06
O=C1N=C[NH2+]C=C1O,1.99
Cc1cc(C)[nH+]cn1,2.7
CN(C)c1cc[nH+]c(=O)[nH]1,4.21
CNc1cc(N(C)C)nc[nH+]1,6.37
CNc1nc(N(C)C)cc[nH+]1,8.1
CCc1cnc(NC)[nH+]c1,4.29
CNc1[nH+]c(=O)[nH]cc1F,2.66
COc1c[nH]c[nH+]c1=O,1.75
Cc1cc[nH]c(=O)[nH+]1,3.06
Cc1cc(=O)[nH]c[nH+]1,2.06
CNc1cc[nH]c(=O)[nH+]1,4.53
CNc1[nH]c(=O)cc[nH+]1,3.9
Cc1cc(C)[nH+]c(=S)[nH]1,2.8
Cc1cc[nH]c(=S)[nH+]1,2.1
Cc1cc(=S)[nH]c[nH+]1,1.8
CNc1cc[nH]c(=S)[nH+]1,3.07
COC(=O)c1nccc[nH+]1,-0.68
COc1cc(C)nc[nH+]1,3.56
CNc1nccc[nH+]1,3.79
CNc1cc[nH+]cn1,6.09
CSc1nc(C)cc[nH+]1,1.86
CSc1cc(C)nc[nH+]1,3.16
CSc1nccc[nH+]1,0.59
CSc1cc[nH+]cn1,2.41
[H]/[NH+]=c1/ccn(C)c(=O)n1C,9.4
Nc1[nH+]cc(N)c(N)[nH+]1,2.5
Nc1nc(N)c(N)c[nH+]1,7.6
CC1=[NH+]CCCS1,7.6
C1=CSCC=[NH+]1,5.6
[H]/[NH+]=c1/sccn1C,9.61
COC(=O)[C@@H]1CSC[NH2+]1,3.84
Nc1nsc(-c2ccccc2)[nH+]1,0.1
Nc1nc(-c2ccccc2)[nH+]s1,1.4
Nc1n[nH+]c(-c2ccccc2)s1,2.9
CNc1n[nH+]c(-c2ccccc2)s1,2.8
CC(C)([NH3+])C(=O)O,2.357
Cc1nc(C)c(C)n[nH+]1,2.85
Cc1nc(C)[nH+]c(N)n1,3.56
Nc1nc[nH+]c(N)n1,3.91
CC1=N[NH2+]C(C)=N1,3.79
NC1=Cc2ccccc2[NH2+]1,8.15
Cn1c([NH3+])cc2ccccc21,9.6
[H]/[NH+]=C1\N(C)c2ccccc2C1(C)C,9.25
C[NH+]1C=CC2=CC(=O)C=CC2=C1,5.99
C[NH+]1C=CC2=CC=CC(=O)C2=C1,5.78
O=C1C=c2ccccc2=C[NH2+]1,2.18
C[NH+]1CC(=O)c2ccccc2C1,4.9
Nc1nc(N)[nH+]c(Cc2ccc(Cl)cc2)n1,3.97
Nc1nc2ccccc2c(N)[nH+]1,7.96
Nc1nc2c(Cl)ccc(Cl)c2c(N)[nH+]1,6.07
CCc1cccc2c(N)[nH+]c(N)nc12,8.29
Nc1nc(N)c2ccc[nH+]c2n1,6.62
Nc1nc(N)c2[nH+]csc2n1,3.89
Nc1nc2n[nH]nc2c(N)[nH+]1,3.68
Nc1nc2c(c[nH+]1)Sc1ccccc1N2,5.71
Nc1nc2c(c(N)[nH+]1)Sc1ccccc1N2,4.99
Nc1nc(N)c(C(=O)c2ccccc2)c[nH+]1,4.63
Nc1nc(N)c(Cc2ccccc2)c[nH+]1,7.27
Cc1nc(N)[nH+]c(N)c1Cc1ccccc1,7.62
Nc1nc(N)c(Br)c[nH+]1,5.6
Nc1nc(N)c(-c2ccccc2Br)c[nH+]1,6.7
NC(=O)c1cc(N)nc(N)[nH+]1,4.9
Nc1nc(N)c(C(=O)O)c[nH+]1,2.94
Nc1nc(N)c(Cl)c[nH+]1,5.52
Nc1cc(Cl)[nH+]c(N)n1,3.6
Nc1nc(N)c(C(=O)c2ccc(Cl)cc2)c[nH+]1,4.58
Nc1nc(N)c(Cc2ccc(Cl)cc2)c[nH+]1,7.17
Nc1nc(N)c(-c2ccc(Cl)cc2)c[nH+]1,6.79
N#Cc1c[nH+]c(N)nc1N,3.75
Nc1[nH]c(=O)c(-c2ccc(Cl)cc2)c(N)[nH+]1,3.06
Nc1cc(=S)[nH]c(N)[nH+]1,1.73
COc1c[nH+]c(N)nc1N,7.23
COc1cc(N)nc(N)[nH+]1,5.48
COC(=O)c1cc(N)nc(N)[nH+]1,5.32
Cc1cc(N)[nH+]c(N)n1,7.63
Cc1c[nH+]c(N)nc1N,7.69
Cc1nc(N)[nH+]c(N)c1-c1ccccc1,7.4
Cc1nc(N)[nH+]c(N)c1Oc1ccccc1,6.47
Nc1nc(N)c(Oc2ccccc2)c[nH+]1,6.26
Nc1cc(Oc2ccccc2)[nH+]c(N)n1,4.8
Nc1nc(N)c(-c2ccccc2)c[nH+]1,6.9
Nc1cc(-c2ccccc2)[nH+]c(N)n1,6.7
Nc1nc(C(F)(F)F)c(-c2ccccc2)c(N)[nH+]1,3.25
Nc1nc(=S)[nH]c(N)[nH+]1,3.6
Cc1nc(N)[nH+]c(N)n1,5.14
CNc1nc(N)[nH+]c(N)n1,5.1
Nc1nc(N)[nH+]c(Oc2ccccc2)n1,2.8
N#CSc1nc(N)nc(N)[nH+]1,3.1
Nc1ncc[nH+]n1,4.1
Cc1n[nH+]c(N)nc1C,3.7
Nc1nc[nH+]cn1,2.9
Cc1nc(=O)[nH+]c(N)[nH]1,3.1
Nc1nc(=O)[nH]c(-c2ccccc2)[nH+]1,3
CC(C)(C)C1=C[NH+]2C=CC=CC2=C1,5.6
CC1=C[NH+]2C=CC=CC2=C1C,7.32
CC1=C(C)[NH+]2C=CC=CC2=C1,5.43
CC1=C[NH+]2C(C)=CC=CC2=C1,6.83
CC1=C[NH+]2C=CC=CC2=C1,5.87
CC1=CC=CC2=CC=C(C)[NH+]12,6.44
CC1=CC2=CC=C(C)[NH+]2C=C1,5.34
CC1=CC=C2C=CC=C[NH+]12,3.85
CC1=CC=CC2=CC=C[NH+]12,5.04
CC1=C[NH+]2C=CC=C2C=C1,4.81
CC1=CC2=CC=C[NH+]2C=C1,5.41
CC1=C(C)[NH+]2C=CC=CC2=C1C,6.67
c1ccn2cc[nH+]c2c1,6.79
Cc1cc[nH+]c2[nH]ccc12,5.18
Cc1c[nH+]c2[nH]ccc2c1,4.86
Cc1ccc2cc[nH]c2[nH+]1,5.13
c1ccn2[nH+]ccc2c1,1.43
c1ccn2c[nH+]cc2c1,5.54
Cc1[nH]nc[nH+]1,3.28
c1ccc(-c2[nH]nc[nH+]2)cc1,2.05
CCc1[nH]nc[nH+]1,3.2
Nc1n[nH]c(N)[nH+]1,4.43
CC(=O)c1[nH+]c(C)oc1C,0.2
CC(=O)c1oc[nH+]c1C,-0.97
Cc1[nH+]c(C(=O)O)c(C)o1,0.27
Cc1[nH+]c(C)c(C(=O)O)o1,0.38
O=C(O)c1[nH+]c(-c2ccccc2)oc1-c1ccccc1,-1.32
Cc1[nH+]c(C(=O)O)co1,-0.66
Cc1[nH+]coc1C(=O)O,-0.72
O=C(O)c1[nH+]cc(-c2ccccc2)o1,-1.87
Cc1coc(C)[nH+]1,2.86
Cc1[nH+]coc1C,2.05
Cc1[nH+]c(C)c(-c2ccccc2)o1,2.4
COC(=O)c1oc[nH+]c1C,-1
COc1ccc(-c2c[nH+]co2)cc1,0.7
Cc1coc[nH+]1,1.24
Cc1[nH+]coc1-c1ccccc1,1.09
c1ccc(-c2c[nH+]co2)cc1,0.26
Cc1[nH+]c(C)c(C)o1,3.51
Brc1c[nH][nH+]c1,0.64
Cc1[nH+]n(C)cc1Br,0.87
Cc1c(Br)c[nH+]n1C,0.91
CC1=N[NH2+]C(C)=C1Br,2.3
Cc1cc(Br)n(C)[nH+]1,1.2
Cn1cc(Br)c[nH+]1,0.18
Cc1[nH+]n(C)c(C)c1Br,1.78
Cc1c[nH][nH+]c1Br,0.24
Cc1[nH+][nH]cc1Br,1.46
Cc1cc(Br)[nH][nH+]1,0.45
Clc1cc[nH][nH+]1,-0.48
Clc1c[nH][nH+]c1,0.6
CC1=N[NH2+]C(C)=C1Cl,2.22
CCc1[nH][nH+]cc1Cl,1.5
Cc1cc(Cl)[nH+][nH]1,0.3
Cc1[nH][nH+]cc1Cl,1.42
Clc1c[nH][nH+]c1-c1ccccc1,0.26
Cc1c[nH+]n(C)c1,2.48
Cc1cc[nH+]n1C,2.89
Cc1c[nH][nH+]c1C,3.91
Cc1[nH+][nH]c(-c2ccccc2)c1C,3.47
CCn1ccc[nH+]1,2
CCc1cc[nH][nH+]1,3.3
Cc1c[nH][nH+]c1,3.09
Cc1cc(-c2ccccc2)[nH+][nH]1,2.92
Cc1c[nH][nH+]c1-c1ccccc1,2.68
c1ccc(-n2ccc[nH+]2)cc1,0.44
c1ccc(-c2cc[nH][nH+]2)cc1,2.13
Cc1[nH+]n(C)c(C)c1C,4.27
Cc1cc(C)n(C)[nH+]1,3.8
CC1=N[NH2+]C(C)=C1C,4.63
c1[nH][nH+]c2c1CCCC2,4.01
CC1=C2CCCCC2=N[NH2+]1,4.65
O=Cc1c[nH+]n[nH]1,-0.1
Cn1cc(C=O)[nH+]n1,-0.59
Nc1[nH+]c(N)c(Cl)c(N)[nH+]1,-0.35
Nc1nc(N)c(Cl)c(N)[nH+]1,5.15
Nc1[nH+]c(N)c(Br)c(N)[nH+]1,-0.3
Nc1nc(N)c(Br)c(N)[nH+]1,5.17
Nc1nc(N)c(-c2ccc(Cl)cc2)c(N)[nH+]1,6.19
Clc1ccc2[nH+]c[nH]c2c1,4.44
Clc1cccc2[nH]c[nH+]c12,4.73
Brc1ccc2[nH]c[nH+]c2c1,4.89
Brc1cccc2[nH+]c[nH]c12,4.7
Cc1ccc2[nH+]c[nH]c2c1,5.78
FC(F)(F)c1ccc2[nH+]c[nH]c2c1,4.22
Nc1nc2n[nH]nc2c[nH+]1,1.32
Nc1[nH]c2n[nH]nc2c(=O)[nH+]1,1.04
Cc1[nH+]c(N)nc2n[nH]nc12,1.97
C1=NCc2[nH+][nH]nc2N1,5.6
CC1=Nc2[nH+][nH]nc2CN1,6.16
Cc1[nH+]cnc2c1nnn2C,0.71
CC1=c2[nH]nnc2=NC(=O)[NH2+]1,0.51
Cn1nnc2c[nH+]cnc21,0.32
Cc1[nH]c[nH+]c2nnnc1-2,0.74
CSc1nc(C)c2c(n1)[NH2+]N=N2,0.05
CSc1nc2n[nH]nc2c[nH+]1,-0.19
c1nc2n[nH]nc2c[nH+]1,2.05
Cn1cnc(=O)c2[nH+]c[nH]c21,2.61
Cn1cnc2[nH]c[nH+]c(=O)c21,2.12
Cn1cnc(=S)c2[nH]c[nH+]c21,1.69
Clc1nc2[nH]cnc2c[nH+]1,0.69
Clc1[nH+]cnc2nc[nH]c12,0.45
Clc1nc2c[nH+]c[nH]c-2n1,1.77
Cn1cnc2c[nH+]c(Cl)nc21,0.65
Cn1cnc2c(Cl)[nH+]cnc21,0.2
Cn1c(Cl)nc2c[nH+]cnc21,2
[NH3+]c1ccc(C(=O)O)c(Cl)c1,1.426
[NH3+]c1ccc(C(=O)O)c(Br)c1,1.45
[NH3+]c1ccc(C(=O)O)cc1Br,0.209
[NH3+]c1cc(Cl)c(C(=O)O)c(Cl)c1,0.764
[NH3+]c1cc(Br)c(C(=O)O)c(Br)c1,0.928
Cc1cc([NH3+])cc(C)c1C(=O)O,2.488
COc1cc([NH3+])ccc1C(=O)O,1.801
Cc1nc2c(c[nH+]1)[nH]c(=S)n2C,2.82
CNc1nc(C)nc2sc[nH+]c12,3.66
CSc1nc2[nH]c(=O)[nH]cc-2[nH+]1,2.25
Cc1[nH+]c(O)nc2[nH]cnc12,2.24
Nc1nc2nc(C(F)(F)F)[nH]c2c[nH+]1,2.54
CSc1nc2nc(N)[nH+]cc2[nH]1,4.35
CS(=O)(=O)c1nc2c[nH+]c[nH]c-2n1,0.42
Cn1cnc2c[nH+]c(Cl)cc21,2.46
Cn1c(=S)[nH]c2c[nH+]ccc21,5.03
Cn1cnc2cc(Cl)[nH+]cc21,2.74
Cn1cnc2ccc[nH+]c21,3.94
Cn1cnc2cc[nH+]cc21,5.77
Cn1c2c[nH]ccc-2[nH+]c1=S,5.05
CSc1nc2cc[nH+]cc2n1C,6.28
[NH3+]c1cc(Cl)cc(Cl)c1,2.371
[NH3+]c1ccccc1OC(F)(F)F,2.44
[NH3+]c1cccc(OC(F)(F)F)c1,3.25
[NH3+]c1ccc(OC(F)(F)F)cc1,3.82
[NH3+]c1cccc(SC(F)(F)F)c1,3.3
[NH3+]c1ccc(SC(F)(F)F)cc1,2.78
NC1=CC(=O)C=C[NH2+]1,5.04
Nc1cccc(O)[nH+]1,2.32
Nc1ccc[nH+]c1O,2.78
NC1=CC(=O)[NH2+]C=C1,2.65
Nc1ccc(O)[nH+]c1,3.77
COc1cc[nH+]c(N)c1,7.62
COc1cccc(N)[nH+]1,4.64
COc1[nH+]cccc1N,3.35
COc1cc[nH+]cc1N,7.3
COc1cc(N)cc[nH+]1,7.05
COc1ccc(N)c[nH+]1,4.28
Nc1cc[nH+]c(O)c1N,4.16
COc1[nH+]ccc(N)c1N,5.68
NC1=C(N)C(=O)NC(=O)[NH2+]1,4.56
Cn1c(N)c([NH3+])c(=O)n(C)c1=O,4.44
CCc1[nH+]ccs1,3.372
CCc1csc[nH+]1,3.204
CC(C)c1[nH+]ccs1,3.283
CC[C@@H]1CSC(C)=[NH+]1,5.301
C[C@@H]1C[NH+]=C(C(C)(C)C)S1,5.027
CNc1[nH+]c(=S)[nH]c(C)c1N,2.99
CNc1c(C)nc[nH+]c1N,6.07
CNc1nc(C)[nH+]cc1N,7.4
CNc1[nH+]cnc(C)c1N,6.77
Cc1[nH+]cnc2c1ncn2C,3.16
CN(C)c1ncn(C)c2nc[nH+]c1-2,5.8
c1nc2c[nH+]c(N3CCCCC3)nc2[nH]1,3.97
c1nc2nc[nH+]c(N3CCCCC3)c2[nH]1,4.33
Cn1cc(-c2ccccc2)c[nH+]c1=O,2.01
Cn1c[nH+]c(=O)c(-c2ccccc2)c1,1.99
Cn1c[nH+]cc(-c2ccccc2)c1=O,1.5
C/N=c1\[nH+]c(C)c(C#N)c(C)n1C,9.37
Cc1cccc2c([NH3+])ccc(C)c12,4.42
Cc1cccc2cc([NH3+])cc(C)c12,4.27
Cc1ccc([NH3+])c2ccccc12,4.37
Cc1cc([NH3+])cc2ccccc12,4.31
[NH3+]c1cc2c3c(cccc3c1)CC2,4.5
[NH3+]c1ccc2c3c(cccc13)CC2,4.58
CC1(C)CCC[NH2+]C1,10.38
C[NH+]1CC(C)(C)CC(C)(C)C1,9.43
CC1(C)C[NH2+]CC(C)(C)C1,10.1
C1C[C@H]2CC[C@@H]1C[NH2+]C2,10.57
C[NH+]1C[C@H]2CC[C@H](CC2)C1,10.24
Nc1c[nH+]ccc1O,3.86
Nc1[nH+]cccc1[NH3+],-0.01
Nc1ccc[nH+]c1N,7
Nc1c[nH+]ccc1[NH3+],0.49
Nc1[nH+]c(Cl)ccc1[NH3+],-0.91
Nc1ccc(Cl)[nH+]c1N,3.02
Nc1cc(Cl)[nH+]cc1[NH3+],-0.08
Nc1c[nH+]c(Cl)cc1N,4.79
CC1=NCC[NH2+]1,11.09
c1ccc(C2=[NH+]CCN2)cc1,9.9
CN1CC[NH+]=C1c1ccccc1,10.7
COc1ccc(C2=[NH+]CCN2)cc1,10.2
CCC1=NCC[NH2+]1,11.05
c1ccc(-n2cc[nH+]c2)cc1,5.83
c1ccc(C2=NCCN2)[nH+]c1,8.93
CC(C)(C)n1cc[nH+]c1,7.3
c1cc(C2CC2)[nH+][nH]1,3.16
[H]/N=C(/SC)c1[nH+]nn(C)c1N,5.47
CSc1[nH+]cnc2c1nnn2C,-0.78
Cn1cc[nH+]c1N,8.65
Cc1[nH]c(N)[nH+]c1C,9.21
Cc1[nH+]c[nH]c1C(=O)O,2.53
c1ccc(-c2[nH]cc[nH+]2)[nH+]c1,-0.7
c1ccc(-c2ncc[nH]2)[nH+]c1,5.47
CC(=O)N1CCN=C1[NH3+],9.06
C/N=C1\[NH2+]CC(=O)N1C,7.96
C/N=C(/NC)[NH2+]C(C)=O,7.5
Clc1ccc(-c2c[nH+]co2)cc1,0.16
CN1CCCO/C1=[NH+]\c1ccccc1,9.08
c1ccc([NH2+]C2=NCCCO2)cc1,9.33
C[NH+](C1=NCCCO1)c1ccccc1,10.71
[H]/[NH+]=C1/O[C@@H](c2ccccc2)C(=O)N1C,3.8
CN1CCO/C1=[NH+]\c1ccccc1,7.22
C[NH+](C1=NCCCS1)c1ccccc1,9.86
c1ccc([NH2+]C2=NCCCS2)cc1,8.49
CN1CCCS/C1=[NH+]\c1ccccc1,7.86
[H]/[NH+]=C1/S[C@@H](c2ccccc2)C(=O)N1C,4.07
CN1CCS/C1=[NH+]\c1ccccc1,6.84
Nc1[nH+]c2c(o1)CCCC2,5.78
C/[NH+]=c1\oc2c(n1C)CCCC2,10.27
Nc1[nH+]c2c(s1)CCCC2,6.11
CN(C)c1[nH+]c2c(o1)CCCC2,5.9
CN(C)c1[nH+]c2c(s1)CCCC2,6.17
Nc1ccn(-c2ccccc2)[nH+]1,2.96
Nc1c[nH+]n(-c2ccccc2)c1,4.8
Nc1cc[nH+]n1-c1ccccc1,3.14
CC(C)(C)C1=N[NH2+]CC1,5.35
CC(C)(C)c1cc[nH+][nH]1,3.3
Cc1[nH+][nH]c(-c2ccccc2)c1Br,1.2
C1=[NH+]NCC1,4.62
CC1=[NH+]N(C)CC1,4.85
C[C@@H]1CC=[NH+]N1C,3.56
CC1=N[NH+](C)[C@@H](c2ccccc2)C1,3.5
CC1=N[NH2+]CC1,5.6
C[C@H]1C=[NH+]NC1,4.58
C[C@H]1CC=[NH+]N1,4.3
CC1=N[NH2+]C2(CCCC2)C1,5.17
CC1=[NH+]NC[C@@H]1c1ccccc1,4.62
CC1=N[NH2+][C@H](c2ccccc2)C1,4.26
C[C@H]1CC(c2ccccc2)=[NH+]N1,4.17
C1=[NH+]NC2(C1)CCCC2,4.16
CC1=[NH+]N(C)C(C)(C)C1,4.68
C1=[NH+]NC2(C1)CCC2,4.2
CC1=N[NH2+]C(C)(C)C1,5.19
Brc1c[nH][nH+]c1-c1ccccc1,0.3
CC(C)(C)n1ccc[nH+]1,2
CC1=CC(=O)[NH2+]N1C,2.6
CC1=CC(=O)N(C)[NH2+]1,2.35
CC1=C(C)C(=O)N(c2ccccc2)[NH2+]1,1.39
CC1=CC(=O)N(C)[NH+]1C,2.22
CC1=C(C)N(C)[NH+](c2ccccc2)C1=O,1.24
CC1=[NH+]C[C@@H](C)S1,5.256
Nc1ccc(Cl)[nH+]n1,3.85
Nc1ccc(=S)[nH][nH+]1,-0.14
CSc1ccc(N)n[nH+]1,5.61
CNc1ccc(Cl)[nH+]n1,4.01
CNc1ccc(=S)[nH][nH+]1,-0.04
Cc1cc(C)[nH+]c(Cl)n1,-0.68
Cc1cc(C)[nH+]c(O)n1,3.77
Cc1cc(=O)[nH]c(C)[nH+]1,3.01
Cc1cn2ccc[nH+]c2n1,5.1
Cc1cn2c(C)cc(C)[nH+]c2n1,6.07
O=C(Nc1nccc[nH+]1)c1ccccc1,1.56
O=C([NH+]=C1NCCCN1)c1ccccc1,7.12
CSc1nc(C)nc2c1[nH+]cn2C,2.05
CSc1nc2c[nH+]c(C)nc2n1C,3.78
CSc1nc(C)c2c(n1)[nH+]cn2C,2.74
CSc1nc(C)c2[nH+]cn(C)c2n1,2.6
C/N=c1/cc(Cl)n(C)c(N)[nH+]1,12.17
C/N=c1\[nH+]c(N)cc(Cl)n1C,12.88
[H]/N=c1/[nH+]c(N(C)C)cc(Cl)n1C,12.72
C/N=c1\ccn(C)c(N)[nH+]1,13.14
[H]/N=c1\ccn(C)c(N(C)C)[nH+]1,13.51
C/N=c1\[nH+]c(N(C)C)ccn1C,13.85
CC(C)c1c(Cl)[nH+]c[nH]c1=O,-0.91
Cc1c(Cl)nc[nH+]c1O,-1.11
CSc1nc[nH+]c(O)c1C,-0.03
Cc1c(N)[nH]c(=O)[nH+]c1N,6.66
Nc1cc(N)[nH+]c(=S)[nH]1,5.02
Nc1cc(O)[nH]c(=O)[nH+]1,0.8
CC1=C(N)NC(=O)[NH2+]C1=O,0.02
Cc1[nH]c(=O)c(C)c(N)[nH+]1,2.63
NC1=CC(=O)NC(=S)[NH2+]1,0.3
NC(=O)c1cnc(N)[nH+]c1,2.06
NC(=O)c1c[nH+]cnc1N,4.13
[H]/N=c1/[nH+]cc(C=O)c(N)n1C,8.45
C/N=c1\[nH+]cc(C=O)c(N)n1C,8.66
[H]/N=c1/[nH+]cc(C(N)=O)cn1C,9.08
CNc1ncc(C#N)c[nH+]1,0.76
COc1nc[nH+]cc1N,4.22
Cn1cc(Br)c[nH+]c1=O,0.55
Cn1c[nH+]cc(Br)c1=O,0.14
Cc1c[nH+]c(=O)n(C)c1,2.57
Cc1cc[nH+]c(=O)n1C,3.33
Cc1cn(C)c[nH+]c1=O,2.44
Cc1c[nH+]cn(C)c1=O,2.2
CC(C)n1ccc[nH+]c1=O,2.88
Cc1c[nH]c[nH+]c1=O,2.29
CC1=CC(=S)N=C(C)[NH2+]1,1.8
COc1ncc(C)c[nH+]1,1.67
COc1nc[nH+]cc1C,3.57
Nc1nc[nH+]c(C(=O)O)c1N,1.35
COc1cc(=O)[nH]c[nH+]1,-0.22
Cc1[nH]c(=O)cc(O)[nH+]1,0.21
Cn1cnc2c(=S)[nH]c[nH+]c21,1.42
Cc1nc(N)[nH+]c(N)c1-c1ccc(Cl)cc1,7.26
Cc1nc(N)[nH+]c(N)c1C,8.07
Nc1nc(N)c(NC=O)c[nH+]1,6.03
CC(C)C1=[NH+]C[C@@H](C)S1,5.164
Cn1n[nH+]cc1N,2.27
Cc1ccc(-c2cnc(O)[nH+]c2)cc1,1.96
CC(=O)Nc1[nH+]c2[nH]c(C)nc2c(=O)n1C,2.35
CC(=O)Nc1[nH]c(=O)c2c(nc(C)n2C)[nH+]1,3.11
CC(=O)Nc1[nH]c(=O)c2nc(C)n(C)c2[nH+]1,3.17
CC(=O)Nc1[nH]c(=O)c2[nH]c(C)nc2[nH+]1,3.12
Cc1nc2c(=O)n(C)c(N)[nH+]c2[nH]1,4.07
Cc1nc2[nH]c(N)[nH+]c(=O)c2n1C,4.4
Cc1nc2c(=O)[nH]c(N)[nH+]c2n1C,4.11
Cc1nc2[nH+]c(N)[nH]c(=O)c2[nH]1,4.03
Cn1c(C(F)(F)F)nc2[nH+]c(N)[nH]c(=O)c21,2.08
Cn1c(C(F)(F)F)nc2c(=O)[nH]c(N)[nH+]c21,0.86
Nc1[nH]c(=O)c2[nH]c(C(F)(F)F)nc2[nH+]1,1.23
Cn1c(N)nc2[nH]c[nH+]c2c1=O,3.13
Cn1c[nH+]c2[nH]c(N)nc(=O)c21,3.5
Cn1cnc(N)c2[nH+]cnc1-2,6.1
Cn1cnc2nc[nH+]c(N)c21,4.2
c1c[nH+]c2n[nH]cc2n1,-0.64
Cc1nc2n[nH]cc2[nH+]c1C,0.73
Cn1ncc2[nH+]ccnc21,-0.45
Cc1nc2c[nH+]n(C)c2nc1C,0.94
Nc1[nH+]cnc2n[nH]nc12,2.65
Cn1nnc2nc[nH+]c(N)c21,2.4
Cc1nc(Cl)nc2c1[nH+]cn2C,0.79
Cn1nc2[nH]c[nH+]c(=O)c2n1,-0.6
Cn1nc2c[nH+]cnc2n1,3.18
Cn1nc2nc[nH+]c(N)c2n1,3.49
Cn1nnc2c(N)[nH+]cnc21,2.75
CNc1nc2[nH]cnc2c[nH+]1,3.99
c1cc2nc[nH+]cc2[nH]1,4.24
CN1CCn2c1cc[nH+]c2=O,7.01
C[NH+]1C=CC2=NCCN2C1=O,8.08
O=C1[NH2+]C=CC2=NCCN12,6.99
O=c1[nH+]ccc2n1CCCN2,7.97
Nc1[nH+]ccn2cncc12,6.55
Nc1[nH]ccn2c(=S)[nH+]cc1-2,5.66
C1=NCc2[nH+]ccnc2N1,6.36
CC1=NCc2ncc[nH+]c2N1,7.26
Cc1c[nH+]c2c(n1)CNC=N2,6.66
c1c[nH+]c2c(n1)C[NH2+]CN2,0.1
c1cnc2c(n1)C[NH2+]CN2,5.62
Cc1nc2cc[nH+]cc2nc1C,3.28
O=c1cnc2c[nH+]ccc2[nH]1,3.75
Cc1c[nH+]c2ccncc2n1,2.82
NC(=O)c1[nH+]cnc2ccccc12,0.5
Cc1ccc2nc(C)[nH+]c(C(N)=O)c2c1,1.79
Cc1nc2ccc(F)cc2c(C(N)=O)[nH+]1,1.03
Cc1nc2ccccc2c(C(N)=O)[nH+]1,1.57
Cc1cc(O)[nH+]n1-c1ccccc1,1.79
CC1=CC(=O)N(C)[NH+]1c1ccccc1,1.66
COC1=CC=CC(=O)[NH2+]1,1.14
C[NH+]1C(=O)C=CC=C1O,0.61
N#Cc1c[nH+]cc(C#N)c1,1.31
O=C1C=CC(Br)=C[NH2+]1,-0.06
COc1ccc(Br)c[nH+]1,1.45
COc1ccc(Cl)c[nH+]1,1.18
Oc1cccc(Cl)[nH+]1,-0.18
C[NH+]1C=CC(=O)C=C1Cl,2.27
C[NH+]1C(=O)C=CC=C1Cl,-0.33
O=C1C=C[NH2+]C(Cl)=C1,2.07
COc1cc[nH+]c(Cl)c1,1.93
COc1cccc(Cl)[nH+]1,-0.13
O=C(c1ccccc1)c1ccc[nH+]c1,3.18
O=C(c1ccccc1)c1cc[nH+]cc1,3.35
Brc1ccc[nH+]c1,2.85
COc1c[nH+]cc(Br)c1,2.6
[NH3+]c1cc(Br)ccc1Br,1.44
[NH3+]c1cccc(Cl)c1Cl,1.71
[NH3+]c1ccc(Cl)c(Cl)c1,3
CCc1ccccc1[NH3+],4.3
CCc1ccc([NH3+])cc1,5
COc1ccc(Cl)cc1[NH3+],3.56
Cc1cc([NH3+])ccc1Br,4.05
Nc1c[nH+]c(Cl)cc1Cl,0.73
C[NH2+]c1cc[nH+]cc1N,0.38
CNc1cc[nH+]cc1N,9.57
C[NH2+]c1c[nH+]ccc1N,0.12
CNc1c[nH+]ccc1N,9.37
O=C(Nc1ccccc1)c1c[nH]c[nH+]1,3.75
c1ccc(-c2c[nH+]cs2)nc1,2.79
CSc1cc(C)nc(C)[nH+]1,4
CSc1nc(C)cc(C)[nH+]1,2.12
COc1nc(C)cc(C)[nH+]1,2.7
COc1cc(C)nc(C)[nH+]1,4.71
[H]/N=c1/[nH+]cc(-c2ccccc2)cn1C,10.75
[H]/N=c1\[nH+]cc(-c2ccc(C)cc2)cn1C,10.82
[H]/N=c1/[nH+]cc(OC)cn1C,11.44
CSc1[nH+]c(C)c(C)s1,3.1
CSc1[nH+]c(C)cs1,2.5
CSc1[nH+]cc(C)s1,2.55
CSc1[nH+]ccs1,1.92
Nc1nc(-c2ccccc2)[nH+]o1,-0.25
[H]/N=c1/o[nH+]c(-c2ccccc2)n1C,5.95
C/N=c1\o[nH+]c(-c2ccccc2)n1C,6.43
CN(C)c1nc(-c2ccccc2)[nH+]o1,-0.25
CNc1nc(-c2ccccc2)[nH+]o1,-0.21
Cn1[nH+]c(-c2ccccc2)o/c1=N\c1ccccc1,4.08
c1ccc(Nc2n[nH+]c(-c3ccccc3)o2)cc1,1
c1ccc(Nc2n[nH+]c(-c3ccccc3)s2)cc1,1.79
Cn1[nH+]c(-c2ccccc2)s/c1=N\c1ccccc1,4.14
c1ccc(Nc2n[nH+]cs2)cc1,1.76
Cn1[nH+]cs/c1=N\c1ccccc1,4.56
c1ccc(Nc2n[nH+]co2)cc1,0.63
Cn1[nH+]co/c1=N\c1ccccc1,4.12
NC(=O)c1[nH+]n[nH]c1N,-0.23
Cn1n[nH+]c(N)c1C(N)=O,0.69
Cn1nc(N)c(C(N)=O)[nH+]1,0.1
Cn1nc(N)c(C(=O)O)[nH+]1,-0.28
c1ccc(-c2[nH+]ccs2)nc1,2.17
c1ccc(-c2csc[nH+]2)nc1,4.105
Cc1ccc(C2=CCC[NH2+]2)cc1,7.55
c1cc2c(n[nH+]1)CCCC2,4.3
Cc1[nH+]nc2c(c1C)CCCC2,5.41
Cc1cc2c(n[nH+]1)CCCC2,4.96
Cn1c[nH+]c2ccccc2c1=O,2.18
Cn1c[nH+]c2ccccc2c1=S,1.22
Cn1c[nH+]c(=O)c2ccccc21,3.15
Cn1c[nH+]c(=S)c2ccccc21,3
O=Cc1[nH+]cnc2[nH]cnc12,2.4
O=C1C=CC(=[NH+]c2ccc(O)cc2)C=C1,0.95
[H]/[NH+]=C1/CC(=O)C=CC1=O,3.9
C/[NH+]=C1\CC(=O)C=CC1=O,3.9
C[NH+](C)CC(F)(F)F,4.75
[NH3+]CC(Cl)=C(Cl)Cl,6.72
N[C@@H]1CCC[C@H]([NH3+])C1,10.3
[NH3+][C@@H]1CCC[C@H]([NH3+])C1,8.29
N[C@H]1CCC[C@H]([NH3+])C1,10.36
[NH3+][C@H]1CCC[C@H]([NH3+])C1,8.54
N[C@@H]1C[C@H](N)C[C@H]([NH3+])C1,10.4
N[C@H]1C[C@@H]([NH3+])C[C@@H]([NH3+])C1,8.7
[NH3+][C@H]1C[C@@H]([NH3+])C[C@@H]([NH3+])C1,6.9
[NH3+]C12CC(C1)C2,8.58
[NH3+][C@]12CC[C@H](C1)C2,9.3
[NH3+][C@]12CC[C@H](CC1)C2,10.2
Cn1c(N)cc[nH+]c1=O,7.49
Cc1cc(N)[nH+]c(C)n1,6.97
Cc1nc(N)cc[nH+]1,6.53
Brc1c[nH+]cc(Br)c1,0.82
Clc1c[nH+]cc(Cl)c1,0.67
COc1ccc(C)c(C)[nH+]1,4.86
c1ccc(-c2cccs2)[nH+]c1,3.79
CC(C)(C)[NH+]1CCCC1,11.13
O=Cc1c[nH]c[nH+]1,2.9
COc1cc(C)n(-c2ccccc2)[nH+]1,1.17
Clc1ccc(N2CCCCC2)n[nH+]1,3.51
CC(=O)[NH2+]C1=NCCCN1,8.34
[H]/N=c1/[nH+]c(N)cc(Cl)n1C,11.88
[H]/N=c1\[nH+]cc(Br)cn1C,9.97
CC(C)(C)Nc1ncc(Br)c[nH+]1,2.12
CC(C)(C)Nc1nc[nH+]cc1Br,4.64
C/N=c1\[nH+]cc(Br)cn1C,10.62
CSc1nc[nH+]cc1Br,1.02
[H]/N=c1\[nH+]cc(Cl)cn1C,10.19
[H]/N=c1/[nH+]c(C)c(Cl)c(C)n1C,11.01
[H]/N=c1/c(N)c(N)[nH+]cn1C,12.11
Oc1ncc(-c2ccc(Cl)cc2)c[nH+]1,1.62
COc1nccc[nH+]1,1.05
CC1(C)SC[NH2+][C@H]1C(=O)O,1.58
Oc1ccc(Br)c2ccc[nH+]c12,3.67
Oc1ccc(Cl)c2ccc[nH+]c12,3.56
Oc1ccc(I)c2ccc[nH+]c12,3.48
Cc1cc(O)[nH+]c2c1CCO2,1.95
C/[NH+]=c1\sc2c(n1C)CCCC2,10
[H]/N=c1\[nH+]c2n(C)ccnc-2c(=O)n1C,8.71
[H]/N=c1\[nH+]c2n(C)c(C)c(C)nc-2c(=O)n1C,10.04
CNc1nc2[nH]c[nH+]c2c(=O)[nH]1,3.3
c1ccc2c(c1)C[NH+]1CCCN2C1,7.3
C[C@@H]1N2CCC[NH+]1Cc1ccccc12,7.5
c1ccc2c(c1)C[NH+]1CCN2C1,7.3
Brc1cc2ccc[nH+]c2c2ncccc12,4.2
Cc1ccc(N[NH3+])c(C)c1,5.72
[NH3+]Nc1ccc(Cl)c(Cl)c1,4.8
[NH3+]Nc1cc(Cl)ccc1Cl,4.44
[NH3+]Nc1ccc(Cl)cc1Cl,4.3
CN([NH3+])c1ccc(Cl)cc1,4.64
CN([NH3+])c1cccc(Cl)c1,4.43
CN([NH3+])c1ccccc1Cl,4.78
CN([NH3+])c1ccccc1Br,4.68
CN([NH3+])c1cccc(Br)c1,4.3
CN([NH3+])c1ccc(Br)cc1,4.62
Cc1ccc(N[NH3+])cc1Br,5.14
Cc1cc(N[NH3+])ccc1Br,5.2
CN([NH3+])c1ccc(Br)cc1Br,4.65
COc1ccc(N(C)[NH3+])cc1,5.6
Cc1ccccc1N(C)[NH3+],5.29
Cc1cccc(N(C)[NH3+])c1,5.09
Cc1ccc(N(C)[NH3+])cc1,5.3
CN([NH3+])c1ccccc1,4.98
Cc1ccc(N(C)[NH3+])c(C)c1,6.03
Cc1ccc(N(C)[NH3+])c(Br)c1,4.95
Cc1ccc(N(C)[NH3+])cc1Br,4.62
Cc1nc2n[nH]nc2c[nH+]1,1.08
[NH3+]CCCl,8.56
[NH3+]CC(Cl)Cl,6.75
[NH3+]C1CCC1,10.04
[NH3+][C@H]1C[C@@H]1c1ccc(Br)cc1,8.13
[NH3+][C@H]1C[C@@H]1c1ccc(Cl)cc1,8.11
Cc1ccc([C@@H]2C[C@H]2[NH3+])cc1,8.33
[NH3+]c1cc(Cl)ccc1C(=O)O,1.21
[NH3+]c1ccc(Cl)cc1C(=O)O,1.69
[NH3+]c1cc(Br)ccc1C(=O)O,1.24
[NH3+]c1cc(F)ccc1C(=O)O,1.42
[NH3+]c1ccc(F)cc1C(=O)O,2.03
Cc1ccc(C(=O)O)c([NH3+])c1,2.35
COc1ccc(C(=O)O)c([NH3+])c1,2.06
COc1ccc([NH3+])c(C(=O)O)c1,2.37
Cc1cc(O)[nH+]c(Cl)c1,0.2
[NH3+]c1ccc(O)cc1C(=O)O,2.72
Oc1c(Cl)cc(Cl)c2ccc[nH+]c12,2.89
[NH3+]c1cc(O)c2ccccc2c1,4.08
[NH3+]c1cc(O)cc2ccccc12,3.45
Cc1[nH+]c2ccccc2cc1O,5.61
O=C(O)c1cc[nH+]cc1O,0.1
O=C(O)c1cc[nH+]cc1C(=O)O,1.5
Cc1cc(N)n(-c2ccccc2)[nH+]1,3.95
O=C1C=C(c2ccccc2)C=C(Cl)[NH2+]1,-0.1
O=C(O)[C@H]1CC[NH2+]C1,3.02
[H]/N=c1/c2[nH+][nH]nc2ncn1C,3.25
S=c1[nH]cnc2[nH][nH+]cc12,-0.66
Cn1n[nH+]c2nc(=O)[nH]c(N)c21,2.94
Cn1nnc2[nH]c(N)[nH+]c(=O)c21,1.58
Cn1nc2[nH+]c(N)[nH]c(=O)c2n1,1.86
Cc1cccc(C(=O)O)[nH+]1,0.9
O/N=C/c1ccc[nH+]c1,4.1
CC1=Nc2c(C)nc(C)nc2[NH2+]1,4.49
Cc1nnc2[nH]c(N)[nH+]c(=O)c2n1,1.14
Cc1cccc2cc3cccc(N)c3[nH+]c12,3.9
Cc1cccc2c(N)c3ccccc3[nH+]c12,10.24
Cc1cccc2cc3cccc(C)c3[nH+]c12,4.51
Nc1ccc2[nH+]c3cc(N)ccc3cc2c1,8.06
COc1cccc2cc3ccccc3[nH+]c12,5.26
COc1ccc2[nH+]c3cc(Cl)ccc3c(N)c2c1,8.94
COc1ccc2[nH+]c3ccccc3cc2c1,5.47
CN(C)c1c2ccccc2[nH+]c2ccccc12,9.08
CNc1c2ccccc2[nH+]c2ccccc12,10.43
c1ccc2[nH+]c3c(cc2c1)CCCC3,6.38
Cc1cccc2[nH+]cc3ccccc3c12,4.7
Cc1ccc2c(c1)[nH+]cc1ccccc12,4.76
Cc1ccc2c(c[nH+]c3ccccc32)c1,4.93
Cc1cccc2c[nH+]c3ccccc3c12,4.6
Cc1cccc2c[nH+]c3cccc(C)c3c12,4.96
Cc1cccc2[nH+]c(N)c3ccccc3c12,7.49
Cc1cccc2c(N)[nH+]c3ccccc3c12,7.51
Cc1cccc2[nH+]c(N)c3cccc(C)c3c12,7.91
c1ccc2c(c1)Nc1nc[nH+]cc1S2,3.76
Clc1ccc2c(c1)Nc1nc[nH+]cc1S2,3.43
COc1nc2c(c[nH+]1)Sc1ccccc1N2,3.45
c1ccc2c(c1)ccc1[nH+]cc3ccccc3c12,4.48
c1ccc2c(c1)ccc1c[nH+]c3ccccc3c12,4.44
Nc1[nH+]c2ccc3ccccc3c2c2ccccc12,6.67
Nc1[nH+]c2ccccc2c2c1ccc1ccccc12,6.64
[NH3+][C@@H]1CCCC[C@H]1O,9.63
C[NH2+]c1ccccc1SC,3.71
CS(=O)(=O)c1ccccc1[NH3+],0.33
[NH3+]c1ccccc1Sc1ccccc1,2.5
[NH3+]c1ccc(Sc2ccccc2)cc1,3.8
[NH3+]c1cccc(S(=O)(=O)C(F)(F)F)c1,1.79
[NH3+]c1ccc(S(=O)(=O)C(F)(F)F)cc1,-0.01
Cc1cccc([NH+](C)C)c1,5.344
[H]/[NH+]=C(\N)Cc1ccccc1,11.57
C[NH+](C)Cc1cccc(Cl)c1,8.67
C[NH+](C)Cc1ccc(Cl)cc1,8.83
Cc1c([NH3+])ccc2c1-c1ccccc1C2,4.83
[H]/[NH+]=C(\N)Cc1cccc2ccccc12,11.31
C[NH2+]c1cccc2cccc(N(C)C)c12,6.43
Clc1ccc[nH+]c1Cl,-0.85
COc1ccc(I)c[nH+]1,1.51
CS(=O)(=O)c1ccc[nH+]n1,-1.01
CS(=O)(=O)c1cc[nH+]nc1,-1.06
Nc1ncc(-c2ccc(Br)cc2)c[nH+]1,3.06
Nc1ncc(-c2ccc(F)cc2)c[nH+]1,3.25
CN(C)c1cc(Cl)[nH+]c(N)n1,3.95
CNc1[nH+]c(Cl)nc(C)c1N,3.4
CNc1nc(N(C)C)[nH+]cc1Br,6.47
CNc1nc(N(C)C)c(Br)c[nH+]1,6.1
Cc1nc(N(C)C)c(C(N)=O)c[nH+]1,5.93
CNc1nc(C)c(C(N)=O)c(C)[nH+]1,3.57
CNc1nc(C)c(C#N)c(C)[nH+]1,1.69
Cc1nc(N(C)C)c(C#N)c[nH+]1,4.37
COc1ncc(-c2ccc(Cl)cc2)c[nH+]1,0.62
CNc1ncc(-c2ccc(Cl)cc2)c[nH+]1,3.26
Cn1cc(-c2ccc(Cl)cc2)c[nH+]c1=O,1.78
Nc1nc(N)c(-c2cccc(Cl)c2)c[nH+]1,6.7
Cn1c[nH+]c(=O)c(N)c1N,3.57
CN(C)c1cc(N)[nH+]c(N)[nH+]1,0.68
CN(C)c1cc(N)[nH+]c(N)n1,7.21
CNc1cc(N)[nH+]c(N)[nH+]1,1.05
CNc1cc(N)[nH+]c(N)n1,7.21
[H]/N=c1/[nH+]ccc(C)n1C,10.86
[H]/N=c1/[nH+]cc(I)cn1C,10.24
COc1cc(=O)n(C)c[nH+]1,-0.44
COn1c(C)cc(C)[nH+]c1=O,3.1
COc1ccc(-c2c[nH+]c(=O)n(C)c2)cc1,2.08
Cc1ccc(-c2c[nH+]c(=O)n(C)c2)cc1,2.07
Cc1ccc(Nc2c[nH+]c(N)nc2N)cc1,7.04
CN(C)c1nccc[nH+]1,4.15
CN(C)c1cc[nH+]c(=O)n1C,6.02
CN(C)c1cc(=S)n(C)c[nH+]1,-0.8
Cc1cc(N(C)C)[nH+]c(C)n1,7.72
COc1nc(N(C)C)cc[nH+]1,6.17
Cc1nc(N(C)C)cc[nH+]1,7.59
CNc1cc(C)nc(C)[nH+]1,7.56
[H]/N=c1\[nH+]cc(-c2ccc(F)cc2)cn1C,10.62
CNc1ncc(-c2ccc(F)cc2)c[nH+]1,3.39
COc1ccc(-c2c[nH]c(=O)[nH+]c2)cc1,1.91
CNc1ncc(I)c[nH+]1,2.39
COc1ncc(-c2ccccc2)c[nH+]1,0.79
COc1nc[nH+]cc1-c1ccccc1,2.94
COc1ncc(-c2ccc(C)cc2)c[nH+]1,0.77
CNc1ncc(-c2ccccc2)c[nH+]1,3.42
CNc1ncc(-c2ccc(C)cc2)c[nH+]1,3.59
CS(=O)(=O)c1cnc[nH+]c1,0.97
Cc1nc(Oc2ccccc2)cc[nH+]1,3.17
Nc1nc(N)c(Cc2ccccc2)c(N)[nH+]1,6.55
Nc1nc(N)c(Sc2ccccc2)c(N)[nH+]1,5.66
C1CC[C@H]2C[NH2+]CC[C@@H]2C1,11.32
C1CC[C@@H]2[NH2+]CCC[C@H]2C1,11.29
CSc1cccc2c(C)cc(C)[nH+]c12,4.88
CSc1cc(C)cc2c(C)cc[nH+]c12,4.54
[NH3+]Nc1ccc2ccccc2[nH+]1,2
[NH3+]Nc1ccc2ccccc2n1,7.82
[NH3+]Nc1c[nH+]c2ccccc2c1,2.47
[NH3+]Nc1cnc2ccccc2c1,4.85
[NH3+]Nc1cc[nH+]c2ccccc12,0.8
[NH3+]Nc1ccnc2ccccc12,8.85
[NH3+]Nc1cccc2[nH+]cccc12,3.5
[NH3+]Nc1cccc2ncccc12,5.36
[NH3+]Nc1ccc2[nH+]cccc2c1,3.53
[NH3+]Nc1ccc2ncccc2c1,5.5
[NH3+]Nc1ccc2ccc[nH+]c2c1,2.8
[NH3+]Nc1ccc2cccnc2c1,6.71
[NH3+]Nc1cccc2ccc[nH+]c12,1.3
[NH3+]Nc1cccc2cccnc12,5.27
Cc1cc(N[NH3+])[nH+]c2ccccc12,2.8
Cc1cc(N[NH3+])nc2ccccc12,8.35
CS(=O)(=O)c1cc[nH+]c2ccccc12,1.57
C[C@H]1C[C@H]2CC[NH+]1C(C)(C)C2,11.3
C1CNC[NH2+]C1,9.75
Nc1nc(N)c(N)c(N)[nH+]1,6.82
[H]/N=c1\[nH+]cc(-c2ccc(OC)cc2)cn1C,10.88
CSc1cccc2ccc(-c3ccccc3)[nH+]c12,2.11
Cn1[nH+]nnc1N1CCCCC1,0
Cn1[nH+]cc(=O)c2ccccc21,-0.29
COc1cc(C)c2c([nH+]1)OCC2,1.85
CC1=CC(=O)[NH+](C)C2=C1CCO2,1.52
C1C[NH2+][C@H]2CCC[NH2+][C@H]2C1,6.65
C1C[NH2+][C@H]2CCCN[C@H]2C1,10.31
C1C[NH2+][C@@H]2CCC[NH2+][C@H]2C1,6.86
C1CN[C@@H]2CCC[NH2+][C@H]2C1,10.16
C1C[NH2+][C@@H]2CC[NH2+]C[C@H]2C1,8.18
C1CN[C@@H]2CC[NH2+]C[C@H]2C1,10.68
C1C[NH2+][C@H]2C[NH2+]CC[C@@H]2C1,7.07
C1CN[C@H]2C[NH2+]CC[C@@H]2C1,10.16
C1CN[C@H]2[NH2+]CCC[C@@H]2C1,9.36
c1c[nH+]c2c(c1)NCCC2,6.96
c1cc2c(c[nH+]1)CCCN2,10.19
c1cc2c(c[nH+]1)NCCC2,7.08
c1c[nH+]c2c(c1)CCCN2,7.61
c1c[nH+]c2c(c1)CC[NH2+]C2,2.48
c1cnc2c(c1)CC[NH2+]C2,8.56
CC1=CC(=O)[NH2+]C2=C1CCCO2,1.94
COc1cc(C)c2c([nH+]1)OCCC2,3.04
CC1=CC(=O)[NH+](C)C2=C1CCCO2,1.65
[NH3+]Nc1[nH+]ncc2ccccc12,2.9
[NH3+]Nc1nncc2ccccc12,7.25
COc1ccc2c(c1)C=NOC=[NH+]2,1.44
O[C@H]1NC=Nc2[nH+]cccc21,6.56
CNc1[nH+]cnc2c1ncn2C,4.07
Cn1cnc2c[nH+]c(N3CCCCC3)nc21,4.1
Cn1cnc2c(N3CCCCC3)[nH+]cnc21,4.12
Cn1c(N2CCCCC2)nc2c[nH+]cnc21,4.06
CSc1nc2c(c(C)[nH+]1)[NH2+]C(C)=N2,-0.6
CSc1nc(C)c2c(n1)N=C(C)[NH2+]2,3.04
CSC1=Nc2nc(SC)nc(C)c2[NH2+]1,2.74
CSc1nc(C)c2c(n1)N(C)C(=O)[NH2+]2,2.62
O=C(O)c1[nH+]c(=O)[nH]c2c1CCCC2,-0.82
CC1=NC2=C(CCCC2)C(=O)[NH2+]1,3.73
CC1(C)CCNc2c3nc[nH+]c-3ncn21,7.1
CC1(C)CCn2cnc3[nH+]cnc-3c2N1,7.4
CSc1nc2nc(C)[nH]c2c[nH+]1,2.83
C[C@@H]1CC[NH+](O)C1(C)C,5.9
O=c1[nH]c[nH+]c2c1CCCC2,2.69
S=c1[nH]c[nH+]c2c1CCCC2,1.95
Cc1[nH+]ccc2sccc12,6.17
Cc1[nH+]ccc2ccsc12,5.81
Cc1cc2c(C)[nH+]ccc2s1,6.43
Cc1cc2sccc2c(C)[nH+]1,6.75
Cc1cc2sc(C)cc2c(C)[nH+]1,6.77
c1cc2ccsc2c[nH+]1,5.25
CSc1nc2c(O)[nH+]c(SC)nc2[nH]1,1.4
CC1=NC2=C(CCCC2)C(=S)[NH2+]1,2.35
Oc1[nH+]c(Cl)cc2c1CCCC2,-0.28
CN1C=CC(=C[NH+]=O)C=C1,8.23
O=C1CN=C2[NH2+]CCN12,6.82
CSc1nc2c[nH+]ccc2n1C,6.48
Cn1cnc2c[nH+]ccc21,6.36
Cn1cnc2[nH+]cccc21,4.1
O=C1C[NH2+]C2=NCCCN12,8.15
C1C[NH2+]C2=NCCN2C1,11.22
Cn1ccc2c(Cl)[nH+]cnc21,2.06
COC(=O)c1cnc(O)[nH+]c1,0.65
Cc1nc2c(O)cccc2c(C)[nH+]1,3.79
Cc1[nH+]cnc2c(O)cccc12,2.88
CC(C)(C)c1cccc(C(C)(C)C)[nH+]1,5.02
COc1cccc(OC)[nH+]1,1.6
CN(C)c1cccc[nH+]1,6.98
CNc1[nH+]cn(C)c1C(=O)OC,4.21
CN1C=[NH+]c2ccccc2[C@@H]1O,7.62
C1CN2CC[NH2+]C2=N1,10.6
Ic1cccc2[nH+]c[nH]c12,4.75
Ic1ccc2[nH+]c[nH]c2c1,5.03
CNc1cc(=S)[nH]c[nH+]1,-0.27
COc1cc[nH+]c(C)n1,3.98
CN(C)c1cc[nH+]cn1,6.37
CN(C)c1cnc[nH+]c1,2.96
CNc1cc[nH+]c(N)n1,7.75
CNc1cc(Cl)[nH+]c(N)n1,3.88
CNc1nc(N)c(Br)c[nH+]1,5.72
CNc1nc(N)[nH+]cc1Br,6.21
CN(C)c1nc(N)[nH+]cc1Br,5.96
CN(C)c1nc(N)c(Br)c[nH+]1,6.15
CN(C)c1nc(N)cc(Cl)[nH+]1,3.75
CN(C)c1nc(N)cc[nH+]1,7.62
Nc1cc[nH+]c(C(F)(F)F)n1,1.39
CN(C)c1ccc[nH+]c1,6.45
Oc1ccc(I)c[nH+]1,0
N#CSc1ccc([NH3+])cc1,2.9
[NH3+]c1cc(Cl)c(Cl)cc1Cl,1.09
[NH3+]c1c(Cl)cc(Cl)cc1Cl,-0.03
C[NH+](C)Cc1ccc(F)cc1,8.94
C[NH+](C)Cc1ccccc1,9.03
COc1ccc(C[NH+](C)C)cc1,9.32
COC(=O)C1=CC(=O)C=C(C(=O)OC)[NH2+]1,0.5
Brc1c[nH+]cc(Br)c1Br,0.45
Nc1ncc(-c2ccccc2)c[nH+]1,3.32
N#Cc1cc2n[nH]nc2[nH+]c1N,-0.06
[H]/[NH+]=C(/N)[C@@H](O)c1ccccc1,10.82
Nc1nc(=O)c2nc(-c3ccccc3)[nH+]nc2[nH]1,1
CC1(C)CC[C@@H]([C@H]2CCC(C)(C)[NH2+]2)[NH2+]1,6.95
CC1(C)CC[C@H]([C@@H]2CCC(C)(C)[NH2+]2)N1,10.3
Nc1nc(N)c(NC=O)c(O)[nH+]1,2.5
C[C@H]([C@H](O)c1ccccc1)[NH+](C)C,9.76
O[C@@H](c1ccccc1)[C@@H]1CCCC[NH2+]1,9.57
O[C@H](c1ccccc1)[C@@H]1CCCC[NH2+]1,9.77
c1ccc(Cc2cc[nH+]cc2)cc1,5.59
COC1=CC=CC(=O)[NH+]1C,0.91
COC(=O)c1cc(OC)cc(C(=O)OC)[nH+]1,0.18
CC(C)=C[NH+]1CCOCC1,5.45
CNc1nc(N)c[nH+]c1C(N)=O,2.48
COc1cc(N)c2[nH+]cccc2c1,3.38
Oc1ccc2c([nH+]1)COC2,0.5
Oc1ccc2c([nH+]1)CSC2,0.69
O=C1C=CC2=C(CS(=O)(=O)C2)[NH2+]1,-0.4
COc1ccc2c([nH+]1)CS(=O)(=O)C2,-0.4
COc1ccc2c([nH+]1)COC2,1.56
COc1ccc2c([nH+]1)CSC2,2.26
C[NH+]1C(=O)C=CC2=C1COC2,0.01
C[NH+]1C(=O)C=CC2=C1CSC2,0.26
C[NH+]1C(=O)C=CC2=C1CS(=O)(=O)C2,-0.94
BrC1=N[NH2+]C2(CCC2)C1,2.7
BrC1=N[NH2+]C2(CCCC2)C1,2.68
N#CNc1nc(N)[nH+]c(N)n1,1.1
[H]/N=c1/nc2n(C)ccnc-2c(N)[nH+]1,8.84
[NH3+]c1cc([NH3+])c(O)c([NH3+])c1,1
Nc1cc([NH3+])cc([NH3+])c1O,3.1
Nc1cc(N)c(O)c([NH3+])c1,6
C[NH+](C)c1ccc(N=O)cc1,4.54
C[NH+]1CCN(N=O)CC1,5.93
O=Nc1ccc(O)c2[nH+]cccc12,2.26
Nc1c2ccccc2[nH+]c2ccc(O)cc12,7.67
Nc1c2ccccc2[nH+]c2cc(O)ccc12,6.59
Nc1c2ccccc2[nH+]c2c(O)cccc12,7.01
Nc1c2ccccc2[nH+]c2cccc(O)c12,5.57
CN(C)c1ccc([C@H]2C[NH+]3CCC2CC3)cc1,7.81
[H]/N=c1\[nH+]c(N)c(N)cn1C,13.66
COc1ccc(SC)n[nH+]1,1.84
CNc1ccc(SC)[nH+]n1,5.94
C1CC2(CC2)[NH2+]1,10.1
FC1(F)C[C@]12CC[NH2+]2,6.9
C1CC2(CCOCC2)[NH2+]1,10.2
C1CC2(CCO1)C[NH2+]C2,10.58
C[NH+]1CCC2(CC1)C[NH2+]C2,8.02
CN1CCC2(CC1)C[NH2+]C2,10.71
C[NH+]1CCC2(CC[NH2+]2)CC1,7.24
CN1CCC2(CC[NH2+]2)CC1,10.4
Cc1[nH]c2ccccc2[nH+]1,6.1
O=C1Nc2ccccc2[NH2+]1,-1.7
c1ccc(-c2[nH]c3ccccc3[nH+]2)cc1,4.98
Clc1[nH]c2ccccc2[nH+]1,2.1
COc1ccc2[nH]c[nH+]c2c1,5.91
Cc1ccc2c(c1)NC(=S)[NH2+]2,6.15
FC(F)(F)c1[nH]c2ccccc2[nH+]1,0.6
ClC(Cl)(Cl)c1[nH]c2ccccc2[nH+]1,0.3
CSC1=Nc2[nH+]c(SC)nc(C)c2[NH2+]1,-1.36
CSc1[nH+]cc2[nH]c(C)nc2[nH+]1,-1.03
COc1ccc(C([NH3+])=O)cc1,-1.15
CC([NH3+])=O,-1.4
Clc1nc(Cl)c2[nH+]c[nH]c2n1,-1.16
Oc1ccc2nccnc2[nH+]1,-1.2
Cn1c[nH+]c2c[nH+]c(Cl)cc21,-1.5
CS(=O)(=O)c1c[nH+]c2ccccc2n1,-1.66
c1c[nH+]c2c(c1)[NH2+]CCC2,-1.35
CC1=C(C#N)C(=O)[NH2+]C2=C1CCO2,-1.9
Cn1[nH+]cc(=S)c2ccccc21,-1.29
Cc1o[nH+]c2ccccc12,-1.24
Cc1cccc2[nH+]oc(C)c12,-1.22
c1ccc2[nH+]occ2c1,-2.22
CC1=C(C)c2ccccc2[NH2+]1,-1.34
COc1cc(=S)[nH]c[nH+]1,-1.98
COc1[nH+]c[nH]c(=S)c1C,-1.59
Nc1c[nH+]c[nH+]c1N,-0.97
Nc1cc[nH+]c(N)[nH+]1,-1.01
CN1[NH2+]C(=O)C=CC1=O,-1.32
O=C1C=CC(=S)[NH2+]N1,-1.39
Cc1[nH+]n(C)c(Br)c1Br,-0.6
CC1=C(Br)C(Br)=N[NH2+]1,-0.96
Cc1c(Br)c(Br)[nH+]n1C,-1.52
Brc1c[nH+][nH]c1Br,-1.83
Clc1c[nH+]n(-c2ccccc2)c1,-1.4
c1ccc(-c2coc[nH+]2)cc1,-0.51
O=C1[NH2+]C(Cl)=C(Cl)C(Cl)=C1Cl,-1.2
C[NH+]1C(=O)C(Cl)=C(Cl)C(Cl)=C1Cl,-0.76
Oc1cc(Cl)[nH+]c(Cl)c1,-1.15
O=C1C(Cl)=C[NH2+]C=C1Cl,-1.07
COc1cc(Cl)[nH+]c(Cl)c1,-1.36
COc1[nH+]cc(Cl)cc1Cl,-1.4
C[NH+]1C=C(Cl)C(=O)C(Cl)=C1,-1.22
COc1[nH+]cc(Br)cc1Br,-1.5
Nc1c([NH3+])cc[nH+]c1O,-0.87
COc1cc[nH+]cc1[NH3+],-0.62
COc1[nH+]cccc1[NH3+],-0.96
[NH3+]c1ccc(O)[nH+]c1,-0.61
S=c1c[nH+]c2ccccc2[nH]1,-1.24
O=C1[NH2+]C=Cc2ccccc21,-1.2
Cc1ccc(-c2cccc[nH+]2)s1,3.99
Cc1ccc(-c2cccc[nH+]2)o1,4.24
c1ccc(-c2ccco2)[nH+]c1,4.15
c1c[nH+]cc(-c2ccco2)c1,4.62
Cc1ccc(-c2ccc[nH+]c2)o1,4.67
c1c[nH+]cc(-c2cccs2)c1,4.62
Cc1ccc(-c2ccc[nH+]c2)s1,4.56
c1coc(-c2cc[nH+]cc2)c1,5.6
Cc1ccc(-c2cc[nH+]cc2)o1,5.7
c1csc(-c2cc[nH+]cc2)c1,5.59
Cc1ccc(-c2cc[nH+]cc2)s1,5.68
Cn1nnc2[nH+]c[nH]c(=S)c21,-1.66
Nc1nc2[nH+]ccnc2c(=O)[nH]1,2.2
CC(C)(C)c1c[nH+]c2c(=O)nc(N)[nH]c2n1,2.54
Nc1nc2[nH+]cc(-c3ccccc3)nc2c(=O)[nH]1,2.17
Nc1nc(=O)c2[nH+]cc(-c3ccccc3)nc2[nH]1,2.3
Nc1nc(N)c2ncc[nH+]c2n1,5.32
Cc1nc2nc(N)[nH+]c(N)c2nc1C,5.44
Nc1nc(N)c2[nH+]cc(-c3ccccc3)nc2n1,5.36
Nc1nc(N)c2nc(-c3ccccc3)c[nH+]c2n1,5.07
Nc1nc(N)c2[nH+]c(-c3ccccc3)c(N)nc2n1,6.26
Nc1nc2nc(N)c(-c3ccccc3)[nH+]c2c(N)[nH+]1,-1.18
CN(C)c1cnc2nc[nH+]cc2n1,4.31
Nc1nc2[nH+]c(-c3ccccc3)c(-c3ccccc3)nc2c(=O)[nH]1,1.82
Nc1nc(N)c2nc(-c3ccccc3)c(-c3ccccc3)[nH+]c2n1,5.12
C[NH+]1CCc2cc3c(cc2[C@H]1O)OCO3,11.58
Nc1cccc2cc3cccc([NH3+])c3[nH+]c12,2.68
Nc1nc(N)[nH+]c(-c2ccccc2)n1,4.86
COc1nc(N)nc(N)[nH+]1,4.15
Nc1nc(N)c2c(n1)[NH2+]C=C2,6.18
Cc1c(N)nc(N)[nH+]c1-c1ccc(Cl)c(Cl)c1,7.15
Nc1cc(-c2ccc(Cl)cc2)[nH+]c(N)n1,6.79
Nc1cc(-c2ccc(Cl)cc2)nc(N)[nH+]1,7.58
Nc1nc(N)c(Nc2ccccc2)c[nH+]1,6.79
Nc1nc(N)c(Sc2ccc(Cl)cc2)c[nH+]1,5.7
Nc1nc(N)c(Oc2ccc(Cl)cc2)c[nH+]1,6.16
Nc1cc(Sc2ccc(Cl)cc2)[nH+]c(N)n1,5.02
Nc1nc(N)c2c(-c3ccc(Br)cc3)csc2[nH+]1,4.47
Cc1c(-c2ccccc2)sc2[nH+]c(N)nc(N)c12,4.9
Cc1c(Cc2ccccc2)ccc2nc(N)[nH+]c(N)c12,6.98
Nc1nnc(-c2ccc(Cl)cc2)c(N)[nH+]1,6.07
Nc1nnc(Cc2ccc(Cl)cc2)c(N)[nH+]1,6.47
CSc1[nH+]cnc2ccccc12,3.01
S=C1N=c2ccccc2=C[NH2+]1,0.26
Cn1c(=S)c[nH+]c2ccccc21,-1.01
S=c1cc[nH][nH+]c1,-0.75
S=C1N=CC=C[NH2+]1,1.35
[NH2+]=C1C=CC(=C2C=CN(O)C=C2)C=C1,3.64
C[NH+](C)c1ccccc1Cl,4.22
C[NH+](C)c1cccc(Br)c1,3.81
COc1cccc([NH+](C)C)c1,4.74
CN(C)c1cccc([NH+](C)C)c1,6.09
C[NH+](C)c1cccc(N)c1,6.45
C[NH+](C)c1ccc(SC#N)cc1,3.04
CSc1ncc2ccccc2[nH+]1,1.6
c1ccc(-c2coc(-c3ccccc3)[nH+]2)cc1,-0.04
Cc1[nH+]cc(-c2ccccc2)o1,2.13
Cc1[nH+]c(-c2ccccc2)co1,1.1
Cc1c[nH+]c(-c2ccccc2)o1,1.94
c1ccc(-c2c[nH+]c(-c3ccccc3)o2)cc1,0.84
COc1[nH+]c(C)cs1,2.22
C[NH+]1CCN([C@H](c2ccccc2)c2ccc(Br)cc2)CC1,7.97
C[NH+]1CCN([C@H](c2ccccc2)c2ccc(F)cc2)CC1,8.23
Cc1ccc([C@@H](c2ccccc2)N2CC[NH+](C)CC2)cc1,8.21
CN1CC2(c3ccccc3)C[NH+](C)CC(c3ccccc3)(C1)C2=O,9.38
O=C1C2(c3ccccc3)CNCC1(c1ccccc1)C[NH2+]C2,10.25
c1ccc(C(C2=[NH+]CCN2)c2ccccc2)cc1,9.78
CC12C[NH2+]CCCN1CCC[NH2+]C2,7.16
Cc1cc(=O)n(C)c[nH+]1,2.1
Cn1ccc2c(N)[nH+]cnc21,5.13
Oc1cccccc1=[OH+],-0.5
[OH+]=c1ccocc1,0.1
Cc1cc(=[OH+])cc(C)o1,0.44
[OH+]=c1cc(-c2ccccc2)oc(-c2ccccc2)c1,-0.21
Cc1cc(=[OH+])cc(-c2ccccc2)o1,0.26
[OH+]=c1cc(-c2ccccc2)oc2ccccc12,-1.3
COc1ccc(-c2cc(=[OH+])c3ccccc3o2)cc1,-0.9
Cc1occc(=[OH+])c1O,-0.71
Oc1coc(CCl)cc1=[OH+],-1.71
Oc1coc(CI)cc1=[OH+],-1.6
Oc1coccc1=[OH+],-1.28
[OH+]=c1cccccc1,-0.6
[OH+]=C1C=Cc2cccc3cccc1c23,-1.4
Brc1ccc(-c2nn[nH]n2)cc1,3.73
Brc1ccc(Cc2nn[nH]n2)cc1,4.62
Brc1ccccc1-c1nn[nH]n1,3.83
Brc1nn[nH]n1,2.13
C#CC#CC#CCC(O)CCC(=O)O,4.75
C#CC#CC=C=CC(O)CCC(=O)O,4.8
C/C(=C/Cl)C(=O)O,3.05
C/C(=C\Cl)C(=O)O,4.03
C1COCCOCc2n[nH]c(n2)COCCOCCO1,9.55
C=C(C)C(C)(C(N)=O)C(=O)O,3.42
C=C(C)[C@@H]1CN(C(C)=O)C(C(=O)OC)[C@@H]1CC(=O)O,4.6
C=C(CC)C(=O)c1ccc(OCC(=O)O)c(Cl)c1Cl,3.5
C=C(CCCC)C(=O)O,4.8
C=C(OC)C(=O)O,3.38
C=C(SC1CCCCC1)C(=O)O,3.4
C=CC12C=c3cc(OCC(=O)O)c(Cl)c(Cl)c3=C1CC(=O)CC2,3.5
C=CCC1(C(C)C#CCC)C(=O)NC(=O)N(C)C1=O,4.74
C=CCC1(CC=C)SC(=O)NC1=O,6.1
C=CCOc1ccc(C(=O)O)cc1,4.45
C=C[C@@H]1CNC(=S)O1,10.25
C=Cc1ccc(O)cc1,9.91
C=NC(=O)CC(C)C(=O)O,3.23
C=NC(=O)CCC(=O)O,3.98
C=NC(=O)CCc1cccc2c(=Nc3ccc(NS(C)(=O)=O)cc3OC)c3ccccc3[nH]c12,7.15
CC#CC#CC=C=C[C@@H](O)CCC(=O)O,4.9
CC#C[C@@H](CC(=O)O)c1ccc(OCc2ccc(CN3CCCc4cccc(OC)c43)s2)cc1,3.4
CC#C[C@@H](CC(=O)O)c1ccc(OCc2ccc(N3CCC4(CCc5ccccc54)CC3)s2)cc1,3.4
CC#C[C@@H](CC(=O)O)c1ccc(OCc2ccc3nc(-c4c(C)cccc4C)nn3c2)cc1,4.3
CC(=CC(=O)O)/C=C/C=C(C)/C=C/C1=C(C)CCCC1(C)C,4.51
CC(=CC(=O)O)Cc1ccccc1,5.35
CC(=NO)C(=O)CO,9.16
CC(=NO)C(=O)c1ccccc1,9.25
CC(=NO)C(C)=NO,11.25
CC(=NO)C(CO)=NO,10.1
CC(=NO)NO,10.75
CC(=O)/N=c1\sc(S(N)(=O)=O)nn1C,7.3
CC(=O)C(=NO)c1ccc(Sc2cc(F)cc(C3CCOCC3)c2)cc1,8.4
CC(=O)C(=NO)c1ccccc1,8.85
CC(=O)C(=O)CC(=O)C(C)=O,4.68
CC(=O)C(C)=NO,9.4
CC(=O)C(C)C(=O)C(C)C,11.8
CC(=O)C(C)C(=O)c1ccccc1,11.13
CC(=O)C(Cc1ccc(C#N)cc1)C(C)=O,9.69
CC(=O)C(Cc1ccc(Cl)cc1)C(C)=O,10.25
CC(=O)C(Cl)=NO,7.9
CC(=O)C1=C(C(=O)O)CCCC1,4.4
CC(=O)C1CC(C(=O)O)C1(C)C,4.63
CC(=O)C1CC1C(=O)O,4.19
CC(=O)C1C[C@@H](CC(=O)O)C1(C)C,4.82
CC(=O)C=NO,8.338333
CC(=O)CC(=O)/C=C/c1ccc(O[C@@H]2O[C@H](CO)[C@@H](O)[C@H](O)[C@H]2O)cc1,9.24
CC(=O)CC(=O)C(C)C,9.46
CC(=O)CC(=O)C(F)(F)F,6.09
CC(=O)CC(=O)CC(C)C,9.07
CC(=O)CC(=O)Nc1cccc(C)c1,10
CC(=O)CC(c1ccccc1)c1c(O)c2ccccc2oc1=O,4.9875
CC(=O)CC(c1ccccc1)c1c(S)c2ccccc2oc1=O,6.6
CC(=O)C[C@@H](c1ccccc1)c1c(O)c2ccccc2oc1=O,6.655
CC(=O)N(C)CC(=O)O,3.16
CC(=O)N(C)O,8.73
CC(=O)N(C)c1nnc(S(N)(=O)=O)s1,7.4
CC(=O)N(O)CCc1ccccc1,8.83
CC(=O)N(c1ccccc1)c1nnc(S(N)(=O)=O)s1,7.32
CC(=O)N1CCCC1C(=O)O,3.21
CC(=O)N1CS(=O)(=O)CC1C(=O)O,2.23
CC(=O)N1CS(=O)CC1C(=O)O,2.5
CC(=O)N1C[C@@]2(C(C)C)OC(=O)C[C@H]2C1C(=O)O,3.2
CC(=O)NBr,8.1
CC(=O)NC1CONC1=O,5.8
CC(=O)NCc1cc(C)cc(CNC(C)=O)c1O,9
CC(=O)NCc1cccc(Cn2[nH]c(=NS(=O)(=O)c3ccc(Cl)s3)c3c(C#N)cccc32)c1,5.4
CC(=O)NCc1cccc(Cn2[nH]c(=NS(=O)(=O)c3ccc(Cl)s3)c3c(C(C)(C)O)cccc32)c1,5.46
CC(=O)NCc1cccc(Cn2[nH]c(=NS(=O)(=O)c3ccc(Cl)s3)c3c(C(C)O)cccc32)c1,5.62
CC(=O)NCc1cccc(Cn2[nH]c(=NS(=O)(=O)c3ccc(Cl)s3)c3c(CO)cccc32)c1,5.66
CC(=O)NCc1cccc(Cn2[nH]c(=NS(=O)(=O)c3ccc(Cl)s3)c3c(Cl)cccc32)c1,6.03
CC(=O)NCc1cccc(Cn2[nH]c(=NS(=O)(=O)c3ccc(Cl)s3)c3c(F)cccc32)c1,5.62
CC(=O)NCc1cccc(Cn2[nH]c(=NS(=O)(=O)c3ccc(Cl)s3)c3ccccc32)c1,5.93
CC(=O)NOCCc1ccccc1,9.58
CC(=O)Nc1ccc(OC(=O)Nc2cc(C(=O)c3ccccc3)ccc2O)cc1,9.49
CC(=O)Nc1ccc(OC(=O)Nc2cc(Cl)ccc2O)cc1,9.49
CC(=O)Nc1ccc(OC(=O)Nc2ccc(C(=O)c3ccccc3)cc2O)cc1,9.49
CC(=O)Nc1ccc(S(=O)(=O)N=c2[nH]ccs2)cc1,5.87
CC(=O)Nc1ccc(S(=O)(=O)N=c2nc(C)cc[nH]2)cc1,5.46
CC(=O)Nc1ccc2c(=Nc3ccc(C(=O)O)cc3)c3ccccc3[nH]c2c1,7.42
CC(=O)Nc1cccc(OC(=O)Nc2cc(Cl)ccc2O)c1,9.38
CC(=O)OCC(=NO)C(C)=NO,9.7
CC(=O)OCCCCCc1ccc(S(N)(=O)=O)cc1,10.3
CC(=O)OCCCCc1ccc(S(N)(=O)=O)cc1,10.48
CC(=O)OCCCS(=O)(=O)c1ccc(S(N)(=O)=O)s1,8.05
CC(=O)OCCCc1ccc(S(N)(=O)=O)cc1,10.22
CC(=O)OCCS(=O)(=O)c1ccc(S(N)(=O)=O)s1,8.65
CC(=O)Oc1ccccc1C(=O)NCC(=O)O,3.77
CC(=O)c1cc(C(=O)C(C)(C)C)[nH]n1,9.7
CC(=O)c1cc(C(=O)c2ccccc2)[nH]n1,9.01
CC(=O)c1cc(C(C)=O)[nH]n1,8.98
CC(=O)c1cc(C)c(C)cc1O,11.56
CC(=O)c1cc[nH]n1,11.85
CC(=O)c1ccc(CC(=O)O)s1,3.8
CC(=O)c1ccc(NN=C(C#N)C#N)cc1,5.85
CC(=O)c1ccc(O)c2ncccc12,5.86
CC(=S)Nc1ccc(Cl)cc1,11.06
CC(C#N)C(=O)O,2.37
CC(C#N)C(C)(C)C(=O)O,3.97
CC(C#N)CC(=O)O,3.95
CC(C(=O)NS(C)(=O)=O)c1ccc(OS(=O)(=O)C(F)(F)F)cc1,4.4
CC(C(=O)O)=C1CC(=O)C(C)C1C,4.4
CC(C(=O)O)c1ccc(-c2ccccc2)c(F)c1,4.386667
CC(C(=O)O)c1ccc(C(=O)c2cccs2)cc1,4
CC(C(=O)O)c1ccc(N2Cc3ccccc3C2=O)cc1,4.6
CC(C(=O)O)c1ccc(OS(=O)(=O)C(F)(F)F)cc1,4
CC(C(=O)O)c1ccc2c(c1)[nH]c1ccc(Cl)cc12,4.7
CC(C(=O)O)c1ccc2oc(-c3ccc(Cl)cc3)nc2c1,6.9
CC(C(=O)O)c1cccc(C(=O)c2ccccc2)c1,4.307
CC(C(=O)O)c1cccc(Oc2ccccc2)c1,4.5
CC(C(=O)O)c1cccc2nc(-c3ccc(Cl)cc3)oc12,6.25
CC(C(=O)O)c1cccc2nc(-c3ccccc3)oc12,6.2
CC(C)(C#N)CC(=O)O,4.04
CC(C)(C(=O)O)C(C(N)=O)c1ccccc1,4.8
CC(C)(C)C1CCn2nnnc2C(C(=O)O)C1,4.4
CC(C)(C)OC(=O)NC(CCC(N)=O)C(=O)O,3.66
CC(C)(C)c1ccc(SCC(=O)O)cc1,3.76
CC(C)(O)CCSc1ccc(S(N)(=O)=O)cc1,10
CC(C)=C(C#N)C(=O)O,3.04
CC(C)=C(C(N)=O)C(=O)O,3.95
CC(C)=C=CC(C)(C)C(=O)O,4.7
CC(C)=CC(=O)C=NO,8.9
CC(C)=CCC1C(=O)C(C(=O)CC(C)C)C(=O)C(CC=C(C)C)(CC=C(C)C)C1=O,6.18
CC(C)=NNS(C)(=O)=O,8.5
CC(C)C(=NO)c1ccc(Sc2cc(F)cc(C3CCOCC3)c2)cc1,10.8
CC(C)C(=O)CC=O,6.68
CC(C)C(Br)C(=O)O,2.82
CC(C)C(C(=O)O)N1CC(NC(=O)Cc2ccccc2)C1=O,3.48
CC(C)C(O)C(C(=O)O)c1ccc(-c2ccccc2)cc1,4.13
CC(C)C(O[C@H]1OC(C(=O)O)[C@H](O)[C@@H](O)[C@@H]1O)C(C)C,3.89
CC(C)C12CCC(=O)C=C1c1c(cc(OCC(=O)O)c(Cl)c1Cl)C2,3.83
CC(C)C1C(=O)c2ccccc2C1=O,7.4
CC(C)C1CCC(C(=O)NC(Cc2ccccc2)C(=O)O)CC1,3.1
CC(C)CC(=O)CC(=O)C(F)(F)F,6.52
CC(C)CC1CC(=O)C(C(=O)Nc2ccc(C3CCCCC3)cc2)C(=O)N1,6.5
CC(C)CCOc1ccccc1/C=C/C(=O)O,4.85
CC(C)CCOc1ccccc1/C=C\C(=O)O,4.38
CC(C)CCn1cc(O)nn1,7
CC(C)CN(CC(C)C)C(=S)S,3.4
CC(C)CNC(=O)C(C)NC(=O)c1[nH]ccc(=O)c1O,6
CC(C)CNC(=O)C(Cc1ccccc1)NC(=O)c1[nH]ccc(=O)c1O,6
CC(C)CNC(=O)CNC(=O)c1[nH]ccc(=O)c1O,6.2
CC(C)COc1ccc(C(=O)O)cc1,4.48
CC(C)CS(=O)O,2.75
CC(C)Cc1ccc(C(C)C(=O)O)cc1,4.812857
CC(C)Cc1ccc(O)cc1,10.2
CC(C)Cc1ccccc1O,10.5
CC(C)N(c1ccc(Oc2ccccc2C(F)(F)F)cc1C(=O)O)C(=O)[C@H]1CC[C@H](C)CC1,5.5
CC(C)NC(=S)S,3.1
CC(C)Oc1ccc(C(=O)c2ccc3n2CCC3C(=O)O)cc1,3.43
CC(C)SC(C)C(=O)O,3.78
CC(C)c1cc(=O)c(O)ccc1Br,6.53
CC(C)c1ccc(Br)c(=O)c(O)c1,6.28
CC(C)c1ccc(C(=O)/C=C/C(=O)O)cc1,3.4
CC(C)c1cccc2ccc(O)cc12,9.52
CC(C)c1nn[nH]n1,5.55
CC(C)n1c(/C=C/C(O)CC(O)CC(=O)O)c(-c2ccc(F)cc2)c2ccccc21,4.405
CC(C)n1c(/C=C/[C@@H](O)C[C@@H](O)CC(=O)O)c(-c2ccc(F)cc2)c2ccccc21,4.31
CC(CC(=O)O)C(N)=O,4.59
CC(I)C(=O)O,3.21
CC(N=O)=NO,5.8
CC(NC(=O)c1[nH]ccc(=O)c1O)C(=O)NCc1ccccc1,6
CC(O)(C(=O)O)c1ccccc1,3.53
CC(O)(c1ccccc1)C(C(=O)O)c1ccc(-c2ccccc2)cc1,3.38
CC(O)=NO,9.07
CC(O)C(C(=O)O)c1ccc(-c2ccccc2)cc1,4.3
CC(O)C(O)c1cnc2[nH]c(=N)[nH]c(=O)c2n1,10.06
CC(O)[C@@H]1C[C@H](CC(=O)O)C1(C)C,4.83
CC(O)c1cccc(O)c1CO,9.9
CC(P)C(=O)O,4.15
CC1(C)CC(=O)C(C=O)C(=O)C1,3.65
CC1(C)CC(=O)CC(=O)C1,5.21
CC1(C)CCc2c(Cl)c(O)c(Cl)c(Cl)c2O1,7.1
CC1(C)CCc2c(cc(Cl)c(O)c2Cl)O1,7.7
CC1(C)CCc2c(ccc(O)c2Cl)O1,8.6
CC1(C)CCc2cc(O)c(Cl)cc2O1,9.1
CC1(C)CCc2cc(O)cc(Cl)c2O1,9.8
CC1(C)CCc2cc(O)ccc2O1,10.3
CC1(C)CCc2cc(S(=O)(=O)N(CC(=O)O)Cc3cccc(-c4ccccc4)c3)ccc2O1,3.4
CC1(C)N=C(C(=O)CC(=O)C(F)(F)F)C(C)(C)N1O,4.66
CC1(C)O[C@@H]2[C@@H](CO[C@@]3(COS(N)(=O)=O)OC(C)(C)O[C@@H]23)O1,8.7
CC1(C)SC2C(NC(=O)Cc3ccccc3)C(=O)N2C1C(=O)O,2.78
CC1(C2CCCC2)Cc2cc(OCC(=O)O)c(Cl)c(Cl)c2C1=O,3.9
CC1(C2CCCC2)Cc2cc(OCC=CCC(=O)O)c(Cl)c(Cl)c2C1=O,5.1
CC1(C2CCCC2)Cc2cc(OCCCC(=O)O)c(Cl)c(Cl)c2C1=O,5.7
CC1(C2CCCC2)Cc2cc(OCc3ccc(C(=O)O)cc3)c(Cl)c(Cl)c2C1=O,6.2
CC1(Cc2ccccc2)Cc2cc(OCC(=O)O)c(Cl)c(Cl)c2C1=O,3.8
CC1(Cc2ccccc2)Cc2cc(OCCCC(=O)O)c(Cl)c(Cl)c2C1=O,6.3
CC1(c2ccccc2)Cc2cc(OCC(=O)O)c(Cl)c(Cl)c2C1=O,3.7
CC1(c2ccccc2)Cc2cc(OCCCC(=O)O)c(Cl)c(Cl)c2C1=O,6.4
CC12CCC(=O)C=C1c1c(cc(OCC(=O)O)c(Cl)c1Cl)C2,3.75
CC1=C(C)C(=C(C)C(=O)O)CC1=O,3.1
CC1=N[SH](=O)(c2cccc(-c3ccc(C)cc3)c2)NC1=O,6
CC1=N[SH](=O)(c2cccc(-c3cccc(C#N)c3)c2)NC1=O,5.8
CC1CC(=O)CC(=O)O1,5.1
CC1CC(=O)N(O)C1(C)C,8.85
CC1CC(C)C(=O)CC1=O,5.62
CC1CCC(C(=O)O)CC1,4.965
CC1CCCC(C)C1C(=O)O,4.88
CC1CCC[C@H](C(C)C(=O)O)C1,4.59
CC1CCN(C(=O)C(CCCN=c2cccc[nH]2)NS(=O)(=O)c2ccc3ccccc3c2)CC1,6.9
CC1C[C@H](C)CC([C@H](O)CC2CC(=O)NC(=O)C2)C1=O,11.2
CC=C(C)C(=O)O,4.3
CC=C(C)C=C(C)C(=O)C[C@@H](O)CC1CC(=O)NC(=O)C1,11.2
CC=C(C)CC(=O)O,5.145
CC=C(Cl)C(=O)O,2.88
CC=C=CC(C)(C)C(=O)O,4.58
CC=CC(=O)O,4.56
CC=CC1C(=O)C(=O)c2ccccc2C1=O,4.78
CC=CC=CC(=O)O,4.52
CC=CCC(=O)O,4.485
CCC(=NO)NO,10.7
CCC(=O)C=NO,8.37
CCC(=O)CC(C)=O,9.36
CCC(=O)NS(=O)(=O)c1ccc(-c2c(-c3ccccc3)noc2C)cc1,4.9
CCC(=O)c1cc(C(=O)C(C)(C)C)[nH]n1,9.7
CCC(=O)c1cc(C(=O)c2ccccc2)[nH]n1,9.14
CCC(=O)c1cc(C(C)=O)[nH]n1,9.05
CCC(=O)c1nc(C(=O)O)cs1,3.7
CCC(C(=O)O)C(=O)N1CCCCC1,3.86
CCC(C(=O)O)[C@@]1(O)C[C@H]2CC[C@@H]1C2,4.165
CCC(C(C)=O)C(C)=O,11.33
CCC(C)(O)C(C(=O)O)c1ccc(-c2ccccc2)cc1,3.41
CCC(C)C(=O)O[C@H]1C[C@H](O)C=C2C=C[C@H](C)[C@H](CC[C@@H](O)C[C@@H](O)CC(=O)O)[C@H]21,4.7
CCC(C)C(=O)c1ccc(OCC(=O)O)c(Cl)c1Cl,3.5
CCC(CC)C(=O)O[C@H]1OC(C(=O)O)[C@H](O)[C@@H](O)[C@@H]1O,3.37
CCC(CC)[C@@H](CO)NS(=O)(=O)c1ccc(Cl)s1,9.6
CCC(N=O)=NO,5.8
CCC(O)C(C(=O)O)c1ccc(-c2ccccc2)cc1,4.16
CCC(Oc1ccccc1C)C(=O)O,3.43
CCC(P)C(=O)O,4.08
CCC1(C)C(=O)Nc2ccc(S(=O)(=O)Nc3ccc(F)cc3F)cc2C(=O)N1C,7.1
CCC1(C)NC(=O)c2cc(S(=O)(=O)Nc3ccc(Cl)cc3)ccc2N(C)C1=O,7.9
CCC1(C)NC(=O)c2cc(S(=O)(=O)Nc3ccc(Cl)cc3)ccc2NC1=O,8.1
CCC1(C)NC(=O)c2cc(S(=O)(=O)Nc3ccc(OC)cc3)ccc2NC1=O,5.6
CCC1(C)NC(=O)c2cc(S(=O)(=O)Nc3ccccc3)ccc2NC1=O,8.7
CCC1(C)NC(=O)c2cc(S(=O)(=O)Nc3ccccc3Cl)ccc2NC1=O,7.2
CCC1(C2CCCC2)Cc2cc(OCC(=O)O)c(Cl)c(Cl)c2C1=O,3.9
CCC1(C2CCCC2)Cc2cc(OCCCC(=O)O)c(Cl)c(Cl)c2C1=O,3.8
CCC1(CC)CNc2ccc(S(=O)(=O)Nc3ccc(F)cc3F)cc2C(=O)N1,8
CCC1(CC)OC(=O)NC1=O,5.7
CCC1(CC)SC(=O)NC1=O,6.42
CCC12C=CC(=O)C=C1c1c(cc(OCC(=O)O)c(Cl)c1Cl)C2,3.7
CCC12CCC(=O)C=C1c1c(cc(OCC(=O)O)c(Cl)c1Cl)C2,3.6
CCC12CCC(=O)C=C1c1c(cc(OCC(=O)OC(C)(C)C(=O)O)c(Cl)c1Cl)C2,3.8
CCC12CCC(=O)C=C1c1c(cc(OCC(=O)OCC(=O)O)c(Cl)c1Cl)C2,3.8
CCC12CCC(=O)C=C1c1c(cc(OCCCC(=O)O)c(Cl)c1Cl)C2,3.7
CCC12CCC(=O)C=C1c1c(cc(OCc3nn[nH]n3)c(Cl)c1Cl)C2,3.72
CCC1C(=O)C(CC)C1=O,3.5
CCC1C(=O)c2ccccc2C1=O,6.5
CCC=CC(C)C(=O)O,4.785
CCC=CCC(=O)O,4.615
CCCC(=O)c1cc(C(C)=O)[nH]n1,9.28
CCCC(C(CC)CO)C(CC)C(=O)O,4.78
CCCC(CCC)C(=O)O,4.8
CCCC(O)=NO,9.48
CCCC(O)C(C(=O)O)c1ccc(-c2ccccc2)cc1,4.01
CCCC1(C2CCCC2)Cc2cc(OCCCC(=O)O)c(Cl)c(Cl)c2C1=O,4.1
CCCC1(CCC)SC(=O)NC1=O,6.37
CCCC12C=c3cc(O)c(Cl)c(Cl)c3=C1CC(=O)CC2,6.18
CCCC12CC(=O)C=C1c1c(cc(OCC(=O)O)c(Cl)c1Cl)C2,3.84
CCCC12CCC(=O)C(C)=C1c1c(cc(OCC(=O)O)c(Cl)c1Cl)C2,3.5
CCCC12CCC(=O)C=C1c1c(cc(OCC(=O)O)c(C)c1C)C2,4.3
CCCC12CCC(=O)C=C1c1c(cc(OCC(=O)O)c(Cl)c1Cl)C2,3.6
CCCC12CCC(=O)C=C1c1c(cc(OCC(=O)OC(C)(C)C(=O)O)c(Cl)c1Cl)C2,3.8
CCCC12CCC(=O)C=C1c1c(cc(OCC(=O)OC(CC)(CC)C(=O)O)c(Cl)c1Cl)C2,3.4
CCCC12CCC(=O)C=C1c1c(cc(OCCCC(=O)O)c(Cl)c1Cl)C2,3.7
CCCC12CCC(=O)C=C1c1c(cc(SCC(=O)O)c(Cl)c1Cl)C2,4.7
CCCC12CCC(=O)C=C1c1ccc(OCC(=O)O)cc1C2,4.05
CCCC12CCC(C(C)=O)=C1c1c(cc(OCC(=O)O)c(Cl)c1Cl)C2,4.1
CCCCC(CC)C(=O)O,4.76
CCCCC(CC)C(=O)O[C@H]1OC(C(=O)O)[C@H](O)[C@@H](O)[C@@H]1O,3.08
CCCCC1(C2CCCC2)Cc2cc(OCC(=O)O)c(Cl)c(Cl)c2C1=O,3.9
CCCCC1(C2CCCC2)Cc2cc(OCCCC(=O)O)c(Cl)c(Cl)c2C1=O,4.4
CCCCC12CCC(=O)C=C1c1c(cc(OCC(=O)O)c(Cl)c1Cl)C2,3.5
CCCCCC(=O)CC(C)=O,9.2
CCCCCC(=O)N=C1C(=O)N2C(C(=O)O)C(C)(C)S[C@@H]12,2.84
CCCCCC(O)=NO,9.58
CCCCCC(O)CCC1CCC(=O)N1CCCCCCC(=O)O,5.25
CCCCCCC(=O)O,4.88
CCCCCCC(C)(C)c1cc(O)c2c(c1)OC(C)(C)C1CCC(=O)CC21,10.6
CCCCCCC(O)=NO,9.62
CCCCCCCC(=O)NC1C(=O)N2C(C(=O)O)C(C)(C)S[C@@H]12,2.66
CCCCCCCC(O)=NO,9.19
CCCCCCCC/C=C\CCCCCCCC(=O)O,4.95
CCCCCCCCC(=O)O,4.9
CCCCCCCCC(=O)OO,8.23
CCCCCCCCC1CCC(=O)N1CCCCCCC(=O)O,5.6
CCCCCCCCCC(=O)O,4.895
CCCCCCCCCCC(=O)O,4.9
CCCCCCCCCCCC(=O)O,4.895
CCCCCCCCCCCCC(=O)O,4.9
CCCCCCCCCCCCCC(=O)N(O)c1ccccc1,9.05
CCCCCCCCCCCCCCC(=O)O,5.01
CCCCCCCCCCCCCCCCCC(=O)O,5.01
CCCCCCCCCCCCN(Cc1nn[nH]n1)c1ccccc1,4.92
CCCCCCCCCCN(Cc1nn[nH]n1)c1ccccc1,4.87
CCCCCCCCCCOC(=O)c1ccc(OS(N)(=O)=O)cc1,8.09
CCCCCCCCCCc1c(-c2ccccc2)[nH][nH]c1=O,11
CCCCCCCCCCc1c(-c2ccccc2)[nH]n(-c2ccccc2)c1=O,6.7
CCCCCCCCCOC(=O)c1ccc(OS(N)(=O)=O)cc1,8.39
CCCCCCCCCc1c(-c2ccccc2)[nH][nH]c1=O,10.6
CCCCCCCCN(Cc1nn[nH]n1)c1ccccc1,4.83
CCCCCCCCOC(=O)c1ccc(OS(N)(=O)=O)cc1,8.09
CCCCCCCCS(=O)(=O)Nc1ccc(N=c2c3ccccc3[nH]c3ccccc23)c(OC)c1,7.44
CCCCCCCCc1c(-c2ccccc2)[nH][nH]c1=O,10.2
CCCCCCCCc1c(-c2ccccc2)[nH]n(-c2ccccc2)c1=O,7.5
CCCCCCCCc1noc(C=NO)n1,8.22
CCCCCCCOC(=O)c1ccc(OS(N)(=O)=O)cc1,8.27
CCCCCCCS(=O)(=O)Nc1ccc(N=c2c3ccccc3[nH]c3ccccc23)c(OC)c1,7.42
CCCCCCCc1c(-c2ccccc2)[nH][nH]c1=O,9.2
CCCCCCCc1c(-c2ccccc2)[nH]n(-c2ccccc2)c1=O,8
CCCCCCN(Cc1nn[nH]n1)c1ccccc1,4.78
CCCCCCOC(=O)c1ccc(OS(N)(=O)=O)cc1,8.52
CCCCCCS(=O)(=O)Nc1ccc(N=c2c3ccccc3[nH]c3ccccc23)c(OC)c1,7.42
CCCCCCc1c(-c2ccccc2)[nH][nH]c1=O,8.6
CCCCCCc1c(-c2ccccc2)[nH]n(-c2ccccc2)c1=O,7.4
CCCCCNC(=O)NS(=O)(=O)c1cc(Cl)ccc1OC,5.46
CCCCCOC(=O)c1ccc(OS(N)(=O)=O)cc1,8.47
CCCCCOc1ccc(C(=O)O)cc1,4.49
CCCCCS(=O)(=O)Nc1ccc(N=c2c3ccccc3[nH]c3c(C(N)=O)cccc23)c(OC)c1,6.36
CCCCCS(=O)(=O)Nc1ccc(N=c2c3ccccc3[nH]c3ccccc23)c(OC)c1,7.39
CCCCCc1c(-c2ccccc2)[nH][nH]c1=O,8.4
CCCCCc1c(-c2ccccc2)[nH]n(-c2ccccc2)c1=O,7.3
CCCCNC(=O)NS(=O)(=O)c1ccc(C)cc1,5.275
CCCCNC(=O)c1cccc2c(=Nc3ccc(NS(C)(=O)=O)cc3OC)c3ccccc3[nH]c12,6.36
CCCCOC(=O)c1ccc(OS(N)(=O)=O)cc1,8.07
CCCCOC(=S)NC(C)=O,9.25
CCCCOc1ccc2c(=Nc3ccc(NS(C)(=O)=O)cc3OC)c3ccccc3[nH]c2c1,7.34
CCCCOc1cccc2c(=Nc3ccc(NS(C)(=O)=O)cc3OC)c3ccccc3[nH]c12,7.34
CCCCS(=O)(=O)Nc1ccc(N=c2c3ccccc3[nH]c3c(C(N)=O)cccc23)c(OC)c1,6.34
CCCCS(=O)(=O)Nc1ccc(N=c2c3ccccc3[nH]c3cc(NC(C)=O)ccc23)c(OC)c1,7.56
CCCCS(=O)(=O)Nc1ccc(N=c2c3ccccc3[nH]c3cc(OC)ccc23)c(OC)c1,7.35
CCCCS(=O)(=O)Nc1ccc(N=c2c3ccccc3[nH]c3ccccc23)c(OC)c1,7.41
CCCCS(=O)O,2.2
CCCC[C@@]1(C2CCCC2)Cc2cc(OCC(=O)O)c(Cl)c(Cl)c2C1=O,3.9
CCCC[C@@]1(C2CCCC2)Cc2cc(OCCCC(=O)O)c(Cl)c(Cl)c2C1=O,4.4
CCCC[C@]1(C2CCCC2)Cc2cc(OCC(=O)O)c(Cl)c(Cl)c2C1=O,3.9
CCCC[C@]1(C2CCCC2)Cc2cc(OCCCC(=O)O)c(Cl)c(Cl)c2C1=O,4.4
CCCCc1c(-c2ccccc2)[nH][nH]c1=O,8.2
CCCCc1c(-c2ccccc2)[nH]n(-c2ccccc2)c1=O,7.2
CCCCc1c(O)n(-c2ccccc2)n(-c2ccccc2)c1=O,4.5
CCCCc1cc(Cl)cc(Cl)c1O,8.1
CCCCc1ccc(C(=O)O)nc1,5.7
CCCNC(=O)NS(=O)(=O)c1ccc(Cl)cc1,4.9
CCCOC(=O)c1ccc(OS(N)(=O)=O)cc1,8.03
CCCOC(=S)NC(C)=O,9.34
CCCOc1ccc2c(=Nc3ccc(NS(C)(=O)=O)cc3OC)c3ccccc3[nH]c2c1,7.36
CCCOc1cccc2c(=Nc3ccc(NS(C)(=O)=O)cc3OC)c3ccccc3[nH]c12,7.36
CCCS(=O)(=O)Nc1ccc(N=c2c3ccccc3[nH]c3c(C(N)=O)cccc23)c(OC)c1,6.35
CCCS(=O)(=O)Nc1ccc(N=c2c3ccccc3[nH]c3cc(NC(C)=O)ccc23)c(OC)c1,7.57
CCCS(=O)(=O)Nc1ccc(N=c2c3ccccc3[nH]c3cc(OC)ccc23)c(OC)c1,7.38
CCCS(=O)(=O)Nc1ccc(N=c2c3ccccc3[nH]c3ccccc23)c(OC)c1,7.41
CCCS(=O)O,2.35
CCCSC(=NO)C(=O)c1ccc(Br)cc1,8.45
CCCSC(C)C(=O)O,3.82
CCCc1c(-c2ccccc2)[nH][nH]c1=O,8
CCCc1c(-c2ccccc2)[nH]n(-c2ccccc2)c1=O,7
CCCc1cc(Cl)cc(Cl)c1O,8.1
CCCc1ccc(O)c(-c2cc(CCC)ccc2O)c1,9.3
CCCc1nc(=O)c2ccncc2[nH]1,8.8
CCCc1nn[nH]n1,5.61
CCCc1oc2ccccc2c(=O)c1C(=O)c1cc(I)c(O)c(I)c1,4.89
CCCc1oc2ccccc2c(=O)c1C(=O)c1ccc(O)cc1,7.74
CCN(CC)C(=S)S,3.95
CCN(CC)S(=O)(=O)c1ccccc1C(=O)O,2.96
CCN(CC)S(=O)(=O)c1ccsc1C(=O)O,2.77
CCN(CC)c1nn[nH]n1,6.33
CCN(Cc1cc(C(F)(F)F)ccc1-c1cc(CC(=O)O)n2cccnc12)C(=O)C1CC1,3.7
CCN(Cc1cc(C(F)(F)F)ccc1-c1nn(CC(=O)O)c2ccccc12)C(=O)C1CC1,2.8
CCN1CNS(=O)(=O)c2cc(Cl)ccc21,9.33
CCN=S1(=O)NC(=O)c2ccccc21,6.9
CCNC(=S)OC(C)C,11.52
CCOC(=O)C(=NO)C(=O)OCC,5.48
CCOC(=O)C(=NO)c1ccc(Sc2cc(F)cc(C3CCOCC3)c2)cc1,9.3
CCOC(=O)C(=NO)c1ccccc1,8.95
CCOC(=O)C(C)=NO,9.64
CCOC(=O)C1C(CN2CCOCC2C(=O)O)=NC(c2nccs2)=N[C@H]1c1cccc(F)c1Cl,5.7
CCOC(=O)CC(=O)c1ccc(C)cc1,10.73
CCOC(=O)N1CCc2[nH]oc(=O)c2CC1,4.7
CCOC(=O)N=c1[nH]cnc2[nH]cnc12,9.63
CCOC(=O)c1c(O)nnn1C,5.54
CCOC(=O)c1c(O)nnn1Cc1ccccc1,5.38
CCOC(=O)c1c[nH]c2c(c(C)nn2C)c1=Nc1ccc(Br)cc1,8.39
CCOC(=O)c1c[nH]c2c(c(C)nn2C)c1=Nc1ccc(C(C)=O)cc1,9.05
CCOC(=O)c1c[nH]c2c(c(C)nn2C)c1=Nc1ccc(C)cc1,8.61
CCOC(=O)c1c[nH]c2c(c(C)nn2C)c1=Nc1ccc(Cl)cc1,9.73
CCOC(=O)c1c[nH]c2c(c(C)nn2C)c1=Nc1ccc(F)cc1,8.14
CCOC(=O)c1c[nH]c2c(c(C)nn2C)c1=Nc1ccc(OC)cc1,8.07
CCOC(=O)c1c[nH]c2c(c(C)nn2C)c1=Nc1cccc(C)c1,7.64
CCOC(=O)c1c[nH]c2c(c(C)nn2C)c1=Nc1cccc(Cl)c1,7.06
CCOC(=O)c1c[nH]c2c(c(C)nn2C)c1=Nc1cccc(OC)c1,8.38
CCOC(=O)c1c[nH]c2c(c(C)nn2C)c1=Nc1ccccc1,8.23
CCOC(=O)c1cc(C#N)c(N2CC(C(=O)NS(=O)(=O)Cc3ccc(C)cc3)C2)nc1C,3.4
CCOC(=O)c1cc(C#N)c(N2CC(C(=O)NS(=O)(=O)Cc3ccccc3)C2)nc1C,3.6
CCOC(=O)c1cc2cc(F)c(O)c(F)c2oc1=O,3.8
CCOC(=O)c1ccc(OS(N)(=O)=O)cc1,8.22
CCOC(=O)c1ccccc1NC(=O)c1cn(C)c(O)c1O,6.49
CCOC(=O)c1cn(C)[nH]c1=O,6.71
CCOC(=O)c1cnc2ccccc2c1O,9.62
CCOC(=O)c1n[nH]n(C)c1=O,6.21
CCOC(=O)c1n[nH]n(Cc2ccccc2)c1=O,6.22
CCOC(=O)c1nn(C)[nH]c1=O,5.14
CCOC(=O)c1nn(Cc2ccccc2)[nH]c1=O,5.14
CCOC(=S)NC(=O)c1ccccc1,7.46
CCOC(C)=NO,11.37
CCOP(=O)(OCC)c1ccc(-c2cc(=O)o[nH]2)o1,3.23
CCO[C@H]1CC1C(=O)O,4.645
CCOc1cc(C)nc(-n2[nH]c(C)cc2=O)n1,7.35
CCOc1ccc(C(=O)O)c(C)c1,4.54
CCOc1ccc(C(=O)c2ccc3n2CCC3C(=O)O)cc1,3.46
CCOc1ccc(C)c(C(=O)O)c1,3.86
CCOc1ccc2c(=Nc3ccc(NS(C)(=O)=O)cc3OC)c3ccccc3[nH]c2c1,7.37
CCOc1ccc2ccccc2c1C(=O)NC1C(=O)N2C(C(=O)O)C(C)(C)S[C@H]12,2.7
CCOc1cccc(C(=O)O)c1C,3.73
CCOc1cccc(C(=O)c2ccc3n2CCC3C(=O)O)c1,3.46
CCOc1cccc(C)c1C(=O)O,3.51
CCOc1cccc2c(=Nc3ccc(NS(C)(=O)=O)cc3OC)c3ccccc3[nH]c12,7.37
CCOc1ccccc1/C=C/C(=O)O,4.68
CCOc1ccccc1/C=C\C(=O)O,4.35
CCOc1nc(=O)c2ccncc2[nH]1,7.5
CCOc1nccc(O)n1,8.2
CCS(=O)(=O)Nc1ccc(N=c2c3ccccc3[nH]c3c(C(N)=O)cccc23)c(OC)c1,6.35
CCS(=O)(=O)Nc1ccc(N=c2c3ccccc3[nH]c3cc(NC(C)=O)ccc23)c(OC)c1,7.54
CCS(=O)(=O)Nc1ccc(N=c2c3ccccc3[nH]c3cc(OC)ccc23)c(OC)c1,7.36
CCS(=O)(=O)Nc1ccc(N=c2c3ccccc3[nH]c3ccccc23)c(OC)c1,7.4
CCS(=O)O,2.27
CCSC(C)C(=O)O,3.8
CC[C@H](NC(=O)c1cc(F)ccc1NS(=O)(=O)c1ccc(Cl)cc1)c1ccccc1,3.8
CC[C@H](NC(=O)c1cc(OC)ccc1NS(=O)(=O)c1ccc(C)cc1)c1ccccc1,7.5
CC[C@H](NC(=O)c1ccccc1NS(=O)(=O)c1ccc(C(F)(F)F)cc1)c1ccccc1,4
CC[C@]1(C)NC(=O)c2cc(S(=O)(=O)Nc3ccc(C(F)(F)F)cc3)ccc2NC1=O,6.9
CC[C@]1(C)NC(=O)c2cc(S(=O)(=O)Nc3ccc(F)cc3F)ccc2NC1=O,7.3
CC[C@]1(C)NC(=O)c2cc(S(=O)(=O)Nc3ccc(OC(F)F)cc3)ccc2NC1=O,7.9
CCc1c(-c2ccccc2)[nH][nH]c1=O,7.8
CCc1c(-c2ccccc2)[nH]n(-c2ccccc2)c1=O,8
CCc1c(O)c(=O)ccn1CC,9.93
CCc1c(O)cc(C)oc1=O,5.3
CCc1c(O)ccc(C(C)C)c1C,10.85
CCc1cc(C(C)C)c(O)cc1C,10.91
CCc1cc(C(C)C)ccc1O,10.77
CCc1cc(O)cc(C)c1Cl,9.6
CCc1cc2c(C)cc(=O)oc2cc1O,8.01
CCc1ccc(-n2c(Cl)cc3[nH]c(=O)c(-c4ccccc4)c(O)c32)cc1,6
CCc1ccc(C(=O)/C=C/C(=O)O)cc1,3.38
CCc1ccc(C(=O)O)nc1,5.86
CCc1ccc(C(C)C)cc1O,10.61
CCc1ccc(O)c(C(C)C)c1,10.82
CCc1ccc2[nH]c3ccccc3c(=Nc3ccc(NS(C)(=O)=O)cc3OC)c2c1,7.46
CCc1ccc2c(=Nc3ccc(NS(C)(=O)=O)cc3OC)c3ccccc3[nH]c2c1,7.65
CCc1cccc2c3c([nH]c12)C(CC)(CC(=O)O)OCC3,4.7
CCc1cccc2ccc(O)cc12,9.54
CCc1cnc(C(=O)O)cc1CC,6.58
CCc1nc(=O)s[nH]1,6.89
CCc1nn[nH]n1,5.59
CCc1oc2ccccc2c(=O)c1C(=O)c1cc(Br)c(O)c(Br)c1,4.72
CCc1oc2ccccc2c(=O)c1C(=O)c1cc(I)c(O)c(I)c1,4.89
CCc1oc2ccccc2c(=O)c1C(=O)c1ccc(O)cc1,7.74
CCc1oc2ccccc2c1C(=O)Cc1cc(Br)c(O)c(Br)c1,8.6
CCc1oc2ccccc2c1C(=O)c1cc(Br)c(O)c(Br)c1,4.5
CCc1oc2ccccc2c1C(=O)c1cc(C)c(O)c(C)c1,8.5
CCc1oc2ccccc2c1C(O)c1cc(Br)c(O)c(Br)c1,8.8
CCn1c(=O)c2[nH]c(-c3ccccc3)nc2n(CC)c1=O,9.1
CCn1c(=O)nc2sc(S(N)(=O)=O)nn2c1=O,7.3
CCn1ccc(=O)c(O)c1C(C)O,8.755
CN(C)C(=O)CS,8.1
CN(C)C(=O)Cn1c(-c2ccccc2)c(C2CCCCC2)c2ccc(C(=O)O)cc21,4.8
CN(C)C(=O)OCC(=O)O,3.01
CN(C)C(=O)c1ncnc2[nH]cnc12,7.9
CN(C)C(=O)n1nc(C(C)(C)C)nc1SCC(=O)O,3.49
CN(C)C(=S)NCC(=O)O,3.71
CN(C)C(=S)OCC(=O)O,2.87
CN(C)C(=S)SCC(=O)O,3.34
CN(C)C=Nc1ccc(O)cc1,9.41
CN(C)S(=O)(=O)NC(=O)CCc1ccccc1,5.86
CN(C)c1ccccc1C(=O)O,8.46
CN(C)c1nc2cncnc2[nH]1,9.73
CN(C)c1nn[nH]n1,5.92
CN1C(=O)C(NC(=O)Nc2ccc3c(c2)N(c2nn[nH]n2)CC3)N=C(c2ccccc2)c2ccccc21,4.8
CN1C(=O)C2(CCCCC2)NC1=S,11.23
CN1C(=O)NC(=O)C(C)(C2=CCCCC2)C1=O,7.83
CN1C(=S)NC(=O)C12CCCCC2,9.25
CN1CC(O)c2cc(N=O)c(O)cc21,8.6
CN1CCC(=O)NC1=O,11.86
CN1c2ccccc2Nc2ccc(O)cc21,10.1
CN=C(NC#N)Nc1cccc(-c2csc(=NC(=N)N)[nH]2)c1,6.2
CN=c1cccc(CCOc2ccc(CC(NC(=O)c3c(Cl)cccc3Cl)C(=O)O)cc2)[nH]1,7
CN=c1cccc(COCc2ccc(CC(NC(=O)c3c(Cl)cccc3Cl)C(=O)O)cc2)[nH]1,6.4
CNC(=O)C(C)NC(=O)c1[nH]ccc(=O)c1O,6
CNC(=O)C(Cc1ccccc1)NC(=O)c1[nH]ccc(=O)c1O,6.1
CNC(=O)CNC(=O)c1[nH]ccc(=O)c1O,6.3
CNC(=O)CNC(=O)c1cccc2c(=Nc3ccc(NS(C)(=O)=O)cc3OC)c3ccccc3[nH]c12,6.2
CNC(=O)COc1ccc2c(=Nc3ccc(NS(C)(=O)=O)cc3OC)c3ccccc3[nH]c2c1,7.35
CNC(=O)COc1cccc2c(=Nc3ccc(NS(C)(=O)=O)cc3OC)c3ccccc3[nH]c12,7.35
CNC(=O)c1cccc2c(=Nc3ccc(NS(C)(=O)=O)cc3OC)c3ccc(Cl)cc3[nH]c12,5.68
CNC(=O)c1cccc2c(=Nc3ccc(NS(C)(=O)=O)cc3OC)c3cccc(C)c3[nH]c12,6.4
CNC(=O)c1cccc2c(=Nc3ccc(NS(C)(=O)=O)cc3OC)c3ccccc3[nH]c12,6.36
CNC(=O)c1ncnc2[nH]cnc12,8.9
CNC(=S)OC(C)C,11.56
CNS(=O)(=O)c1ccc(C(F)(F)F)cc1,10.7
COC(=O)C(=NO)c1ccccc1,8.87
COC(=O)C1C(CN2CCOCC2C(=O)O)=NC(c2nccs2)=N[C@H]1c1ccc(F)c(F)c1C,5.7
COC(=O)C1C(CN2CCOCC2C(=O)O)=NC(c2nccs2)=N[C@H]1c1ccc(F)cc1Cl,5.8
COC(=O)C1c2ccccc2-c2ccccc21,11.52
COC(=O)CC(=NO)C(C)=NO,9.77
COC(=O)CC(C)=O,10.04
COC(=O)CC1c2ccc(Cl)cc2NC(=O)C1C#N,10.2
COC(=O)CC1c2ccc(Cl)cc2NC(=O)C1S(=O)(=O)c1ccccc1,10.8
COC(=O)N1CCc2c(o[nH]c2=O)C1,5.3
COC(=O)N1CCc2c(s[nH]c2=O)C1,7.3
COC(=O)N1CCc2s[nH]c(=O)c2C1,7.4
COC(=O)N1CCc2s[nH]c(=O)c2CC1,7.6
COC(=O)N=c1[nH]cnc2[nH]cnc12,9.68
COC(=O)Nc1ccc2c(=Nc3ccc(NS(C)(=O)=O)cc3OC)c3ccccc3[nH]c2c1,7.77
COC(=O)c1cc(S(N)(=O)=O)ccc1S(=O)(=O)CCCO,8.9
COC(=O)c1cc(S(N)(=O)=O)ccc1S(=O)(=O)CCO,9.2
COC(=O)c1cc(S(N)(=O)=O)ccc1SCCCO,9.3
COC(=O)c1ccc(NC=S)cc1,10.95
COC(=O)c1ccc(OS(N)(=O)=O)cc1,8.28
COC(=O)c1cccc(NC=S)c1,10.81
COC(=S)C1c2ccccc2-c2ccccc21,7.4
COC(C)=CC(=O)O,5.81
COC1C(=O)N2C(C(=O)C(C)(C)C)=C(CSc3nnc(C)s3)CS(=O)(=O)[C@H]12,11.9
COC1C(=O)N2C(C(=O)C(C)(C)C)=C(CSc3nnnn3C)CS(=O)(=O)[C@H]12,11.6
COC1C(=O)N2C(C(=O)c3ccccc3)=C(C)CS(=O)(=O)[C@H]12,9.6
COC=C1CCC1C(=O)O,4.31
COC=C1CCCC1C(=O)O,4.5
COCC(=O)OCCCS(=O)(=O)c1ccc(S(N)(=O)=O)s1,8.1
COCC(C)NC(=O)c1nc(N2CC[C@@H](NC(=O)c3[nH]c(C)c(Cl)c3Cl)[C@@H](OC)C2)sc1C(=O)O,4.2
COCC(COC)NC(=O)c1nc(N2CC[C@@H](NC(=O)c3[nH]c(C)c(Cl)c3Cl)[C@@H](OC)C2)sc1C(=O)O,4.5
COCCN=C1C(=O)c2ccccc2C(=O)C1NS(=O)(=O)c1ccccc1,9.8
COCCNC(=S)S,2.85
COCCOc1ccc(-c2cc3c(C(=O)O)c[nH]c3cc2Cl)cc1,5
CONC(=O)CCc1ccccc1,9.47
CO[C@H]1CC1C(=O)O,4.615
CO[C@H]1CN(c2nc(-c3cnccn3)c(C(=O)O)s2)CC[C@H]1NC(=O)c1[nH]c(C)c(Cl)c1Cl,5.4
CO[C@H]1CN(c2nc(-c3ncccn3)c(C(=O)O)s2)CC[C@H]1NC(=O)c1[nH]c(C)c(Cl)c1Cl,5.2
CO[C@H]1CN(c2nc(-c3ncnn3C)c(C(=O)O)s2)CC[C@H]1NC(=O)c1[nH]c(C)c(Cl)c1Cl,4.5
CO[C@H]1CN(c2ncc(C(=O)O)s2)CC[C@H]1NC(=O)c1[nH]c(C)c(Cl)c1Cl,3.6
CO[C@H]1OC(C(=O)O)[C@H](O)[C@H](O)[C@H]1O,3.55
COc1c(C(=O)O)oc2ccccc12,3.7
COc1c(C)cc2c(c1C(=O)O)COC2,3.13
COc1c(CC=C(C)C)c(O)c(C(=O)O)c(CCc2ccccc2)c1CC=C(C)C,3.5
COc1cc(/C=C/C(=O)CC(C)=O)ccc1O[C@@H]1O[C@H](CO)[C@@H](O)[C@H](O)[C@H]1O,8.74
COc1cc(=NS(=O)(=O)c2ccc(N)cc2)[nH]c(OC)n1,5.98
COc1cc(=O)nc2sc(S(N)(=O)=O)nn12,7.1
COc1cc(C(=O)O)ccc1N=c1c2ccccc2[nH]c2ccccc12,7.41
COc1cc(C(C)=O)ccc1O,7.65
COc1cc(C(F)(F)F)ccc1-c1cccc2cc(S(=O)(=O)N=c3[nH]ccs3)ccc12,6.7
COc1cc(C(F)(F)F)ccc1-c1cccc2cc(S(=O)(=O)N=c3[nH]cns3)ccc12,3.7
COc1cc(C(F)(F)F)ccc1-c1cccc2cc(S(=O)(=O)Nc3cscn3)ccc12,7.2
COc1cc(C(F)(F)F)ccc1-c1ncnc2cc(S(=O)(=O)N=c3[nH]ccs3)ccc12,6.5
COc1cc(C)c(-c2nc(=O)o[nH]2)cc1-c1ccc(C#CCO)s1,5.5
COc1cc(C)c(C(=O)NS(=O)(=O)c2ccccc2)cc1-c1ccc(C#CCO)s1,3.8
COc1cc(C)c(C(=O)NS(C)(=O)=O)cc1-c1ccc(C#CCO)s1,4
COc1cc(C)c(C(=O)O)cc1-c1ccc(C#CCO)s1,4.2
COc1cc(C)c(S(=O)(=O)NC(C)=O)cc1-c1ccc(C#CCO)s1,4.8
COc1cc(CO)ccc1O,9.79
COc1cc(Cl)c(Nc2ccccc2CC(=O)O)c(Cl)c1,4.2
COc1cc(F)ccc1Cn1ccc2c3c(ncc21)C(=O)N(O)CC3,7.6
COc1cc(NS(=O)(=O)C(F)(F)F)cc(OC)c1Oc1ccc(C#N)c(Cl)c1,4.5
COc1cc(NS(=O)(=O)OC)ccc1N=c1c2ccccc2[nH]c2c(CCC(N)=O)cccc12,7.15
COc1cc(NS(C)(=O)=O)cc(OC)c1Oc1ccc(C#N)c(Cl)c1,8.5
COc1cc(NS(C)(=O)=O)ccc1N=c1c2ccc(C)cc2[nH]c2c(C)cccc12,7.67
COc1cc(NS(C)(=O)=O)ccc1N=c1c2ccc(Cl)cc2[nH]c2c(C(=O)NCC(N)=O)cccc12,5.5
COc1cc(NS(C)(=O)=O)ccc1N=c1c2ccc(Cl)cc2[nH]c2c(C(N)=O)cccc12,5.68
COc1cc(NS(C)(=O)=O)ccc1N=c1c2ccc(Cl)cc2[nH]c2c(OC)cccc12,6.79
COc1cc(NS(C)(=O)=O)ccc1N=c1c2ccc(Cl)cc2[nH]c2cc(Cl)ccc12,6.18
COc1cc(NS(C)(=O)=O)ccc1N=c1c2ccc(I)cc2[nH]c2c(OCC(O)CO)cccc12,6.7
COc1cc(NS(C)(=O)=O)ccc1N=c1c2cccc(OC)c2[nH]c2c(OC)cccc12,6.9
COc1cc(NS(C)(=O)=O)ccc1N=c1c2ccccc2[nH]c2c(-c3ccccc3)cccc12,7.02
COc1cc(NS(C)(=O)=O)ccc1N=c1c2ccccc2[nH]c2c(Br)cccc12,6.09
COc1cc(NS(C)(=O)=O)ccc1N=c1c2ccccc2[nH]c2c(C(=O)N(C)C)cccc12,6.16
COc1cc(NS(C)(=O)=O)ccc1N=c1c2ccccc2[nH]c2c(C(=O)N3CCOCC3)cccc12,6.03
COc1cc(NS(C)(=O)=O)ccc1N=c1c2ccccc2[nH]c2c(C(=O)NCC(C)O)cccc12,6.2
COc1cc(NS(C)(=O)=O)ccc1N=c1c2ccccc2[nH]c2c(C(=O)NCC(N)=O)cccc12,6.18
COc1cc(NS(C)(=O)=O)ccc1N=c1c2ccccc2[nH]c2c(C(=O)NCC(O)CO)cccc12,6.34
COc1cc(NS(C)(=O)=O)ccc1N=c1c2ccccc2[nH]c2c(C(=O)NCCCCCCOS(C)(=O)=O)cccc12,6.35
COc1cc(NS(C)(=O)=O)ccc1N=c1c2ccccc2[nH]c2c(C(=O)NCCCO)cccc12,6.3
COc1cc(NS(C)(=O)=O)ccc1N=c1c2ccccc2[nH]c2c(C(=O)NCCO)cccc12,6.305
COc1cc(NS(C)(=O)=O)ccc1N=c1c2ccccc2[nH]c2c(C(N)=O)cccc12,6.37
COc1cc(NS(C)(=O)=O)ccc1N=c1c2ccccc2[nH]c2c(C)c(C)ccc12,7.65
COc1cc(NS(C)(=O)=O)ccc1N=c1c2ccccc2[nH]c2c(C)c(Cl)ccc12,6.71
COc1cc(NS(C)(=O)=O)ccc1N=c1c2ccccc2[nH]c2c(C)cccc12,7.39
COc1cc(NS(C)(=O)=O)ccc1N=c1c2ccccc2[nH]c2c(Cl)cccc12,6.11
COc1cc(NS(C)(=O)=O)ccc1N=c1c2ccccc2[nH]c2c(F)cccc12,6.33
COc1cc(NS(C)(=O)=O)ccc1N=c1c2ccccc2[nH]c2c(OC)cccc12,7.39
COc1cc(NS(C)(=O)=O)ccc1N=c1c2ccccc2[nH]c2c(OCC(O)CO)cccc12,7.15
COc1cc(NS(C)(=O)=O)ccc1N=c1c2ccccc2[nH]c2c(OCCCC(N)=O)cccc12,7.36
COc1cc(NS(C)(=O)=O)ccc1N=c1c2ccccc2[nH]c2c(OCCO)cccc12,7.36
COc1cc(NS(C)(=O)=O)ccc1N=c1c2ccccc2[nH]c2cc(Br)ccc12,6.84
COc1cc(NS(C)(=O)=O)ccc1N=c1c2ccccc2[nH]c2cc(C#N)ccc12,5.94
COc1cc(NS(C)(=O)=O)ccc1N=c1c2ccccc2[nH]c2cc(C(C)(C)C)ccc12,7.64
COc1cc(NS(C)(=O)=O)ccc1N=c1c2ccccc2[nH]c2cc(C(C)C)ccc12,7.66
COc1cc(NS(C)(=O)=O)ccc1N=c1c2ccccc2[nH]c2cc(C(F)(F)F)ccc12,6.24
COc1cc(NS(C)(=O)=O)ccc1N=c1c2ccccc2[nH]c2cc(C(N)=O)ccc12,6.66
COc1cc(NS(C)(=O)=O)ccc1N=c1c2ccccc2[nH]c2cc(C)ccc12,7.7
COc1cc(NS(C)(=O)=O)ccc1N=c1c2ccccc2[nH]c2cc(CCC(N)=O)ccc12,7.5
COc1cc(NS(C)(=O)=O)ccc1N=c1c2ccccc2[nH]c2cc(Cl)ccc12,6.84
COc1cc(NS(C)(=O)=O)ccc1N=c1c2ccccc2[nH]c2cc(F)ccc12,7.05
COc1cc(NS(C)(=O)=O)ccc1N=c1c2ccccc2[nH]c2cc(NC(C)=O)ccc12,7.63
COc1cc(NS(C)(=O)=O)ccc1N=c1c2ccccc2[nH]c2cc(OCC(O)CO)ccc12,7
COc1cc(NS(C)(=O)=O)ccc1N=c1c2ccccc2[nH]c2cc(OCCCC(N)=O)ccc12,7.36
COc1cc(NS(C)(=O)=O)ccc1N=c1c2ccccc2[nH]c2cc(OCCO)ccc12,7.36
COc1cc(NS(C)(=O)=O)ccc1N=c1c2ccccc2[nH]c2cc(S(C)(=O)=O)ccc12,5.87
COc1cc(NS(C)(=O)=O)ccc1N=c1c2ccccc2[nH]c2ccc(C(N)=O)cc12,6.59
COc1cc(NS(C)(=O)=O)ccc1N=c1c2ccccc2[nH]c2ccc(C)cc12,7.45
COc1cc(NS(C)(=O)=O)ccc1N=c1c2ccccc2[nH]c2ccc(Cl)cc12,6.69
COc1cc(NS(C)(=O)=O)ccc1N=c1c2ccccc2[nH]c2ccc(F)cc12,6.71
COc1cc(NS(C)(=O)=O)ccc1N=c1c2ccccc2[nH]c2cccc(C)c12,6.71
COc1cc(NS(C)(=O)=O)ccc1N=c1c2ccccc2[nH]c2ccccc12,7.43
COc1cc(OC)[nH]c(=NS(=O)(=O)c2ccc(N)cc2)n1,7.12
COc1cc(OC)c(-c2ccc(C#CCO)s2)cc1C(=O)NS(=O)(=O)c1ccccc1,4.8
COc1cc(OC)c(/C=C/S(=O)(=O)Cc2ccc(OC)c(=NS(C)(=O)=O)[nH]2)c(OC)c1,7.28
COc1cc(OC)c2c(c1Cl)O[C@]1(C(=O)CC(=O)C[C@@H]1C)C2=O,4.49
COc1cc(S(C)=O)ccc1-c1nc2nccnc2[nH]1,8.94
COc1ccc(-c2c(O)c2=O)cc1,2.33
COc1ccc(-c2cc(C(=O)O)[nH]n2)cc1,3.31
COc1ccc(-c2cc3c(C(=O)O)c[nH]c3cc2Cl)c(OC)n1,4.8
COc1ccc(-c2ccc(/C=C3/SC(=S)N(CC(=O)O)C3=O)o2)cc1,3.62
COc1ccc(-c2nc3nc(SC)nnc3[nH]2)c(OC)c1,7.69
COc1ccc(-c2nn[nH]n2)cc1,4.23
COc1ccc(-n2[nH]c(C)cc2=O)cc1,7.06
COc1ccc(/C=C/C(=O)O)cc1OC,4.55
COc1ccc(/C=C2/SC(=S)NC2=O)cc1,5.8
COc1ccc(/C=C\C(=O)O)cc1,4.03
COc1ccc(=NS(=O)(=O)c2ccc(N)cc2)[nH]n1,7.2
COc1ccc(C(=O)O)cc1-c1ccc(C#CCO)s1,4.2
COc1ccc(C(=O)c2ccc3n2CCC3C(=O)O)cc1,3.55
COc1ccc(C(=O)c2coc(S(N)(=O)=O)c2)cc1,9.5
COc1ccc(C(=O)c2csc(S(N)(=O)=O)c2)cc1,8.2
COc1ccc(C(=S)Nc2ccc(Br)cc2)cc1,10.95
COc1ccc(C(=S)Nc2ccc(Cl)c(Cl)c2)cc1,10.14
COc1ccc(C(=S)Nc2ccc(Cl)cc2)cc1,10.93
COc1ccc(C(=S)Nc2ccccc2)cc1,11.27
COc1ccc(C)c(C(=O)O)c1,3.84
COc1ccc(CC(C(C)=O)C(C)=O)cc1,10.57
COc1ccc(CC2=NC(=O)NC2=O)cc1,8.9
COc1ccc(Cc2cc(=O)c3ccc(O)cc3o2)cc1,7.35
COc1ccc(Cl)c(Nc2ccccc2CC(=O)O)c1Cl,3.95
COc1ccc(Cl)cc1C(=O)NCCc1ccc(S(=O)(=O)NC(=O)NC2CCCCC2)cc1,5.3
COc1ccc(Cl)cc1S(=O)(=O)NC(=O)NC(C)C,5.65
COc1ccc(Cl)cc1S(=O)(=O)NC(=O)Nc1ccccc1,4.5
COc1ccc(Cl)cc1S(=O)(=O)NC(=S)NC(C)C,5.74
COc1ccc(Cn2cc(-c3nn[nH]n3)c(=O)c3c(F)ccc(F)c32)cc1,5.4
COc1ccc(Cn2cc(C(=O)NC(C)=O)c(=O)c3c(F)ccc(F)c32)cc1,8
COc1ccc(Cn2cc(C(=O)NS(C)(=O)=O)c(=O)c3c(F)ccc(F)c32)cc1,4.5
COc1ccc(Cn2cc(C(=O)O)c(=O)c3c(F)ccc(F)c32)cc1,6
COc1ccc(F)cc1S(=O)(=O)NC(=O)NC(C)C,5.52
COc1ccc(N(Cc2nn[nH]n2)Cc2ccc(Cl)cc2Cl)cc1,4.29
COc1ccc(N(Cc2nn[nH]n2)Cc2ccc(F)cc2F)cc1,4.31
COc1ccc(NC(=O)C(C#N)=NO)cc1,5.08
COc1ccc(NC(=O)c2cccc(S(=O)(=O)N3CCOCC3)c2)c(C(=O)O)c1,3.12
COc1ccc(NC(=O)c2cn(C)c(O)c2O)cc1,5.84
COc1ccc(NC(=S)c2ccc(Cl)cc2)cc1,11.26
COc1ccc(NC(=S)c2cccc(Br)c2)cc1,10.99
COc1ccc(NC(=S)c2ccccc2)cc1,11.36
COc1ccc(NC(C)=S)cc1,11.96
COc1ccc(NC=S)cc1,11.74
COc1ccc(NS(=O)(=O)c2ccccc2)cc1,8.88
COc1ccc(O)c(Br)c1,8.62
COc1ccc(O)c(C=NNC(=S)Cc2ccccc2)c1,6.6
COc1ccc(O)cc1Br,9.09
COc1ccc(OC(=O)Nc2cc(Cl)ccc2O)cc1,10.21
COc1ccc(S(=O)(=O)NCc2ccccc2)cc1,11.53
COc1ccc(S(=O)(=O)Nc2ccc(C)cc2)cc1,9.8
COc1ccc(S(=O)(=O)Nc2ccc(Cl)cc2)cc1,9.19
COc1ccc(S(=O)(=O)Nc2ccc(F)cc2)cc1,9.32
COc1ccc(S(=O)(=O)c2ccc(F)cc2)c(Cc2c3c(n(CC(=O)O)c2C)CCNC3=O)c1,3.1
COc1ccc(S(=O)(=O)c2coc(S(N)(=O)=O)c2)cc1,6.32
COc1ccc(S(=O)(=O)c2csc(S(N)(=O)=O)c2)cc1,8.78
COc1ccc([C@H]2CC2C(=O)O)cc1,4.62
COc1ccc2[nH]c3cc(Cl)ccc3c(=Nc3ccc(NS(C)(=O)=O)cc3OC)c2c1,6.52
COc1ccc2[nH]c3ccccc3c(=Nc3ccc(NS(C)(=O)=O)cc3OC)c2c1,7.1
COc1ccc2c(=Nc3ccc(NS(C)(=O)=O)cc3OC)c3ccccc3[nH]c2c1,7.705
COc1ccc2c(c1)C(=O)N(CCc1ccc(S(=O)(=O)NC(=O)NC3CCCCC3)cc1)C(=O)C2(C)C,5
COc1ccc2c(c1)c(-c1ccc(=O)n(Cc3ccccc3)n1)c(C)n2CC(=O)O,4.07
COc1ccc2c(c1)c(CC(=O)O)c(C)n2C(=O)c1ccc(Cl)cc1,4.415
COc1ccc2cc(C(C)C(=O)O)ccc2c1,4.207
COc1ccc2cc(O)ccc2c1,9.64
COc1ccc2ccc(S(=O)(=O)NC(CCCN=c3cccc[nH]3)C(=O)N3CCC(C)CC3)cc2c1,6.9
COc1ccc2ccc(S(=O)(=O)NC3CCN(Cc4ccc5[nH]c(=N)ccc5c4)C3=O)cc2c1,7.3
COc1ccc2ccc(S(=O)(=O)NC3CCN(Cc4ccc5cc[nH]c(=N)c5c4)C3=O)cc2c1,7.6
COc1ccc2ccc(S(=O)(=O)NC3CCN(Cc4ccc5ccc(=N)[nH]c5c4)C3=O)cc2c1,7.3
COc1cccc(-c2nn[nH]n2)c1,3.91
COc1cccc(C(=O)O)c1C,3.72
COc1cccc(NS(=O)(=O)c2ccccc2)c1,7.95
COc1cccc(OC)c1-c1nc2cccnc2[nH]1,11.26
COc1cccc(OC)c1O,10.09
COc1cccc(S(=O)(=O)NC(=O)c2cc(-c3ccc(C#CCO)s3)c(Cl)cc2OC)c1,3.8
COc1cccc(S(=O)(=O)NC(=O)c2cc(-c3ccc(C#CCO)s3)c(OC)cc2OC)c1,4.7
COc1cccc2c1-c1c(O)cccc1-2,9.15
COc1cccc2c1c(=NS(=O)(=O)c1ccc(C)c(F)c1)[nH]n2Cc1cccc(CNC(=O)C(C)(C)O)c1,7.26
COc1cccc2c1c(=NS(=O)(=O)c1ccc(Cl)c(Cl)c1)[nH]n2Cc1cccc(CNC(=O)C(C)(C)O)c1,6.76
COc1cccc2c1c(=NS(=O)(=O)c1ccc(Cl)s1)[nH]n2Cc1cccc(CNC(=O)C(C)(C)O)c1,6.54
COc1cccc2c1c(=NS(=O)(=O)c1ccc(Cl)s1)[nH]n2Cc1cccc(CNC(C)=O)c1,6.6
COc1cccc2c1c(=NS(=O)(=O)c1cccc(Cl)c1)[nH]n2Cc1cccc(CNC(=O)C(C)(C)O)c1,7.06
COc1cccc2c1c(=NS(=O)(=O)c1cccc(Cl)c1Cl)[nH]n2Cc1cccc(CNC(=O)C(C)(C)O)c1,6.82
COc1ccccc1-c1c[nH]nn1,8.99
COc1ccccc1-c1ccccc1O,10.4
COc1ccccc1/C=C\C(=O)O,4.27
COc1ccccc1N=c1c2ccccc2[nH]c2ccc(C(C)C)c(NS(C)(=O)=O)c12,7.4
COc1ccccc1NC(=O)c1cn(-c2ccccc2)c(O)c1O,6.19
COc1ccccc1NC(=O)c1cn(C)c(O)c1O,6.08
COc1nc(-n2[nH]c(C)cc2=O)nc(C)c1C,7.64
CS(=O)(=O)NC(=O)CCc1ccccc1,4.94
CS(=O)(=O)NC(=O)NCc1ccccc1,5.04
CS(=O)(=O)NC(=O)Nc1ccc(C(F)(F)F)cc1,4.2
CS(=O)(=O)NC(=O)c1ccc(C(F)(F)F)cc1,3.2
CS(=O)(=O)NCc1ccccc1N=c1c2ccccc2[nH]c2ccccc12,7.17
CS(=O)(=O)Nc1ccc(C(F)(F)F)cc1,8
CS(=O)(=O)Nc1ccc(N=c2c3ccccc3[nH]c3ccccc23)c(Cl)c1,6.34
CS(=O)(=O)Nc1ccccc1N=c1c2ccccc2[nH]c2ccccc12,6.86
CS(=O)(=O)Nn1c(=O)[nH]c2cc(Cl)ccc2c1=O,6.9
CS(=O)(=O)c1ccc(S(=O)(=O)NCc2ccccc2)cc1,10.25
CS(=O)c1ccc(O)cc1,8.28
CS(=O)c1cccc(O)c1,8.75
CSC(=O)C1c2ccccc2-c2ccccc21,10.51
CSC(=S)N(C)CC(=O)O,2.98
CSCC(=O)C=NO,8.16
C[C@@H]1CC1C(=O)O,5.03
C[C@@H]1CCCC(C(=O)O)C1,4.88
C[C@@H]1CCCCC1C(=O)O,5.04
C[C@@]1(C2CCCC2)Cc2cc(OCC(=O)O)c(Cl)c(Cl)c2C1=O,3.9
C[C@@]1(C2CCCC2)Cc2cc(OCCCC(=O)O)c(Cl)c(Cl)c2C1=O,5.7
C[C@H](C1CC1C(=O)O)[C@H]1CC[C@H]2[C@@H]3[C@@H](O)C[C@@H]4C[C@H](O)CC[C@]4(C)[C@H]3CC[C@]12C,5.01
C[C@H](c1ccccc1)N(CC(=O)O)S(=O)(=O)c1ccc(OC(F)F)cc1,3.4
C[C@H]1CCCCC1C(=O)O,4.74
C[C@@H]1CC[C@H](C)C1C(=O)O,5.045
C[C@H]1CC[C@H](C)C1C(=O)O,4.74
C[C@]1(C2CCCC2)Cc2cc(OCC(=O)O)c(Cl)c(Cl)c2C1=O,3.9
C[C@]1(C2CCCC2)Cc2cc(OCCCC(=O)O)c(Cl)c(Cl)c2C1=O,5.7
C[C@]12CC(C(=O)O)OC(=O)C1CC[C@@]1(C)[C@@H]2[C@H]2CCC1(O)C(=O)O2,3.5
C[C@]12CC[C@@H]3c4ccc(O)cc4CC[C@H]3[C@@H]1C[C@@H](O)[C@@H]2O,10.8
Cc1[nH][nH]c(=O)c1-c1ccccc1,11.4
Cc1[nH]c(=NS(=O)(=O)c2ccc(N)cc2)sc1C,6.97
Cc1[nH]c(C(=O)NC2CCN(c3ncc(C(=O)O)s3)CC2)c(Cl)c1Cl,3.4
Cc1[nH]c(CO)c(-c2ccc(Oc3ccc(OC(F)(F)F)cc3)cc2)c(=O)c1Cl,9.73
Cc1[nH]c2ccccc2c1C(=O)O,5.89
Cc1[nH]c2ccccc2c1CC(=O)O,4.67
Cc1[nH]n(-c2ccccc2)c(=O)c1C,11.3
Cc1[nH]n(C)c(=O)c1Cc1ccccc1,10.9
Cc1[nH]nnc1-c1ccccc1,9.11
Cc1c(-c2ccc(=O)n(Cc3ccccc3)n2)c2cc(Br)ccc2n1CC(=O)O,4.03
Cc1c(-c2ccc(=O)n(Cc3ccccc3)n2)c2cc(Cl)cc(Cl)c2n1CC(=O)O,3.88
Cc1c(-c2ccc(=O)n(Cc3ccccc3)n2)c2cc(Cl)cc(F)c2n1CC(=O)O,3.86
Cc1c(-c2ccc(=O)n(Cc3ccccc3)n2)c2cc(Cl)ccc2n1CC(=O)O,4.03
Cc1c(-c2ccc(=O)n(Cc3ccccc3)n2)c2cc(F)cc(Cl)c2n1CC(=O)O,3.86
Cc1c(-c2ccc(=O)n(Cc3ccccc3)n2)c2cc(F)cc(F)c2n1CC(=O)O,3.85
Cc1c(-c2ccc(=O)n(Cc3ccccc3)n2)c2cc(F)cc(S(C)(=O)=O)c2n1CC(=O)O,3.83
Cc1c(-c2ccc(=O)n(Cc3ccccc3)n2)c2cc(F)ccc2n1CC(=O)O,4.02
Cc1c(-c2ccc(=O)n(Cc3ccccc3)n2)c2cc(S(C)(=O)=O)cc(F)c2n1CC(=O)O,3.83
Cc1c(-c2ccc(=O)n(Cc3ccccc3)n2)c2cc(S(C)(=O)=O)ccc2n1CC(=O)O,4
Cc1c(-c2ccc(=O)n(Cc3ccccc3)n2)c2cccc(Br)c2n1CC(=O)O,3.98
Cc1c(-c2ccc(=O)n(Cc3ccccc3)n2)c2ccccc2n1CC(=O)O,4.15
Cc1c(-c2ccccc2)[nH][nH]c1=O,7.6
Cc1c(-c2ccccc2)[nH]n(-c2ccccc2)c1=O,7.8
Cc1c(Br)cccc1C(=O)O,3.36
Cc1c(C(=O)O)[nH]c2ccccc12,4.33
Cc1c(Cc2ccccc2C(O)c2ccccc2)c2c(n1CC(=O)O)CCNC2=O,3.1
Cc1c(Cc2ccccc2S(=O)(=O)c2cccc(Cl)c2)c2c(n1CC(=O)O)CCNC2=O,3.1
Cc1c(Cc2ccccc2S(=O)(=O)c2ccccc2)c2c(n1CC(=O)O)CC(C)(C)NC2=O,3
Cc1c(Cc2ccccc2S(=O)(=O)c2ccccc2)c2c(n1CC(=O)O)CCN(C(C)C)C2=O,2.9
Cc1c(Cc2ccccc2S(=O)(=O)c2ccccc2)c2c(n1CC(=O)O)CCN(C)C2=O,2.9
Cc1c(Cc2ccccc2S(=O)(=O)c2ccccc2)c2c(n1CC(=O)O)CCN(Cc1ccccc1)C2=O,3.3
Cc1c(Cc2ccccc2S(=O)(=O)c2ccccc2)c2c(n1CC(=O)O)CCNC2=O,3
Cc1c(Cl)cccc1C(=O)O,3.43
Cc1c(Cl)cccc1Nc1ccccc1CC(=O)O,4.3
Cc1c(I)cccc1C(=O)O,3.26
Cc1c[nH]c(=NS(=O)(=O)c2ccc(N)cc2)nc1C,6
Cc1cc(=NS(=O)(=O)c2ccc(N)cc2)[nH]o1,5.925
Cc1cc(=O)[nH][nH]1,10.9
Cc1cc(=O)c(O)ccc1Br,6.6
Cc1cc(=O)cc(O)o1,5
Cc1cc(=O)n(-c2ccccc2)[nH]1,9.1
Cc1cc(=O)n2[nH]cnc2n1,6.19
Cc1cc(=O)oc2c(F)c(O)c(F)c(F)c12,4.2
Cc1cc(=O)oc2c(F)c(O)c(F)cc12,4.7
Cc1cc(=O)oc2c(F)c(O)ccc12,6.4
Cc1cc(=O)oc2cc(O)c(Cl)cc12,6.1
Cc1cc(=O)oc2cc(O)c(F)cc12,6.4
Cc1cc(=O)oc2cc(O)cc(F)c12,5.9
Cc1cc(=O)oc2cc(OS(N)(=O)=O)ccc12,8
Cc1cc(=O)oc2cc(O[C@@H]3OC(C(=O)O)[C@@H](O)[C@H](O)[C@H]3O)ccc12,2.82
Cc1cc(Br)ccc1C(=O)O,3.77
Cc1cc(C(=O)Nc2ccc(-c3ccccc3S(N)(=O)=O)cc2)n(-c2ccc(=N)[nH]c2)n1,7
Cc1cc(C(=O)Nc2ccc(-c3ccccc3S(N)(=O)=O)cc2)n(-c2ccc3cc[nH]c(=N)c3c2)n1,6.7
Cc1cc(C(=O)O)c(C)o1,4.64
Cc1cc(C(C)(C)C)cc(C)c1C(=O)O,3.44
Cc1cc(C(F)(F)F)ccc1-c1cccc2cc(S(=O)(=O)N=c3[nH]cns3)ccc12,3.6
Cc1cc(C)[nH]c(=N)n1,4.93
Cc1cc(C)[nH]c(=NS(=O)(=O)c2ccc(N)cc2)n1,7.55
Cc1cc(C)c(C(C(=O)O)c2ccccc2)c(C)c1,4
Cc1cc(C)c(C)c(Nc2ccccc2CC(=O)O)c1C,4.2
Cc1cc(C)c(N=Nc2c(C)cc(O)cc2C)c(C)c1,9.1
Cc1cc(C)cc(N=C2C(=O)c3ccccc3C(=O)C2NS(=O)(=O)c2c(F)cccc2F)c1,8.4
Cc1cc(C)cc(N=C2C(=O)c3ccccc3C(=O)C2NS(=O)(=O)c2ccc(F)cc2)c1,9.9
Cc1cc(C)cc(N=C2C(=O)c3ccccc3C(=O)C2NS(=O)(=O)c2ccccc2)c1,9.2
Cc1cc(C)cc(N=C2C(=O)c3ccccc3C(=O)C2NS(=O)(=O)c2ccco2)c1,8.3
Cc1cc(C)cc(N=C2C(=O)c3ccccc3C(=O)C2NS(C)(=O)=O)c1,9.5
Cc1cc(C=O)c(O)c(C=O)c1,6.2
Cc1cc(CC(=O)O)n(C)c1C(=O)c1ccc(Cl)cc1,4.7
Cc1cc(Cl)ccc1C(=O)O,3.75
Cc1cc(F)ccc1-c1c(Oc2ccc(/C=C/C(=O)O)cc2)c2ccccc2oc1=O,5.3
Cc1cc(I)c(O)c(I)c1,6
Cc1cc(I)ccc1C(=O)O,3.79
Cc1cc(N)ccc1S(=O)(=O)N=c1[nH]ccs1,7.3
Cc1cc(O)ccc1N=Nc1ccc2c(c1)Cc1ccccc1-2,10.3
Cc1cc(OC(F)(F)F)ccc1-c1c(Oc2ccc(/C=C/C(=O)O)cc2)c2ccccc2oc1=O,3.7
Cc1cc(S(=O)(=O)N(CCO)CCO)cc(C)c1O,8.25
Cc1cc(S(=O)(=O)N=c2[nH]ccs2)ccc1N,7
Cc1cc[nH]c(=N)n1,4.2
Cc1cc[nH]c(=NS(=O)(=O)c2ccc(Cl)cc2)n1,5.37
Cc1cc[nH]c(=NS(=O)(=O)c2ccc(N)cc2)n1,6.785
Cc1ccc(-c2cccc(-c3nn[nH]n3)c2)cc1,4.1
Cc1ccc(-c2cccc(C(=O)O)c2)cc1,4
Cc1ccc(-c2nc3cccc(C(C)C(=O)O)c3o2)cc1,6.2
Cc1ccc(Br)c(=O)c(O)c1,6.3
Cc1ccc(Br)cc1C(=O)O,3.58
Cc1ccc(C(=O)/C=C/C(=O)O)cc1,3.44
Cc1ccc(C(=O)O)o1,3.42
Cc1ccc(C(=O)c2ccc(CC(=O)O)n2C)cc1,3.5
Cc1ccc(C(=O)c2ccc3n2CCC3C(=O)O)cc1,3.44
Cc1ccc(C(=O)c2csc(S(N)(=O)=O)c2)cc1,9.3
Cc1ccc(C(=S)Nc2ccc(Br)cc2)cc1,10.81
Cc1ccc(C(=S)Nc2ccc(Cl)c(Cl)c2)cc1,10.18
Cc1ccc(C(=S)Nc2ccc(Cl)cc2)cc1,10.8
Cc1ccc(C(=S)Nc2cccc(F)c2)cc1,10.63
Cc1ccc(C(C)C(=O)O)cc2c(C)ccc1-2,4.14
Cc1ccc(C)c(NN=C(C#N)C#N)c1,6.75
Cc1ccc(C)c(OCCCC(C)(C)C(=O)O)c1,4.8
Cc1ccc(I)cc1C(=O)O,3.62
Cc1ccc(N(Cc2nn[nH]n2)Cc2ccc(Cl)cc2Cl)cc1,4.26
Cc1ccc(N(Cc2nn[nH]n2)Cc2ccc(F)cc2F)cc1,4.23
Cc1ccc(NC(=O)C(C#N)=NO)cc1,5.07
Cc1ccc(NC(=O)NC2N=C(c3ccccc3)c3ccccc3N(C)C2=O)cc1N(C)c1nn[nH]n1,5.7
Cc1ccc(NC(=O)c2cccc(S(=O)(=O)N3CCOCC3)c2)c(C(=O)O)c1,3.36
Cc1ccc(NC(=O)c2cn(C)c(O)c2O)cc1,5.79
Cc1ccc(NC(=S)c2ccc(Cl)cc2)cc1,11.18
Cc1ccc(NC(=S)c2cccc(Br)c2)cc1,10.89
Cc1ccc(NC=S)cc1,11.64
Cc1ccc(NN=C(C#N)C#N)cc1,6.75
Cc1ccc(NS(=O)(=O)c2ccc(C)cc2)cc1,9.65
Cc1ccc(NS(=O)(=O)c2ccc(Cl)cc2)cc1,8.78
Cc1ccc(NS(=O)(=O)c2ccc(F)cc2)cc1,9.23
Cc1ccc(OC(O)(CBr)c2ccccc2)cc1,11.23
Cc1ccc(S(=O)(=O)NC(=O)NN2CC3CCCC3C2)cc1,5.98
Cc1ccc(S(=O)(=O)NC(=O)OCc2ccccc2)cc1,4.21
Cc1ccc(S(=O)(=O)NCCC(=N)N(C)C)cc1,11.4
Cc1ccc(S(=O)(=O)NCCC(=N)N)cc1,10.8
Cc1ccc(S(=O)(=O)Nc2ccc(Cl)cc2)cc1,9.02
Cc1ccc(S(=O)(=O)Nc2ccc(F)cc2)cc1,9.2
Cc1ccc(S(=O)(=O)c2coc(S(N)(=O)=O)c2)cc1,8.67
Cc1ccc(S(=O)(=O)c2csc(S(N)(=O)=O)c2)cc1,8.95
Cc1ccc([C@H]2CC2C(=O)O)cc1,4.6
Cc1ccc2[nH]c(C(F)(F)F)nc(=O)c2c1,5.9
Cc1ccc2[nH]c(C(F)F)nc(=O)c2c1,7.2
Cc1ccc2[nH]c(CF)nc(=O)c2c1,8.5
Cc1ccc2[nH]nnc2c1,8.9
Cc1ccc2c(c1)c(-c1ccc(=O)n(Cc3ccccc3)n1)c(C)n2CC(=O)O,4.16
Cc1ccc2c(c1O)-c1c-2ccc(C)c1O,9.755
Cc1ccc2ccc(O)cc2c1,9.52
Cc1cccc(-c2nn[nH]n2)c1,4.15
Cc1cccc(Br)c1C(=O)O,2.71
Cc1cccc(C(=O)c2ccc3n2CCC3C(=O)O)c1,3.44
Cc1cccc(C(C)C)c1O,10.85
Cc1cccc(C(O)C(C(=O)O)c2ccc(-c3ccccc3)cc2)c1,4.17
Cc1cccc(C)c1NC(=S)c1ccccc1,10.79
Cc1cccc(C)c1NN=C(C#N)C#N,6.6
Cc1cccc(C)c1Nc1ccccc1CC(=O)O,4.07
Cc1cccc(Cl)c1Nc1ccccc1CC(=O)O,4.2
Cc1cccc(Cl)c1O,8.7
Cc1cccc(I)c1C(=O)O,2.7
Cc1cccc(NC=S)c1,11.55
Cc1cccc(NS(=O)(=O)c2ccccc2)c1,8.48
Cc1cccc(Nc2ccccc2C(=O)O)c1C,4.2
Cc1cccc(OC(O)(CBr)c2ccccc2)c1,11.21
Cc1cccc2ccc(O)cc12,9.42
Cc1cccc2oc(=O)cc(O)c12,4.2
Cc1ccccc1-c1nn[nH]n1,4.09
Cc1ccccc1C(=O)c1ccc2n1CCC2C(=O)O,3.44
Cc1ccccc1C=CC(=O)O,4.5
Cc1ccccc1N1C(=O)c2cc(S(N)(=O)=O)c(Cl)cc2NC1C,9.72
Cc1ccccc1NC(=S)c1ccccc1,10.21
Cc1ccccc1NN=C(C#N)C#N,6.9
Cc1ccccc1OC(C)C(=O)O,3.37
Cc1cn([C@@H]2C[C@@H](O)[C@H](CO)O2)c(=O)[nH]c1=S,8.8
Cc1cn([C@H]2C[C@H](O)[C@@H](CO)O2)c(=O)[nH]c1=O,9.8
Cc1cnc(-c2ccccc2)c(O)n1,9.3
Cc1coc(C)c1C(=O)O,4.55
Cc1csc(=NS(=O)(=O)c2ccc(N)cc2)[nH]1,7.12
Cc1csc(S(N)(=O)=O)n1,8.35
Cc1n[nH]c(=NS(=O)(=O)c2ccc(N)cc2)s1,4.29
Cc1n[nH]c(=O)[nH]1,9.43
Cc1nc(-c2ccccc2)oc1O,8.94
Cc1nc(=NS(=O)(=O)c2ccc(N)cc2)[nH]o1,4.4
Cc1nc(=S)s[nH]1,5.18
Cc1nn(-c2ccccc2)cc1C(=O)O,4.58
Cc1nnc(C)n1O,6.5
Cc1nnc(C=NO)s1,8.4
Cc1noc(C=NO)n1,8.105
Cc1nonc1C=NO,9.15
Cc1nsc(C=NO)n1,6.97
Cc1nsnc1C=NO,9.61
Cc1oc2ccccc2c(=O)c1C(=O)c1cc(I)c(O)c(I)c1,4.89
Cc1oc2ccccc2c(=O)c1C(=O)c1ccc(O)cc1,7.74
Cc1oc2ccccc2c1C(=O)c1cc(I)c(O)c(I)c1,5.2
Cc1oc2ccccc2c1C(=O)c1ccc(O)cc1,8.4
Cc1oc2ccccc2c1C(=O)c1cccc(O)c1,8.4
Cc1onc(-c2c(Cl)cccc2Cl)c1C(=O)NC1C(=O)N2C(C(=O)O)C(C)(C)S[C@H]12,2.8
Cc1onc(-c2ccccc2)c1C(=O)NC1C(=O)N2C(C(=O)O)C(C)(C)S[C@H]12,2.8
Clc1c(Cl)c(Cl)c2[nH]nnc2c1Cl,4.52
Clc1cc(-c2c[nH]nn2)ccn1,7.6
Clc1ccc(-c2c[nH]nn2)cc1,8.46
Clc1ccc(CN(Cc2nn[nH]n2)c2ccccc2)c(Cl)c1,4.54
Clc1ccc(CN(Cc2nn[nH]n2)c2ccccc2)cc1,4.38
Clc1ccc(CN(Cc2nn[nH]n2)c2ccccc2)cc1Cl,4.49
Clc1ccc(Cl)c(-c2c[nH]nn2)c1,8.17
Clc1ccc2[nH]nnc2c1,7.7
Clc1cccc(-c2c[nH]nn2)c1,8.32
Clc1cccc(-c2c[nH]nn2)c1Cl,8.06
Clc1cccc(-c2nn[nH]n2)c1,3.61
Clc1ccccc1-c1c[nH]nn1,8.5
Clc1ccccc1-c1nn[nH]n1,3.69
Clc1ccccc1CN(Cc1nn[nH]n1)c1ccccc1,4.34
Clc1ncnc2[nH]cnc12,7.75
Cn1[nH]c(=NN=O)nc1Cl,5.17
Cn1[nH]c(Cl)nc1=NN=O,4.03
Cn1c(=O)[nH]c2[nH]cnc2c1=O,9.89
Cn1c(=O)c2[nH]cnc2n(C)c1=O,7.71
Cn1c(=O)c2c(ncn2CC(=O)O)n(C)c1=O,4.48
Cn1c(=O)c2c[nH]nc2n(C)c1=O,9.26
Cn1c(=O)nc2sc(S(N)(=O)=O)nn2c1=O,7.3
Cn1cc(C(=O)Nc2ccc(Cl)cc2)c(O)c1O,5.51
Cn1cc(C(=O)Nc2ccc(F)cc2)c(O)c1O,5.55
Cn1cc(C(=O)Nc2ccccc2)c(O)c1O,5.86
Cn1cc(N)cc1C(=O)O,7
Cn1cnc2[nH]c(=N)[nH]c(=O)c21,8.43
Cn1cnc2[nH]c(=O)[nH]c(=O)c21,9.525
Cn1cnc2c(=O)[nH]c(=N)[nH]c21,9.92
Cn1cnc2c(=O)[nH]c(=O)[nH]c21,8.325
Cn1cnc2c(O)ncnc21,9.11
Cn1cnc2c1N=CNS2(=O)=O,4.45
Cn1nc(S(N)(=O)=O)s/c1=N\C(=O)C(F)(F)F,6.6
Cn1nccc1-c1cc(Cl)ccc1Oc1cc(F)c(S(=O)(=O)N=c2[nH]cns2)cc1F,3.5
Cn1nccc1-c1cc(Cl)ccc1Oc1cc(F)c(S(=O)(=O)N=c2[nH]ncs2)cc1Cl,4.5
Cn1nccc1-c1cc(Cl)ccc1Oc1ccc(S(=O)(=O)N=c2[nH]cns2)cc1C#N,3.5
Cn1nccc1-c1cc(Cl)ccc1Oc1ccc(S(=O)(=O)N=c2[nH]cns2)cc1F,3.5
Cn1nccc1-c1cc(Cl)ccc1Oc1ccc(S(=O)(=O)N=c2[nH]ncs2)cc1C#N,4.5
Cn1nnnc1Cc1ncc(Cl)cc1NS(=O)(=O)c1ccc(Cl)c(Cl)c1,4.7
FC(F)(F)c1cccc(NC=S)c1,10.78
FC(F)(F)c1ncnc2[nH]cnc12,7.35
Fc1cc(-c2c[nH]nn2)ccn1,7.59
Fc1ccc(CN(Cc2nn[nH]n2)c2ccccc2)c(F)c1,4.13
Fc1ccc(CN(Cc2nn[nH]n2)c2ccccc2)cc1,4.2
Fc1ccc(NC(=S)c2ccc(Cl)cc2)cc1,10.41
Fc1ccc(NC(=S)c2cccc(Br)c2)cc1,10.32
Fc1ccc(NC=S)cc1,11.25
Fc1cccc(-c2c[nH]nn2)c1,8.38
Fc1cccc(CN(Cc2nn[nH]n2)c2ccccc2)c1,4.19
Fc1cccc(NC(=S)c2ccc(Cl)cc2)c1,10.16
Fc1cccc(NC(=S)c2cccc(Br)c2)c1,10.01
Fc1cccc(NC=S)c1,10.89
Fc1ccccc1CN(Cc1nn[nH]n1)c1ccccc1,4.22
Fc1ccccc1N=c1[nH]c2nonc2[nH]c1=Nc1ccccc1F,7.56
Ic1ccc(-c2nn[nH]n2)cc1,3.88
Ic1nn[nH]n1,2.85
N#CC(=NO)C(=O)Nc1cc(C(F)(F)F)cc(C(F)(F)F)c1,4.73
N#CC(=NO)C(=O)Nc1cc(F)cc(F)c1,4.81
N#CC(=NO)C(=O)Nc1ccc(-c2ccccc2)cc1,5.03
N#CC(=NO)C(=O)Nc1ccc(C(F)(F)F)cc1,4.87
N#CC(=NO)C(=O)Nc1ccc(F)cc1,5.01
N#CC(=NO)C(=O)Nc1cccc(C(F)(F)F)c1,4.88
N#CC(=NO)C(=O)Nc1cccc(F)c1,4.92
N#CC(=NO)C(=O)Nc1ccccc1,5.12
N#CC(=NO)C(=O)Nc1ccccc1F,4.87
N#CC(=NO)C(N)=O,5.12
N#CC(=NO)c1ccc(Sc2cc(F)cc(C3CCOCC3)c2)cc1,6.2
N#CC(=Nc1ccc(C(=O)O)cc1)C(C#N)C#N,4.2
N#CC(C#N)=C(Br)C(C#N)C#N,2.6
N#CC(C#N)=C(c1ccccc1)C(C#N)C#N,2.3
N#CC(C#N)=NNc1c(Cl)cccc1Cl,4.7
N#CC(C#N)=NNc1ccc(CCCl)cc1,6.5
N#CC(C#N)=NNc1ccc(Cl)cc1,6.15
N#CC(C#N)=NNc1ccc(N=Nc2ccccc2)cc1,7.33
N#CC(C#N)=NNc1ccc(OC(F)(F)F)cc1,6
N#CC(C#N)=NNc1cccc(Cl)c1Cl,5.15
N#CC(C#N)=NNc1ccccc1,6.55
N#CC(C#N)=NNc1ccccc1Br,6.35
N#CC(C#N)=NNc1ccccc1C(F)(F)F,5
N#CC(C#N)=NNc1ccccc1Cl,5.84
N#CC(C#N)Cc1ccc(Cl)cc1,11.49
N#CC(C(=O)O)C1CCCCC1,2.37
N#CC(CCCCC(=O)O)c1ccccc1,4.75
N#CC(Cc1ccccc1)C(=O)O,2.24
N#CCCN(CCC#N)c1nn[nH]n1,4.85
N#CNS(=O)(=O)c1ccc(N)cc1,2.92
N#CSc1cc(C(=O)O)ccc1N,4.52
N#C[C@H]1CCCCC1C(=O)O,3.86
N#Cc1c(-c2nc3cc(Cl)ccc3o2)c(=O)oc2cc(O)ccc12,6
N#Cc1c(-c2nc3ccccc3o2)c(=O)oc2cc(O)ccc12,6.07
N#Cc1c(-c2nc3ccccc3s2)c(=O)oc2cc(O)ccc12,6.38
N#Cc1c(C2CC2)[nH]c(SCc2cccc(F)c2F)nc1=O,8.9
N#Cc1cc(C(F)(F)F)ccc1N1CCOc2cc(S(=O)(=O)N=c3[nH]ccs3)ccc21,7
N#Cc1cc(C(F)(F)F)ccc1N1CCOc2cc(S(=O)(=O)N=c3[nH]cns3)ccc21,3.8
N#Cc1cc(NS(=O)(=O)c2ccccc2C(F)(F)F)ccc1C(F)(F)F,5.1
N#Cc1cc(NS(=O)(=O)c2ccccc2C(F)(F)F)ccc1Cl,5.8
N#Cc1cc(S(=O)(=O)N=c2ccc(F)c[nH]2)ccc1Oc1ccc(CO)c(Cl)c1,5.7
N#Cc1cc2[nH]cc(C(=O)O)c2cc1-c1ccc(C2(O)CCC2)cc1,4.6
N#Cc1ccc(-c2nn[nH]n2)cc1,3.53
N#Cc1ccc(CC(C#N)C#N)cc1,10.96
N#Cc1ccc(NC(=O)c2ccc(S(=O)(=O)N3CCOCC3)cc2)c(C(=O)O)c1,2.56
N#Cc1ccc(NS(=O)(=O)c2ccccc2C(F)(F)F)cc1Cl,5.1
N#Cc1ccc(O[C@H]2OC(C(=O)O)[C@H](O)[C@@H](O)[C@@H]2O)cc1,3.22
N#Cc1ccc(Oc2ccc(S(=O)(=O)N=c3ccc(F)c[nH]3)cc2C#N)cc1Cl,5.8
N#Cc1ccc(S(=O)(=O)NCc2ccccc2)cc1,10.35
N#Cc1ccc(S(=O)(=O)Nc2cc3c(=O)[nH]ccc3cc2F)cc1,5.97
N#Cc1ccc(S(=O)(=O)Nc2ccc3cc[nH]c(=O)c3c2)cc1,6.93
N#Cc1cccc(-c2cccc(-c3nn[nH]n3)c2)c1,4
N#Cc1cccc(-c2nn[nH]n2)c1,3.45
N#Cc1cccc(S(N)(=O)=O)c1,8.84
N#Cc1ccccc1-c1nn[nH]n1,3.55
N#Cc1cn([C@@H]2O[C@H](CO)[C@@H](O)[C@@H]2O)c(=O)[nH]c1=O,6.8
N#Cc1cn([C@H]2C[C@H](O)[C@@H](CO)O2)c(=O)[nH]c1=O,6.8
N#Cc1ncnc2[nH]cnc12,6.88
N=c1[nH]c(=O)c2[nH]cnc2[nH]1,9.3
N=c1[nH]c(=O)c2ncn([C@@H]3C=C[C@H](CO)C3)c2[nH]1,9.68
N=c1[nH]c(=O)c2ncn([C@H]3O[C@@H](CO)[C@H](O)[C@@H]3O)c2[nH]1,9.41
N=c1[nH]cccc1O,9.5
N=c1[nH]ncc2ccccc12,6.6
N=c1cc2ccccc2n[nH]1,3.66
N=c1cc[nH][nH]1,4.11
N=c1cc[nH]nc1,6.69
N=c1ccc(C(=O)O)c[nH]1,6.2
N=c1cccn[nH]1,5.19
N=c1nc2ccccc2c[nH]1,4.8
NC(=O)C#CC#C/C=C/C(=O)O,3.52
NC(=O)C(=NO)c1ccccc1,9.825
NC(=O)C(CCC(=O)O)NC=O,4.3
NC(=O)C(CCCCC(=O)O)c1ccccc1,4.79
NC(=O)C(N)=S,11.5
NC(=O)CCCCCCCCC(O)=NO,9.49
NC(=O)N=c1[nH]cnc2[nH]cnc12,9.95
NC(=O)c1ccccc1C(=O)O,3.75
NN=Cc1ncnc2[nH]cnc12,9.2
NS(=O)(=O)C1=NN2CCS(=O)(=O)N=C2S1,6.7
NS(=O)(=O)CCc1ccccc1,10.04
NS(=O)(=O)Oc1ccc(C(=O)OC2CCCC2)cc1,8.73
NS(=O)(=O)Oc1ccc(C(=O)OC2CCCCC2)cc1,8.81
NS(=O)(=O)Oc1ccc(C(=O)OC2CCCCCC2)cc1,8.88
NS(=O)(=O)Oc1ccc2c3c(c(=O)oc2c1)CCCCC3,8.27
NS(=O)(=O)c1cc2c(s1)C(=O)CCS2(=O)=O,7.32
NS(=O)(=O)c1cc2c(s1)C(O)CCS2,9
NS(=O)(=O)c1cc2c(s1)C(O)CCS2(=O)=O,8.34
NS(=O)(=O)c1cc2c(s1)CC(O)CS2(=O)=O,8.52
NS(=O)(=O)c1cc2c(s1)S(=O)(=O)CC(O)C2,8.6
NS(=O)(=O)c1cc2c(s1)S(=O)(=O)CCC2,8.35
NS(=O)(=O)c1cc2c(s1)S(=O)(=O)CCC2=O,7.92
NS(=O)(=O)c1cc2c(s1)S(=O)(=O)CCC2O,8.275
NS(=O)(=O)c1cc2c(s1)S(=O)(=O)CC[C@@H]2O,8.3
NS(=O)(=O)c1cc2c(s1)S(=O)(=O)CC[C@H]2O,8.35
NS(=O)(=O)c1cc2c(s1)SC(CCO)CN2,9.62
NS(=O)(=O)c1cc2c(s1)SCCC2O,9.4
NS(=O)(=O)c1ccc(C(F)(F)F)cc1,9.4
NS(=O)(=O)c1ccc(CCCCCO)cc1,10.28
NS(=O)(=O)c1ccc(CCCCO)cc1,10.32
NS(=O)(=O)c1ccc(CCCO)cc1,10.23
NS(=O)(=O)c1ccc(S(=O)(=O)CCCCO)c(F)c1,9.18
NS(=O)(=O)c1ccc(S(=O)(=O)CCCCO)cc1,9.6
NS(=O)(=O)c1ccc(S(=O)(=O)CCCO)c(F)c1,9.02
NS(=O)(=O)c1ccc(S(=O)(=O)CCCO)cc1,8.98
NS(=O)(=O)c1ccc(S(=O)(=O)CCO)c(F)c1,9
NS(=O)(=O)c1ccc(S(=O)(=O)CCO)cc1,9.38
NS(=O)(=O)c1ccc(SCCCCCO)cc1,9.25
NS(=O)(=O)c1ccc(SCCCCO)c(F)c1,9.82
NS(=O)(=O)c1ccc(SCCCCO)cc1,10.17
NS(=O)(=O)c1ccc(SCCCCO)s1,9.5
NS(=O)(=O)c1ccc(SCCCO)c(Cl)c1,9.45
NS(=O)(=O)c1ccc(SCCCO)c(F)c1,9.64
NS(=O)(=O)c1ccc(SCCCO)cc1,10.23
NS(=O)(=O)c1ccc(SCCCO)s1,9.32
NS(=O)(=O)c1ccc(SCCO)c(F)c1,9.76
NS(=O)(=O)c1ccc(SCCO)cc1,9.27
NS(=O)(=O)c1ccc(SCCO)s1,9.46
NS(=O)(=O)c1nccs1,8.25
NS(=O)(=O)c1nn2c(=O)n(CCCl)c(=O)nc2s1,7.1
NS(=O)(=O)c1nn2cc(-c3ccccc3)nc2s1,7.12
Nc1c(CC(=O)O)cccc1C(=O)c1ccc(Br)cc1,4.3
Nc1cc(O)[nH]c1O,9
Nc1cc(S(N)(=O)=O)ccc1S(=O)(=O)CCCO,9.15
Nc1cc(S(N)(=O)=O)ccc1S(=O)(=O)CCO,9.5
Nc1ccc(C(=O)O)cc1I,4.34
Nc1ccc(S(=O)(=O)N=c2[nH]cccc2O)cc1,7.6
Nc1ccc(S(=O)(=O)N=c2[nH]cco2)cc1,6.5
Nc1ccc(S(=O)(=O)N=c2[nH]ccs2)c(Cl)c1,6.95
Nc1ccc(S(=O)(=O)N=c2[nH]ccs2)cc1,7.243333
Nc1ccc(S(=O)(=O)N=c2[nH]ccs2)cc1N=Nc1ccccc1,5.85
Nc1ccc(S(=O)(=O)N=c2[nH]ncs2)cc1,3.46
Nc1ccc(S(=O)(=O)N=c2ccc(N)c[nH]2)cc1,8.47
Nc1ccc(S(=O)(=O)N=c2ccc(O)c[nH]2)cc1,7.5
Nc1ccc(S(=O)(=O)N=c2cccc[nH]2)cc1,8.535
Nc1ccc(S(=O)(=O)N=c2cccn[nH]2)cc1,7.06
Nc1ccc(S(=O)(=O)N=c2cncc[nH]2)cc1,6.04
Nc1ccc(S(=O)(=O)N=c2nccc[nH]2)cc1,6.442
Nc1ccc(S(=O)(=O)c2ccc(C(=O)O)cc2)cc1,3.6
Nc1cccnc1C(=O)O,7.18
O=C(C(=NO)c1ccccc1)c1ccccc1,9.4
O=C(C=NO)CCl,7.9
O=C(C=NO)c1ccccc1,8.31
O=C(CC(=O)c1ccccc1)Nc1ccccc1,9.54
O=C(CC1c2ccccc2-c2ccccc21)NC(Cc1cc2ccc(F)cc2[nH]1)C(=O)O,3.9
O=C(CCc1c(Cl)cccc1Cl)NC(Cc1cc2ccc(F)cc2[nH]1)C(=O)O,3.9
O=C(CCl)N=c1[nH]nc(-c2ccccc2)s1,6.9
O=C(CNC(=O)c1[nH]ccc(=O)c1O)NCc1ccccc1,6.2
O=C(Cc1cccc2ccccc12)NC(Cc1cc2ccc(F)cc2[nH]1)C(=O)O,3.91
O=C(N=c1[nH]nc(-c2ccccc2)s1)c1ccccc1,6.8
O=C(NC(Cc1cc2ccc(F)cc2[nH]1)C(=O)O)c1ccc2ccccc2c1,3.92
O=C(NC(Cc1ccc(C#CCCN=c2cccc[nH]2)cc1)C(=O)O)c1c(Cl)cccc1Cl,6.7
O=C(NC(Cc1ccc(CCCCN=c2cccc[nH]2)cc1)C(=O)O)c1c(Cl)cccc1Cl,7.2
O=C(NC(Cc1ccccc1)C(=O)NCc1ccccc1)c1[nH]ccc(=O)c1O,6
O=C(Nc1cc(Cl)ccc1O)OCC(Cl)Cl,10.4
O=C(Nc1cc(Cl)ccc1O)Oc1cccc(C(F)(F)F)c1,8.97
O=C(Nc1cc(Cl)ccc1O)Oc1cccc(Cl)c1,9.02
O=C(Nc1cc(Cl)ccc1O)Oc1ccccc1,10
O=C(Nc1ccc(Br)cc1C(=O)O)c1cccc(S(=O)(=O)N2CCOCC2)c1,2.79
O=C(Nc1ccc(Cl)cc1C(=O)O)c1cccc(S(=O)(=O)N2CCOCC2)c1,2.81
O=C(Nc1ccc(F)cc1C(=O)O)c1cccc(S(=O)(=O)N2CCOCC2)c1,2.92
O=C(Nc1ccccc1)c1cn(-c2ccccc2)c(O)c1O,5.58
O=C(Nc1ccccc1C(=O)O)c1cccc(S(=O)(=O)N2CCOCC2)c1,3.18
O=C(Nc1ccccc1C(F)(F)F)c1cn(-c2ccccc2)c(O)c1O,5.87
O=C(O)/C(I)=C/c1ccccc1,3.3
O=C(O)/C(I)=C\c1ccccc1,2.24
O=C(O)/C=C(\I)c1ccccc1,3.4
O=C(O)/C=C/C(=O)c1ccccc1,3.34
O=C(O)/C=C/SC1CCCCC1,4.7
O=C(O)/C=C/c1ccc2c(c1)OCO2,4.6
O=C(O)/C=C/c1cccc(C(F)(F)F)c1,4.6
O=C(O)/C=C\SC1CCCCC1,4.95
O=C(O)C#CSc1ccccc1,2.11
O=C(O)C(=O)C(c1ccccc1)c1ccccc1,2.78
O=C(O)C(=O)Cc1ccccc1,2.68
O=C(O)C(O)c1ccccc1,4.38
O=C(O)C(c1ccc(-c2ccccc2)cc1)C(O)C1CCCCC1,4.19
O=C(O)C(c1ccc(-c2ccccc2)cc1)C(O)c1ccccc1,4.25
O=C(O)C(c1ccc(-c2ccccc2)cc1)C1(O)CCCC1,3.65
O=C(O)C1(O)c2ccccc2-c2ccccc21,2.92
O=C(O)C1=C/C=C\C=C/C=C\1,4.4
O=C(O)C1CC1(Br)Br,3.57
O=C(O)C1CC1(Cl)Cl,3.51
O=C(O)C1CCCCO1,3.84
O=C(O)C1CCCC[C@@H]1O,4.74
O=C(O)C1CCCCn2nnnc21,3.4
O=C(O)C1CCCOC1,4.25
O=C(O)C1CCC[C@H](O)C1,4.71
O=C(O)C1CCCc2ccccc2O1,3.63
O=C(O)C1CCOc2ccc(Cl)cc21,4.9
O=C(O)C1CCc2ccccc2O1,3.38
O=C(O)C1COCCO1,3.15
O=C(O)C1C[C@@H]1Br,4.09
O=C(O)C1C[C@@H]1Cl,4.12
O=C(O)C1C[C@@H]1c1ccc(Cl)cc1,4.53
O=C(O)C1C[C@@H]1c1cccc(Cl)c1,4.51
O=C(O)C1C[C@@H]1c1ccccc1,4.68
O=C(O)C1C[C@@H]2CC[C@H]1C2,5.02
O=C(O)C1C[C@H]2CC[C@@H]1C2,5.08
O=C(O)C1Cc2ccccc2O1,3.25
O=C(O)C1O[C@H](Oc2ccc(-c3ccccc3)cc2)[C@@H](O)[C@H](O)[C@H]1O,3.1
O=C(O)C1O[C@H](Oc2ccc(Br)cc2)[C@@H](O)[C@H](O)[C@H]1O,3.02
O=C(O)C1O[C@H](Oc2ccc(I)cc2)[C@@H](O)[C@H](O)[C@H]1O,3.28
O=C(O)C1SCc2ccccc21,5.32
O=C(O)C1c2ccccc2-c2ccccc21,2.765
O=C(O)C=CCCl,4.14
O=C(O)CC(c1ccccc1)c1ccccc1Cl,4.7
O=C(O)CC1CCCCO1,4.39
O=C(O)CC1NC(=O)c2ccccc2O1,4.9
O=C(O)CCC(=O)c1ccc(-c2ccccc2)cc1,4.46
O=C(O)CCC(=O)c1ccc2ccccc2c1,4.96
O=C(O)CCC(=O)c1cccc2ccccc12,4.48
O=C(O)CCCC1CCCCC1,4.95
O=C(O)CCCCc1ccccc1,4.88
O=C(O)CCCOC(=O)CCCBr,4.6
O=C(O)CCCP,4.53
O=C(O)CCC[C@@H]1c2ccccc2C[C@H]1NC(=O)c1cc2cc(F)ccc2[nH]1,4.24
O=C(O)CCCc1c[nH]c2ccccc12,4.82
O=C(O)CCCc1ccc(N(CCCl)CCCl)cc1,5.8
O=C(O)CCP,4.23
O=C(O)CC[C@H]1CC[C@H](O)CC1,4.86
O=C(O)CCc1c[nH]c2ccccc12,4.87
O=C(O)CCc1ccc(Br)cc1,4.33
O=C(O)CCc1nc(-c2ccccc2)c(-c2ccccc2)o1,5.05
O=C(O)CCc1nnnn1-c1ccccc1,5
O=C(O)CN(Cc1ccccc1)S(=O)(=O)c1ccc(OC(F)F)cc1,3.4
O=C(O)CN1C(=O)c2cccc3cccc(c23)C1=O,4.8
O=C(O)COc1cc2c(c(Cl)c1Cl)=C1CC(=O)CCC1(C1CCCC1)C=2,3.83
O=C(O)COc1cc2c(c(Cl)c1Cl)C(=O)C(C1CCCC1)C2,3.9
O=C(O)COc1cc2c(c(Cl)c1Cl)C(=O)C(CC1CCCC1)C2,3.8
O=C(O)CS/C=C/c1ccccc1,3.5
O=C(O)C[C@@H]1c2ccccc2C[C@H]1NC(=O)c1cc2cc(F)ccc2[nH]1,3.95
O=C(O)C[C@]1(O)C[C@@H]2C=C[C@H]1C2,4.36
O=C(O)C[C@]1(O)C[C@@H]2CC[C@H]1C2,4.46
O=C(O)C[C@]1(O)C[C@H]2C=C[C@@H]1C2,4.36
O=C(O)C[C@]1(O)C[C@H]2CC[C@@H]1C2,4.57
O=C(O)Cc1c(-c2ccccc2)ccc2ccccc12,6.9
O=C(O)Cc1c[nH]c2ccccc12,4.39
O=C(O)Cc1cc(-c2ccccc2)c2ccccc2c1,7
O=C(O)Cc1cc(-c2ccccc2)cc2ccccc12,6.7
O=C(O)Cc1cc(F)ccc1Nc1c(Cl)cccc1Cl,4.02
O=C(O)Cc1cc2ccccc2cc1-c1ccccc1,7.1
O=C(O)Cc1ccc(-c2ccccc2)c2ccccc12,6.8
O=C(O)Cc1ccc(Cl)s1,3.89
O=C(O)Cc1ccc2c(-c3ccccc3)cccc2c1,6.6
O=C(O)Cc1ccc2cc(-c3ccccc3)ccc2c1,6.6
O=C(O)Cc1ccc2ccc(-c3ccccc3)cc2c1,6.7
O=C(O)Cc1ccc2cccc(-c3ccccc3)c2c1,6.8
O=C(O)Cc1ccc2ccccc2c1-c1ccccc1,7.2
O=C(O)Cc1cccc2c(-c3ccccc3)cccc12,6.7
O=C(O)Cc1cccc2cc(-c3ccccc3)ccc12,6.9
O=C(O)Cc1cccc2ccc(-c3ccccc3)cc12,6.9
O=C(O)Cc1cccc2oc(-c3ccc(Cl)cc3)nc12,6.1
O=C(O)Cc1cccc2oc(-c3ccccc3)nc12,6.3
O=C(O)Cc1ccccc1Nc1c(Cl)cccc1Br,4.2
O=C(O)Cc1ccccc1Nc1c(Cl)cccc1Cl,4.256
O=C(O)Cc1ccccc1Nc1c(Cl)cccc1I,4.24
O=C(O)Cc1ccccc1Nc1c(F)cccc1F,4.09
O=C(O)Cc1ccccc1Nc1cc(Cl)cc(Cl)c1,4.31
O=C(O)Cc1ccccc1Nc1cc(Cl)ccc1Cl,4.1
O=C(O)Cc1ccccc1Nc1ccc(Cl)c(Cl)c1,4.3
O=C(O)Cc1ccccc1Nc1cccc(Cl)c1Cl,4.2
O=C(O)Cc1ccccc1Nc1ccccc1,4.1
O=C(O)Cc1nn(Cc2nc3cc(C(F)(F)F)ccc3s2)c(=O)c2ccccc12,3
O=C(O)Cc1nnnn1-c1ccccc1,3.1
O=C(O)Cn1c2ccccc2c2ccccc21,3.55
O=C(O)Cn1ccc2ccccc21,3.4
O=C(O)Cn1cccc1,3.3
O=C(O)Cn1nnnc1-c1ccccc1,2.11
O=C(O)[C@]1(Cl)[C@@H]2CCC[C@@H]21,2.82
O=C(O)[C@@]1(Cl)[C@@H]2CCC[C@@H]21,3.03
O=C(O)c1c[nH]c2cc(Cl)c(-c3ccc(C4(O)CCC4)cc3)cc12,4.7
O=C(O)c1c[nH]c2cc(Cl)c(-c3ccc(C4CCCCO4)cc3)cc12,4.9
O=C(O)c1c[nH]c2cc(Cl)c(-c3ccc(OCCO)cc3)cc12,4.8
O=C(O)c1c[nH]c2cc(F)c(-c3ccc(C4(O)CCC4)cc3)c(F)c12,4.9
O=C(O)c1c[nH]c2cc(F)c(-c3ccc(C4(O)CCC4)cc3)cc12,4.8
O=C(O)c1c[nH]c2cc(F)c(-c3ccc([C@@H]4CCCCO4)cc3)c(F)c12,5
O=C(O)c1c[nH]c2ccccc12,5.27
O=C(O)c1cc(-c2ccc(F)cc2F)ccc1O,3.15
O=C(O)c1cc(-c2ccccc2)oc(=O)c1,3.3
O=C(O)c1cc(Cl)co1,2.69
O=C(O)c1cc2ccccc2oc1=O,3.6
O=C(O)c1cc2occc2[nH]1,4.045
O=C(O)c1cc2sccc2[nH]1,3.88
O=C(O)c1ccc(-c2ccc(Cl)c(O[C@H]3O[C@H](CO)[C@@H](O)[C@H](O)[C@@H]3O)c2)cc1,3.41
O=C(O)c1ccc(-c2ccc(O[C@H]3O[C@H](CO)[C@@H](O)[C@H](O)[C@@H]3O)c(Cl)c2)cc1,3.98
O=C(O)c1ccc(-c2ccc(O[C@H]3O[C@H](CO)[C@@H](O)[C@H](O)[C@@H]3O)cc2)cc1,3.88
O=C(O)c1ccc(-c2ccc(O[C@H]3O[C@H](CO)[C@@H](O)[C@H](O)[C@@H]3O)cc2Cl)cc1,3.95
O=C(O)c1ccc(-c2cccc(O[C@H]3O[C@H](CO)[C@@H](O)[C@H](O)[C@@H]3O)c2)cc1,3.6
O=C(O)c1ccc(/N=C/c2ccccc2)cc1,4.47
O=C(O)c1ccc(=O)oc1,3.26
O=C(O)c1ccc(I)o1,2.94
O=C(O)c1ccc(N=c2c3ccccc3[nH]c3ccccc23)cc1,5.685
O=C(O)c1ccc(OCc2ccccc2)cc1,4.44
O=C(O)c1ccc2[nH]ccc2c1,4.1
O=C(O)c1cccc(=O)cc1,3.2
O=C(O)c1cccc(N=c2c3ccccc3[nH]c3ccccc23)c1,7.62
O=C(O)c1ccccc1-c1ccccc1,3.46
O=C(O)c1ccccc1CO,3.84
O=C(O)c1ccccc1N=c1c2ccccc2[nH]c2ccccc12,7.28
O=C(O)c1ccccc1O[C@H]1O[C@@H](CO)[C@H](O)[C@@H](O)[C@@H]1O,3.6
O=C(O)c1ccccn1,5.32
O=C(O)c1cccnn1,3
O=C(O)c1ccnc2ccccc12,4.76
O=C(O)c1ccnnc1,2.8
O=C(O)c1cssc1=S,2.8
O=C(O)c1nccc2ccccc12,4.97
O=C(O)c1nsc2ccccc12,2.76
O=C(O[C@H]1OC(C(=O)O)[C@H](O)[C@@H](O)[C@@H]1O)c1ccccc1,2.85
O=C(Oc1ccc(Cl)cc1)C1c2ccccc2-c2ccccc21,10.32
O=C(Oc1cccc(Cl)c1)C1c2ccccc2-c2ccccc21,10.24
O=C(c1ccc(Cl)cc1)c1cc[nH]n1,11.87
O=C(c1ccc(Cl)cc1)c1ccc2n1CCC2C(=O)O,3.4
O=C(c1ccc(Cl)cc1NS(=O)(=O)c1cccc2nonc12)N1CCCCC1,6.18
O=C(c1ccc(Cl)cc1NS(=O)(=O)c1cccc2nsnc12)N1CCCCC1,5.47
O=C(c1ccc(F)cc1)c1ccc2n1CCC2C(=O)O,3.51
O=C(c1ccc2ccccc2c1)c1ccc2n1CCC2C(=O)O,3.44
O=C(c1ccc2n1CCC2C(=O)O)C1CCC1,3.54
O=C(c1cccc(Cl)c1)c1ccc2n1CCC2C(=O)O,3.44
O=C(c1cccc(F)c1)c1ccc2n1CCC2C(=O)O,3.46
O=C(c1ccccc1)c1cc[nH]n1,11.97
O=C(c1ccccc1)c1ccc2n1CCC2C(=O)O,3.496667
O=C(c1ccccc1Cl)c1ccc2n1CCC2C(=O)O,4.33
O=C1C(=NC2CCCC2)C(NS(=O)(=O)c2ccccc2)C(=O)c2ccccc21,10.1
O=C1C(=NCc2ccccc2)C(NS(=O)(=O)c2ccccc2)C(=O)c2ccccc21,10.4
O=C1C(=NO)CCC1=NO,7.95
O=C1C(=NS(=O)(=O)c2ccccc2)C(c2ccc(Cl)cc2)C(=O)c2ccccc21,5
O=C1C(=NS(=O)(=O)c2ccccc2)C(c2cccc(Cl)c2)C(=O)c2ccccc21,4.5
O=C1C(=NS(=O)(=O)c2ccccc2)C(c2ccccc2Cl)C(=O)c2ccccc21,4.9
O=C1C(=NS(=O)(=O)c2ccccc2)C(c2ccco2)C(=O)c2ccccc21,5.1
O=C1C(=NS(=O)(=O)c2ccccc2)C(c2ccoc2)C(=O)c2ccccc21,5
O=C1C(=O)C(C=Cc2ccccc2)C(=O)c2ccccc21,4.44
O=C1C(=O)C(Cc2ccccc2)C(=O)c2ccccc21,4.9
O=C1C(=O)C(c2ccccc2)C(=O)c2ccccc21,4.35
O=C1C=CC(=O)c2c(O)cccc21,8.7
O=C1CC(=O)c2ccccc2C1=O,3.19
O=C1CC(C2CCCCC2)NC(=O)C1C(=O)Nc1ccc(C2CCCCC2)cc1,6.5
O=C1CC(Cc2ccccc2)NC(=O)C1C(=O)NC1CCCCC1,6.5
O=C1CC(Cc2ccccc2)NC(=O)C1C(=O)Nc1ccc(C(F)(F)F)nc1,6.5
O=C1CC(Cc2ccccc2)NC(=O)C1C(=O)Nc1ccc(C2CCCCC2)cc1,6.5
O=C1CC(Cc2ccccc2)NC(=O)C1C(=O)Nc1ccc(Nc2ccccc2)cc1,6.5
O=C1CC(Cc2ccccc2)NC(=O)C1C(=O)Nc1ccc(Oc2ccccc2)cc1,6.5
O=C1CC(Cc2ccccc2)NC(=O)C1C(=O)Nc1ccc(S(=O)(=O)c2ccccc2)cc1,6.5
O=C1CC(c2ccccc2)NC(=O)C1C(=O)Nc1ccc(C2CCCCC2)cc1,6.5
O=C1CC(c2ccccc2)NC(=O)C1Nc1ccccc1Cl,6
O=C1CC(c2ccccc2)NC(=O)C1Sc1ccccc1Cl,4.1
O=C1CC(c2ccccc2)NC(=O)N1,11.22
O=C1CCC(C2CCCCC2)C(=O)C1,5.5
O=C1CCCC2CCCC(=O)C12,11.13
O=C1CCON1,6.7
O=C1C[C@@H](c2ccccc2)NC(=O)C1C(=O)Nc1ccc(C2CCCCC2)cc1,6.5
O=C1C[C@H](c2ccccc2)NC(=O)C1C(=O)Nc1ccc(C2CCCCC2)cc1,6.5
O=C1Cc2c1ccc(O)c2Br,5.75
O=C1Cc2cc(O)ccc21,7.24
O=C1N=C(Cc2ccccc2)C(=O)N1,8.6
O=C1NC(=O)/C(=C/c2ccccc2)S1,6.14
O=C1NC(=O)/C(=C\c2ccc(-c3ccc(Cl)c(Cl)c3)o2)S1,7.9
O=C1NC(=O)C2(CCOc3ccc(F)cc32)N1,8.3
O=C1NC(=O)[C@@]2(CCOc3ccc(Cl)cc32)O1,5.6
O=C1NC(=O)[C@@]2(CCOc3ccc(F)cc32)N1,8.183333
O=C1NC(=S)NC12CCCCC2,8.79
O=C1Nc2ccc(Cl)cc2C(c2ccccc2Cl)NC1=O,11.5
O=C1Nc2ccccc2C1=O,11.9
O=C1OC2C3CC4C2C4(C(=O)O)C13Br,3.5
O=CC1CCC1C(=O)O,4.16
O=CC1CCCC1C(=O)O,4.54
O=CC1c2ccccc2-c2ccccc21,6.8
O=CCCCC(=O)O,5.02
O=CN(O)c1ccccc1,7.92
O=Cc1c(O)cccc1Cl,8.26
O=Cc1c2ccccc2c(O)c2ccccc12,6
O=Cc1ccc(O)c2ncccc12,5.715
O=Cc1ccc(O)cc1Cl,6.6
O=Cc1cccc(C2C(=O)c3ccccc3C(=O)C2=NS(=O)(=O)c2ccccc2)c1,5
O=Cc1cccc(Cl)c1O,6.61
O=Cc1ccccc1C(=O)O,4.56
O=Cc1cccnc1C(=O)O,3.7
O=NC(=NO)c1ccccc1,4.9
O=NC(Cc1ccccc1)=NO,5.3
O=Nc1c(O)ccc2ccccc12,7.77
O=Nc1c(O)ccc2ncsc12,5.43
O=S(=O)(Cc1ccccc1)c1c[nH]nn1,5.15
O=S(=O)(Cc1ccccc1)c1ccccc1O,7.12
O=S(=O)(Cc1ccccc1)c1nc[nH]n1,6.23
O=S(=O)(Cc1ccccc1)c1ncc[nH]1,8.67
O=S(=O)(N=c1[nH]ccs1)c1ccccc1,5.73
O=S(=O)(N=c1cccc[nH]1)c1ccccc1,8.2
O=S(=O)(N=c1nccc[nH]1)c1ccccc1,5.91
O=S(=O)(NBr)c1ccccc1,4.95
O=S(=O)(NCc1ccccc1)c1ccc(Br)cc1,10.71
O=S(=O)(Nc1cc(Cl)c(Cl)cc1Cn1ccnn1)c1ccc(Cl)s1,5.3
O=S(=O)(Nc1cc(Cl)ccc1Cn1ccnn1)c1ccc(Cl)c(Cl)c1,5.9
O=S(=O)(Nc1ccc(C(F)(F)F)nc1)c1ccccc1C(F)(F)F,5.1
O=S(=O)(Nc1ccc(Cl)cc1)c1ccc(Br)cc1,8.24
O=S(=O)(Nc1ccc(Cl)cc1)c1ccc(Cl)cc1,8.3
O=S(=O)(Nc1ccc(Cl)cc1)c1ccc(F)cc1,8.61
O=S(=O)(Nc1ccc(F)cc1)c1ccc(Br)cc1,8.38
O=S(=O)(Nc1ccc(F)cc1)c1ccc(Cl)cc1,8.41
O=S(=O)(Nc1ccc(F)cc1)c1ccc(F)cc1,8.73
O=S(=O)(Nc1ccc(F)cc1)c1ccccc1,8.85
O=S(=O)(Nc1cccc(C(F)(F)F)c1)c1ccccc1,7.63
O=S(=O)(Nc1ccccc1)c1ccc(Br)cc1,8.5
O=S(=O)(Nc1ccccc1)c1ccc(F)cc1,8.9
O=S(=O)(Nc1ccccc1)c1cccc(Br)c1,8.25
O=S(=O)(Nc1cncc(Br)c1)c1ccccc1C(F)(F)F,5.3
O=S(Cc1ccccc1)c1c[nH]nn1,6.09
O=S(Cc1ccccc1)c1nc[nH]n1,7.38
O=S(O)CCCc1ccccc1,2.05
O=S(O)CCc1ccccc1,2.1
O=S1(=O)N=CNc2[nH]cnc21,8.295
O=S1(=O)NCN(CC(F)(F)F)c2ccc(Cl)cc21,9.01
O=S1(=O)NCN(CCF)c2ccc(Cl)cc21,9.35
O=S1(=O)Nc2cccc3cccc1c23,6.2
O=S1N=C(CCc2ccccc2)NO1,5.23
O=c1[nH][nH]c(-c2ccccc2)c1Cc1ccccc1,7.7
O=c1[nH]c(-c2cc(-c3ccon3)n(Cc3ccccc3F)n2)ncc1F,5.75
O=c1[nH]c(=O)c2ncn([C@H]3O[C@@H](CO)[C@H](O)[C@@H]3O)c2[nH]1,5.72
O=c1[nH]c(=O)n(-c2ccccc2)[nH]1,4.9
O=c1[nH]c(=O)n([C@@H]2O[C@H](CO)C(O)[C@H](F)C2O)cc1F,7.5
O=c1[nH]c(=O)n([C@@H]2O[C@H](CO)[C@@H](O)[C@@H]2O)cc1Br,8
O=c1[nH]c(=O)n([C@@H]2O[C@H](CO)[C@@H](O)[C@@H]2O)cc1I,8
O=c1[nH]c(=O)n([C@H]2C[C@H](O)[C@@H](CO)O2)cc1F,7.7
O=c1[nH]c(=O)n([C@H]2C[C@H](O)[C@@H](CO)O2)cc1I,8.2
O=c1[nH]c(C(F)(F)F)nc2[nH]cnc12,5.1
O=c1[nH]c(CCc2ccccc2)no1,5.73
O=c1[nH]c(CCc2ccccc2)ns1,6.5
O=c1[nH]c(Cl)c(C2=CCCC2)c(=O)[nH]1,5.8
O=c1[nH]c(O)c(Cc2ccccc2)s1,6.19
O=c1[nH]c(O)cn2c1cc1ccccc12,9.3
O=c1[nH]c(O)cs1,6.68
O=c1[nH]c2cc(C(F)(F)F)ccc2n1-c1cc(Cl)ccc1O,9.6
O=c1[nH]c2cc(Cl)ccc2c(O)c1-c1ccccc1,5.4
O=c1[nH]c2ccc(F)c(Cl)c2cc1O,7.33
O=c1[nH]c2cccc(Cl)c2cc1O,7.6
O=c1[nH]c2ccccc2c(=O)o1,8.25
O=c1[nH]c2ccccc2cc1O,8.7
O=c1[nH]ccc2nnnn12,6.95
O=c1[nH]nc(SCc2ccccc2)[nH]1,6.94
O=c1[nH]sc2ccccc12,7.01
O=c1c(-c2nn[nH]n2)coc2ccccc12,5.85
O=c1c(Cc2ccccc2)c(-c2ccccc2)[nH]n1-c1ccccc1,7.6
O=c1c(O)c1-c1ccc(F)cc1,2.07
O=c1c(O)c1-c1ccccc1,2.01
O=c1c(O)ccccc1Br,5.96
O=c1cc(-c2ccc(O)cc2)oc2ccccc12,8.27
O=c1cc(-c2ccc(O)cc2)ss1,8.27
O=c1cc(-c2cccc(O)c2)oc2ccccc12,9.75
O=c1cc(-c2ccccc2)oc2c(O)cccc12,7.82
O=c1cc(-c2ccccc2)oc2cc(O)c(O)cc12,6.85
O=c1cc(-c2ccccc2)oc2cc(O)ccc12,7.39
O=c1cc(-c2ccccc2)oc2ccc(O)cc12,9.09
O=c1cc(-c2ccccc2O)oc2ccccc12,8.85
O=c1cc(C(F)(F)F)c2cc(F)c(O)c(F)c2o1,4
O=c1cc(C(F)(F)F)c2cc(F)c(O)cc2o1,5.7
O=c1cc(C(F)(F)F)c2ccc(O)cc2o1,7.3
O=c1cc(CO)occ1O,7.885
O=c1cc(CSc2cccc(F)c2F)[nH]c2nc(Cc3ccccc3)nn12,6.5
O=c1cc(Cc2ccccc2)o[nH]1,5.36
O=c1cc(I)n([C@@H]2O[C@H](CO)[C@@H](O)[C@H]2O)c(=O)[nH]1,8.42
O=c1cc(O)[nH]c2c(-c3ccc(Br)cc3)cnn12,3.8
O=c1cc(O)[nH]c2c(-c3ccccc3)cnn12,3.8
O=c1cc(O)[nH]c2cc(Cl)ccc12,5.8
O=c1cc(O)[nH]c2ccnn12,3.7
O=c1cc(O)cccc1O,7.64
O=c1cc2[nH]c(c1)COCCOCCSCCOCCOC2,10.13
O=c1ccc(O)c(O)cc1,8.285
O=c1ccc(S(=O)(=O)c2ccccc2)n[nH]1,7.1
O=c1ccc2cc(O)c(O)cc2o1,7.63
O=c1ccc2ccc(O)c(O)c2o1,6.9
O=c1ccc2ccc(O)cc2o1,6.18
O=c1ccccc(O)c1O,11.52
O=c1ccn([C@@H]2C[C@@H](O)[C@H](CO)O2)c(=O)[nH]1,9.3
O=c1ccn([C@H]2C[C@H](O)[C@@H](CO)O2)c(=O)[nH]1,9.3
O=c1cnn([C@H]2O[C@@H](CO)[C@H](O)[C@@H]2O)c(=O)[nH]1,6.6
O=c1oc2cc(O)ccc2cc1-c1ccccc1,7.8
O=c1oc2cc(O)ccc2cc1-c1nc2cc(Cl)ccc2o1,6.8
O=c1oc2cc(O)ccc2cc1-c1nc2ccccc2o1,6.84
O=c1oc2cc(O)ccc2cc1-c1nc2ccccc2s1,7.02
OC(CBr)(Oc1ccccc1)c1ccccc1,11.18
OCCNC(=S)S,2.82
OC[C@@H]1O[C@@H]2NC(=S)O[C@@H]2[C@H]1O,9.48
OC[C@H]1O[C@@H]2NC(=S)O[C@@H]2[C@H]1O,9.48
OC[C@H]1O[C@H](Oc2ccc(-c3cc(F)c(O)c(F)c3)cc2)[C@@H](O)[C@@H](O)[C@@H]1O,6.5
OC[C@H]1O[C@H](Oc2ccc(-c3ccc(-c4nn[nH]n4)cc3)cc2)[C@@H](O)[C@@H](O)[C@@H]1O,3.7
ON=C(Cc1ccccc1)NO,10.7
ON=C(NO)c1ccccc1,10.7
ON=C(O)CCc1ccccc1,8.18
ON=C1CCCCCC1=NO,10.7
ON=CC(Cl)=NO,8.24
ON=CNO,10.7
ON=Cc1ccc(Cl)cc1,10.54
ON=Cc1ccc(Sc2cc(F)cc(C3CCOCC3)c2)cc1,10.7
ON=Cc1ccc2c(c1)OCO2,10.85
ON=Cc1ccco1,10.835
ON=Cc1ccns1,8.6
ON=Cc1cnns1,7.64
ON=Cc1cnsn1,9.45
ON=Cc1nc(-c2cccc3ccccc23)no1,8.05
ON=Cc1nc(-c2ccccc2)no1,8
ON=Cc1nc(-c2cccs2)no1,8.03
ON=Cc1nc(Cc2ccccc2)no1,7.94
ON=Cc1nnc(-c2ccccc2)o1,8.41
Oc1c(Br)cc(Br)c2nc3ccccc3nc12,6.74
Oc1c(Br)cc(I)c2nc3cc(Cl)c(Cl)cc3nc12,6.95
Oc1c(F)cc(Cc2ccccc2)cc1F,7.19
Oc1c(F)ccc(Cc2ccccc2)c1F,7.05
Oc1c(O[C@@H]2OC[C@@H](O)[C@H](O)[C@H]2O)ccc2ccccc12,8.72
Oc1cc(O[C@@H]2OC[C@@H](O)[C@H](O)[C@H]2O)c2ccccc2c1,9.22
Oc1cc(O[C@@H]2OC[C@@H](O)[C@H](O)[C@H]2O)cc2ccccc12,8.66
Oc1cc2ccccc2cc1O[C@@H]1OC[C@@H](O)[C@H](O)[C@H]1O,8.76
Oc1ccc(-c2cc(=S)ss2)cc1,7.86
Oc1ccc(Br)c2nc3cc(Cl)c(Cl)cc3nc12,8.42
Oc1ccc(Br)cc1-c1cc(Br)ccc1O,8.6
Oc1ccc(Cl)c2ccccc12,8.64
Oc1ccc(I)c2nc3cc(Cl)c(Cl)cc3nc12,7.7
Oc1ccc(N=Nc2ccccc2)cc1,8.44
Oc1ccc(N=Nc2nc3ccccc3s2)c2cccnc12,7.2
Oc1ccc(O)n1O,6.04
Oc1ccc(O[C@@H]2OC[C@@H](O)[C@H](O)[C@H]2O)c2ccccc12,9.4
Oc1ccc2c(O[C@@H]3OC[C@@H](O)[C@H](O)[C@H]3O)cccc2c1,9.34
Oc1ccc2c(c1)CCC2,10.29
Oc1ccc2c(c1)CCCC2,10.33
Oc1ccc2cc(Br)ccc2c1,9.2
Oc1ccc2cc(Cl)ccc2c1,9.31
Oc1ccc2cc(I)ccc2c1,9.23
Oc1ccc2cc(O[C@@H]3OC[C@@H](O)[C@H](O)[C@H]3O)ccc2c1,9.63
Oc1ccc2cc3ccccc3cc2c1,9.92
Oc1ccc2ccc(Cl)cc2c1,9.09
Oc1ccc2ccc(O[C@@H]3OC[C@@H](O)[C@H](O)[C@H]3O)cc2c1,9.41
Oc1ccc2ccc3ccccc3c2c1,9.28
Oc1ccc2cccc(-c3ccccc3)c2c1,9.38
Oc1ccc2cccc(Br)c2c1,8.94
Oc1ccc2cccc(Cl)c2c1,8.69
Oc1ccc2cccc(I)c2c1,8.98
Oc1ccc2cccc(O[C@@H]3OC[C@@H](O)[C@H](O)[C@H]3O)c2c1,9.35
Oc1ccc2ccccc2c1O[C@@H]1OC[C@@H](O)[C@H](O)[C@H]1O,8.63
Oc1ccc2ccccc2n1,11.74
Oc1cccc(N=c2c3ccccc3[nH]c3ccccc23)c1,7.3
Oc1cccc2c(O[C@@H]3OC[C@@H](O)[C@H](O)[C@H]3O)cccc12,9.16
Oc1cccc2c1-c1c(O)cccc1-2,9.58
Oc1cccc2c1-c1ccccc1-2,8.64
Oc1cccc2c1CCC2,10.2
Oc1cccc2c1CCCC2,10.46
Oc1cccc2c1Nc1ccccc1N2,10.88
Oc1cccc2cc(O[C@@H]3OC[C@@H](O)[C@H](O)[C@H]3O)ccc12,9.17
Oc1cccc2cc3ccccc3cc12,9.88
Oc1cccc2ccc(O[C@@H]3OC[C@@H](O)[C@H](O)[C@H]3O)cc12,9.29
Oc1cccc2cccc(O[C@@H]3OC[C@@H](O)[C@H](O)[C@H]3O)c12,10.13
Oc1ccccc1-c1cc2ccccc2cc1O,7.55
Oc1ccccc1N=c1c2ccccc2[nH]c2ccccc12,7.8
Oc1ccccc1SCc1ccccc1,9.06
Oc1ccncc1Br,9.4
Oc1cnccn1,8.23
Oc1cnoc1,7.75
Oc1nccc2c1cnc1ccccc12,11.35
Oc1ncnc2cccnc12,8.95
Oc1oc(-c2ccccc2)nc1Cc1ccccc1,8.72
On1nnc2cc(Cl)ccc21,4.18
S=C(NC(=S)c1ccccc1)Nc1ccccc1,10.72
S=C(Nc1ccc(Br)cc1)c1ccc(Cl)cc1,10.24
S=C(Nc1ccc(Br)cc1)c1cccc(Br)c1,9.96
S=C(Nc1ccc(Br)cc1)c1ccccc1,10.42
S=C(Nc1ccc(Cl)c(Cl)c1)c1ccc(Cl)cc1,9.51
S=C(Nc1ccc(Cl)c(Cl)c1)c1cccc(Br)c1,9.26
S=C(Nc1ccc(Cl)c(Cl)c1)c1ccccc1,9.96
S=C(Nc1ccc(Cl)cc1)c1ccc(Cl)cc1,10.25
S=C(Nc1ccc(Cl)cc1)c1cccc(Br)c1,10.1
S=C(Nc1ccc(Cl)cc1)c1ccccc1,10.85
S=C(Nc1ccccc1)c1ccc(Cl)cc1,10.76
S=C(Nc1ccccc1)c1cccc(Br)c1,10.49
S=C(S)NC1CCCCC1,2.95
S=C1NCCO1,11.05
S=CNc1ccc(Cl)cc1,10.8
S=CNc1cccc(Cl)c1,10.8
S=CNc1ccccc1Cl,10.03
S=c1[nH]c(=S)c2[nH]cnc2[nH]1,7.495
S=c1[nH]c(CCc2ccccc2)no1,3.58
S=c1[nH]c2ccccc2[nH]1,10.24
S=c1[nH]c2cncnc2[nH]1,8.9
S=c1[nH]nco1,3.85
[4H]c1c([4H])c([4H])c(C(=O)O)c([4H])c1[4H],4.18
[SH]=c1nc2nccnc2c[nH]1,6.52
c1ccc(-c2c[nH]nn2)cc1,8.62
c1ccc(-c2nc[nH]n2)cc1,9.29
c1ccc(-c2nn[nH]n2)cc1,4.363333
c1ccc(CCc2nn[nH]n2)cc1,5.09
c1ccc(CSc2c[nH]nn2)cc1,8.2
c1ccc(CSc2nc[nH]n2)cc1,9.5
c1ccc2[nH]nnc2c1,8.495
c1ncc2[nH]nnc2n1,4.88
Brc1cc(Br)c(NC2=[NH+]CCN2)c(Br)c1,7.46
Brc1cc2cccnc2c2[nH+]cccc12,4.2
Brc1ccc(Br)c(N(CC2CC2)C2=[NH+]CCN2)c1,11
Brc1ccc(C2[NH2+]CCS2)cc1,5.05
Brc1ccc(Cc2c3ccccc3[nH+]c3ccccc23)cc1,7
Brc1ccc(NC2=[NH+]CCN2)cc1,9.65
Brc1ccc2c(c1)CC[NH2+]2,3.7
Brc1ccc2[nH+]c3c(c(N4CCOCC4)c2c1)CCC3,6.38
Brc1cccc(Br)c1N(C1=[NH+]CCN1)C1CCCC1,11.2
Brc1cccc(Br)c1N(CC1CC1)C1=[NH+]CCN1,10.88
Brc1cccc(Br)c1N(CC1CCC1)C1=[NH+]CCN1,10.9
Brc1cccc(Br)c1N(CC1CCCC1)C1=[NH+]CCN1,10.9
Brc1cccc(Br)c1N(CC1CCCCC1)C1=[NH+]CCN1,11.2
Brc1cccc(Br)c1N(Cc1ccccc1)C1=[NH+]CCN1,10.4
Brc1cccc(Br)c1N(Cc1ccco1)C1=[NH+]CCN1,10.5
Brc1cccc(Br)c1N(Cc1cccs1)C1=[NH+]CCN1,10.51
Brc1cccc(Br)c1NC1=[NH+]CCN1,7.85
Brc1cccc(N(CC2CC2)C2=[NH+]CCN2)c1Br,11.1
Brc1cccc(N2CCc3ccccc3C2)[nH+]1,2
Brc1ccccc1N(CC1CC1)C1=[NH+]CCN1,11.2
Brc1cnc2c(ccc3cc(Br)c[nH+]c32)c1,3.9
C#CC(C)(C(C)C)[NH+](C)C(C)C,8.7
C#CC(C)(C)[NH+](C)C(C)(C)C,9.3
C#CC(C)(C)[NH+](C)C(C)(C)C#C,6.65
C#CC(C)(C)[NH+](C)C(C)C,8.7
C#CC(C)(C)[NH+](CC)C(C)(C)C,9.6
C#CC(C)(C)[NH2+]C(C)(C)C#C,6.45
C#CC(C)(C)[NH2+]C(C)(C)C=C,8.2
C#CC(C)(C)[NH2+]C(C)(C)CC,9
C#CC(C)(C)[NH2+]c1ccccc1,4.26
C#CC(C)[NH2+]c1ccccc1,3.25
C#CC(CC)(CC)[NH+](C)C(C)C,8.8
C#CC(CC)(CC)[NH+](CC)C(C)C,8.2
C#CCCCCCC[NH3+],10.74
C#CCCCCC[NH3+],10.64
C#CCCCC[NH3+],10.5
C#CCCCC[NH+](C)C,9.24
C#CCCC[NH3+],10.21
C#CCCC[NH+](C)C,8.88
C#CCC[NH3+],9.23
C#CC[NH+](C)[C@H](C)Cc1ccccc1,8.015
C#CCN(C1=[NH+]CCN1)c1c(Br)cccc1Br,10.1
C#CCN(CC#C)C(=O)[C@@]1(c2cccs2)C[C@H]1C[NH3+],9.3
C#CCN(CC)C(=O)[C@@]1(c2cccs2)C[C@H]1C[NH3+],9.4
C#CC[NH+]1CCN(C(=O)OCC)CC1,5.44
C#CC[NH+]1CCOCC1,5.54
C#CC[NH2+]CC#C,6.08
C#CC[NH2+]c1ccccc1,3.06
C#CCOc1noc2c1C[NH2+]CC2,7.6
C#C[C@]1(O)C[C@@H](C)[NH+](C)[C@@H]2CCCC[C@H]21,9.53
C#C[C@]1(O)C[C@@H](C)[NH+](C)[C@H]2CCCC[C@@H]21,8.99
C#C[C@]1(O)C[C@@H](C)[NH2+][C@@H]2CCCC[C@H]21,9.73
C#C[C@]1(O)C[C@@H](C)[NH2+][C@H]2CCCC[C@@H]21,9.29
C#C[C@]1(O)C[C@H](C)[NH+](C)[C@@H]2CCCC[C@H]21,9.22
C#C[C@]1(O)C[C@H](C)[NH2+][C@@H]2CCCC[C@H]21,9.63
C(=C/c1ccccc1)\CN1CC[NH+](C(c2ccccc2)c2ccccc2)CC1,7.47
C(=C\c1cc[nH+]cc1)\c1ccccc1,5.77
C(=[NH+]/c1ccccc1)\c1ccccc1,4.55
C(Nc1ccccc1)=[NH+]c1ccccc1,6.3
C/C=C/CN(C1=[NH+]CCN1)c1c(Br)cccc1Br,11
C/C=C/COc1noc2c1C[NH2+]CC2,7.7
C/[NH+]=C(/SC)c1ccccc1,6.42
C/[NH+]=c1/oc2c(n1C)CCCC2,10.23
C/[NH+]=c1/sc2c(n1C)CCCC2,10
C/[NH+]=c1/scc(C)n1C,9.97
C1=C(c2ccccc2)C2CC[NH+]1CC2,9.1
C1=C(c2ccco2)C2CC[NH+]1CC2,8.92
C1=C(c2nc3ccccc3o2)C2CC[NH+]1CC2,7.23
C1=C(c2nc3ccccc3s2)C2CC[NH+]1CC2,7.4
C1=NC(c2ccccc2)[NH2+]C1,6.48
C1=[NH+]CNC1,6.99
C1CC2CC1N[NH2+]2,7.94
C1CC2CCC1C[NH2+]2,11
C1CC2CCC[NH+]2C1,11.74
C1CCC(C2=[NH+]CCC2)CC1,6.05
C1CCC(C2CCC[NH2+]2)CC1,10.8
C1CCC2C[NH2+]CCC2C1,10.95
C1CCC2[NH2+]CCCC2C1,10.9
C1CCC[NH2+]CCC1,10.78
C1CCc2n[nH+]c3c(c2CC1)CCCC3,6.03
C1C[NH+](CC2CO2)CCO1,5.88
C1C[NH+]2CC[C@@H]3OC[C@H]1[C@@H]32,9.44
C1C[NH+]=C2NCCC2C1,11.7
C1COC(=[NH+]C(C2CC2)C2CC2)N1,9.26
C1OC1C[NH+](CC1CO1)CC1CO1,5.01
C=C(Br)COc1noc2c1C[NH2+]CC2,7.6
C=C(C(=O)O[C@H]1C[C@@H]2[C@@H]3O[C@@H]3[C@H](C1)[NH+]2C)c1ccccc1,7.72
C=C(C)C(=O)NC(C)(C)CC[NH+](C)C,9.37
C=C(C)C(=O)NC(C)C[NH+](C)C,8.51
C=C(C)C(=O)NCCC[NH+](C)C,9.25
C=C(C)C(=O)NCC[NH+](C)C,8.54
C=C(C)C(=O)NCC[NH+](CC)CC,9.37
C=C(C)C(=O)OC(C)C[NH+](C)C,7.96
C=C(C)C(=O)OC(C)C[NH+](CC)CC,8.65
C=C(C)C(=O)OCCC[NH3+],9.62
C=C(C)C(=O)OCC[NH3+],8.7
C=C(C)C(=O)OCC[NH+](C(C)C)C(C)C,8.77
C=C(C)C(=O)OCC[NH+](C)C,8.06
C=C(C)C(=O)OCC[NH+](C)CCCC,8.27
C=C(C)C(=O)OCC[NH+](CC)CC,8.66
C=C(C)C(=O)OCC[NH2+]C,8.96
C=C(C)C(=O)OCC[NH2+]C(C)C,9.13
C=C(C)C(=O)OCC[NH2+]CC,9.15
C=C(C)C(=O)OCC[NH2+]CC(C)C,8.91
C=C(C)C(=O)OCC[NH2+]CCCC,9.12
C=C(C)C([NH3+])O,8
C=C(C)CCN(C1=[NH+]CCN1)c1c(Br)cccc1Br,10.9
C=C(C)CN(C1=[NH+]CCN1)c1c(Br)cccc1Br,10.71
C=C(F)CN(CC)C(=O)[C@@]1(c2cccs2)C[C@H]1C[NH3+],9.4
C=CC(=O)NC(C)(C)CC[NH+](C)C,9.39
C=CC(=O)NC(C)(C)CC[NH+](CC)CC,10.09
C=CC(=O)NCCC[NH+](C)C,9.23
C=CC(=O)OCC[NH+](C)C,8.25
C=CC(=O)OCC[NH+](CC)CC,8.55
C=CC(C)(C)[NH+](C)C(C)(C)C,11.3
C=CC(C)(C)[NH2+]C(C)(C)C=C,10.1
C=CC(C)(C)[NH2+]C(C)(C)CC,10.8
C=CC(C)(C)[NH2+]c1ccccc1,4.88
C=CC(C)(C)OCC(O)C[NH2+]C(C)(C)C,9.67
C=CC(C)(CC)[NH+](C)C(C)C,11.3
C=CC(C)[NH2+]c1ccccc1,4.57
C=CC1C[NH+]2CCC1CC2C(=O)O,10.6
C=CCC(C)(C[NH+](CC)CC)OC(=O)CC(C)C,8.1
C=CCC(C)(C[NH+](CC)CC)OC(=O)CCC,8.5
C=CCC(C)(C[NH+](CC)CC)OC(=O)c1ccccc1,7.8
C=CCC(C)(C[NH+](CC)CC)OC(C)=O,9.85
C=CCC(C)(O)C[NH+](CC)CC,9.71
C=CCCN(C1=[NH+]CCN1)c1c(Br)cccc1Br,11.2
C=CC[NH+](C)CCCCCCOc1ccc(C(=O)c2ccc(Br)cc2)cc1,8.18
C=CC[NH+](C)CCOC(=O)C(=C)C,7.39
C=CCN(C1=[NH+]CCN1)c1c(Br)cccc1Br,10.7
C=CCN(C1=[NH+]CCN1)c1c(Cl)cccc1Cl,10.42
C=CC[NH+](CC(C)O)CC(C)O,8.2
C=CCN(CC)C(=O)[C@@]1(c2ccsc2)C[C@H]1C[NH3+],9.5
C=CC[NH+](CC1CO1)CC1CO1,6.16
C=CCN(CC=C)C(=O)[C@@]1(c2cccs2)C[C@H]1C[NH3+],9.4
C=CC[NH+](CC=C)CC=C,8.31
C=CC[NH+](CC=C)CCOC(=O)C(=C)C,7.02
C=CC[NH2+]CC=C,9.35
C=CC[NH2+]c1ccccc1,4.17
C=CCOc1ccccc1OCC(O)C[NH2+]C(C)C,9.523333
C=CCOc1noc2c1C[NH2+]CC2,7.5
C=CCc1ccccc1OCC(O)C[NH2+]C(C)C,9.527143
C=C[C@]1(O)C[C@@H](C)[NH2+][C@@H]2CCCC[C@H]21,9.98
C=Cc1ccc[nH+]c1,4.87
C=Cc1noc(C2=CCC[NH2+]C2)n1,8.23
C=C1[NH2+]C=C(C)C(=CNCCCCCC)C1=O,6.22
C=C1[NH2+]C=C(C)C(=C[NH2+]CCCCCC)C1=O,3.39
CC#CC(O)c1c(C)[nH+]c2c3c(c(C(=O)N(C)C)cn12)CCC(c1ccccc1)O3,5.58
CC#CCOc1noc2c1C[NH2+]CC2,7.6
CC#CCn1c(N2CCC[C@@H]([NH3+])C2)nc2c1c(=O)n(Cc1nc(C)c3ccccc3n1)c(=O)n2C,8.6
CC#C[C@H](C)Oc1cc(N)c(Cl)cc1C(=O)N[C@@H]1C[C@H]2CC[C@@H](C1)[NH+]2C,9.95
CC(=[NH2+])N1C2CC(OC(=O)C(CO)c3ccccc3)CC1C1OC12,10.74
CC(=[NH2+])N1C2CCC1CC(OC(=O)C(CO)c1ccccc1)C2,10.92
CC(=[NH2+])NN(C)C,10
CC(Nc1ccc2c(c1)[C@@H](NC(=O)c1ccc(Br)cc1)[C@H](O)C2)=[NH+]Cc1ccc(F)cc1,8.49
CC(Nc1ccc2c(c1)[C@@H](NC(=O)c1ccc(Br)cc1)[C@H](O)C2)=[NH+]c1ccc(F)cc1,8.2
CC(Nc1ccccc1)=[NH+]c1ccccc1,8.3
CC(=O)C(CC[NH+]1CCOCC1)(c1ccccc1)c1ccccc1,6.83
CC(=O)C(C[NH+]1CCOCC1)c1ccccc1,6.23
CC(=O)CCCC[NH+](C)C,9.66
CC(=O)CC[NH+]1CCOCC1,6.66
CC(=O)N(C)C[C@H]1C[C@H](c2ccc(C[NH+]3CCCC3)c(Cl)c2)C1,9.3
CC(=O)N(C)c1nc2nc(C)[nH+]cc2cc1-c1c(Cl)cccc1Cl,4.2
CC(=O)N1CC[NH+](C)CC1,7.1
CC(=O)N1CC[NH+](CCC[C@@]2(c3ccccc3)CC(c3cc(F)ccc3F)=NN2C(C)=O)CC1,6.7
CC(=O)N1CCNc2nc[nH+]c(C)c21,5.26
CC(=O)N1N=C(c2cc(F)ccc2F)C[C@@]1(CCC[NH+]1CC(F)C1)c1ccccc1,7.1
CC(=O)N1N=C(c2cc(F)ccc2F)C[C@@]1(CCC[NH+]1CC2CCC1C2)c1ccccc1,10.1
CC(=O)N1N=C(c2cc(F)ccc2F)C[C@@]1(CCC[NH+]1CCCC1)c1ccccc1,9.4
CC(=O)N1N=C(c2cc(F)ccc2F)C[C@@]1(CCC[NH+]1CCOCC1)c1ccccc1,7.1
CC(=O)N1N=C(c2cc(F)ccc2F)C[C@@]1(CCC[NH+]1C[C@H]2C[C@@H]1CO2)c1ccccc1,8
CC(=O)[NH+]=C(N)N,7.6
CC(=O)N=c1[nH]c2nc(C)[nH+]cc2cc1-c1c(Cl)cccc1Cl,4.1
CC(=O)N=c1c(-c2c(Cl)cccc2Cl)cc2c[nH+]c(C)nc2n1C,2.5
CC(=O)[NH+]=c1cccc[nH]1,4.09
CC(=O)NCc1cccc[nH+]1,4.23
CC(=O)N[C@@H](Cc1cc(F)cc(F)c1)[C@H](O)C[NH2+]C1(c2cc(C(C)(C)C)ncn2)CCCCC1,6.7
CC(=O)N[C@@H](Cc1cc(F)cc(F)c1)[C@H](O)C[NH2+]C1(c2cc(CC(C)(C)C)no2)CCCCC1,6.4
CC(=O)N[C@@H](Cc1cc(F)cc(F)c1)[C@H](O)C[NH2+]C1(c2cccc(-n3cccn3)c2)CC1,6.7
CC(=O)N[C@@H](Cc1cc(F)cc(F)c1)[C@H](O)C[NH2+]C1(c2cccc(-n3cccn3)c2)CCCCC1,7.85
CC(=O)N[C@@H](Cc1cc(F)cc(F)c1)[C@H](O)C[NH2+]C1(c2cccc(C(C)(C)C(F)F)c2)CC1,6.7
CC(=O)N[C@@H](Cc1cc(F)cc(F)c1)[C@H](O)C[NH2+]C1(c2cccc(C(C)(C)C)c2)CC1,6.6
CC(=O)N[C@@H](Cc1cc(F)cc(F)c1)[C@H](O)C[NH2+]C1(c2cccc(C(C)(C)C)c2)CCC1,7.8
CC(=O)N[C@@H](Cc1cc(F)cc(F)c1)[C@H](O)C[NH2+]C1(c2cccc(C(C)(C)C)c2)CCCCC1,8.133333
CC(=O)N[C@@H](Cc1cc(F)cc(F)c1)[C@H](O)C[NH2+]C1(c2cccc(C(C)(C)C)c2)CCOCC1,7.2
CC(=O)N[C@@H](Cc1cc(F)cc(F)c1)[C@H](O)C[NH2+]C1(c2cccc(C3CCOC3)c2)CCCCC1,8.1
CC(=O)N[C@@H](Cc1cc(F)cc(F)c1)[C@H](O)C[NH2+]C1(c2cnn(CC(C)(C)C)c2)CC1,7.05
CC(=O)N[C@@H](Cc1cc(F)cc(F)c1)[C@H](O)C[NH2+][C@H]1CCCc2ccc(CC(C)(C)C)cc21,8.9
CC(=O)N[C@@H](Cc1cc(F)cc(F)c1)[C@H](O)[C@H]1CC[C@@H](OCC2CCCCC2)C[NH2+]1,8.6
CC(=O)N[C@@H](Cc1cc(F)cc(F)c1)[C@H](O)[C@H]1CO[C@@H](OCC(C)(C)C)[C@H](C)[NH2+]1,6.9
CC(=O)N[C@@H](Cc1cc(F)cc(F)c1)[C@H](O)[C@H]1CO[C@@H](OCC2CCCCC2)C[NH2+]1,6.7
CC(=O)N[C@@H](Cc1cc(F)cc(F)c1)[C@H](O)[C@H]1CO[C@@H](OCC2CCCCC2)[C@H](C)[NH2+]1,6.7
CC(=O)N[C@@H](Cc1cc(F)cc(F)c1)[C@H](O)[C@H]1C[C@@H](OCC2CCCCC2)C[NH2+]1,8.2
CC(=O)Nc1ccc(Cc2c3ccccc3[nH+]c3ccccc23)cc1,7.51
CC(=O)Nc1ccc([NH3+])cc1,4.46
CC(=O)Nc1ccc2cc3ccccc3[nH+]c2c1,5.6
CC(=O)Nc1ccc2[nH+]c(N(C)CCO)ccc2c1,8.91
CC(=O)Nc1ccc2nc(OCC[NH+](C)C)ccc2c1,9.94
CC(=O)Nc1ccc2nc(SCC[NH+](C)C)ccc2c1,11.55
CC(=O)Nc1ccc2[nH+]c3ccccc3cc2c1,4.7
CC(=O)Nc1ccc2[nH+]cccc2c1,5.51
CC(=O)Nc1cccc2[nH+]c3ccccc3cc12,4.4
CC(=O)OC(C)C[NH+](C)C,8.31
CC(=O)OC1C[NH+]2CCC1CC2,9.27
CC(=O)OCC1CC2CC[NH+]1CC2,9.88
CC(=O)OCC1C[NH+]2CCC1CC2,10.29
CC(=O)OCC[NH+](C)C,8.3
CC(=O)OCCc1c[nH]c[nH+]1,6.97
CC(=O)O[C@@H]([C@H]1C[C@@H](C)[C@H]2[C@H](O1)[C@H](O)[C@@]1(C)[C@@H]3CC[C@H]4C(C)(C)[C@@H](O[C@H]5C[NH+](C6COC6)CCO5)CC[C@@]45C[C@@]35CC[C@]21C)C(C)(C)O,4.6
CC(=O)O[C@@H]([C@H]1C[C@@H](C)[C@H]2[C@H](O1)[C@H](O)[C@@]1(C)[C@@H]3CC[C@H]4C(C)(C)[C@@H](O[C@H]5C[NH2+]CCO5)CC[C@@]45C[C@@]35CC[C@]21C)C(C)(C)O,7.7
CC(=O)Oc1c(C)cc(OCC(O)C[NH2+]C(C)C)c(C)c1C,9.54
CC(=O)Oc1cc(C(C)C)c(OCC[NH+](C)C)cc1C,8.72
CC(=O)Oc1cccc2ccc[nH+]c12,3.3
CC(=O)SCC[NH+](C)C,8.27
CC(=O)c1ccc(Cc2c3ccccc3[nH+]c3ccccc23)cc1,6.12
CC(=O)n1cc[nH+]c1C,5.03
CC(C#N)C[NH3+],7.75
CC(C(O)c1ccccc1)[NH+](C)C,9.3
CC(C)(C)CC(=O)n1cc[nH+]c1,3.8
CC(C)(C)CC(C)(C)[NH3+],10.84
CC(C)(C)CC[NH+]1CCC(CNC(=O)c2cc(Cl)cc(Cl)c2)CC1,8.7
CC(C)(C)CC[NH+]1CC[C@@H](CNC(=O)c2cc(Cl)cc(Cl)c2)[C@H](F)C1,6.7
CC(C)(C)CC[NH+]1CC[C@H](CNC(=O)c2cc(Cl)cc(Cl)c2)[C@H](F)C1,7.9
CC(C)(C)COCC(O)C[NH2+]C(C)(C)C,9.68
CC(C)(C)[NH+]1C2CCCC21,9.22
CC(C)(C)[NH+]1CCC(Oc2ccc3[nH]c(C(=O)N4CCOCC4)cc3c2)CC1,10
CC(C)(C)[NH+]1CCCC(=O)C(O)CCC1,7.6
CC(C)(C)N1[NH2+]C2CCC1C2,9.12
CC(C)(C)N1[NH2+]C2CCC1C21CC1,9.33
CC(C)(C)N1[NH2+]C2CCC1CC2,9.54
CC(C)(C)NC(=O)C[NH+]1CCC(CNC(=O)c2cc(Cl)cc(Cl)c2)CC1,7.6
CC(C)(C)[NH2+]C1CCCCC1,11.34
CC(C)(C)[NH2+]CC(O)COC(C1CC1)C1CC1,9.63
CC(C)(C)[NH2+]CC(O)COCC1CC1,9.73
CC(C)(C)[NH2+]CC(O)COc1cccc2c1CCC(=O)N2,9.2
CC(C)(C)[NH2+]CC(O)COc1cccc2c1C[C@H](O)[C@H](O)C2,9.735
CC(C)(C)[NH2+]CC(O)c1cc(Cl)c(N)c(C(F)(F)F)c1,9.7
CC(C)(C)[NH2+]CCO,10.11
CC(C)(C)[NH2+]C[C@@H](O)COc1cccc2c1CCCC2=O,9.3
CC(C)(C)[NH2+]C[C@@H](O)COc1ccccc1C1CCCC1,9.3
CC(C)(C)[NH2+]C[C@H](O)COc1ccccc1C1CCCC1,9.92
CC(C)(C)[NH2+]C[C@H](O)COc1nsnc1N1CCOCC1,9.226
CC(C)(C)N[NH2+]C(C)(C)C,8.31
CC(C)(C)SC(=[NH2+])c1ccccc1,9.24
CC(C)(C)[C@@]1(O)CC[NH+]2C[C@@H]3c4ccccc4CCc4cccc(c43)[C@H]2C1,5.9
CC(C)(C)[C@]1(O)CC[NH+]2C[C@@H](c3ccccc3)c3ccccc3[C@@H]2C1,7.03
CC(C)(C)[C@]1(O)CC[NH+]2C[C@H]3c4ccccc4CCc4cccc(c43)[C@@H]2C1,7.15
CC(C)(C)c1ccc(C(O)CCC[NH+]2CCC(C(O)(c3ccccc3)c3ccccc3)CC2)cc1,8.6
CC(C)(C)c1cccc(C[NH2+][C@H]2CS(=O)(=O)C[C@@H](Cc3cc(F)c(N)c(OC(C(F)(F)F)C(F)(F)F)c3)[C@@H]2O)c1,5.7
CC(C)(C)c1cc[nH+]c(C(C)(C)C)c1,6.7
CC(C)([NH3+])C(=O)NC(Cc1c[nH]c2ccccc12)C(=O)N1CCC2(CCc3ccccc32)CC1,7.9
CC(C)([NH3+])CNC(=O)CC1CCC2(CC1)COC1(OO2)C2CC3CC(C2)CC1C3,9.05
CC(C)([NH3+])CNC(=O)CC1CCC2(CC1)OOC1(OO2)C2CC3CC(C2)CC1C3,9.05
CC(C)([NH3+])CNC(=O)C[C@H]1CC[C@@]2(CC1)C[C@@]1(OO2)C2CC3CC(C2)CC1C3,9.05
CC(C)([NH3+])CNC(=O)C[C@H]1CC[C@]2(CC1)OO[C@]1(O2)C2CC3CC(C2)CC1C3,9.05
CC(C)([NH3+])CO,9.74
CC(C)([NH3+])Cc1ccccc1,10.13
CC(C)([NH3+])c1ccccc1,10.38
CC(C)(O)c1ccn2cc[nH+]c2c1,7.2
CC(C)(O)c1ccn2cc[nH+]c2c1F,5.4
CC(C)=C1C[NH2+]C(C(=O)O)C1CC(N)=O,9.47
CC(C)=CCN(C1=[NH+]CCN1)c1c(Br)cccc1Br,10.75
CC(C)C(=O)C(C)(C)C[NH+](C)C,9.3
CC(C)C(=O)N(Cc1cccc(Cl)c1Cl)[C@H]1CC[NH2+]C1,9.4
CC(C)C(=O)N(Cc1ccccc1-c1ccccc1)[C@H]1CC[NH2+]C1,9.4
CC(C)C(C(C)C)[NH+](C)C,10.06
CC(C)C([NH3+])C(C)C,10.4
CC(C)C([NH3+])C(N)=O,8
CC(C)C1=NC(c2ccccc2)(c2cccc(-c3cncnc3)c2)[NH+]=C1N,5.2
CC(C)C1C(=O)N(S(C)(=O)=O)[C@@H]2CN(C(=O)C=CC[NH+]3CCCCC3)C[C@@H]12,8.44
CC(C)CC(C(=O)NCC#N)c1cccc(-c2ccc(N3CC[NH2+]CC3)cc2)c1,8.77
CC(C)CC([NH3+])C(=O)NCCCS(=O)(=O)Oc1ccc(C(F)(F)F)cc1,8.9
CC(C)CC([NH3+])C(=O)NCCCS(=O)(=O)Oc1ccc(Cl)cc1,9.6
CC(C)CC([NH3+])C(N)=O,7.92
CC(C)CC1(C)[NH+]=C(N)N(Cc2cccc(Cl)c2)C1=O,7.2
CC(C)CCCC(C)[NH3+],10.28
CC(C)CC[NH3+],10.93
CC(C)CCN(C1=[NH+]CCN1)c1c(Br)cccc1Br,10.9
CC(C)CC[NH2+]CCC(C)C,10.9
CC(C)CCOc1ccc2c(c1)[C@H]1OCCC[C@H]1[C@@H](C1CCOCC1)[NH2+]2,3.8
CC(C)CCSC(=[NH2+])c1ccccc1,8.43
CC(C)CN(C(=O)c1cccc(Cl)c1Cl)[C@H]1CC[NH2+]C1,10
CC(C)C[NH+](C)C,9.91
CC(C)C[NH+](C)c1ccccc1,5.2
CC(C)CN(C1=[NH+]CCN1)c1c(Br)cccc1Br,11.02
CC(C)C[NH+](CC(C)O)CC(C)O,8.8
CC(C)C[NH+]1CCC(Oc2ccc3cc(C(=O)N4CCC(C)CC4)ccc3c2)CC1,9.8
CC(C)CNC(=O)C1CC(F)(c2ccc(C[NH+]3CCCC3)c(F)c2)C1,9.2
CC(C)C[NH2+]C(C)C,10.55
CC(C)C[NH2+]CC(C)C,10.59
CC(C)C[NH2+][C@H](c1ccccc1)[C@H](O)c1ccccc1,11.34
CC(C)C[NH2+]c1ccccc1,4.84
CC(C)COCC(CN(Cc1ccccc1)c1ccccc1)[NH+]1CCCC1,9.3
CC(C)COCC(O)C[NH2+]C(C)(C)C,9.73
CC(C)COc1noc2c1C[NH2+]CC2,7.7
CC(C)CSC(=[NH2+])c1ccccc1,8.22
CC(C)CSCC[NH3+],8.73
CC(C)C[C@H](O)[C@H](O)[C@@H]([NH3+])CC1CCCCC1,9.3
CC(C)N(/C=[NH+]\c1ccn(C2CC(F)C(CO)O2)c(=O)n1)C(C)C,5.13
CC(C)N(/C=[NH+]\c1ccn(C2CCC(CO)O2)c(=O)n1)C(C)C,5.28
CC(C)[NH+](C(C)C)C(C)C,11.86
CC(C)N(C1=[NH+]CCN1)c1c(Br)cccc1Br,11.2
CC(C)[NH+](CC1CO1)CC1CO1,7.07
CC(C)[NH+](CCCl)CCCl,7
CC(C)[NH+](CCNC(=O)C1C[C@@H]1c1ccccc1)C(C)C,9.7
CC(C)[NH+](CCO)C(C)C,10.08
CC(C)[NH+](CCc1ccccc1)CCc1ccccc1,10.02
CC(C)N(Cc1c[nH]c[nH+]1)c1ccc(Cl)cc1,3.5
CC(C)[NH+]1C2CCCC21,8.31
CC(C)[NH+]1CCC(C(=O)Nc2cccc(OCc3ccc(F)cc3)c2)CC1,9.4
CC(C)[NH+]1CCC(N(C(=O)Cc2ccccc2)c2ccc(Cl)cc2)CC1,8.7
CC(C)[NH+]1CCC(Oc2cc3[nH]c(C(=O)N4CCOCC4)cc3cc2F)CC1,9.5
CC(C)[NH+]1CCC(Oc2ccc(C3(C(N)=O)CCOCC3)cc2)CC1,9.78
CC(C)[NH+]1CCC(Oc2ccc3[nH]c(C(=O)N4CCC(F)(F)CC4)cc3c2)CC1,9.7
CC(C)[NH+]1CCC(Oc2ccc3[nH]c(C(=O)N4CCC(O)C4)cc3c2)CC1,9.8
CC(C)[NH+]1CCC(Oc2ccc3[nH]c(C(=O)N4CCCC(F)(F)C4)cc3c2)CC1,10
CC(C)[NH+]1CCC(Oc2ccc3[nH]c(C(=O)N4CCCCCC4)cc3c2)CC1,9.7
CC(C)[NH+]1CCC(Oc2ccc3[nH]c(C(=O)N4CCOCC4)cc3c2)CC1,10
CC(C)n1c(C(=O)N2CCC(F)(F)CC2)cc2cc(OC3CC[NH+](C(C)C)CC3)ccc21,9.9
CC(C)[NH+]1CCC(Oc2ccc3c(c2)cc(C(=O)N2CCC(F)(F)CC2)n3CC#N)CC1,9.8
CC(C)[NH+]1CCC(Oc2ccc3c(c2)cc(C(=O)N2CCC(F)(F)CC2)n3CC(F)(F)F)CC1,9.7
CC(C)[NH+]1CCC(Oc2ccc3c(c2)cc(C(=O)N2CCC(F)(F)CC2)n3S(C)(=O)=O)CC1,9.6
CC(C)[NH+]1CCC(Oc2ccc3c(c2)cc(C(=O)N2CCOCC2)n3CC(F)(F)F)CC1,9.7
CC(C)[NH+]1CCC(Oc2ccc3c(c2)cc(C(=O)N2CCS(=O)(=O)CC2)n3CC(F)(F)F)CC1,9.6
CC(C)[NH+]1CCC(Oc2ccc3cc(C(=O)N4CCC(CO)CC4)ccc3c2)CC1,9.6
CC1CCCN1C(=O)c1ccc2cc(OC3CC[NH+](C(C)C)CC3)ccc2c1,9.71
CC(C)[NH+]1CCC(Oc2ccc3cc(C(=O)N4CCOCC4)[nH]c3c2)CC1,9.7
CC(C)[NH+]1CCC(Oc2ccc3cc(C(=O)N4CCOCC4)ccc3c2)CC1,9.3
CC(C)[NH+]1CCC(Oc2ccc3nc(C(=O)N4CCC4)ccc3c2)CC1,9.5
CC(C)[NH+]1CCC(Oc2ccc3nc(C(=O)N4CCC[C@H]4C#N)ccc3c2)CC1,9.5
CC(C)[NH+]1CCC(Oc2ccc3nc(C(=O)N4CCOCC4)ccc3c2)CC1,9.5
CC(C)[NH+]1CCCC1,11.22
CC(C)[NH+]1CCCCC1,10.96
CC(C)[NH+]1[C@@H]2CC(Oc3ccc4nc(C(=O)N5CCOCC5)ccc4c3)CC[C@H]1C2,8.97
CC(C)[NH2+]CC(O)COc1ccc(CC(N)=O)cc1,9.555
CC(C)NC(=O)NCCc1ccc(OCC(O)C[NH2+]C(C)C)cc1,9.18
CC(C)[NH2+]CC(O)COc1ccc(CCOCC2CC2)cc1,9.305
CC(C)[NH2+]CC(O)COc1ccc(COCCOC(C)C)cc1,9.446667
CC(C)[NH2+]CC(O)COc1cccc2[nH]c3ccccc3c12,9.52
CC(C)[NH2+]CC(O)COc1cccc2[nH]ccc12,9.395
CC(C)[NH2+]CC(O)COc1cccc2ccccc12,9.518824
CC(C)[NH2+]CC(O)COc1ccccc1,9.45
CC(C)[NH2+]CC(O)c1cccc(F)c1,9.48
CC(C)[NH2+]CCC#N,8
CC(C)[NH2+]C[C@H](O)COc1ccc(CC(N)=O)cc1,9.57
CC(C)[NH2+]C[C@H](O)COc1cccc2ccccc12,9.5
CC(C)[NH2+][C@H](c1ccccc1)[C@H](O)c1ccccc1,11.79
CC(C)OC(N)=NC(=[NH2+])Nc1ccc(Cl)cc1,9.35
CC(C)Oc1ccc(-c2nc(-c3ccc4c(c3)CC[NH+](C(CO)CO)C4)no2)cc1C#N,7.28
CC(C)Oc1ccc(-c2nc(-c3ccc4c(c3)CC[NH+](C(CO)CO)CC4)no2)cc1C#N,7.805
CC(C)Oc1ccc(-c2nc(-c3cccc4c3CC[NH+](C(CO)CO)C4)no2)cc1C#N,7.3
CC(C)Oc1cccc2c1[NH+]=C(NCC(F)F)NC2C,10.2
CC(C)Oc1noc2c1C[NH2+]CC2,7.5
CC(C)SC(=[NH2+])c1ccccc1,8.04
CC(C)SCC[NH3+],9.23
CC(C)[C@@H]1CC[C@@H](C)C[C@@H]1[NH3+],10.52
CC(C)[C@@]12C[NH2+]C(C(=O)O)C1CC(=O)O2,7.8
CC(C)[C@H]1CC[C@H](C)C[C@@H]1[NH3+],10.63
CC(C)c1ccc(CCC[NH+](C)C)cc1,10.49
CC(C)c1cccc(C(C)C)c1NC1=[NH+]CCN1,10.65
CC(C)c1[nH+]nc2ccc(-c3ocnc3-c3ccc(F)cc3)cn12,2.86
CC(C)n1c(=[NH2+])[nH]c2ccc(C(=CC(N)=O)c3cccc(F)c3F)cc21,6.7
CC(C=C(c1cccs1)c1cccs1)[NH+](C)C,8.95
CC(C=C(c1cccs1)c1cccs1)[NH+]1CCCCC1,8.46
CC(C=C(c1cccs1)c1cccs1)[NH+]1CCCCC1C,7.46
CC(C=C(c1cccs1)c1cccs1)[NH+]1CCCCCC1,7.96
CC(C=C(c1cccs1)c1cccs1)[NH+]1CCCCCCC1,7.52
CC(CC(C#N)(c1ccccc1)c1ccccc1)[NH+]1CCCCC1,7.73
CC(CC(C#N)(c1ccccc1)c1ccccc1)[NH+]1CCOCC1,6.1
CC(CC(O)(c1ccccc1)c1ccccc1)[NH+]1CCCCC1,8.62
CC(CC(c1ccccc1)c1ccccc1)[NH+]1CCCCC1,8.8
CC(CC(c1ccccc1)c1ccccc1)[NH+]1CCOCC1,6.9
CC(C[NH+](C)C)C(C#N)(c1ccccc1)c1ccccc1,7.9
CC(CN1c2ccccc2CCc2ccccc21)C[NH+](C)C,8.72
CC(CN1c2ccccc2Sc2ccccc21)C[NH+](C)C,9.235
CC(C[NH+]1CCCCC1)C(C#N)(c1ccccc1)c1ccccc1,7.54
CC(CN1c2ccccc2Sc2ccccc21)[NH+](C)C,9.07
CC(CO)C[NH+](C)C,9.75
CC(Cc1ccccc1)[NH+](C)CCC#N,6.95
CC(Cc1ccccc1)[NH2+]CCC#N,7.23
CC(Cc1ccccc1)[NH2+]CCC(c1ccccc1)c1ccccc1,8.92
CC(Cl)C[NH3+],8.54
CC(Cl)C[NH+](C)C,8.12
CC([NH3+])(CO)CO,8.8
CC(N)=[NH+]O,5.9
CC([NH3+])C(N)=O,8.02
CC([NH3+])CC#N,7.85
CC([NH3+])CC1CCCCC1,10.14
CC([NH3+])CCCc1ccccc1,9.99
CC([NH3+])CCc1ccccc1,9.78
CC([NH3+])CO,9.43
CC([NH3+])Cc1ccc2c(c1)OCO2,9.67
CC([NH3+])Cc1ccccc1,9.9
CC([NH3+])c1ccccc1,9.36
CC([NH2+]C(C)(C)C)C(=O)c1cccc(Cl)c1,8.6
CC([NH2+]CCC(c1ccccc1)c1ccccc1)c1ccccc1,9.04
CC(O)C[NH+](C)CC(C)O,8.7
CC(O)C[NH+](C)CCO,8.69
CC(O)C[NH+](CC(C)O)C(C)(C)C,9.36
CC(O)C[NH+](CC(C)O)C(C)C,9.33
CC(O)C[NH+](CCO)C(C)(C)C,9.2
CC(O)C[NH+](Cc1ccccc1)CC(C)O,7.5
CC(O)C[NH2+]C(C)(C)C,10
CC(O)C[NH2+]CC(C)O,8.88
CC(O)C[NH2+]CCO,8.81
CC(OCC(O)C[NH2+]C(C)(C)C)C1CC1,9.76
CC(Oc1nnc(-c2cc[nH+]cc2)n1C)c1nnc(-c2cccc(Cl)c2)o1,3.7
CC(Oc1nnc(-c2cc[nH+]cc2)n1C)c1noc(-c2cccc(Cl)c2)n1,3.4
CC([C@H](O)c1ccccc1)[NH+](C)C,9
CC/C(=C(\c1ccccc1)c1ccc(OCC[NH+](C)C)cc1)c1ccccc1,9.203333
CC/[NH+]=c1\sc(-c2ccccc2)nn1CC,6.7
CC1(C(F)(F)F)[NH2+]CCc2c1oc1cc(S(=O)(=O)c3cccc(F)c3)ccc21,5.7
CC1(C(F)F)[NH2+]CCc2c1oc1cc(S(=O)(=O)c3cccc(F)c3)ccc21,6.2
CC1(C)C(=O)[NH+]=C(N)N1CCc1cccc(Cl)c1,4.4
CC1(C)C=C2[NH+]=C3CC(C)(C)CC(=O)C3CC2C(=O)C1,3.6
CC1(C)CC(=O)C(C)(C)[NH2+]1,7.1
CC1(C)CCC[NH+](Cc2ccc3c(c2)OCO3)C1,9.4
CC1(C)CC[NH+](Cc2ccc3c(c2)OCO3)C1,9.7
CC1(C)C[C@@H](C[NH+]2CCC(F)(CNC(=O)c3cc(Cl)cc(Cl)c3)CC2)CCO1,7.9
CC1(C)OC(=O)CC2C(C(=O)O)[NH2+]CC21,9
CC1(C)O[C@H]2CC(=O)OC[C@]23[C@H]2CC[C@@]4(C)[C@H](c5ccoc5)OC(=O)C5O[C@]54[C@]2(C)C(=NOCC[NH+]2CCCCC2)C[C@@H]13,8.87
CC1(C)O[C@H]2CC(=O)OC[C@@]23[C@H]1CC(=NOCC[NH+]1CCOCC1)[C@@]1(C)C2=CC(=O)O[C@@H](c4ccoc4)[C@]2(C)CC[C@@H]13,6.84
CC1(O)CC[NH+](Cc2ccc(OC3CN(C(=O)c4nnc(-c5ccccc5)o4)C3)cc2)C1,9
CC1(c2cc(NC(=O)c3ccc(Cl)cn3)ccc2F)[NH+]=C(N)c2ccccc2O1,7.3
CC1(c2cccc(-c3cccc(Cl)c3)c2)[NH+]=C(N)CCO1,9.3
CC1(c2cccc(-c3cncnc3)c2)[NH+]=C(N)CCS1,9.1
CC1(c2cccc(-c3cncnc3)c2)[NH+]=C(N)c2c(F)cccc2O1,6.9
CC1(c2cccc(-c3cncnc3)c2)[NH+]=C(N)c2ccccc2O1,8.1
CC1(c2cccc(-c3cncnc3)c2)[NH+]=C(N)c2ccccc2S1,8.3
CC1(c2cccc(NC(=O)c3ccccn3)c2)CSC(=[NH2+])N1,8.3
CC1(c2ccccc2)COCC(=[NH2+])N1,9.8
CC12CC3(C)CC(C)(C1)CC([NH3+])(C2)C3,10.58
CC12CC3CC(C)(C1)CC([NH3+])(C3)C2,10.42
CC12CC3CC(C1)CC([NH3+])(C3)C2,10.56
CC12C[NH+]3CC(C)(C1)CC(C)(C3)C2,10.7
CC1=C(CC(C)[NH2+]CC(O)c2ccc(Br)cc2)CCC1(C)C,8.57
CC1=C(CC(C)[NH2+]CC(O)c2ccc(C)cc2)CCC1(C)C,8.71
CC1=C(CC(C)[NH2+]CC(O)c2ccc(Cl)cc2)CCC1(C)C,8.55
CC1=C(CC(C)[NH2+]CC(O)c2ccc(F)cc2)CCC1(C)C,8.51
CC1=C(CC(C)[NH2+]CC(O)c2ccccc2)CCC1(C)C,8.84
CC1=CC(C)N=c2cc(C)ccc2=[NH+]1,4.433333
CC1=CC(C)N=c2ccccc2=[NH+]1,3.85
CC1=CC=CC(C#N)[C@H]1c1cccc2c1-c1cccc3c1[C@@H](C2)[NH+](C)CC3,7.3
CC1=CCCC[NH+]1C,11.42
CC1=CCC[NH+]1C,11.94
CC1=CC[NH+]2CC[C@@H](O)[C@@H]12,9.6
CC1=C[NH+](C)CC1C,9.6
CC1=CSC2=[NH+]CCCN12,10.31
CC1=CSC2=[NH+]CCN12,9.81
CC1=C[C@H]2CC[C@@H](O)[C@H]2[NH+]1C,11.7
CC1=[NH+]CCc2c1[nH]c1ccccc21,8.99
CC1=N[C@@](Cc2ccccc2)(c2cccc(-c3cncnc3)c2)[NH+]=C1N,6
CC1C2c3ccccc3C(c3ccccc32)C1C(=O)[NH+]=c1cccc[nH]1,5.27
CC1C2c3ccccc3C(c3ccccc32)C1C(=O)Nc1ccc[nH+]c1,4.14
CC1C2c3ccccc3C(c3ccccc32)C1C[NH+](C)C,8.99
CC1C=CC=C(C#N)[C@@H]1c1cccc2c1-c1cccc3c1[C@@H](C2)[NH+](C)CC3,7.3
CC1CC(OCC(O)C[NH2+]C(C)(C)C)CC(C)(C)C1,9.94
CC1CC2CC[NH+]1CC2,11.33
CC1CCCC(C)(C)[NH2+]1,11.27
CC1CCCC(C)(C)[NH+]1C,10.76
CC1CCCCC1=[NH2+],9.38
CC1CCCC[NH2+]1,10.98
CC1CCCC[NH+]1C,10.26
CC1CCC[NH+](C(C)C=C(c2cccs2)c2cccs2)C1,8.28
CC1CCC[NH+]1C,10.24
CC1CCC[NH2+]C1,10.92
CC1CCN(C(=O)c2ccc3cc(OC4CC[NH+](C(C)C)C4)ccc3c2)CC1,9.4
CC1CCN(C(=O)c2ccc3cc(OC4CC[NH+](C(C)C)CC4)ccc3c2)CC1,9.6
CC1CCN(C(=O)c2ccc3cc(OCCC4CCC[NH+]4C)ccc3c2)CC1,9.9
CC1CCN(C(=O)c2ccc3cc(OCCC[NH+]4CCCCC4)ccc3c2)CC1,9.86
CC1CCN(C(=O)c2ccc3cc(OCCC[NH+]4CCCCC4)ccc3n2)CC1,9.7
CC1CCN(C(=O)c2ccc3cc(OCCC[NH+]4CCOCC4)ccc3c2)CC1,7.8
CC1CC[NH+](C(C)C=C(c2cccs2)c2cccs2)CC1,8.2
CC1CC[NH+](C)C(C)(C)C1,10.24
CC1CC[NH+](O)C1(C)C,5.9
CC1CC[NH2+]1,10.96
CC1CC[NH2+]C(C)(C)C1,11.1
CC1CN(OCc2ccccc2)C(=O)C1[NH3+],6.1
CC1[NH+]=C(N)Nc2cccc(Cl)c21,9.9
CC1[NH+]=C(N)Nc2ccccc21,10.5
CC1[NH+]=C(NCC(F)(F)F)Nc2ccccc21,9.2
CC1[NH+]=C(NCC(F)F)Nc2c(Cl)ccc(Cl)c21,7.8
CC1[NH+]=C(NCC(F)F)Nc2ccc(Cl)c(Cl)c21,8.5
CC1[NH+]=C(NCC(F)F)Nc2cccc(Cl)c21,8.9
CC1[NH+]=C(NCC(F)F)Nc2ccccc21,9.7
CC1NCC=[NH+]1,7.86
CC1[NH2+]CNc2nccnc21,6.74
CC1[NH2+]OCc2ccccc21,3.7
CC1O[NH2+]Cc2ccccc21,3.6
CCC(=O)C(CC(C)[NH+](C)C)(c1ccccc1)c1ccccc1,8.723333
CCC(=O)C(CC(C)[NH+]1CCCCC1)(c1ccccc1)c1ccccc1,8.58
CCC(=O)C(CC(C)[NH+]1CCOCC1)(c1ccccc1)c1ccccc1,6.89
CCC(=O)C(CC[NH+](C)C)(c1ccccc1)c1ccccc1,9.23
CCC(=O)C(CC[NH+]1CCCCC1)(c1ccccc1)c1ccccc1,8.86
CCC(=O)C(CC[NH+]1CCOCC1)(c1ccccc1)c1ccccc1,6.98
CCC(=O)C(C[C@H](C)[NH+]1CCOCC1)(c1ccccc1)c1ccccc1,6.73
CCC(=O)C(c1ccccc1)(c1ccccc1)C(C)C[NH+]1CCOCC1,7.12
CCC(=O)C(c1ccccc1)(c1ccccc1)[C@@H](C)C[NH+](C)C,8.07
CCC(=O)N(c1ccccc1)C1(COC)CC[NH+](CCc2cccs2)CC1,7.85
CCC(=O)N(c1ccccc1)C1(COC)CC[NH+](CCn2nnn(CC)c2=O)CC1,6.5
CCC(=O)N(c1ccccc1)C1CC[NH+](CCc2ccccc2)CC1,8.43
CCC(=O)OC(C)C[NH+](C)C,8.26
CCC(=O)OCC[NH+](C)C,8.29
CCC(=O)O[C@@]1(c2ccccc2)CC[NH+](C)C[C@H]1C,8.66
CCC(=O)O[C@](Cc1ccccc1)(c1ccccc1)[C@H](C)C[NH+](C)C,9.2
CCC(=O)SCC[NH+](C)C,8.28
CCC(C(=O)Nc1c(C)cccc1C)[NH+](CC)CC,7.91
CCC(C)(C)[NH3+],10.89
CCC(C)(C)[NH+](C)C(C)(C)C,11.9
CCC(C)(C)[NH+](C)C(C)C,11.2
CCC(C)(C)[NH2+]C(C)(C)CC,11.6
CCC(C)(C)[NH2+]C1CCCCC1,11.2
CCC(C)(C)[NH2+]CC(O)COc1ccccc1C(=O)CCc1ccccc1,9.2
CCC(C)(C)[NH2+]c1ccccc1,6.55
CCC(C)(CC)[NH2+]c1ccccc1,6.32
CCC(C)([NH3+])CC,10.91
CCC(C)C(=O)CC[NH+]1CCOCC1,7.07
CCC(C)[NH3+],10.56
CCC(C)[NH+](C)C,10.4
CCC(C)[NH+](C)c1ccccc1,6.03
CCC(C)[NH2+]C(C)C,11
CCC(C)[NH2+]C(C)CC,10.94
CCC(C)[NH2+]CC(C)C,10.77
CCC(C)[NH2+]c1ccccc1,5.47
CCC(CC)[NH+]=c1cc(C)[nH]c(Nc2c(C)cc(C)cc2C)c1C,9.3
CCC(CC)[NH+]=c1cc(C)[nH]c(Oc2c(C)cc(C)cc2C)c1C,6.9
CCC(CC)Oc1cc(C)[nH+]c(Oc2c(C)cc(C)cc2C)c1C,3.55
CCC([NH3+])(CC)CC,10.87
CCC([NH3+])(CO)CO,8.8
CCC(N)=[NH+]O,5.95
CCC([NH3+])CCCl,8.53
CCC([NH3+])CO,9.53
CCC(O)C[NH+](C)CC(C)O,8.9
CCC(O)C[NH+](C)CC(O)CC,9
CCC(O)C[NH+](C)CCO,8.7
CCC(O)C[NH+](CC(C)O)C(C)(C)C,9.5
CCC(O)C[NH+](CC(O)CC)C(C)(C)C,9.6
CCC(O)C[NH+](CC)CC(C)O,9.2
CCC(O)C[NH+](CC)CC(O)CC,9.2
CCC(O)C[NH+](CC)CCO,9.1
CCC(O)C[NH+](CCO)C(C)(C)C,9.4
CCC1(c2cccc(-c3cncnc3)c2)[NH+]=C(N)c2ccccc2O1,8.4
CCC12CC3CC(CC([NH3+])(C3)C1)C2,10.61
CCC12CCC(=O)C=C1c1c(cc(OCC(=O)OCC[NH+]3CCOCC3)c(Cl)c1Cl)C2,5.08
CCC12CCC(=O)C=C1c1c(cc(OCC(=O)OCc3ccc[nH+]c3)c(Cl)c1Cl)C2,3.32
CCC1=[NH+]CCC1,7.91
CCC1C(=O)OC[C@@H]1Cc1c[nH+]cn1C,6.99
CCC1C(=O)OC[C@H]1Cc1c[nH+]cn1C,7.17
CCC1C2CC3C4N(C)c5ccccc5C45CC(C2[C@H]5O)[NH+]3C1O,6.5
CCC1CCC[NH+]1C,9.78
CCC1C[NH2+]1,5.69
CCC1C[NH+]1CC,8.19
CCC1CSC(C(C)C)=[NH+]1,5.28
CCC1NCC=[NH+]1,7.73
CCC1OC(=O)CC(O)C(C)C(O[C@@H]2O[C@H](C)C[C@H]([NH+](C)C)[C@H]2O)C(CC=O)CC(C)C(=O)/C=C\C(C)=C/C1C,8.83
CCCC(=[NH2+])OCC,7.08
CCCC(=O)C(CC[NH+]1CCOCC1)(c1ccccc1)c1ccccc1,7.17
CCCC(=O)Nc1ccc(OCC(O)C[NH2+]C(C)C)c(C(C)=O)c1,9.596
CCCC(=O)OC(C)C[NH+](C)C,8.27
CCCC(=O)OCC[NH+](C)C,8.31
CCCC(=O)SCC[NH+](C)C,8.32
CCCC(C(=O)Nc1c(C)cccc1C)[NH+](CC)CC,7.89
CCCC12CCC(=O)C=C1c1c(cc(OCC(=O)NCC[NH+](C)C)c(Cl)c1Cl)C2,7.7
CCCC1CCC[NH+]1C,9.78
CCCCC(C(=O)Nc1c(C)cccc1C)[NH+](CC)CC,7.81
CCCCC1CCC[NH+]1C,10.01
CCCCCC(=[NH2+])NN(C)C,10.4
CCCCCC(C)(C)[NH3+],10.83
CCCCCC(C)[NH3+],11.15
CCCCCC(C)[NH2+]C,10.99
CCCCCCCCCCCC(=O)NC(CCCC[NH3+])C(=O)OC,10
CCCCCCCCCCCC(=O)NCCCCC([NH3+])C(=O)OC,9.1
CCCCCCCCCCCCCC(=O)NCCCCC([NH3+])C(=O)OC,7.8
CCCCCCCCCCCCCCCCCCCCCC[NH3+],10.6
CCCCCCCCCCCCCCCCCC[NH3+],10.6
CCCCCCCCCCCCCCCCCC[NH+](CC(C)O)CC(C)O,9.4
CCCCCCCCCCCCCCCCCC[NH2+]CC(F)(F)F,4.7
CCCCCCCCCCCCCCCCC[NH3+],10.6
CCCCCCCCCCCCCCCCCc1c2ccccc2[nH+]c2ccccc12,5.5
CCCCCCCCCCCCCCCC[NH3+],10.61
CCCCCCCCCCCCCCCC[NH+](CC(C)O)CC(C)O,9.19
CCCCCCCCCCCCCCCC[NH2+]CC(F)(F)F,5.2
CCCCCCCCCCCCCCC[NH3+],10.61
CCCCCCCCCCCCCCC[NH2+]CCCCCCCCCCCCCCC,11
CCCCCCCCCCCCCC[NH3+],10.62
CCCCCCCCCCCCCC[NH+](CC(C)O)CC(C)O,8.4
CCCCCCCCCCCCCC[NH+](CC(C)O)CC(O)CC,6.1
CCCCCCCCCCCCCC[NH+](CCO)CC(O)CC,6.1
CCCCCCCCCCCCC[NH3+],10.63
CCCCCCCCCCCCC[NH2+]CCCCCCCCCCCCC,11
CCCCCCCCCCCCCc1cccc[nH+]1,5.6
CCCCCCCCCCCCCc1cc[nH+]cc1,5.9
CCCCCCCCCCCC[NH+](CC(C)O)CC(C)O,7.8
CCCCCCCCCCCC[NH+](CC(C)O)CC(O)CC,6.2
CCCCCCCCCCCC[NH+](CCO)CC(C)O,6.5
CCCCCCCCCCCC[NH+](CCO)CC(O)CC,6.4
CCCCCCCCCCCC[NH+]1CCOCC1,7.6
CCCCCCCCCCCC[NH2+]CC(F)(F)F,5.5
CCCCCCCCCCCC[NH2+]CC(F)F,7.5
CCCCCCCCCCCC[NH2+]CCCCCCCCCCCC,11
CCCCCCCCCCCC[NH2+]c1ccccc1,4.12
CCCCCCCCCCCCn1cc(C[NH2+][C@H]2[C@H](O)[C@@H](O)[C@H](O)[C@@H](O)[C@@H]2O)nn1,7.1
CCCCCCCCCCC[NH3+],10.63
CCCCCCCCCCC[NH2+]Cc1ccc(C)cc1,9.46
CCCCCCCCCCCn1cc(CC[NH2+][C@H]2[C@H](O)[C@@H](O)[C@H](O)[C@@H](O)[C@@H]2O)nn1,9.1
CCCCCCCCCC[NH3+],10.64
CCCCCCCCCC[NH+](CC(C)O)CC(C)O,7.6
CCCCCCCCCC[NH+](CC(C)O)CC(O)CC,6.7
CCCCCCCCCC[NH+](CC(O)CC)CC(O)CC,6.6
CCCCCCCCCC[NH+](CCO)CC(C)O,7.5
CCCCCCCCCC[NH+](CCO)CC(O)CC,7.2
CCCCCCCCCC[NH2+]Cc1ccc(C)cc1,9.48
CCCCCCCCCC[NH2+]c1ccccc1,4.56
CCCCCCCCCCn1cc(CCC[NH2+][C@H]2[C@H](O)[C@@H](O)[C@H](O)[C@@H](O)[C@@H]2O)nn1,9.9
CCCCCCCCCCn1cc(C[NH2+][C@H]2[C@H](O)[C@@H](O)[C@H](O)[C@@H](O)[C@@H]2O)nn1,7.1
CCCCCCCCC[NH2+]Cc1ccc(C)cc1,9.48
CCCCCCCCCn1cc(CC[NH2+][C@H]2[C@H](O)[C@@H](O)[C@H](O)[C@@H](O)[C@@H]2O)nn1,9.1
CCCCCCCCCn1cc(C[NH2+][C@H]2[C@H](O)[C@@H](O)[C@H](O)[C@@H](O)[C@@H]2O)nn1,7.1
CCCCCCCCCn1cc[nH+]c1,6.6
CCCCCCCC[NH3+],10.76
CCCCCCCC[NH+](CC(C)O)CC(C)O,8.3
CCCCCCCC[NH+](CC(C)O)CC(O)CC,8.1
CCCCCCCC[NH+](CC(O)CC)CC(O)CC,7.5
CCCCCCCC[NH+](CCO)CC(C)O,8.2
CCCCCCCC[NH+](CCO)CC(O)CC,8.3
CCCCCCCC[NH+]1CCCCC1,8.28
CCCCCCCC[NH2+]CC(F)(F)F,5.9
CCCCCCCC[NH2+]Cc1ccc(C)cc1,9.47
CCCCCCCCOCC[NH+](C)C,8.87
CCCCCCCCn1cc(CCC[NH2+][C@H]2[C@H](O)[C@@H](O)[C@H](O)[C@@H](O)[C@@H]2O)nn1,9.4
CCCCCCCCn1cc(CC[NH2+][C@H]2[C@H](O)[C@@H](O)[C@H](O)[C@@H](O)[C@@H]2O)nn1,9.1
CCCCCCCCn1cc(C[NH2+][C@H]2[C@H](O)[C@@H](O)[C@H](O)[C@@H](O)[C@@H]2O)nn1,7.7
CCCCCCC[NH3+],10.34
CCCCCCC[NH+](CCCCCCC)c1ccccc1,3.33
CCCCCCC[NH+]=c1c2ccc(Cl)cc2[nH]c2ccc(OC)cc12,7.5
CCCCCCC[NH2+]Cc1ccc(C)cc1,10.02
CCCCCCC[NH2+]c1ccccc1,5.09
CCCCCC[NH3+],10.68
CCCCCC[NH+](CC(C)O)CC(C)O,8.5
CCCCCC[NH+](CC(C)O)CC(O)CC,8.9
CCCCCC[NH+](CC(O)CC)CC(O)CC,8.6
CCCCCC[NH+](CCCCCC)c1ccccc1,4.89
CCCCCC[NH+](CCO)CC(C)O,9
CCCCCC[NH+](CCO)CC(O)CC,9.1
CCCCCC[NH2+]CCCCCC,11.01
CCCCCC[NH2+]Cc1ccc(C)cc1,10.17
CCCCCC[NH2+]c1ccccc1,5.21
CCCCCCn1cc(CCC[NH2+][C@H]2[C@H](O)[C@@H](O)[C@H](O)[C@@H](O)[C@@H]2O)nn1,10.4
CCCCCCn1cc[nH+]c1,7.2
CCCCC[NH3+],10.65
CCCCCN(C1=[NH+]CCN1)c1c(Br)cccc1Br,11
CCCCC[NH+](CC(C)O)CC(C)O,9
CCCCC[NH+](CC(C)O)CC(O)CC,9.1
CCCCC[NH+](CC(O)CC)CC(O)CC,9.2
CCCCC[NH+](CCO)CC(C)O,8.9
CCCCC[NH+](CCO)CC(O)CC,9.1
CCCCC[NH+]=c1[nH]c2ccccc2n1CCc1ccccc1,7.4
CCCCCNC1=[NH+]CCN1OCCCc1ccccc1,10
CCCCCNC1=[NH+]CCN1OCCc1ccccc1,9.9
CCCCCNC1=[NH+]CCN1OCc1ccccc1,10.1
CCCCC[NH2+]CCCCC,11.18
CCCCC[NH2+]Cc1ccc(C)cc1,10.08
CCCCC[NH2+]N,6.25
CCCCC[NH2+]c1ccccc1,5.2
CCCCCSC(=[NH2+])c1ccccc1,8.5
CCCCCSC1=[NH+]CCN1OCc1ccccc1,8.5
CCCCC[C@H](C)[NH3+],10.8
CCCCCc1cccn[nH+]1,3.7
CCCCCn1cc(C(=O)c2cccc3ccccc23)c2cc[nH+]cc21,5.83
CCCCCn1cc(C(=O)c2cccc3ccccc23)c2c[nH+]ccc21,6.49
CCCCCn1cc[nH+]c1,7.12
CCCC[NH3+],10.723333
CCCC[NH+](C)C,10.03
CCCCN(C)[NH+](C)CCCC,7.16
CCCCN(C1=[NH+]CCN1)c1c(Br)cccc1Br,10.97
CCCC[NH+](CC(C)O)CC(C)O,9.3
CCCC[NH+](CC1CO1)CC1CO1,6.91
CCCC[NH+](CCCC)CCCC,10.8
CCCC[NH+](CCCC)c1ccccc1,6.41
CCCCN(CCCC)c1[nH+]nc(-c2ccccc2)cc1C,4.88
CCCC[NH+](CCCl)CCCl,6.63
CCCC[NH+]1CCCC1,10.36
CCCC[NH+]1CCCC1C,10.65
CCCC[NH+]1CCCCC1,10.47
CCCC[NH+]1CCCCC1C,10.7
CCCC[NH+]1CCCCC1C(=O)Nc1c(C)cccc1C,7.715
CCCC[NH+]=C(C)NN(C)C,10.4
CCCC[NH+]=C(N)N=C(N)Nc1ccc(Cl)cc1,10.78
CCCC[NH2+]C,10.8
CCCCNC(=O)C(C)C[C@H](O)[C@@H]([NH3+])C[C@H](Cc1ccc(OC)c(OCCCOC)c1)C(C)C,9.13
CCCCNC1=[NH+]C(C)c2ccccc2N1,10.7
CCCC[NH2+]CC(=O)Nc1c(C)cccc1C,8.04
CCCC[NH2+]CCC#N,8.3
CCCC[NH2+]CCCC,11.29
CCCC[NH2+]Cc1ccc(C)cc1,9.98
CCCC[NH2+]Cc1ccccc1,9.46
CCCC[NH2+]N,7.82
CCCCNc1c(N(C)CCC[NH+](C)C)c(=O)c1=O,8.8
CCCC[NH2+]c1ccccc1,5.11
CCCCOC(=[NH2+])c1ccccc1,6.09
CCCCOC(=O)C([NH3+])CCC(=O)NCCSC(C)=O,8.69
CCCCOC(=O)c1ccc([NH3+])cc1,2.47
CCCCOc1cc(C(=O)NCC[NH+](CC)CC)c2ccccc2n1,8.85
CCCCOc1ccc(OCCC[NH+]2CCOCC2)cc1,6.24
CCCCOc1noc2c1C[NH2+]CC2,7.6
CCCCSC(=[NH2+])c1ccccc1,8.21
CCCCSC1=[NH+]CCN1,9
CCCCSCC[NH3+],8.37
CCCCSCC[NH+](CC)CC,8.43
CCCCc1ccccc1[NH3+],4.26
CCCCc1cccn[nH+]1,3.49
CCCCc1[nH+]c(Cl)c(CC(=O)OC)n1Cc1ccc(NC(=O)c2ccc(Cl)cc2)cc1,4.5
CCCCn1cc(C[NH2+][C@H]2[C@H](O)[C@@H](O)[C@H](O)[C@@H](O)[C@@H]2O)nn1,7.2
CCCCn1cc[nH+]c1,7.14
CCCCn1c[nH+]c2ccccc21,5.31
CCC[NH3+],10.675
CCC[NH+](C)C,9.62
CCCN(C)[NH3+],7.35
CCCN(C)[NH+](C)CCC,7.05
CCC[NH+](C)c1ccccc1,5.67
CCCN(C1=[NH+]CCN1)c1c(Br)cccc1Br,11
CCC[NH+](CC(C)O)CC(C)O,8.9
CCC[NH+](CC(C)O)CC(O)CC,9
CCC[NH+](CC(O)CC)CC(O)CC,9
CCC[NH+](CC)C(CC)C(=O)Nc1c(C)cccc1C,6.62
CCC[NH+](CC)c1ccccc1,6.39
CCCN(CCC)C(=O)c1cc(C)cc(C(=O)NC(Cc2cc(F)cc(F)c2)C(=O)C2[NH2+]CCN(Cc3ccccc3)C2O)c1,6
CCCN(CCC)C(=O)c1cc(C)cc(C(=O)NC(Cc2cc(F)cc(F)c2)C(=O)C2[NH2+]CN(Cc3ccccc3)C2O)c1,3.6
CCCN(CCC)C(=O)c1cccc(C(=O)N[C@@H](Cc2ccccc2)[C@H](O)C[NH2+]C2CC2)c1,8.4
CCCN(CCC)C(=O)c1cccc(C(=O)N[C@@H](Cc2ccccc2)[C@H](O)[C@H]2CCC[NH2+]2)c1,9.6
CCC[NH+](CCC)CC(=O)NC1c2ccccc2-c2ccccc21,7.28
CCC[NH+](CCC)CC(=O)Nc1c(C)cccc1C,7.68
CCC[NH+](CCC)CCC,10.47
CCC[NH+](CCC)CCc1c[nH]c2ccccc12,8.6
CCC[NH+](CCC)c1ccccc1,6.13
CCC[NH+](CCCl)CCCl,6.7
CCC[NH+](CCO)CC(C)O,8.9
CCC[NH+](CCO)CC(O)CC,9
CCCN([NH3+])CCC,7
CCC[NH+]1C=CC(=CC=C2C=CC(=O)C=C2)C=C1,8.5
CCC[NH+]1CCCCC1,10.45
CCC[NH+]1CCCCC1C(=O)Nc1c(C)cccc1C,8.07
CCC[NH+]1CCN(c2ccc(C#N)cc2)CC1,7.78
CCC[NH+]1CCN(c2ccc(C(F)(F)F)cc2)CC1,7.84
CCC[NH+]1CCN(c2ccc(C(N)=O)cc2)CC1,7.84
CCC[NH+]1CCN(c2ccc(C)cc2)CC1,7.92
CCC[NH+]1CCN(c2ccc(Cl)cc2)CC1,7.83
CCC[NH+]1CCN(c2ccc(OC)cc2)CC1,7.88
CCC[NH+]1CCN(c2cccc(C#N)c2)CC1,7.67
CCC[NH+]1CCN(c2cccc(C(F)(F)F)c2)CC1,7.81
CCC[NH+]1CCN(c2cccc(C(N)=O)c2)CC1,7.76
CCC[NH+]1CCN(c2cccc(C)c2)CC1,7.83
CCC[NH+]1CCN(c2cccc(Cl)c2)CC1,7.83
CCC[NH+]1CCN(c2cccc(OC)c2)CC1,7.86
CCC[NH+]1CCN(c2ccccc2)CC1,7.96
CCC[NH+]1CCN(c2ccccc2C#N)CC1,7.92
CCC[NH+]=C(N)N=C(N)Nc1ccc(Cl)cc1,10.78
CCC[NH2+]C(C)C,10.96
CCC[NH2+]C(C)C(=O)Nc1ccccc1C,7.673333
CCCNC1=[NH+]C(C)c2ccccc2N1,10.7
CCC[NH2+]C1c2ccccc2C=Cc2ccccc21,8.9
CCC[NH2+]CC(=O)Nc1c(C)cccc1C,8.01
CCC[NH2+]CC(O)COc1ccccc1C(=O)CCc1ccccc1,9.27
CCC[NH2+]CCC,11.02
CCC[NH2+]Cc1ccc(C)cc1,9.98
CCC[NH2+]Cc1ccccc1,9.62
CCC[NH2+]N,7.92
CCC[NH2+]c1ccccc1,5.12
CCCOC(=O)C([NH3+])CCC(=O)NCCSC(C)=O,8.8
CCCOC(=O)c1ccc([NH3+])cc1,2.49
CCCOC(C(=O)OC1CC[NH+](C)CC1)(c1ccccc1)c1ccccc1,6.65
CCCOCCCCCCn1cc(C[NH2+][C@H]2[C@H](O)[C@@H](O)[C@H](O)[C@@H](O)[C@@H]2O)nn1,7.1
CCCOc1noc2c1C[NH2+]CC2,7.6
CCCS(=O)(=O)n1c2c(c3cc(C(=O)N4CCC(C)CC4)ccc31)C[NH+](C1CCOC1)CC2,5.8
CCCS(=O)(=O)n1c2c(c3cc(C(=O)N4CCC(C)CC4)ccc31)C[NH+](C1CCOCC1)CC2,7.3
CCCSC(=[NH2+])c1ccccc1,8.1
CCCSC(=O)CCCc1c[nH]c[nH+]1,7.55
CCCSCC[NH3+],9.43
CCCSCC[NH+](CC)CC,8.83
CCC[C@@H]1CC(C(=O)N[C@@H]([C@H]2O[C@H](SC)[C@H](O)[C@@H](O)[C@H]2O)[C@@H](C)O)[NH+](C)C1,7.65
CCCc1ccc(C)[nH+]n1,4.25
CCCc1ccc(CCC[NH+](C)C)cc1,10.54
CCCc1ccccc1[NH3+],4.36
CCCc1cccc[nH+]1,5.97
CCCc1cccn[nH+]1,3.59
CCCc1cc[nH+]c2c1ccc1cccnc12,5.45
CCCc1[nH]c2ccc(OCC)cc2[nH+]1,6.12
CCCc1[nH]cc[nH+]1,8.02
CCCn1cc[nH+]c1C,8.2
CCCn1cc[nH+]c1C=O,5.15
CCCn1cc[nH+]c1CO,7.04
CCCn1c[nH+]c2ccccc21,5.46
CCCn1c[nH+]cn1,2.36
CCN(C(=O)Cc1ccc(OC)cc1)C1CC[NH+](C(C)C[C@H](NC(=O)C2CCC2)c2ccccc2)CC1,7.8
CCN(C(=O)Cc1ccc(S(C)(=O)=O)cc1)C1CC[NH+](CC[C@@H](c2cc(F)cc(F)c2)C2CCN(S(C)(=O)=O)CC2)CC1,8.4
CCN(C(=O)Cc1ccc(S(C)(=O)=O)cc1)C1CC[NH+](CC[C@H](c2ccc(S(C)(=O)=O)cc2)c2cc(F)cc(F)c2)CC1,7.5
CC[NH+](C(C)C)C(C)C,11.44
CCN(C)C(=O)C1CC(c2ccc(C[NH+]3CCCC3)c(F)c2)C1,9.3
CCN(C)C(=O)Oc1cccc([C@H](C)[NH+](C)C)c1,8.99
CC[NH+](C)CC,10.39
CCN(C)[NH3+],7.3
CC[NH+](C)N(C)C,6.38
CCN(C)[NH+](C)CC,6.8
CCN(C)[NH+](CC)CC,7.3
CCN(C)[NH2+]C,6.85
CC[NH+](C)c1ccccc1,6.02
CCN(C1=[NH+]CCN1)c1c(Br)cccc1Br,11.1
CCN(CC)C(=O)C1(c2ccccc2)CC1C[NH3+],9.5
CCN(CC)C(=O)C1=CC2c3cccc4[nH]cc(c34)CC2[NH+](C)C1,7.8
CCN(CC)C(=O)N[C@H]1C[C@@H]2c3cccc4[nH]cc(c34)C[C@H]2[NH+](C)C1,6.8
CCN(CC)C(=O)[C@@]1(c2ccc3c(c2)OCO3)C[C@H]1C[NH3+],9.6
CCN(CC)C(=O)[C@@]1(c2ccccc2)C[C@H]1C[NH3+],9.6
CCN(CC)C(=O)[C@]1(c2ccccc2)C[C@@H]1C[NH3+],9.7
CCN(CC)C(=O)[C@]1(c2ccccc2)C[C@H]1C[NH3+],9.6
CCN(CC)C(=O)c1cn2c(C)c(C)[nH+]c2c2c1CCC(c1ccccc1)O2,6.75
CC[NH+](CC)C(C)(C)C=O,8.3
CC[NH+](CC)C(C)C(=O)Nc1c(C)cccc1C,8.053333
CC[NH+](CC)C(C)C=C(c1cccs1)c1cccs1,8.9
CC[NH+](CC)C(C)CC(=O)Nc1c(C)cccc1C,9.03
CC[NH+](CC)C(C)CCC(=O)Nc1c(C)cccc1C,9.87
CC[NH+](CC)C(C)CCCC(=O)Nc1c(C)cccc1C,10.1
CC[NH+](CC)C(C)O,10.2
CC[NH+](CC)CC#N,4.18
CC[NH+](CC)CC(=O)N(C)c1ccccc1C,8.74
CC[NH+](CC)CC(=O)NC1CCCCC1,8.21
CC[NH+](CC)CC(=O)NC1CCc2ccccc21,8.19
CC[NH+](CC)CC(=O)NC1c2ccccc2-c2ccccc21,7.98
CC[NH+](CC)CC(=O)NCc1ccccc1,8.07
CC[NH+](CC)CC(=O)Nc1c(C)cc(C)cc1C,7.9
CC[NH+](CC)CC(=O)Nc1c(C)cccc1C,7.873636
CC[NH+](CC)CC(=O)Nc1cc(C)cc(C)c1,8.01
CC[NH+](CC)CC(=O)Nc1cc(C)ccc1C,7.92
CC[NH+](CC)CC(=O)Nc1ccc(C)cc1,8.13
CC[NH+](CC)CC(=O)Nc1ccc(C)cc1C,7.95
CC[NH+](CC)CC(=O)Nc1ccccc1,8
CC[NH+](CC)CC(=O)Nc1ccccc1C,7.95
CC[NH+](CC)CC(O)CO,9.77
CC[NH+](CC)CC1CO1,8.55
CC[NH+](CC)CCBr,7
CC[NH+](CC)CCC#N,7.62
CC[NH+](CC)CCC(=O)Nc1c(C)cccc1C,8.895
CC[NH+](CC)CCC(C)=O,9.25
CC[NH+](CC)CCC(OC(=O)c1ccccc1)c1ccccc1,7.53
CC[NH+](CC)CCCC#N,9.29
CC[NH+](CC)CCCC(=O)Nc1c(C)cccc1C,9.52
CC[NH+](CC)CCCC(C)=O,10.1
CC[NH+](CC)CCCCC#N,10.08
CC[NH+](CC)CCCCC(=O)Nc1c(C)cccc1C,9.96
CC[NH+](CC)CCCCCC(=O)Nc1c(C)cccc1C,10.24
CC[NH+](CC)CCCCCCC(=O)Nc1c(C)cccc1C,10.24
CC[NH+](CC)CCCN1c2cc(F)ccc2CCc2ccc(F)cc21,7.65
CC[NH+](CC)CCC[C@@H](C)[C@H]1CC[C@H]2[C@@H]3CC[C@@H]4C[C@H](O)CC[C@]4(C)[C@H]3C[C@H](O)[C@]12C,10.34
CC[NH+](CC)CCN1C(=O)Nc2ccccc2C1c1ccccc1,10.23
CC[NH+](CC)CCNC(=O)C1C[C@@H]1c1ccccc1,8.9
CC[NH+](CC)CCNC(=O)c1cc(Cl)c(N)cc1OC,9.471667
CC[NH+](CC)CCO,9.84
CC[NH+](CC)CCOC(=O)c1ccc2ccccc2c1,7.52
CC[NH+](CC)CCOC(=O)c1ccccc1,8.9
CC[NH+](CC)CCON=C1C[C@H]2C(C)(C)O[C@H]3CC(=O)OC[C@]32[C@H]2CC[C@@]3(C)[C@H](c4ccoc4)OC(=O)C4O[C@]43[C@]12C,9.17
CC[NH+](CC)CCONc1c(C2=c3ccc(Br)cc3=NC2=O)[nH]c2ccccc12,9.38
CC[NH+](CC)CCOc1ccc(C(=O)N2C/C(=C\c3ccccc3)C(=O)/C(=C/c3ccccc3)C2)cc1,10.84
CC[NH+](CC)CCS(=O)(=O)c1ccc(OC)c(OC)c1OC,7.41
CC[NH+](CC)CCSC,9.62
CC[NH+](CC)CCSC(C)C,9.32
CC[NH+](CC)CCSC1CCCCC1,8.11
CC[NH+](CC)CCSCC(C)C,8.83
CC[NH+](CC)CCn1ccc(=O)c(O)c1C,8.57
CC[NH+](CC)Cc1ccccc1,9.44
CC[NH+](CC)Cc1ccccc1OC,10.2
CC[NH+](CC)Cc1cn2nc(-c3ccccc3)cc(C)c2n1,8.79
CC[NH+](CC)N(C)C,6.88
CCN(CC)[NH+](CC)CC,7.31
CCN(CC)[NH+]=C(C)N,10.6
CCN(CC)[NH2+]C,7.14
CC[NH+](CC)c1ccc(C)c2nc(-c3c(OC)cc(COC)cc3OC)c(C)cc12,5.86
CC[NH+](CC)c1ccc(C)cc1,7.18
CC[NH+](CC)c1ccc(OC)c2nc(-c3c(OC)cc(COC)cc3OC)c(C)cc12,6.01
CC[NH+](CC)c1ccccc1,6.6
CC[NH+](CC)c1ccccc1C,7.18
CCN(CC)c1cccc[nH+]1,7.32
CC[NH+](CC1CO1)CC1CO1,6.91
CC[NH+](CCC#N)CCC#N,4.55
CCN(CCC[NH+]1CCc2cc(OC)ccc2C1)S(=O)(=O)c1ccc(C)cc1,7.4
CCN(CCC[NH+]1CCc2cc(OC)ccc2C1)S(=O)(=O)c1ccc(OC)cc1,7.4
CCN(CCC[NH+]1CCc2cc(OC)ccc2C1)S(=O)(=O)c1cccc2ccccc12,7.4
CCN(CCC[NH+]1CCc2cc(OC)ccc2C1)S(=O)(=O)c1ccccc1,7.4
CC[NH+](CCO)CC(C)O,8.9
CCN([NH3+])CC,7.63
CC[NH+](O)CC,5.62
CC[NH+](c1ccccc1)C(C)(C)C,8.02
CC[NH+]1CCC=C1C,11.88
CC[NH+]1CCCC1,10.96
CC[NH+]1CCCC1C,10.6
CC[NH+]1CCCC=C1C,11.57
CC[NH+]1CCCCC1C,10.68
CC[NH+]1CCC[C@H]1CNC(=O)c1c(OC)ccc(Br)c1OC,8.9
CC[NH+]1CCN(c2cc(=O)oc3c(C)c(O[C@@H]4OC(C)(C)[C@H](OC)[C@@H](OC(=O)c5ccc(C)[nH]5)[C@H]4O)ccc23)CC1,7.5
CC[NH+]1CCc2onc(OC)c2C1,7
CC[NH+]=C(N)N=C(N)Nc1ccc(Cl)cc1,10.82
CCNC(=O)C1CC(F)(c2ccc(C[NH+]3CCCC3)c(F)c2)C1,9.2
CCNC(=O)C1CCCC[NH2+]1,8.6
CCNC(=O)c1nc(OC)cc(N(C)C)[nH+]1,2.9
CC[NH2+]C(C)C,11.03
CC[NH2+]C(C)Cc1cccc(C(F)(F)F)c1,10
CCNC1=[NH+]C(C)c2ccccc2N1,10.8
CC[NH2+]CC,11.05
CC[NH2+]CC(=O)N(CC)CC,8.78
CC[NH2+]CC(=O)Nc1c(C)cccc1C,8.06
CC[NH2+]CCC[C@@]1(c2ccccc2)C=C(c2cc(F)ccc2F)CN1C(=O)N(C)C,10.7
CC[NH2+]Cc1ccc(C)cc1,10.04
CC[NH2+]Cc1ccccc1,9.75
CC[NH2+]N,7.95
CC[NH2+]N(C)C,6.58
CC[NH2+]N(C)CC,6.81
CC[NH2+]N(CC)CC,7.08
CCN[NH2+]C,7.5
CCN[NH2+]CC,7.66
CC[NH2+]c1ccc(C)cc1,5.72
CC[NH2+]c1cccc2ccccc12,4.19
CC[NH2+]c1ccccc1,5.29
CC[NH2+]c1ccccc1C,4.92
CCOC(=O)C(C)[NH3+],7.8
CCOC(=O)C([NH3+])CC,7.71
CCOC(=O)C([NH3+])CC(C)C,7.63
CCOC(=O)C([NH3+])CCC(=O)NCCSC(=O)C(C)(C)C,8.9
CCOC(=O)C([NH3+])CCC(=O)NCCSC(=O)c1ccccc1,8.85
CCOC(=O)C([NH3+])CCC(=O)NCCSC(C)=O,8.94
CCOC(=O)C1(c2ccccc2)CC[NH+](C)CC1,9.125
CCOC(=O)C1(c2ccccc2)CC[NH+](CC(F)(F)F)CC1,3.13
CCOC(=O)C1(c2ccccc2)CC[NH+](CC(F)F)CC1,5.23
CCOC(=O)C1(c2ccccc2)CC[NH+](CC)CC1,9.03
CCOC(=O)C1(c2ccccc2)CC[NH+](CCF)CC1,7.43
CCOC(=O)C1C2c3ccccc3C(c3ccccc32)C1[NH+](C)C,7.48
CCOC(=O)C1CC2CC[NH+]1CC2,8.8
CCOC(=O)C1CCc2nc3c(ccn4cc[nH+]c34)cc2C1,4.08
CCOC(=O)C1C[NH+]2CCC1CC2,9.64
CCOC(=O)CC(C(=O)OCC)n1cc[nH+]c1,6.02
CCOC(=O)CC(CC(=O)OCC)n1cc[nH+]c1,6.45
CCOC(=O)CC([NH2+]C)c1ccccc1,8.23
CCOC(=O)CC(c1ccccc1)[NH+](C)C,7.66
CCOC(=O)CCCCC[NH3+],10.37
CCOC(=O)CCCC[NH3+],10.15
CCOC(=O)CCC[NH3+],9.71
CCOC(=O)CCCc1cccc[nH+]1,5.32
CCOC(=O)CC[NH3+],9.13
CCOC(=O)CC[NH+](C)C,8.6
CCOC(=O)C[NH3+],7.74
CCOC(=O)C[C@H]([NH3+])c1ccccc1,8.32
CCOC(=O)Cc1cccc[nH+]1,4.25
CCOC(=O)N(Cc1ccccc1-c1ccccc1)[C@H]1CC[NH2+]C1,9.6
CCOC(=O)N1CCC(=C2c3ccc(Cl)cc3CCc3ccc[nH+]c32)CC1,4.58
CCOC(=O)N1CC[NH+](C)CC1,7.31
CCOC(=O)N1CC[NH+](Cc2nc(-c3cccc(Cl)c3)no2)CC1,3.4
CCOC(=O)N1CC[NH+](Cc2nnc(-c3cc(Cl)ccc3F)o2)CC1,3.5
CCOC(=O)N1CC[NH+](Cc2nnc(-c3cccc(Cl)c3)o2)CC1,3.5
CCOC(=O)N1CC[NH+](Cc2noc(-c3cc(Cl)ccc3F)n2)CC1,4
CCOC(=O)N1CC[NH2+]CC1,8.28
CCOC(=O)Nc1ccc2c(c1)N(C(=O)CC[NH+]1CCOCC1)c1ccccc1S2,6.4
CCOC(=O)c1ccc(CC[NH3+])cc1,9.58
CCOC(=O)c1ccc[nH+]c1,3.2
CCOC(=O)c1cn2c(C)c(C)[nH+]c2c2c1CCC(c1ccccc1)O2,6.35
CCOC(=O)c1c[nH+]c2cc3c(cc2c1OCC)OCO3,4.09
CCOC(=O)c1c[nH+]c2ccccc2c1OCC,3.88
CCOC(=O)c1c[nH+]cn1[C@H](C)c1ccccc1,4.5
CCOC(=O)c1[nH+]cn2c1CN(C)C(=O)c1cc(F)ccc1-2,6.2
CCOC(C)=[NH2+],7.15
CCOC(N)=NC(=[NH2+])Nc1ccc(Cl)cc1,9.36
CCOCC[NH+](C)c1ccccc1,4.8
CCOCC[NH2+]c1ccc(C)cc1,4.6
CCOCC[NH2+]c1ccc(Cl)cc1,3.28
CCOCC[NH2+]c1ccc(OC)cc1,4.99
CCOCC[NH2+]c1cccc(C)c1,4.24
CCOCC[NH2+]c1cccc(OC)c1,3.67
CCOCC[NH2+]c1ccccc1,4.04
CCOP(=O)(C[NH+]1CCOCC1)OCC,4
CCOP(=O)(OCC)C(C)([NH3+])CCC[P+](c1ccccc1)(c1ccccc1)c1ccccc1,5.13
CCOP(=O)(OCC)C1(C)CCC[NH2+]1,7.01
CCO[C@@H]([C@H]1C[C@@H](C)[C@H]2[C@H](O1)[C@H](O)[C@@]1(C)[C@@H]3CC[C@H]4C(C)(C)[C@@H](O[C@H]5CN(C6C[NH+](CCO)C6)CCO5)CC[C@@]45C[C@@]35CC[C@]21C)C(C)(C)O,8.4
CCO[C@@H]([C@H]1C[C@@H](C)[C@H]2[C@H](O1)[C@H](O)[C@@]1(C)[C@@H]3CC[C@H]4C(C)(C)[C@@H](O[C@H]5CN(C6C[NH2+]C6)CCO5)CC[C@@]45C[C@@]35CC[C@]21C)C(C)(C)O,10.7
CCOc1c(C#N)c[nH+]c2ccccc12,3.18
CCOc1ccc(-c2ccc(CCC[NH+](C)C)cc2)cc1,9.82
CCOc1ccc(/[NH+]=C/N(C)C)cc1,9.24
CCOc1ccc([NH3+])cc1,5.25
CCOc1ccc(NC(=O)c2cn3c(C)c(C)[nH+]c3c3c2CCC(c2ccccc2)O3)cc1,6.57
CCOc1ccc2[nH]c(C(C)C)[nH+]c2c1,6.17
CCOc1ccc2[nH]c(C)[nH+]c2c1,6.22
CCOc1ccc2[nH]c(CC(C)C)[nH+]c2c1,6.07
CCOc1ccc2[nH]c(CC)[nH+]c2c1,6.27
CCOc1ccc2[nH]c[nH+]c2c1,5.57
CCOc1ccc2c3c1O[C@H]1[C@@H](O)C=C[C@H]4[C@@H](C2)[NH+](C)CC[C@@]341,8.03
CCOc1ccc2[nH+]c3c(c(N4CCOCC4)c2c1)CCC3,7.11
CCOc1cccc(/[NH+]=C/N(C)C)c1,8.87
CCOc1cccc(C(=O)N[C@@H]2C[C@H]3CC[C@@H](C2)[NH+]3Cc2ccccc2)c1OC,8.78
CCOc1cccc([NH3+])c1,4.15
CCOc1ccccc1[NH3+],4.51
CCOc1cccc[nH+]1,3.47
CCOc1noc2c1C[NH+](C)CC2,6.6
CCOc1noc2c1C[NH2+]CC2,7.6
CCS(=O)(=O)c1cc(OC)c(OC)c(C(=O)N[C@@H]2C[C@H]3CC[C@@H](C2)[NH+]3Cc2ccccc2)c1,8.9
CCS(=O)(=O)n1c2c(c3cc(C(=O)N4CCC(C)CC4)ccc31)C[NH+](C1CCOC1)CC2,5.9
CCS(=O)(=O)n1c2c(c3cc(C(=O)N4CCC(C)CC4)ccc31)C[NH+](C1CCOCC1)CC2,6.9
CCSC(=[NH2+])c1ccccc1,6.05
CCSC(C)=[NH2+],6.9
CCSCC[NH3+],9.48
CCSCC[NH+](CC)CC,9.03
CCS[C@@H]1C(O)C2CC(=O)CC1[NH+]2C,5.15
CC[C@@H](C[C@H]1COC(=[NH2+])N1)c1ccccc1,8.98
CC[C@H]1C[NH+]2CCc3cc(OC)c(OC)cc3[C@@H]2C[C@@H]1CC=O,8.11
CC[C@H]1OC(=O)C[C@@H](O)[C@H](C)[C@@H](O[C@@H]2O[C@H](C)C[C@H]([NH+](C)C)[C@H]2O)[C@@H](CC=O)CC(C)C(=O)/C=C\[C@]2(C)O[C@H]2[C@@H]1C,8.79
CC[C@]1(O)C[C@@H](C)[NH2+][C@@H]2CCCC[C@H]21,10.31
CC[C@]1(O)C[C@@H](C)[NH2+][C@H]2CCCC[C@@H]21,9.71
CC[C@]1(O)C[C@H](C)[NH2+][C@@H]2CCCC[C@H]21,10.05
CC[C@]12CCC[NH+]3CC[C@@]4(c5cccc(OC)c5N(C(C)=O)[C@H]4CC1)[C@@H]32,7.57
CC[C@]12CCC[NH+]3CCc4c(n(c5ccccc45)CC1)[C@@H]32,6.9
CC[N+]([OH2+])(CC)CC,5.13
CCc1[nH]c2cc(F)ccc2c1C1CC[NH+](CCCSc2ccc(F)cc2)CC1,9.8
CCc1c(C)[nH+]c2c3c(c(C(=O)N(C)C)cn12)CCC(c1ccccc1)O3,6.7
CCc1c(C)[nH+]nc(C)c1C,5.17
CCc1cc(=[NH2+])cc(N2CCc3ccccc3C2)[nH]1,9
CCc1cc(C)[nH+]nc1C,4.73
CCc1cc(Cl)n(C)c2[nH+]c3ccccc3c1-2,7.46
CCc1cc(N=Nc2ccc([NH+](C)C)cc2)ccc1C,2.59
CCc1ccc(CCCC[NH+](C)C)cc1,9.9
CCc1ccc(CCC[NH+](C)C)cc1,10.63
CCc1ccc(N=Nc2ccc([NH+](C)C)cc2)cc1C,2.6
CCc1ccc(N=Nc2ccc([NH+](C)C)cc2)cc1CC,2.58
CCc1ccc2c(c1)[C@@H]([NH2+]C[C@@H](O)[C@H](Cc1cc(F)cc(F)c1)NC(C)=O)CS(=O)(=O)C2,5.8
CCc1cccc(/N=N/c2ccc([NH+](C)C)cc2)c1,2.16
CCc1cccc(C)c1C[NH+]=c1cc(C(=O)N(C)C)[nH]c2c(Br)c(C)[nH]c12,5.84
CCc1cccc(C)c1C[NH+]=c1cc(C(=O)N(C)C)[nH]c2c(C)c(C)[nH]c12,7.57
CCc1cccc(C)c1C[NH+]=c1cc(C(=O)N(C)C)[nH]c2c(CO)c(C)[nH]c12,7.07
CCc1cccc(C)c1C[NH+]=c1cc(C(=O)N(C)C)[nH]c2cc(C)[nH]c12,7.39
CCc1cccc(C)c1CNc1cc(C(N)=O)cn2c(C)c(C)[nH+]c12,6.1
CCc1cccc(CC)c1NC1=[NH+]CCN1,10.606667
CCc1cccc2cc(C(O)C[NH2+]C(C)(C)C)oc12,8.95
CCc1ccccc1C(=O)N(C1CCC2(CC1)OCCO2)C(Cc1ccc(Cl)cc1)C[NH+](C)C,7.4
CCc1cccn[nH+]1,3.58
CCc1ccnc2c1ccc1c(CC)cc[nH+]c12,5.6
CCc1cc[nH+]c2c1ccc1cccnc12,5.44
CCc1c[nH+]c2c(ccc3cccnc32)c1,4.98
CCc1cn[nH+]c(C)c1,4.17
CCc1[nH]cc(C)[nH+]1,8.5
CCc1[nH+]c2c(-c3ccc(Cl)cc3Cl)ccnc2n1C(CC)C1CC1,3.86
CCc1nn(CCC[NH+]2CCN(c3cccc(Cl)c3)CC2)c(=O)n1CCOc1ccccc1,6.645
CCn1c(-c2ccc(OC)cc2)cs/c1=[NH+]/c1ccc2oc(=O)ccc2c1,7.63
CCn1cc(C(=O)OCN(C)C(=O)OC)c(=O)c2ccc(C)[nH+]c21,6
CCn1cc(C2(c3cccc(-c4cncnc4)c3)[NH+]=C(N)c3c(F)cccc32)cc(C)c1=O,7.7
CCn1cc([C@]2(c3cccc(C#CC4CC4)c3)[NH+]=C(N)c3c(F)cccc32)cc(C)c1=O,7.6
CCn1cc([C@]2(c3cccc(NC(=O)c4ccc(Cl)cn4)c3)[NH+]=C(N)c3c(F)cccc32)cc(C)c1=O,7.3
CCn1cc[nH+]c1C,8.09
CCn1c[nH+]cn1,2.39
CN(C(=O)N1CC(c2cc(F)ccc2F)=C[C@@]1(CO)c1ccccc1)C1CC[NH2+]CC1,9.8
CN(C)/C=[NH+]/c1ccc(Br)cc1,8.1
CN(C)/C=[NH+]/c1ccc(Cl)cc1,8.46
CN(C)/C=[NH+]/c1cccc(Br)c1,8.08
CN(C)/C=[NH+]/c1cccc(Cl)c1,7.97
CN(C)/C=[NH+]/c1ccccc1,9
CN(C)/C=[NH+]/c1ccccc1Br,6.71
CN(C)/C=[NH+]/c1ccccc1Cl,6.85
CN(C)C(=O)C(CC[NH+]1CCC(O)(c2ccc(Cl)cc2)CC1)(c1ccccc1)c1ccccc1,8.855
CN(C)C(=O)N1CC(c2cc(F)ccc2F)=C[C@@]1(CCC[NH3+])c1ccccc1,10.3
CN(C)C(=O)N1CC(c2cc(F)ccc2F)=C[C@@]1(CCC[NH2+]CC(F)(F)F)c1ccccc1,5.2
CN(C)C(=O)N1CC(c2cc(F)ccc2F)=C[C@@]1(CCC[NH2+]CC(F)F)c1ccccc1,7
CN(C)C(=O)N1CC(c2cc(F)ccc2F)=C[C@@]1(CCC[NH2+]CCF)c1ccccc1,8.8
CN(C)C(=O)N1N=C(c2cc(F)ccc2F)C[C@@]1(CCC[NH3+])c1ccccc1,10.3
C[NH+](C)C(C)(C)C=O,8.4
C[NH+](C)C(C)(C)CCCc1ccc(C(C)(C)C)cc1,10.4
C[NH+](C)C1(CCCc2ccc(C(C)(C)C)cc2)COC1,7.2
C[NH+](C)C1CC2c3ccccc3C1c1ccccc12,8.67
C[NH+](C)CC(=O)O,9.81
C[NH+](C)CC(C)(C)C,9.75
C[NH+](C)CC(C)(C)CCc1ccc(C(C)(C)C)cc1,9.4
C[NH+](C)CC(C)(C)CNC(=O)C1C[C@@H]1c1ccccc1,8.9
C[NH+](C)CC(CSC#N)SC#N,6.1
C[NH+](C)CC(CSCc1ccccc1)SCc1ccccc1,7.3
C[NH+](C)CC(Cc1ccccc1)c1ccccc1,9.93
C[NH+](C)CC(Cl)CCl,7.5
C[NH+](C)CC(Oc1ccccc1)Oc1ccccc1,9.2
C[NH+](C)CC/C=C1/c2ccccc2Sc2ccc(Cl)cc21,8.84
C[NH+](C)CC1(CCc2ccc(C(C)(C)C)cc2)COC1,8
C[NH+](C)CC1=CC2c3ccccc3C1c1ccccc12,8.04
C[NH+](C)CC1C2c3ccccc3C(c3ccccc32)C1CO,8.86
CN(C)C(=O)OCC1C2c3ccccc3C(c3ccccc32)C1C[NH+](C)C,8.99
C[NH+](C)CCBr,7.55
C[NH+](C)CCC(=O)C(C)(C)C,9.49
C[NH+](C)CCC(C)(C)Cc1ccc(C(C)(C)C)cc1,9.5
C[NH+](C)CCC(c1ccccc1)c1ccc(-c2ccccc2)cc1,9.85
C[NH+](C)CCC(c1ccccc1)c1ccccc1,9.7
C[NH+](C)CCC1(Cc2ccc(C(C)(C)C)cc2)COC1,9.2
C[NH+](C)CCC=C1c2ccccc2C=Cc2ccccc21,9.69
C[NH+](C)CCC=C1c2ccccc2CCc2ccccc21,9.42
C[NH+](C)CCC=C1c2ccccc2COc2ccccc21,8.5925
C[NH+](C)CCCC(=O)Oc1ccccc1,9.7
C[NH+](C)CCCC(C)(C)c1ccc(C(C)(C)C)cc1,9.8
C[NH+](C)CCCC1(c2ccc(C(C)(C)C)cc2)COC1,9.6
C[NH+](C)CCCC1(c2ccc(F)cc2)OCc2cc(C#N)ccc21,9.5
C[NH+](C)CCCCC(=O)Oc1ccccc1,10
C[NH+](C)CCCCc1ccc(C(C)(C)C)cc1,9.9
C[NH+](C)CCCCc1ccc(C2(C)COC2)cc1,9.9
C[NH+](C)CCCCc1ccc(C2(F)COC2)cc1,9.9
C[NH+](C)CCCCc1ccc(C2(O)COC2)cc1,9.6
C[NH+](C)CCCCc1ccc(C2COC2)cc1,9.9
C[NH+](C)CCCN1c2cc(F)ccc2CCc2ccc(F)cc21,7.65
C[NH+](C)CCCN1c2ccccc2CCc2ccc(Cl)cc21,9.34
C[NH+](C)CCCN1c2ccccc2CCc2ccccc21,9.472857
C[NH+](C)CCCN1c2ccccc2Sc2ccc(C#N)cc21,9.29
C[NH+](C)CCCN1c2ccccc2Sc2ccc(C(F)(F)F)cc21,9.216
C[NH+](C)CCCN1c2ccccc2Sc2ccc(Cl)cc21,9.271818
C[NH+](C)CCCN1c2ccccc2Sc2ccccc21,9.36
Cn1cc(NC(=O)c2cc(NC(=O)c3cc(NC=O)cn3C)cn2C)cc1C(=O)NCCC[NH+](C)C,9.5
C[NH+](C)CCCO,9.76
C[NH+](C)CCCc1ccc(-c2ccc(Cl)cc2)cc1,9.96
C[NH+](C)CCCc1ccc(-c2ccccc2)cc1,9.88
C[NH+](C)CCCc1ccc(Br)cc1,10.62
C[NH+](C)CCCc1ccc(C(C)(C)C)cc1,10.03
C[NH+](C)CCCc1ccc(Cl)cc1,10.59
C[NH+](C)CCCc1ccc2ccccc2c1,10.27
C[NH+](C)CCCc1ccccc1,10.96
C[NH+](C)CCOC(C)(c1ccccc1)c1ccccc1,8.75
C[NH+](C)CCOC(c1ccccc1)c1ccc(Br)cc1,8.64
C[NH+](C)CCOC(c1ccccc1)c1ccccc1,9.066667
C[NH+](C)CCON=C1C[C@H]2C(C)(C)O[C@H]3CC(=O)OC[C@]32[C@H]2CC[C@@]3(C)[C@H](c4ccoc4)OC(=O)C4O[C@]43[C@]12C,8.78
C[NH+](C)CCON=C1C[C@H]2C(C)(C)O[C@H]3CC(=O)OC[C@]32[C@H]2CC[C@]3(C)C(=CC(=O)O[C@H]3c3ccoc3)[C@]12C,8.88
C[NH+](C)CCONc1c(C2=c3ccc(Br)cc3=NC2=O)[nH]c2ccccc12,8.59
C[NH+](C)CCOc1ccc(C(=O)N2C/C(=C\c3ccccc3)C(=O)/C(=C/c3ccccc3)C2)cc1,10.73
Cn1cc(-c2noc(CC[NH+](C)C)n2)c2ccccc21,7.7
C[NH+](C)C[C@@H]1[C@H](CO)[C@H]2C=C[C@@H]1C2,9.54
C[NH+](C)Cc1c(C(C)(C)C)cccc1C(C)(C)C,9.2
C[NH+](C)Cc1ccccc1C(=O)N(CCc1ccc(Cl)cc1)C1CCC2(CC1)OCCO2,8.4
C[NH+](C)Cc1ccccc1CO,8.78
Cn1cc(-c2noc(C[NH+](C)C)n2)c2ccccc21,5.6
C[NH+](C)[C@H]1CCCC[C@@H]1O,10.42
C[NH+](C)[C@H]1CCC[C@@H]1C#N,7.02
C[NH+](C)[C@H]1CC[C@@H](C)CC1,10.46
C[NH+](C)c1cc[n+](O)cc1,3.9
C[NH+](C)c1ccc(/C=C/c2nnnn2-c2ccccc2)cc1,3.47
C[NH+](C)c1ccc(/N=N/c2cccc[nH+]2)cc1,2
C[NH+](C)c1ccc(/N=N/c2ccccc2)cc1,2.85
C[NH+](C)c1ccc(/N=N/c2ccccn2)cc1,4.5
C[NH+](C)c1ccc(N2CCOCC2)cc1,5.7
CN(C)c1ccc(N=[OH+])cc1,4.54
CN(C)c1ccc2cc3c(ccc4ccccc43)[nH+]c2c1,7.31
CN(C)c1cc[nH+]c(N2CCc3ccccc3C2)c1,8.8
CN(C)c1[nH+]cc(-c2ccccc2)s1,4.89
CN(C)c1[nH+]cc(Br)s1,3.66
CN(C)c1[nH+]cnc2c1ncn2[C@H]1O[C@@H](CO)[C@H](O)[C@@H]1O,3.65
CN(C)c1noc(C2=CCC[NH2+]C2)n1,8.58
C[NH+](C/C=C/C#CC(C)(C)C)Cc1cccc2ccccc12,8.5
CN(C1=[NH+]CCN1)c1c(Br)cccc1Br,10.7
CN(C1=[NH+]CCO1)c1ccccc1,8.51
C[NH+](CC#CCN1CCCC1=O)CCBr,5.6
C[NH+](CC(N)=O)C1CCC(OCc2cc(C(F)(F)F)cc(C(F)(F)F)c2)C1c1ccccc1,5.8
C[NH+](CC(N)=O)[C@@H]1CC[C@H](OCc2cc(C(F)(F)F)cc(C(F)(F)F)c2)[C@H]1c1ccccc1,5.8
C[NH+](CC1CO1)CC1CO1,6.45
C[NH+](CCC#N)CCC#N,4.24
C[NH+](CCCCCCOc1ccc(C(=O)c2ccc(Br)cc2)cc1)C1CC1,7.48
C[NH+](CCCCCCOc1ccc(C(=O)c2ccc(Br)cc2)cc1)CC1CC1,9.37
C[NH+](CCCN1c2ccccc2CCc2ccccc21)CC(=O)c1ccc(Cl)cc1,6.7
C[NH+](CCCO)CCCCCCOc1ccc(C(=O)c2ccc(Br)cc2)cc1,9.05
C[NH+](CCCl)CCCl,6.45
C[NH+](CCO)CCCl,7.5
C[NH+](CCO)CCO,8.51
C[NH+](CCO)c1ccccc1,4.89
CN(CCc1ccccc1)c1[nH+]cnc2c1ncn2C1O[C@H](CO)[C@@H](O)[C@H]1O,3
C[NH+](Cc1cc(Br)cc(Br)c1N)C1CCCCC1,8.5
C[NH+](Cc1ccc(OC2CN(C(=O)c3nnc(-c4ccccc4)o3)C2)cc1)CC1(C)COC1,8.5
C[NH+](O)Cc1ccccc1,4.6
C[NH+](c1ccccc1)C1CCCC1,6.71
C[NH+](c1ccccc1)C1CCCCC1,6.35
CN1C(=[NH2+])C(C)(C)c2ccccc21,9.25
CN1C(=O)C(C)(c2cccc(NC(=O)c3ccc(Cl)cn3)c2)[NH+]=C1N,7.3
CN1C(=O)C(c2ccccc2)(c2ccccc2)[NH+]=C1N,5.7
CN1C(=O)CC[C@H]1c1ccc[nH+]c1,4.5
CN1C(=O)C[C@@](C)(c2cccc(NC(=O)c3ccc(Cl)cn3)c2)[NH+]=C1N,8.4
CN1C(=O)N(CC[NH+]2CCOCC2)C(=O)C(C)(C2=CCCCC2)C1=O,5.75
CN1C(=O)[C@]2([NH+]=C1N)c1cc(-c3cccnc3F)ccc1O[C@H]1CCOC[C@@H]12,5.8
CN1C(C(=O)[NH+]=c2cccc[nH]2)C(=O)c2ccccc2S1(=O)=O,5.376667
CN1C(C(=O)[NH+]=c2cccc[nH]2)C(=O)c2sccc2S1(=O)=O,5.025
C[NH+]1C2=CCCC1CCC2,8.8
C[NH+]1C2CC(OC(=O)c3c[nH]c4ccccc34)CC1C1OC12,6.64
CN1C2CCC(C2)[NH+]1C,6.89
CN1C2CCC(CC2)[NH+]1C,7.14
C[NH+]1C2CCC1CC(=NOC(c1ccccc1)c1ccc(Cl)cc1)C2,8.34
C[NH+]1C2CCC1CC(NC(=O)N1CC(C)(C)c3ccccc31)C2,9.4
Cn1nc(C(=O)NC2CC3CCCC(C2)[NH+]3C)c2ccccc21,9
C[NH+]1C2COCC1CC(NC(=O)N1CC(C)(C)c3ccccc31)C2,7.1
C[NH+]1C=C(C#N)C=CC1,2.7
C[NH+]1C=C(C#N)CCC1,2.7
CN1CC(=[NH2+])NC(C)(c2cccc(NC(=O)c3ccc(Cl)cn3)c2)C1=O,7.8
CN1CC(C)(c2cccc(NC(=O)c3ccc(Cl)cn3)c2)[NH+]=C(N)C1=O,7.6
CN1CC=[NH+]C1,7.12
C[NH+]1CCC(=C2c3ccccc3C=Cc3ccccc32)CC1,8.87
C[NH+]1CCC(=C2c3ccccc3CC(=O)c3sccc32)CC1,8.24
CN(C(=O)N1CC(c2cc(F)ccc2F)=C[C@@]1(CO)c1ccccc1)C1CC[NH+](C)CC1,8.8
C[NH+]1CCC2=C(C1)C(c1ccccc1)c1ccccc12,8.29
C[NH+]1CCC=C(C#N)C1,6.35
Cn1cc(-c2noc(C3=CCC[NH+](C)C3)n2)c2ccccc21,7.2
CN(C)c1noc(C2=CCC[NH+](C)C2)n1,7.24
C[NH+]1CCCC(n2nc(Cc3ccc(Cl)cc3)c3ccccc3c2=O)CC1,9.54
C[NH+]1CCCC1CCOC(C)(c1ccccc1)c1ccc(Cl)cc1,9.2
C[NH+]1CCCC1c1ccccc1,8.8
CN1CCCC2CC[NH+]=C21,11.5
CN1CCCCC1=[NH+]c1ccc2c(c1)[C@@H](NC(=O)c1ccc(Br)cc1)[C@H](O)C2,9.9
C[NH+]1CCN(C(C#N)c2ccc3c(c2)OCO3)CC1,7.6
C[NH+]1CCN(C(c2ccccc2)c2ccc(Cl)cc2)CC1,7.81
CN1CC[NH+](C)c2cccc3cccc1c23,4.62
C[NH+]1CCN(C2=Nc3ccccc3Oc3ccc(Cl)cc32)CC1,7.513333
C[NH+]1CCN(CC(=O)N2c3ccccc3C(=O)Nc3cccnc32)CC1,8.1
C[NH+]1CCN(CCONc2c(C3=c4ccc(Br)cc4=NC3=O)[nH]c3ccccc23)CC1,7.65
C[NH+]1CCN(Cc2ccc(OC3CN(C(=O)c4nnc(-c5ccccc5)o4)C3)cc2F)CC1,8.4
C[NH+]1CCN(c2nc3c(=O)c4cc(F)ccc4[nH]c3s2)CC1,8
C[NH+]1CCN(c2nc3c(=O)c4ccccc4[nH]c3s2)CC1,8.6
C[NH+]1CCN2c3ccccc3Cc3ccccc3C2C1,7.75
C[NH+]1CCOC(c2ccccc2)c2ccccc2C1,9.3
C[NH+]1CC[C@H]2CCC[C@@H](OC(=O)c3ccc(Cl)cc3)[C@H]2C1,8.9
C[NH+]1CC[C@H]2CCC[C@@H](OC(=O)c3ccccc3)[C@H]2C1,9.05
C[NH+]1CC[C@]23c4c5ccc(OCc6ccccc6)c4O[C@H]2[C@@H](O)C=C[C@H]3[C@H]1C5,8.07
C[NH+]1CCc2cccc(c2)CCc2ccc1cc2,6.76
C[NH+]1C[C@@H](CO)C[C@H]2c3cccc4[nH]cc(c34)C[C@@H]21,8.3
C[NH+]1C[C@H](CO)C[C@H]2c3cccc4[nH]cc(c34)C[C@@H]21,8.84
C[NH+]1Cc2c(ccc3c2OCO3)-c2ccc3cc4c(cc3c21)OCO4,2.6
CN1Cc2cc(-c3ccc(C[C@@H](C#N)NC(=O)C4CCCC[NH2+]4)cc3)ccc2C1=O,7.1
C[NH+]1[C@@H](CC(=O)c2ccccc2)CCC[C@H]1C[C@@H](O)c1ccccc1,8
C[NH+]1[C@@H]2CC[C@H]1C[C@H](OC(=O)C(CO)c1ccccc1)C2,9.66
C[NH+]1[C@@H]2CC[C@H]1C[C@@H](OC(=O)C(CO)c1ccccc1)C2,9.76125
C[NH+]1[C@@H]2CC[C@H]1C[C@@H](OC(=O)c1c[nH]c3ccccc13)C2,8.4
C[NH+]1[C@@H]2CC[C@H]1C[C@@H](OC(c1ccccc1)c1ccccc1)C2,10
C[NH+]1[C@@H]2C[C@H](OC(=O)C(CO)c3ccccc3)C[C@H]1[C@H]1O[C@H]12,7.55
C[NH+]1[C@@H]2C[C@@H]3C[C@H]1[C@@H](O)[C@H]2O3,8.2
C[NH+]=C(C)SC,7.71
C[NH+]=C(N)N=C(N)Nc1ccc(Cl)cc1,10.6
C[NH+]=C1C(C)(C)c2ccccc2C1(C)C,7
C[NH+]=C1CCCCC1C,9.47
C[NH+]=c1[nH]c2cncnc2[nH]1,7.17
C[NH+]=c1cc[nH]c(N2CCc3ccccc3C2)c1,8.85
CNC(=O)C(CC[NH+]1CCC(O)(c2ccc(Cl)cc2)CC1)(c1ccccc1)c1ccccc1,7.2
CNC(=O)C1CCCC[NH2+]1,8.8
CNC(=O)C=C(c1ccc2[nH]c(=[NH2+])n(C(C)C)c2c1)c1cccc(F)c1F,6.69
CNC(=O)C=C(c1ccc2[nH]c(=[NH2+])n(C3CCCC3)c2c1)c1ccccc1F,6.7
CNC(=O)Nc1ccc(Cc2c3ccccc3[nH+]c3ccccc23)cc1,7.77
CNC(=O)O[C@H]1CCc2ccc(N3CC[NH+](C4COC4)CC3)cc2[C@@H]1NC(=O)c1ccc(F)cc1,5
CNC(=O)O[C@H]1COc2ccc(N3CC[NH+](C4COC4)CC3)cc2[C@@H]1NC(=O)c1ccc(F)cc1,5.11
CNC(=O)Oc1ccc2c(c1)[C@@]1(C)CC[NH+](C)[C@H]1N2C,6.12
CNC(=O)c1cc(=[NH+]Cc2c(C)cccc2C)c2[nH]c(C)c(Br)c2[nH]1,7.39
CNC(=O)c1cc(=[NH+]Cc2c(C)cccc2C)c2[nH]c(C)cc2[nH]1,7.33
CNC(=O)c1cc(N[C@H]2c3ccccc3C[C@@H]2O)c2[nH+]c(C)c(C)n2c1,5.97
CNC(=O)c1cc2c([nH+]c(C)n2C)c2c1CC[C@@H](c1ccc(Cl)cc1C)O2,5.6
CNC(=O)c1ccc2c(c1)[C@@H]([NH2+]C)CCC2c1ccc(Cl)c(Cl)c1,8.8
CNC(=O)c1cc[nH+]cc1,3.8
CNC(=O)c1cn2c(C)c(C)[nH+]c2c2c1CCC(c1ccccc1)O2,6.74
CNC(=O)c1cn2c(C)c(C)[nH+]c2c2c1CCC1(CCc3ccccc31)O2,6.8
CNC(=S)N(C)CC[NH+]=c1c2ccccc2[nH]c2ccccc12,9
CNC(=S)NCCSCc1[nH]c[nH+]c1C,6.8
C[NH2+]C(C)C(O)c1ccccc1,9.96
C[NH2+]C(C)CC1CCCCC1,10.52
C[NH2+]C(C)Cc1ccc(OC)c(OC)c1,9.8
C[NH2+]C(C)Cc1ccccc1,9.87
C[NH2+]C(CO)CO,9.12
C[NH2+]C1(c2ccccc2Cl)CCCCC1=O,7.495
CNC1=[NH+]C(C)c2ccccc2N1,10.6
C[NH2+]CC#N,5.26
C[NH2+]CC(=O)Nc1c(C)cccc1C,7.99
C[NH2+]CC(C)c1ccccc1,9.87
C[NH2+]CC(F)(F)F,6
C[NH2+]CC(O)CO,9.55
C[NH2+]CC(O)c1ccccc1,9.31
C[NH2+]CC1CC2c3ccccc3C1c1ccccc12,10.18
C[NH2+]CCC#N,8.1
C[NH2+]CCC(=O)c1ccccc1,9
C[NH2+]CCC(Oc1ccc(C(F)(F)F)cc1)c1ccccc1,10.04
C[NH2+]CCC=C1c2ccccc2CCc2ccccc21,10.144
C[NH2+]CCCC12CCC(c3ccccc31)c1ccccc12,10.533333
C[NH2+]CCCC1c2ccccc2C=Cc2ccccc21,8.2
C[NH2+]CCCCc1ccccc1,10.76
C[NH2+]CCCN1c2ccccc2CCc2ccccc21,10.245
C[NH2+]CCC[C@]12CC[C@H](c3ccccc31)c1ccccc12,10.5
C[NH2+]CCCc1ccccc1,10.58
C[NH2+]CCN(C)C(=O)Oc1ccc(OC)cc1,8.88
C[NH2+]CCO,9.91
C[NH2+]CCS(=O)(=O)CC[C@@H]1OCC[C@@]2(S(=O)(=O)c3ccc(Cl)cc3)c3c(F)ccc(F)c3OC[C@@H]12,7.7
C[NH2+]CC[C@@H](Oc1ccccc1C)c1ccccc1,10.1575
C[NH2+]CC[C@H](Oc1cccc2ccccc12)c1cccs1,9.97
C[NH2+]CCc1ccccc1,10.23
C[NH2+]CCc1nc(-c2cn(C)c3ccccc23)no1,8.8
C[NH2+]Cc1cc(-c2ccc(F)cc2)n(S(=O)(=O)c2ccc(C)cc2)c1,9.4
C[NH2+]Cc1cc(-c2cccc(F)c2)n(S(=O)(=O)c2ccc(C)cc2)c1,9.31
C[NH2+]Cc1cc(-c2ccccc2)n(S(=O)(=O)c2ccc(C)cc2)c1,9.49
C[NH2+]Cc1cc(-c2ccccc2)n(S(=O)(=O)c2ccc(OC)cc2)c1,9.48
C[NH2+]Cc1cc(-c2ccccc2F)n(S(=O)(=O)c2ccc(C)cc2)c1,9.48
C[NH2+]Cc1cc(-c2ccccc2F)n(S(=O)(=O)c2cccnc2)c1,9.3
C[NH2+]Cc1cc(=O)oc2cc(OCc3cccc(Cl)c3)ccc12,7.18
C[NH2+]Cc1ccc(C)cc1,9.93
C[NH2+]Cc1cn(S(=O)(=O)c2cc(C)ccn2)c(-c2cccnc2F)c1F,8.73
C[NH2+]Cc1cn(S(=O)(=O)c2cccnc2)c(-c2cccnc2F)c1F,8.54
C[NH2+]Cc1nc(-c2cn(C)c3ccccc23)no1,6.5
C[NH2+]N,7.87
C[NH2+][C@@H](C)[C@@H](O)c1ccccc1,10.055
C[NH2+][C@@H](C)[C@H](O)c1ccccc1,9.555
C[NH2+][C@@H]1CCN(c2cc(C(F)(F)F)[nH]c(=N)n2)C1,3.1
C[NH2+][C@H](C)[C@H](O)c1ccccc1,9.61
C[NH2+][C@H]1CCC(c2ccc(Cl)c(Cl)c2)c2ccc(C(N)=O)cc21,8.5
C[NH2+][C@H]1CCCC[C@@H]1O,10.16
C[NH2+][C@H]1CC[C@@H](c2ccc(Cl)c(Cl)c2)c2ccccc21,9.23
C[NH2+][C@]1(C)[C@@H]2CC[C@@H](C2)C1(C)C,11.085
C[NH2+]c1cc[n+](O)cc1,3.85
C[NH2+]c1ccc(OC)cc1,5.93
C[NH2+]c1cccc(N=c2c3ccccc3[nH]c3ccccc23)c1,7.61
CNc1ccc[nH+]c1,6.41
CO/N=C(\C#N)C1=CCC[NH+](C)C1,7.65
CO/N=C(\C#N)C1=CCC[NH2+]C1,8.6
CO/N=C(\F)C1=CCC[NH+](C)C1,7.39
COC(N)=[NH2+],9.72
COC(=O)C(CCCC[NH3+])NC(=O)OC(C)(C)C,10.79
COC(=O)C(Cc1c[nH]c[nH+]1)NC(C)=O,6.3
COC(=O)C([NH3+])CCCCNC(=O)OC(C)(C)C,8.9
COC(=O)C([NH3+])Cc1ccccc1,7
COC(=O)C(c1ccccc1)C1CCCC[NH2+]1,9.24
COC(=O)C1=CCC[NH2+]C1,8.7
COC(=O)C1CCC[NH+](C)C1,8.45
COC(=O)C1C[NH+]2CCC1CC2,9.4
COC(=O)C1CSC[NH2+]1,3.92
COC(=O)C1[C@@H](O)C[C@H]2CC[C@@H]1[NH+]2C,8.21
COC(=O)C1[C@@H](OC(=O)c2ccccc2)C[C@@H]2CC[C@H]1[NH+]2C,8.7
COC(=O)C1[C@H](O)C[C@@H]2CC[C@H]1[NH+]2C,8.85
COC(=O)C1[C@H]2CC[C@@H](C[C@H]1OC(=O)c1ccccc1)[NH+]2C,8.63
COC(=O)C1[C@H]2C[C@@H]3c4[nH]c5cc(OC)ccc5c4CC[NH+]3C[C@H]2C[C@@H](OC(=O)c2cc(OC)c(OC)c(OC)c2)[C@@H]1OC,6.925
COC(=O)CC1C(=C(C)C)C[NH2+]C1C(=O)O,9.52
COC(=O)CC1C(C(=O)O)[NH2+]CC1C(C)O,9.41
COC(=O)CCCc1c[nH]c[nH+]1,7.33
COC(=O)CCc1ccc(OCC(O)C[NH2+]C(C)C)cc1,9.5
COC(=O)Cc1ccccc1[NH3+],3.71
COC(=O)Cc1csc(=[NH2+])n1C,9.77
COC(=O)Cn1cc[nH+]c1,7.1
COC(=O)N(C)CC(=O)Oc1ccc([NH+](C)C)cc1,5.03
COC(=O)Nc1ccc(Cc2c3ccccc3[nH+]c3ccccc23)cc1,7.64
COC(=O)c1cc(Br)c(=O)n([NH3+])c1,2.4
COC1=CC=C2[C@@H]3Cc4ccc(OC)c5c4[C@]2(CC[NH+]3C)[C@@H]1O5,8.15
COC1CC2CC[NH+]1CC2,8.87
COC1CCN(C(=O)c2cc3cc(OC4CC[NH+](C(C)C)CC4)ccc3[nH]2)CC1,9.9
COC1CCN(C(=O)c2ccc3cc(OC4CC[NH+](C(C)C)CC4)ccc3c2)CC1,9.4
COC1CCN(C(=O)c2ccc3cc(OC4CC[NH+](C(C)C)CC4)ccc3n2)CC1,9.5
COC1CCN(C(=O)c2ccc3cc(OCCC[NH+]4CCCCC4)ccc3c2)CC1,9.57
COC1CN(C(=O)c2cc3c([nH+]c(C)n3C)c3c2CC[C@@H](c2ccc(Cl)cc2C)O3)C1,5.48
COCC(C)C[NH+](C)C,9.69
COCC/[NH+]=C(\c1ccccc1)C(C)(C)O,5.75
COCC1(C)[NH2+]CCc2c1oc1cc(S(=O)(=O)c3cccc(F)c3)ccc21,7.5
COCC1CC(C(=O)NC[C@H]2CCCO2)C[NH+](Cc2nc(N3CCOCC3)oc2C)C1,7.5
COCCCCC(=NOCC[NH3+])c1ccc(C(F)(F)F)cc1,9.45
COCCCC[NH2+]c1ccccc1,4.6
COCCCCc1cc(C[C@@H](C[C@H]([NH3+])[C@@H](O)CC(C(=O)NCC(C)(C)C(N)=O)C(C)C)C(C)C)ccc1OC,9.44
COCCC[NH3+],9.92
COCCC[NH+](C)C,9.36
COCCCOc1cc(C[C@@H](C[C@H]([NH3+])[C@@H](O)CC(C(=O)NC[C@H]2CCC(=O)N2)C(C)C)C(C)C)ccc1OC,9.09
COCC[NH+](C)C,8.96
COCC[NH+]1CCN(CCONc2c(C3=c4ccc(Br)cc4=NC3=O)[nH]c3ccccc23)CC1,7.47
COCCNC(=O)c1cc(N[C@H]2c3ccccc3C[C@@H]2O)c2[nH+]c(C)c(C)n2c1,6.01
COCCNC(=O)c1cn2c(C)c(C)[nH+]c2c2c1CCC(c1ccccc1)C2,7.22
COCC[NH2+]c1ccc(C)cc1,4.64
COCC[NH2+]c1ccc(Cl)cc1,3.3
COCC[NH2+]c1ccc(OC)cc1,5.02
COCC[NH2+]c1cccc(C)c1,4.29
COCC[NH2+]c1cccc(OC)c1,3.7
COCC[NH2+]c1ccccc1,4.05
COCCc1ccc(OCC(O)C[NH2+]C(C)C)cc1,9.536
COCCc1ccc(OC[C@@H](O)C[NH2+]C(C)C)cc1,9.6
COCCc1[nH]cc(C)[nH+]1,8.13
COCCn1cc(C(=O)c2cccc3ccccc23)c2cc[nH+]cc21,5.8
COCc1cccc(COC)[nH+]1,3.43
COCc1ccccc1C[NH+](C)C,9.19
COCc1ccccc1[C@@H]1CCc2c(C(=O)N(C)C)cc3c([nH+]c(C)n3C)c2O1,5.61
COCc1cn2c(C)c(C)[nH+]c2c2c1CCC(c1ccccc1)C2,7.79
COCc1nc(=Nc2ccc(C(F)(F)F)cc2)c2ccc(-c3[nH+]cccc3C(F)(F)F)cc2[nH]1,3.7
COCc1[nH]cc(C)[nH+]1,7.03
CON(C)C(=O)c1cn2c(C)c(C)[nH+]c2c2c1CCC(c1ccccc1)O2,6.49
CON(C)C(=O)c1cn2c(C)c(C)[nH+]c2c2c1CCC1(CCc3ccccc31)O2,6.63
CON=C(C#N)C1C[NH+]2CCC1CC2,8.96
CO[C@@H]1[C@@H](OC(=O)c2ccc(C)[nH]2)[C@@H](O)[C@H](Oc2ccc3c(N(C)CC[NH+](C)C)cc(=O)oc3c2C)OC1(C)C,8.2
CO[C@@H]1[C@@H](OC(=O)c2ccc(C)[nH]2)[C@@H](O)[C@H](Oc2ccc3c(N4CC(C)[NH2+]C(C)C4)cc(=O)oc3c2C)OC1(C)C,8
CO[C@@H]1[C@@H](OC(=O)c2ccc(C)[nH]2)[C@@H](O)[C@H](Oc2ccc3c(N4CCC([NH+](C)C)CC4)cc(=O)oc3c2C)OC1(C)C,9
CO[C@@H]1[C@@H](OC(=O)c2ccc(C)[nH]2)[C@@H](O)[C@H](Oc2ccc3c(N4CC[NH+](C)CC4)c(Cl)c(=O)oc3c2C)OC1(C)C,7.4
CO[C@@H]1[C@@H](OC(=O)c2ccc(C)[nH]2)[C@@H](O)[C@H](Oc2ccc3c(N4CC[NH+](C)CC4)cc(=O)oc3c2C)OC1(C)C,7.3
CO[C@@H]1[C@@H](OC(=O)c2ccc(C)[nH]2)[C@@H](O)[C@H](Oc2ccc3c(N4CC[NH2+]C(C)C4)cc(=O)oc3c2C)OC1(C)C,8.3
CO[C@@H]1[C@@H](OC(=O)c2ccc(C)[nH]2)[C@@H](O)[C@H](Oc2ccc3c(N4CC[NH2+]CC4)cc(=O)oc3c2C)OC1(C)C,8.3
CO[C@H]1C=CC2=CC[NH+]3CCC(CO)=C(CCO)[C@]23C1,7.8
CO[C@H]1C=CC2=CC[NH+]3CC[C@H](CO)/C(=C\CO)[C@]23C1,7.79
CO[C@H]1CC=C2CC[NH+]3CCC(CO)=C(CCO)[C@]23C1,8.69
CO[C@H]1CC=C2CC[NH+]3CC[C@H](CO)/C(=C\CO)[C@]23C1,8.42
COc1c(Br)cccc1C(=O)N[C@@H]1C[C@H]2CC[C@@H](C1)[NH+]2Cc1ccccc1,8.73
COc1c(C)cc(C2(c3cccc(-c4cncnc4)c3)N=C(C)C(=[NH2+])N2)cc1C,5.3
COc1c(C)cc(C2(c3cccc(-c4cncnc4)c3)[NH+]=C(N)c3c(F)cccc32)nc1C,8.1
COc1c(C)cc([C@@]2(c3cccc(-c4cncnc4)c3)N=C(C)C(=[NH2+])N2)cc1C,5.2
COc1c(C)cccc1C(=O)N[C@@H]1C[C@H]2CC[C@@H](C1)[NH+]2Cc1ccccc1,8.92
COc1c(C)[nH+]cc(CO)c1C=O,4.75
COc1c(Cl)ccc2c1C(C)[NH+]=C(NCC(F)F)N2,8.9
COc1c2ccccc2[nH+]c2ccccc12,7
COc1c[nH]ccc1=[NH2+],9.03
COc1cc(-c2cccc(Cl)c2)[nH+]cc1C1CCCN1C(=O)c1cncs1,5
COc1cc(-n2c[nH+]cc2-c2ccc3ccccc3c2)cc(OC)c1OC,5.58
COc1cc(/C=C2\CCCN3C2=NOC3(C)c2ccc(F)cc2)ccc1-n1c[nH+]c(C)c1,6.7
COc1cc(/C=C2\CCCN3C2=NO[C@@]3(CO)c2ccc(F)cc2)ccc1-n1c[nH+]c(C)c1,5.8
COc1cc(Br)cc(C(=O)N[C@@H]2C[C@H]3CC[C@@H](C2)[NH+]3Cc2ccccc2)c1OC,8.84
COc1cc(C#N)cc(C(=O)N[C@@H]2C[C@H]3CC[C@@H](C2)[NH+]3Cc2ccccc2)c1OC,8.7
COc1cc(C(=O)N[C@@H]2CCC[C@@H]3CC[NH+](C)C[C@@H]32)cc(OC)c1OC,9.02
COc1cc(C(=O)N[C@@H]2CCC[C@@H]3CC[NH+](C)C[C@H]32)cc(OC)c1OC,8.75
COc1cc(C(=O)O[C@@H]2CCC[C@@H]3CC[NH+](C)C[C@@H]32)cc(OC)c1OC,8.91
COc1cc(C(=O)O[C@@H]2CCC[C@@H]3CC[NH+](C)C[C@H]32)cc(OC)c1OC,8.82
COc1cc(C(C#N)[NH+]2CCCC2)cc(OC)c1OC,4.2
COc1cc(C(C#N)[NH+]2CCCCC2)cc(OC)c1OC,3.9
COc1cc(C(C#N)N2CC[NH+](C)CC2)cc(OC)c1OC,7.6
COc1cc(C(F)(F)F)cc(SC)c1C(=O)N[C@@]1(c2ccccc2)CCC[NH+](C)C1,7.72
COc1cc(C)c(-c2[nH]cc[nH+]2)cc1-c1ccc(C#CCO)s1,6.6
COc1cc(C)ccc1NC1=[NH+]CCN1,10.6
COc1cc(C)[nH+]cn1,3.65
COc1cc(COc2cccc(NC(=O)C3CCN(c4cc[nH+]cc4)CC3)c2)cc(OC)c1,8.9
COc1cc(Cl)c(NC2=[NH+]CCN2)c(Cl)c1,8.57
COc1cc(Cl)ccc1OC(c1ccccc1)C1C[NH2+]CCO1,7.7
COc1cc(F)cc(N2CC[NH+](CCCCNC(=O)c3ccc4nonc4c3)CC2)c1,7.34
COc1cc(N)c(Cl)cc1C(=O)NC1CC[NH+](CCCOc2ccc(F)cc2)CC1OC,7.8
COc1cc(N)c(Cl)cc1C(=O)NC1CC[NH+](Cc2ccccc2)CC1,8.59
COc1cc(N)c(Cl)cc1C(=O)NC1CC[NH+]2C(C)CCCC2C1,9.2
COc1cc(N)c(Cl)cc1C(=O)NC1CC[NH+]2CCOCC2C1,6.3
COc1cc(OC)c(/C=C/S(=O)(=O)Cc2c[nH+]c(OC)c(N)c2)c(OC)c1,2.39
COc1cc(OC)c(NC2=[NH+]CCN2)cc1Cl,10.15
COc1cc(OC)c(OC)c(C(=O)N[C@H]2C[C@H]3CC[C@@H](C2)[NH+]3Cc2ccccc2)c1,8.84
COc1cc(S(C)(=O)=O)cc(C(=O)N[C@@H]2C[C@H]3CC[C@@H](C2)[NH+]3Cc2ccccc2)c1OC,8.92
COc1cc(S(C)=O)ccc1-c1cn2ccncc2[nH+]1,2.88
COc1cc([C@H]2C[NH+]=C(c3ccc4c(ccn4C)c3)O2)cc(OC)c1OC,5
COc1cc2[nH]c(N(C)CCCNC(=O)C3CCCO3)[nH+]c(=N)c2cc1OC,8.1
COc1cc2[nH]c(N3CCN(C(=O)C4CCCO4)CC3)[nH+]c(=N)c2cc1OC,7.1
COc1cc2[nH]c(N3CCN(C(=O)C4COc5ccccc5O4)CC3)[nH+]c(=N)c2cc1OC,6.9
COc1cc2[nH]c(N3CCN(C(=O)c4ccco4)CC3)[nH+]c(=N)c2cc1OC,7
COc1cc2c(cc1OC)-c1c(-c3cnc(C(=O)N(C)C(C)(C)C)s3)[nH+]cn1CC2,4
COc1cc2c(cc1OC)-c1c(-c3cncs3)[nH+]c(C)n1CC2,5
COc1cc2c(cc1OC)-c1c(-c3cncs3)[nH+]cn1CC2,4.3
COc1cc2c(cc1OC)C(=O)C(CC1CC[NH+](Cc3ccccc3)CC1)C2,9.08
COc1cc2c(cc1OC)C(=O)Cc1ccc3c(c1C[NH+](C)CC2)OCO3,8.09
COc1cc2c(cc1OC)C13CC[NH+]4C1CC1C(=CCOC5CC(=O)N2C3C51)[C@@H]4S(=O)(=O)O,3.12
COc1cc2c(cc1OC)[NH+]=C(N)NC2,11.1
COc1cc2c(cc1OC)[NH2+]CC2,7.3
COc1cc2c(cc1OC)[C@]13CC[NH+]4CC5=CCO[C@@H]6CC(=O)N2[C@@H]1[C@@H]6[C@@H]5C[C@@H]43,5.86
COc1ccc(-c2c[nH]c(-c3ccccc3)[nH+]2)cc1,5.83
COc1ccc(-c2cc3cc[nH+]cc3[nH]2)c(OC)c1,8.29
COc1ccc(-c2cc3c[nH+]ccc3[nH]2)c(OC)c1,8.49
COc1ccc(-c2ccc(CCC[NH+](C)C)cc2)cc1,9.85
COc1ccc(-c2cn3cc[nH]c3[nH+]2)c(OC)c1,6.76
COc1ccc(-c2cnc(-c3ccc([NH3+])cc3)o2)cc1,3.22
COc1ccc(-c2c[nH+]cn2-c2cc(OC)c(OC)c(OC)c2)cc1,6.82
COc1ccc(-c2[nH]cc(-c3ccccc3)[nH+]2)cc1,6.03
COc1ccc(-c2nc3c[nH+]ccc3n2C)c(OC)c1,6.16
COc1ccc(-c2ncc(-c3ccc([NH3+])cc3)o2)cc1,3.71
COc1ccc(-c2[nH+]ccn2-c2cc(OC)c(OC)c(OC)c2)cc1F,6.63
COc1ccc(-c2nnc(C(=O)N3CC(Oc4ccc(C[NH+](C)C)c(C)c4)C3)o2)cc1,9.3
COc1ccc(-c2nnc(C(=O)N3CC(Oc4ccc(C[NH+](C)C)c(F)c4)C3)o2)cc1,8.6
COc1ccc(-c2nnc(C(=O)N3CC(Oc4ccc(C[NH+](C)C)cc4)C3)o2)cc1,8.9
COc1ccc(-c2nnc(C(=O)N3CC(Oc4ccc(C[NH+](C)C)cn4)C3)o2)cc1,8.5
COc1ccc(-c2nnc(C(=O)N3CC(Oc4ccc(C[NH+](C)CC5(C)COC5)cc4)C3)o2)cc1,8
COc1ccc(-c2nnc(C(=O)N3CC(Oc4ccc(C[NH+]5CC(OC)C5)cc4)C3)o2)cc1,8.5
COc1ccc(-c2nnc(C(=O)N3CC(Oc4ccc(C[NH+]5CC6(CCCO6)C5)cc4)C3)o2)cc1,8.4
COc1ccc(-c2nnc(C(=O)N3CC(Oc4ccc(C[NH+]5CC6(CCOC6)C5)cc4)C3)o2)cc1,8.6
COc1ccc(-c2nnc(C(=O)N3CC(Oc4ccc(C[NH+]5CC6(COC6)C5)cc4)C3)o2)cc1,8.2
COc1ccc(-c2nnc(C(=O)N3CC(Oc4ccc(C[NH+]5CCC(C)(O)C5)cc4)C3)o2)cc1,9
COc1ccc(-c2nnc(C(=O)N3CC(Oc4ccc(C[NH+]5CCCC5)cc4)C3)o2)cc1,9.9
COc1ccc(-c2nnc(C(=O)N3CC(Oc4ccc(C[NH+]5CCCC56COC6)cc4)C3)o2)cc1,6
COc1ccc(-c2nnc(C(=O)N3CC(Oc4ccc(C[NH+]5CCCOCC5)cc4)C3)o2)cc1,8.1
COc1ccc(-c2nnc(C(=O)N3CC(Oc4ccc(CN5CC[NH+](C)CC5)c(F)c4)C3)o2)cc1,8.4
COc1ccc(-c2nnc(C(=O)N3CC(Oc4ccc(C[NH+]5CCOCC5)c(OC)c4)C3)o2)cc1,7.5
COc1ccc(-c2nnc(C(=O)N3CCC(Oc4ccc(C[NH+]5CC(O)C(C)(C)C5)cc4)CC3)o2)cc1,8.9
COc1ccc(-c2nnc(C(=O)N3CCC(Oc4ccc(C[NH+]5CCC(O)C5)cc4)CC3)o2)cc1,8.9
COc1ccc(-c2nnc(C(=O)N3CCC(Oc4ccc(C[NH+]5CCCC5)cn4)CC3)o2)cc1,9.2
COc1ccc(-c2nnc(C(=O)N3CCC(Oc4ccc(CN5CC[NH+](C)CC5)cc4)CC3)o2)cc1,8.5
COc1ccc(-c2nnc(C(=O)N3CCC(Oc4ccc(C[NH+]5CCOCC5)cc4)CC3)o2)cc1,6.5
COc1ccc(-n2cc3nc(-c4ccccc4C)n(CC4CCC[NH+](C(C)C)C4)c(=O)c3n2)cc1,10
COc1ccc(/[NH+]=C/N(C)C)cc1,9.35
COc1ccc(C(=O)N[C@@H]2CCC[C@@H]3CC[NH+](C)C[C@@H]32)cc1,9.19
COc1ccc(C(C#N)[NH+]2CCCC2)cc1OC,4.3
COc1ccc(C(C#N)[NH+]2CCCCC2)cc1OC,4
COc1ccc(C(C#N)N2CC[NH+](C)CC2)cc1OC,7.6
COc1ccc(C(CC(F)(F)C[NH3+])(c2ccccc2)c2ccc(C)cc2)cc1,7.11
COc1ccc(C(CC(F)C[NH3+])(c2ccccc2)c2ccc(C)cc2)cc1,7.86
COc1ccc(C(CCC([NH3+])C(F)(F)F)(c2ccccc2)c2ccc(C)cc2)cc1,4.63
COc1ccc(C(CCC[NH3+])(c2ccccc2)c2ccccc2)cc1,9.86
COc1ccc(C(C[NH+](C)C)C2(O)CCCCC2)cc1,9.671429
COc1ccc(C(O)C[NH3+])cc1,9.02
COc1ccc(C(O)C[NH2+]C(C)CC2=C(C)C(C)(C)CC2)cc1,8.79
COc1ccc(C2(c3cccc(-c4cncnc4)c3)CCC(=[NH2+])N2)cc1,10
COc1ccc(C2(c3cccc(-c4cncnc4)c3)N=C(C(C)C)C(=[NH2+])N2)cc1,5.3
COc1ccc(C2(c3cccc(-c4cncnc4)c3)N=C(C)C(=[NH2+])N2)cc1,5.2
COc1ccc(C2(c3cccc(-c4cncnc4)c3)[NH+]=C(N)N3CC(F)(F)CN=C32)cc1,6.8
COc1ccc(C2(c3cccc(-c4cncnc4)c3)[NH+]=C(N)c3c(F)cccc32)cc1,8.2
COc1ccc(C2(c3cccc(-c4cncnc4)c3)[NH+]=C(N)n3nc(C)cc32)cc1,5.4
COc1ccc(C2CCC[NH+]2C)cc1,8.9
COc1ccc(C2C[NH2+]2)cc1,8.7
COc1ccc(C2[NH2+]CCS2)cc1,5.45
COc1ccc(C=O)cc1C(=O)N[C@@H]1C[C@H]2CC[C@@H](C1)[NH+]2Cc1ccccc1,8.74
COc1ccc(CC(=O)NC2CC[NH+](CC[C@H](NC(=O)C3CCC3)c3ccccc3)CC2)cc1,8.2
COc1ccc(CC(C)[NH3+])cc1,9.53
COc1ccc(CCC[NH+](C)C)cc1,10.91
COc1ccc(CCC[NH+](C)C)cc1Cl,10.76
COc1ccc(CC[NH+](C)CCCC(C#N)(c2ccc(OC)c(OC)c2)C(C)C)cc1OC,8.881667
COc1ccc(CC[NH+](C)CCC[C@](C#N)(c2ccc(OC)c(OC)c2)C(C)C)cc1OC,8.66
COc1ccc(CC[NH3+])cc1,9.79
COc1ccc(CC[NH3+])cc1OC,9.87
COc1ccc(CC[NH2+]CC(O)COc2ccc(-c3ncco3)cc2)cc1OC,8.4
COc1ccc(CC[NH2+]CC(O)COc2cccc(C)c2)cc1OC,8.4
COc1ccc(CC[NH2+]CCCC(C#N)(c2ccc(OC)c(OC)c2)C(C)C)cc1OC,9.87
COc1ccc(C[NH3+])cc1OC,9.39
COc1ccc(C[NH+]=C(N)C(Cl)(Cl)Br)cc1,6.15
COc1ccc(C[NH+]=C(N)C(Cl)(Cl)Cl)cc1,6
COc1ccc(CNC(=O)N2[C@H](C)CN(CCC(C)C)c3c[nH+]ccc3[C@@H]2C)cc1,6.4
COc1ccc(CO[NH3+])cc1,4.42
COc1ccc(COc2cccc(NC(=O)C3CCN(c4cc[nH+]cc4)CC3)c2)cc1OC,9.2
COc1ccc(C[C@H](C)[NH3+])cc1OC,9.6
COc1ccc(Cc2c3ccccc3[nH+]c3ccccc23)cc1,7.94
COc1ccc(Cc2[nH+]ccc3cc(OC)c(OC)cc23)cc1OC,6.25
COc1ccc(Cl)c2ccc[nH+]c12,4.13
COc1ccc(Cn2c(=O)n3ncnc3c3c4c(sc32)C[NH+](CC2CCOCC2)CC4)cc1,6.6
COc1ccc(F)cc1C(=O)N[C@@H]1C[C@H]2CC[C@@H](C1)[NH+]2Cc1ccccc1,8.82
COc1ccc(I)cc1C(=O)N[C@@H]1C[C@H]2CC[C@@H](C1)[NH+]2Cc1ccccc1,8.79
COc1ccc(N2CC[NH+](CCCCNC(=O)c3ccc4nonc4c3)CC2)cc1,7.51
COc1ccc([NH+]=C(N)c2cccs2)cc1CSC1CCCC1,8.1
COc1ccc([NH2+]CO)cc1,3.72
COc1ccc(Nc2ccc([NH3+])cc2)cc1,5.9
COc1ccc(OC(=O)N(C)CC[NH3+])cc1,8.9
COc1ccc(OC(=O)NCCC[NH3+])cc1,9.6
COc1ccc(OC(=O)NCC[NH3+])cc1,8.65
COc1ccc(OC)c([NH3+])c1,3.72
COc1ccc(OC)c(NC2=[NH+]CCN2)c1,10.15
COc1ccc(OC)c2c1[nH+]c(C)n2C,6.12
COc1ccc(OC)c2c1[nH+]c(CCl)n2C,4.1
COc1ccc(OC)c2c1[nH+]c(CO)n2C,5.24
COc1ccc(S(=O)(=O)CC[NH+]2CCCCC2)c(OC)c1OC,7.24
COc1ccc(S(=O)(=O)CC[NH+]2CCOCC2)c(OC)c1OC,4.89
COc1ccc([C@@H]2Sc3ccccc3N(CC[NH+](C)C)C(=O)C2OC(C)=O)cc1,7.976
COc1ccc([C@@]2(F)C[C@@H]2[NH3+])cc1,7.5
COc1ccc([C@@]2(F)C[C@@H]2[NH3+])cc1OC,7.4
COc1ccc2[nH]c3c(C)[nH+]ccc3c2c1,7.09
COc1ccc2[nH]c3c(c2c1)CC[NH+]=C3C,9.21
COc1ccc2[nH]cc(C3=CC[NH+](Cc4ccccc4)CC3)c2c1,7.7
COc1ccc2[nH]cc(CC(C)[NH3+])c2c1,10.3
COc1ccc2c(c1)C(O)[NH+](C)C=C2,2.15
COc1ccc2c(c1)CC(C)[NH2+]2,6.2
COc1ccc2c(c1)CC[NH2+]2,6.1
COc1ccc2c(c1)N(CCC[NH+](C)C)c1ccccc1S2,9.41
COc1ccc2c(c1)N(CC[NH+](C)C)CCO2,8.6
COc1ccc2c(c1)N(C[C@H](C)C[NH+](C)C)c1ccccc1S2,9.195
COc1ccc2c(c1)NCC[NH2+]2,5.26
COc1ccc2c(c1)[C@]13CCCC[C@@H]1[C@H](C2)[NH+](C)CC3,9.185
COc1ccc2c(c1)c(CC[NH+](C)C)cn2C,9.2
COc1ccc2c(c1OC(C)=O)[C@]13CC[NH+](C)[C@H](C2)[C@@H]1CC[C@H](OC)C3,9.31
COc1ccc2c3c([nH]c2c1)C(C)=[NH+]CC3,9.72
COc1ccc2c3c1OC1C(=O)CC[C@@]4(O)[C@@H](C2)[NH+](C)CC[C@]314,8.815
COc1ccc2c3c1OC1C(=O)CC[C@H]4[C@@H](C2)[NH+](C)CC[C@]314,8.05
COc1ccc2c3c1OC1C(=O)CC[C@]4(O)[C@H](C2)[NH+](C)CC[C@@]314,8.6
COc1ccc2c3c1O[C@H]1CCC[C@H]4[C@@H](C2)[NH+](C)CC[C@]314,8.83
COc1ccc2c3c1O[C@H]1CCC[C@H]4[C@@H]([C@@H]2O)[NH+](C)CC[C@]314,9.41
COc1ccc2c3c1O[C@H]1CCC[C@H]4[C@@H]([C@H]2O)[NH+](C)CC[C@]314,7.71
COc1ccc2c3c1O[C@H]1CCC[C@H]4[C@H]([NH2+]CC[C@]314)[C@@H]2O,9.17
COc1ccc2c3c1O[C@H]1CCC[C@H]4[C@H]([NH2+]CC[C@]314)[C@H]2O,8.72
COc1ccc2c3c1O[C@H]1C[C@@H](O)C=C[C@@]31CC[NH+](C)C2,8.32
COc1ccc2c3c1O[C@H]1[C@@H](O)C=C[C@H]4[C@@H](C2)[NH+](CCC#N)CC[C@@]341,5.68
COc1ccc2c3c1O[C@H]1[C@@H](O)C=C[C@H]4[C@@H](C2)[NH2+]CC[C@@]341,9.23
COc1ccc2c3c1O[C@H]1[C@@H](O)C=C[C@H]4[C@@H]([C@H]2O)[NH+](C)CC[C@@]341,7.12
COc1ccc2ccc(S(=O)(=O)N(C)C3CCN(Cc4ccc5[nH]c[nH+]c(=N)c5c4)C3=O)cc2c1,5.3
COc1ccc2[nH+]c3c(c(N4CCOCC4)c2c1)CCC3,7.14
COc1cccc(-c2c[nH]c(-c3ccccc3)[nH+]2)c1,5.58
COc1cccc(-c2cccc(C3(C)CCSC(=[NH2+])N3)c2)c1,7
COc1cccc(-c2cccc(C3(C)COCC(=[NH2+])N3)c2)c1,9.8
COc1cccc(-c2cccc(C3(C)CSCC(=[NH2+])N3)c2)c1,10.5
COc1cccc(-c2cccc(C3(C)N=C(C)C(=[NH2+])N3)c2)c1,6.5
COc1cccc(-c2cccc(C3(C)[NH+]=C(N)CCO3)c2)c1,9.3
COc1cccc(-c2cccc(C3(C)[NH+]=C(N)CCS3)c2)c1,9.3
COc1cccc(-c2cccc(C3(C)[NH+]=C(N)CN3C(C)=O)c2)c1,6.5
COc1cccc(-c2cccc(C3(C)[NH+]=C(N)CS3)c2)c1,6.9
COc1cccc(-c2cccc(C3(C4CCN(C(C)=O)CC4)N=C(C)C(=[NH2+])N3)c2)c1,5.7
COc1cccc(-c2cccc(C3(C4CCOCC4)N=C(C)C(=[NH2+])N3)c2)c1,6
COc1cccc(-c2cn(Cc3c(F)cccc3C(F)(F)F)c(=O)n(C[C@H]([NH2+]CCCC(N)=O)c3ccccc3)c2=O)c1F,7.65
COc1cccc(-c2[nH]cc(-c3ccccc3)[nH+]2)c1,5.57
COc1cccc(-n2cc3nc(-c4ccccc4C)n(CC4CCC[NH+](C(C)C)C4)c(=O)c3n2)c1,10
COc1cccc(/[NH+]=C/N(C)C)c1,8.6
COc1cccc(C(=[NH2+])c2ccccc2)c1,6.59
COc1cccc(C(=O)CC[NH+]2CCOCC2)c1,7.1
COc1cccc(C(=O)NC2CC3CCC(C2)[NH+]3Cc2ccccc2)c1OC,8.91
COc1cccc(C(=O)NCC[NH+]2CCN(c3ccc(C#N)cc3)CC2)c1,6.41
COc1cccc(C(=O)NCC[NH+]2CCN(c3ccc(C)cc3)CC2)c1,6.46
COc1cccc(C(=O)NCC[NH+]2CCN(c3ccc(Cl)cc3)CC2)c1,6.19
COc1cccc(C(=O)NCC[NH+]2CCN(c3ncccc3C#N)CC2)c1,6.71
COc1cccc(C(=O)NCC[NH+]2CCN(c3noc4ccccc34)CC2)c1,6.24
COc1cccc(C(=O)N[C@H]2C[C@H]3CC[C@@H](C2)[NH+]3Cc2ccccc2)c1OC,8.91
COc1cccc(C2(O)CCCCC2C[NH+](C)C)c1,9.023333
COc1cccc(C2[NH2+]CCS2)c1,5.12
COc1cccc(CC2CCC[NH2+]C2)c1,9.9
COc1cccc(N2CC[NH+](CCCCNC(=O)c3ccc4nonc4c3)CC2)c1,7.44
COc1cccc([C@@]2(O)CCCC[C@@H]2C[NH+](C)C)c1,9.85
COc1cccc2c1CN(C1CC3CCC(C1)[NH+]3Cc1ccccc1)C2=O,8.68
COc1cccc2c1[NH+]=C(NCC(F)F)NC2C,10.2
COc1cccc2c1[C@H](Oc1cc(C(=O)N(C)C)cn3c(C)c(C)[nH+]c13)[C@@H](O)C2,6.27
COc1cccc2c1[nH+]c(C)c1ccn(-c3ccccc3C)c12,7.4
COc1cccc2c3c(c(C)[nH+]c12)CCN3c1ccccc1C,9.5
COc1ccccc1C(=[NH2+])c1ccccc1,7.29
COc1ccccc1C(=O)N[C@@H]1C[C@H]2CC[C@@H](C1)[NH+]2Cc1ccccc1,8.88
COc1ccccc1N1CC[NH+](CCCCNC(=O)c2ccc3nonc3c2)CC1,7.78
COc1ccccc1N1CC[NH+](CCCNC(=O)c2ccc3nonc3c2)CC1,7.43
COc1ccccc1N1CC[NH+](CCCNc2cc(=O)n(C)c(=O)n2C)CC1,7.1
COc1ccccc1N1CC[NH+](CCCn2c(-c3ccccc3)cn3c4c(=O)n(C)c(=O)n(C)c4nc23)CC1,8.44
COc1ccccc1N1CC[NH+](CCCn2c(C)cn3c4c(=O)n(C)c(=O)n(C)c4nc23)CC1,7.61
COc1ccccc1N1CC[NH+](CCCn2ccn3c4c(=O)n(C)c(=O)n(C)c4nc23)CC1,8.19
COc1ccccc1OCC(O)C[NH+]1CCN(CC(=O)Nc2c(C)cccc2C)CC1,9.59
COc1ccccc1OCC[NH2+]CC(O)COc1cccc2[nH]c3ccccc3c12,8.635
COc1cnc(C(=O)Nc2ccc(F)c([C@@]3(C)[NH+]=C(N)CO[C@@H]3F)c2)cn1,7.8
COc1cnc(C(=O)Nc2ccc(F)c([C@@]3(C)[NH+]=C(N)CO[C@H]3F)c2)cn1,7.6
COc1cnc(C(=O)Nc2ccc(F)c([C@@]3(C4CC4)[NH+]=C(N)CO[C@@H]3F)c2)cn1,7.8
COc1cnc(C(=O)Nc2ccc(F)c([C@]3(C)COCC(=[NH2+])N3)c2)cn1,9
COc1cn[nH+]c2ccccc12,3.21
COc1[nH]c2c(cnn2C)c(=N)[nH+]1,3.66
COc1nc(Cc2ccccc2)nc2c1CC[NH2+]CC2,8.9
COc1nc[nH+]c2ccccc12,3.13
COc1noc2c1CC[NH2+]C2,7.1
COc1noc2c1C[NH+](C)CC2,6.6
COc1noc2c1C[NH+](Cc1ccccc1)CC2,6
COc1noc2c1C[NH2+]CC2,7.6
CS(=[NH2+])(=O)c1ccc(Cl)cc1,2.3
CS(=[NH2+])(=O)c1ccccc1,2.7
CS(=O)(=O)N(Cc1ccccc1-c1ccccc1)[C@H]1CC[NH2+]C1,8.9
CS(=O)(=O)OCCC[NH2+]CCCOS(C)(=O)=O,8.77
CS(=O)(=O)c1ccc(-c2c[nH+]c(Br)n2-c2ccc(F)c(F)c2)cc1,4.05
CS(=O)(=O)c1ccc(COc2cccc(NC(=O)C3CCN(c4cc[nH+]cc4)CC3)c2)cc1,9.1
CS(=O)Cc1cccc[nH+]1,3.1
CSC(N)=[NH2+],9.83
CSC(=[NH2+])Nc1ccccc1,7.14
CSC(=[NH2+])c1ccccc1,5.84
CSC(C)=[NH2+],6.71
CSC1NCC=[NH+]1,5.95
CSCc1cccc(CSC)[nH+]1,4.19
CSCc1cccc[nH+]1,5.4
CS[C@H]1CCC[C@@H]1[NH+](C)C,8.85
CSc1cc(C)[nH+]cn1,3.25
CSc1ccc([NH3+])c(Cl)c1,2.56
CSc1ccc([NH3+])c(I)c1,2.45
CSc1ccc([NH3+])cc1Cl,3.38
CSc1ccc([NH3+])cc1I,3.44
CSc1ccc2c(c1)N(CCC1CCCC[NH+]1C)c1ccccc1S2,9.35
CSc1[nH]c2nc[nH]c2c(=N)[nH+]1,3.1
CSc1[nH+]ccn1C,5.95
C[C@@H](C=C(c1ccccc1)c1ccccc1)[NH+](C)C,9.26
C[C@@H](CC(C#N)(c1ccccc1)c1ccccc1)[NH+](C)C,8.31
C[C@@H](C[NH3+])c1ccccc1,9.94
C[C@@H](Cc1ccccc1)[NH+](C)C,9.4
C[C@@H](O)[C@H](CCC=O)O[C@H]1O[C@H](C)[C@@H]([NH+](C)C)[C@H](O)[C@H]1O,7
C[C@@H]([C@H](O)c1ccccc1)[NH+](C)C,9.22
C[C@@H](c1ccccc1)N(C)c1[nH+]cnc2c1ncn2[C@@H]1O[C@H](CO)[C@@H](O)[C@H]1O,3.2
C[C@@H]1CCC[C@H]([NH+](C)C)C1,10.51
C[C@@H]1CC[NH+]2CC=C[C@H]12,10.59
C[C@@H]1CC[NH+]2CC[C@H](O)[C@H]12,10.92
C[C@@H]1CN(C(=O)c2nc(=Nc3cc(C4CC4)[nH]n3)c3cc(Cl)ccc3[nH]2)CC[NH2+]1,7.93
C[C@@H]1[NH+]=C(NCC(F)F)Nc2ccc(Cl)c(Cl)c21,8.5
C[C@@H]1[NH2+][C@H]1C,5.33
C[C@@]1(c2cc(NC(=O)c3ccc(C#N)cn3)ccc2F)CCOC(=[NH2+])N1,9.7
C[C@@]1(c2cc(NC(=O)c3ccc(C#N)cn3)ccc2F)C[C@@H](C(F)(F)F)OC(=[NH2+])N1,7
C[C@@]1(c2cc(NC(=O)c3ccc(C#N)cn3)ccc2F)C[C@H](C(F)(F)F)OC(=[NH2+])N1,7.3
C[C@@]1(c2cc(NC(=O)c3ccc(Cl)cn3)ccc2F)CCCOC(=[NH2+])N1,10.4
C[C@@]1(c2cc(NC(=O)c3ccc(Cl)cn3)ccc2F)CCOC(=[NH2+])N1,9.8
C[C@@]1(c2cc(NC(=O)c3ccc(Cl)cn3)ccc2F)CCOCC(=[NH2+])N1,10.9
C[C@@]1(c2cc(NC(=O)c3ccc(Cl)cn3)ccc2F)CCSC(=[NH2+])N1,9
C[C@@]1(c2cc(NC(=O)c3ccc(Cl)cn3)ccc2F)COCC(=[NH2+])N1,9.2
C[C@@]1(c2cc(NC(=O)c3ccc(Cl)cn3)ccc2F)Cc2ccccc2C(=[NH2+])N1,10.8
C[C@@]1(c2cc(NC(=O)c3ncc(Cl)cc3Cl)ccc2F)CCOC(=[NH2+])N1,9.7
C[C@@]1(c2cccc(NC(=O)c3ccc(Cl)cn3)c2)COC(=[NH2+])N1,8.3
C[C@@]1(c2cccc(NC(=O)c3ccc(Cl)cn3)c2)COCC(=[NH2+])N1,9.6
C[C@@]12COCC[C@H]1Oc1ccc(-c3cccnc3F)cc1[C@@]21COC(=[NH2+])N1,6.4
C[C@H](C1=C(CC[NH+](C)C)Cc2ccccc21)c1cnccn1,9.1
C[C@H](CCC[NH3+])[C@H]1CC[C@H]2[C@@H]3CC[C@@H]4C[C@H](O)CC[C@]4(C)[C@H]3CC[C@]12C,9.7
C[C@H](CCC[NH2+]Cc1ccccc1)[C@H]1CC[C@H]2[C@@H]3CC[C@@H]4C[C@H](O)CC[C@]4(C)[C@H]3C[C@H](O)[C@]12C,9.07
C[C@H](CCC[NH2+]Cc1ccccc1)[C@H]1CC[C@H]2[C@@H]3[C@@H](O)C[C@@H]4C[C@H](O)CC[C@]4(C)[C@H]3CC[C@]12C,9.05
C[C@H](CCC[NH2+]Cc1ccccc1)[C@H]1CC[C@H]2[C@@H]3[C@H](O)C[C@@H]4C[C@H](O)CC[C@]4(C)[C@H]3CC[C@]12C,9.07
C[C@H](O)[C@H]1CC[C@H]2[C@@H]3CC[C@H]4C[C@H]([NH3+])CC[C@]4(C)[C@H]3CC[C@]12C,9.28
C[C@H]1CCC2CC[C@H](C)[NH+]21,11.74
C[C@H]1CCCC[C@@H]1[NH3+],10.62
C[C@@H]1CCC[C@H](C)[NH+]1CC(C)(C)O,10.65
C[C@H]1CC[C@@H]2CCC[NH+]21,11.74
C[C@@H]1CC[C@H]2CC[C@H](C)[NH+]21,11.48
C[C@@H]1CC[C@@H]2CC[C@H](C)[NH+]21,10.23
C[C@H]1CC[C@H]2[C@H](C)CCC(C(=O)O)[NH+]2C1,10.8
C[C@@H]1CN(C(=O)C2C[NH+](C(C)(C)C)C[C@H]2c2ccc(F)cc2F)C[C@H](C)[C@@]1(O)c1ccc(F)cc1,8.74
C[C@@H]1CN(C(=O)C2C[NH+](C(C)(C)C)C[C@H]2c2ccc(F)cc2F)C[C@H](C)[C@@]1(O)c1ccccc1,8.95
C[C@H]1C[C@@H]2CCC[C@@H]2[NH+]1C,10.1
C[C@H]1C[C@@H]2CC[NH+]1C2,10.62
C[C@H]1[NH+]=C(NCC(F)F)Nc2ccc(Cl)c(Cl)c21,8.5
C[C@H]1OCC[C@H]2Oc3ccc(-c4cccnc4F)cc3[C@@]3(COC(=[NH2+])N3)[C@H]12,6.4
C[C@H]1SC(=[NH2+])N[C@@]2(c3ccc(F)cc3F)CO[C@@H](c3cnn(C)c3)C[C@@H]12,7.8
C[C@@H]1CN(Cc2ccccc2)c2c[nH+]cc(F)c2[C@H](C)N1C(=O)NCc1ccccc1,4.2
C[C@@H]1CN(Cc2ccccc2)c2c[nH+]ccc2[C@H](C)N1C(=O)NCc1ccccc1,6.2
C[C@]1(O)CCCC[C@@H]1[NH3+],9.49
C[C@]1(c2cc(NC(=O)c3ccc(C#N)cn3)ccc2F)[NH+]=C(N)CO[C@@H]1F,7.9
C[C@]1(c2cc(NC(=O)c3ccc(C#N)cn3)ccc2F)[NH+]=C(N)OCC1(F)F,5.8
C[C@]1(c2cc(NC(=O)c3ccc(C#N)cn3)ccc2F)[NH+]=C(N)OC[C@@H]1F,8.1
C[C@]1(c2cc(NC(=O)c3ccc(C#N)cn3)ccc2F)[NH+]=C(N)OC[C@H]1F,7.4
C[C@]1(c2cc(NC(=O)c3ccc(C#N)cn3)ccc2F)[NH+]=C(N)O[C@@H](C(F)(F)F)[C@@H]1F,5.8
C[C@]1(c2cc(NC(=O)c3ccc(C#N)cn3)ccc2F)[NH+]=C(N)O[C@H](C(F)(F)F)[C@@H]1F,5.9
C[C@]1(c2cc(NC(=O)c3ccc(Cl)cn3)ccc2F)[NH+]=C(N)CO[C@@H]1F,7.9
C[C@]1(c2cc(NC(=O)c3ccc(Cl)cn3)ccc2F)[NH+]=C(N)OCC1(F)F,6.3
C[C@]1(c2cc(NC(=O)c3ccc(Cl)cn3)ccc2F)[NH+]=C(N)SCC1(F)F,6.1
C[C@]1(c2cc(NC(=O)c3cnc(Cl)cn3)ccc2F)[NH+]=C(N)CO[C@@H]1C(F)(F)F,8
C[C@]1(c2cc(NC(=O)c3cnc(Cl)cn3)ccc2F)[NH+]=C(N)CO[C@@]1(F)C(F)(F)F,6.8
C[C@]1(c2cc(NC(=O)c3cnc(Cl)cn3)ccc2F)[NH+]=C(N)CO[C@H]1C(F)(F)F,7.8
C[C@]1(c2cc(NC(=O)c3cnc(Cl)cn3)ccc2F)[NH+]=C(N)CO[C@]1(F)C(F)(F)F,6.9
C[C@]1(c2cccc(NC(=O)c3ccc(Cl)cn3)c2)[NH+]=C(N)c2ccccc21,9.7
C[C@]12CCOC[C@@H]1[C@]1(COC(=[NH2+])N1)c1cc(-c3cc(F)cc(Cl)c3)ccc1O2,6.7
C[C@]12[NH2+][C@H](Cc3ccccc31)c1ccccc12,5.81
C[N+](C)(C)CC[NH3+],7.34
C[N+](C)(C)CCOC(=O)C=Cc1c[nH]c[nH+]1,4.6
C[n+]1c(N[NH3+])ccc2ccccc21,2.66
C[n+]1ccc(N[NH3+])c2ccccc21,2.61
C[n+]1nc(-c2ccccc2)ccc1NCC[NH+]1CCOCC1,5.31
Cc1[nH]c2ccc(OC3CC[NH+](C(C)C)CC3)cc2c1C(=O)N1CCOCC1,9.8
Cc1[nH]nc2[nH]c[nH+]c(=N)c12,4.61
Cc1[nH]nc2c([NH3+])cccc12,3.18
Cc1[nH][nH+]c2cc(N)ccc12,4
Cc1c(-c2ccccc2)oc2c(C(=O)OCC[NH+]3CCCCC3)cccc2c1=O,7.3
Cc1c(-c2nnc(-c3ccc(OC(C)C)c(C#N)c3)s2)ccc2c1CC[NH+](C(CO)CO)C2,7.2
Cc1c(-c2noc(-c3ccc(OC(C)C)c(C#N)c3)n2)ccc2c1CC[NH+](C(CO)CO)C2,7.3
Cc1c(-c2noc(-c3ccc(OC(C)C)c(C#N)c3)n2)ccc2c1CC[NH+](C(CO)CO)CC2,8.2
Cc1c(-c2noc(-c3ccc(OC(C)C)c(C#N)c3)n2)ccc2c1CC[NH+](CC(=O)N[C@@H](C)CO)C2,6.07
Cc1c(-c2noc(-c3ccc(OC(C)C)c(C#N)c3)n2)ccc2c1CC[NH+](C[C@@H](O)CO)C2,7.7
Cc1c(-c2noc(-c3ccc(OC(C)C)c(C#N)c3)n2)ccc2c1CC[NH+](C[C@@H](O)CO)CC2,8.4
Cc1c(-c2noc(-c3ccc(OC(C)C)c(C#N)c3)n2)ccc2c1CC[NH+](C[C@H](O)CO)C2,7.7
Cc1c(-c2noc(-c3ccc(OC(C)C)c(C#N)c3)n2)ccc2c1CC[NH+](C[C@H](O)CO)CC2,8.4
Cc1c(-c2noc(-c3ccc(OC(C)C)c(C#N)c3)n2)ccc2c1OCC[NH+](C(CO)CO)C2,6.3
Cc1c(-c2noc(-c3cnc(OC(C)C)c(C#N)c3)n2)ccc2c1CC[NH+](C(CO)CO)C2,7.3
Cc1c(Br)cc([NH3+])cc1Br,2.87
Cc1c(C(=O)c2cccc3ccccc23)c2cccc3c2n1[C@H](C[NH+]1CCOCC1)CO3,4.14
Cc1c(CC#N)[nH+]c2c(OCc3ccccc3)cccn12,5.5
Cc1c(F)cccc1[C@H]1COC(=[NH2+])N1,8.07
Cc1c([NH3+])ccc2c1-c1c(ccc3ccccc13)C2,4.49
Cc1c(N2CC(=O)C2)nc(C2CC2)[nH+]c1N1CCCCCC1,6.4
Cc1c(N2CC(C#N)C2)nc(C2CC2)[nH+]c1N1CCCCCC1,6.4
Cc1c2c(cc3c1=Nc1ccncc1-3)=C[NH2+]C=C2,7.5
Cc1c2ccccc2c(C[NH+]2CCOCC2)c2ccccc12,6.6
Cc1c[nH]c(N2CCc3ccccc3C2)cc1=[NH2+],8.7
Cc1c[nH]c(N2CCc3ccccc3C2)cc1=[NH+]CCO,9
Cc1c[nH]c[nH+]1,7.51
Cc1cc(-c2cccc(Cl)c2)[nH+]cc1C1CCCN1C(=O)c1cnccn1,4.1
Cc1cc(-c2cccc(Cl)c2)[nH+]cc1C1CCCN1C(=O)c1cncs1,4.2
Cc1cc(-c2ccccc2)n[n+](C)c1NCC[NH+]1CCOCC1,5.12
Cc1cc(-c2ccccc2)n[n+](CC[NH+]2CCOCC2)c1N,4.84
Cc1cc(-c2ccccc2)nn2cc(C[NH+]3CCOCC3)nc12,6.3
Cc1cc(-c2ccccc2)nn2cc[nH+]c12,4.84
Cc1cc(=[NH2+])cc(N2CCc3ccccc3C2)[nH]1,9
Cc1cc(=[NH+]CCO)cc(N2CCc3ccccc3C2)[nH]1,9.2
Cc1cc(=[NH+]N)[nH]c2ccccc12,8.35
Cc1cc(=[SH])[nH]c[nH+]1,7.3
Cc1cc(Br)cc(C)c1NC1=[NH+]CCN1,10.21
Cc1cc(C(=O)N2CCCC2c2ccc(-c3cccc(Cl)c3)[nH+]c2)no1,3.5
Cc1cc(C(=O)N2CCCC2c2c[nH+]c(-c3cccc(Cl)c3)cc2C)no1,4.2
Cc1cc(C(=O)Nc2ccc(N3CC[C@H]([NH+]4CCC[C@@H]4C)C3)cc2C)on1,10.1
Cc1cc(C(C)(C)C)cc(C)c1CC1=[NH+]CCN1,10.2
Cc1cc(C)c(CO)c(C)[nH+]1,7.1
Cc1cc(C)c(NC2=[NH+]CCN2)c(C)c1,10.78
Cc1cc(C)c(NC2=[NH+]CCN2)c(Cl)c1,9.59
Cc1cc(C)c2ccc3cccnc3c2[nH+]1,5.96
Cc1cc(C)c2cccc(C)c2[nH+]1,4.48
Cc1cc(C)c2nc(-c3cccc[nH+]3)cc(C(=O)Nc3ccc4ccccc4c3)c2c1,3.05
Cc1cc(C)c2nc(-c3ccc[nH+]c3)cc(C(=O)Nc3ccc4ccccc4c3)c2c1,4.3
Cc1cc(C)c2nc(-c3cc[nH+]cc3)cc(C(=O)Nc3ccc4ccccc4c3)c2c1,4.27
Cc1cc(C)cc(C(=[NH2+])c2ccccc2)c1,6.82
Cc1cc(C)cc(N=c2c(=O)c3c(c(=O)c2=NS(=O)(=O)c2ccccc2)C(=[NH2+])CCC3)c1,8.4
Cc1cc(C)n(-c2cc(C)n(C)[nH+]2)n1,2.19
Cc1cc(C2(c3cccc(-c4cncnc4)c3)[NH+]=C(N)c3c(F)cccc32)cn(C)c1=O,7.4
Cc1cc(C[NH+](C)C)ccc1OC1CN(C(=O)c2nnc(-c3ccccc3)o2)C1,9.3
Cc1cc(CO)c(C)c(C)[nH+]1,7.3
Cc1cc(Cl)c(NC2=[NH+]CCN2)c(Cl)c1,8.29
Cc1cc(Cl)cc(C)c1NC1=[NH+]CCN1,10.25
Cc1cc(Cl)cc(Cl)c1NC1=[NH+]CCN1,9.03
Cc1cc(Cl)ccc1NC1=[NH+]CCN1,9.91
Cc1cc(Cl)ccc1[C@@H]1CCc2c(C(=O)N(C)C)cc3c([nH+]c(C)n3C)c2O1,5.59
Cc1cc(Cl)ccc1[C@@H]1CCc2c(C(=O)N3CCC3)cc3c([nH+]c(C)n3C)c2O1,5.49
Cc1cc(Cl)cnc1C(=O)Nc1ccc(F)c([C@@]2(C)[NH+]=C(N)CO[C@@H]2F)c1,7.4
Cc1cc(Cl)n(C)c2[nH+]c3ccccc3c1-2,7.45
Cc1cc([NH+](C)C)cc[n+]1O,4.37
Cc1cc(N2CC[C@H]([NH+]3CCC[C@@H]3C)C2)ccc1NC(=O)c1c(C)noc1C,10.1
Cc1cc(N2CC[C@H]([NH+]3CCC[C@@H]3C)C2)ccc1NC(=O)c1cc(F)ccc1C,10.1
Cc1cc(OCCC=N[NH+]=C(N)N)cc(OS(=O)(=O)c2ccccc2C#N)c1,8.84
Cc1cc(OCCC=N[NH+]=C(N)N)cc(OS(=O)(=O)c2ccccc2Cl)c1,8.71
Cc1cc(OCC[NH+]2CCOCC2)nn1-c1ccc2ccccc2c1,6.5
Cc1cc(Oc2c(N)c(C)nn2-c2ccccc2)n(-c2ccccc2)[nH+]1,3.4
Cc1cc(SSc2cc(C)[nH+]n2-c2ccccc2)n(-c2ccccc2)n1,4.8
Cc1cc([C@H]2C[C@H]3[C@@H](C)SC(=[NH2+])N[C@@]3(c3ccc(F)cc3F)CO2)on1,7.7
Cc1cc([C@H]2C[C@H]3[C@@H](CF)SC(=[NH2+])N[C@@]3(c3ccc(F)cc3F)CO2)on1,7
Cc1cc2[nH]c(=NC(N)=[NH2+])nc(C)c2cc1C,9.3
Cc1cc2[nH]c(C(=O)N(C)C)cc(=[NH+]Cc3c(C)cccc3C)c2[nH]1,7.3
Cc1cc2c(C)cc[nH+]c2c2ncccc12,5.71
Cc1cc2cc[nH]c2c(C(=O)[NH+]=c2[nH]cc(C)[nH]2)n1,7.6
Cc1cc2cc[nH]c2c(C(=O)[NH+]=c2cccc(C)[nH]2)n1,4.5
Cc1cc2cc[nH]c2c(C(=O)[NH+]=c2cccc[nH]2)n1,3.5
Cc1cc2cccnc2c2[nH+]cccc12,5.26
Cc1cc2ccn3cc[nH+]c3c2nc1C,4.63
Cc1cc2[nH+]cn(C)c2cc1C,6
Cc1cc2[nH+]cn([C@H]3OC[C@@H](O)[C@@H](O)[C@@H]3O)c2cc1C,4.58
Cc1cc2[nH+]cn([C@H]3OC[C@H](O)[C@H](O)[C@@H]3O)c2cc1C,4.7
Cc1cc2[nH+]cn([C@H]3O[C@@H](CO)[C@H](O)[C@@H](O)[C@@H]3O)c2cc1C,4.63
Cc1cc[nH]c(=[SH])[nH+]1,2.2
Cc1cc[nH][nH+]1,3.66
Cc1ccc(-c2[nH+]c3ccc(C)cn3c2CC(=O)N(C)C)cc1,6.02
Cc1ccc(/C=C2\CN(C(=O)c3ccc(OCC[NH+](C)C)cc3)C/C(=C\c3ccc(C)cc3)C2=O)cc1,10.73
Cc1ccc(/[NH+]=C/N(C)C)cc1,9.21
Cc1ccc(C(=[NH2+])c2ccccc2)c(C)c1,6.79
Cc1ccc(C(=O)[NH+]=C(N)NCCCCc2ccccc2)cc1,7.09
Cc1ccc(C(=O)[NH+]=C(N)Nc2ccc(C(C)C)cc2)cc1,6.35
Cc1ccc(C(=O)NC2CC2)cc1-n1cnc2ccc(N3CC[NH+](C)CC3)cc2c1=O,7.6
Cc1ccc(C(C)C)c(OCC[NH+](C)C)c1,8.66
Cc1ccc(C(O)C[NH3+])cc1,9.06
Cc1ccc(C)c(C(=[NH2+])c2ccccc2)c1,6.79
Cc1ccc(C2=[NH+]CCC2)cc1,6.41
Cc1ccc(C2CCC[NH2+]2)cc1,9.99
Cc1ccc(C2C[NH2+]2)cc1,6.76
Cc1ccc(C2[NH2+]CCS2)cc1,5.35
Cc1ccc(CCC[NH+](C)C)cc1,10.84
Cc1ccc(CC[NH3+])cc1,9.78
Cc1ccc(CO[NH3+])cc1,4.4
Cc1ccc(Cc2c3ccccc3[nH+]c3ccccc23)cc1,7.72
Cc1ccc(Cl)cc1NC1=[NH+]CCN1,9.5
Cc1ccc([NH3+])c(N)c1,5
Cc1ccc([NH+]2CCCC(=O)C(O)CCC2)cc1,3.2
Cc1ccc(N2CC[NH+](CCNC(=O)c3ccc(F)cc3)CC2)cc1,6.31
Cc1ccc(N2CCc3ccccc3C2)[nH+]c1,6.5
Cc1ccc(N=Nc2ccc([NH+](C)C)cc2)cc1C,2.37
Cc1ccc(N=Nc2ccc([NH3+])cc2)cc1,3.04
Cc1ccc(NC(=O)C[NH+]2CCCCC2)c(C)c1,7.8
Cc1ccc(NC(=O)C[NH+]2CCCCC2)cc1,7.85
Cc1ccc([NH2+]C(C)(C)C)cc1,7.3
Cc1ccc(NC2=[NH+]CCN2)c(C)c1,10.59
Cc1ccc(NC2=[NH+]CCN2)c(Cl)c1,9.456667
Cc1ccc([NH2+]CO)cc1,3.42
Cc1ccc(OC(=O)CCCC[NH+](C)C)cc1,9.87
Cc1ccc(OC(=O)CCC[NH+](C)C)cc1,9.53
Cc1ccc(OCC[NH+]2CCN(C(=O)c3cccs3)CC2)cc1,6.4
Cc1ccc([C@@H](OCC[NH+](C)C)c2ccccc2)cc1,8.5
Cc1ccc([C@@]2(F)C[C@@H]2[NH3+])cc1,7.41
Cc1ccc([C@@]2(F)C[C@H]2[NH3+])cc1,7.04
Cc1ccc2[nH]c3sc(N4CC[NH+](C)CC4)nc3c(=O)c2c1,10
Cc1ccc2[nH]c[nH+]c2c1,5.81
Cc1ccc2c(c1)CC[NH2+]2,5
Cc1ccc2c(c1)N1CC[NH+]2CC1,5.83
Cc1ccc2c(c1)[NH+]1CC[NH+]2CC1,2.4
Cc1ccc2c(c1)c1c3c([nH+]ccn32)CCC1,6.24
Cc1ccc2c(c1)c1c3n2CC[NH+]=C3CCC1,8.57
Cc1ccc2c(c1)[nH+]cn2C,5.65
Cc1ccc2c(c1)[nH+]cn2[C@H]1OC[C@H](O)[C@@H](O)[C@@H]1O,4.17
Cc1ccc2c(c1)[nH+]cn2[C@H]1O[C@@H](CO)[C@H](O)[C@@H](O)[C@@H]1O,4.32
Cc1ccc2c(c1)sc(-c1ccc([NH+](C)C)cc1)[n+]2C,2.69
Cc1ccc2ccc3cccnc3c2[nH+]1,5.36
Cc1ccc2ccn3cc[nH+]c3c2n1,4.23
Cc1ccc2[nH+]c(C)c3c(c2c1)OC(C)C3C,7.65
Cc1ccc2[nH+]c3c(c(N4CCOCC4)c2c1)CCC3,7.18
Cc1ccc2[nH+]c3ccc(C)cc3cc2c1,4.5
Cc1ccc2nc3ccc([NH3+])cc3nc2c1,4.8
Cc1ccc2[nH+]cn(C)c2c1,5.7
Cc1cccc(/[NH+]=C/N(C)C)c1,9.11
Cc1cccc(/N=N/c2ccc([NH+](C)C)cc2)c1,2.33
Cc1cccc(C(=O)Nc2ccc(N3CC[C@H]([NH+]4CCC[C@@H]4C)C3)cc2C)n1,10.1
Cc1cccc(C)c1C[NH+]=c1[nH]ccc2c1cc(C)n2C,9.14
Cc1cccc(C)c1C[NH+]=c1[nH]ccn2c(C)c(C)cc12,7.92
Cc1cccc(C)c1C[NH+]=c1cc(C(=O)N(C)C)[nH]c2c(Br)c(C)[nH]c12,6.02
Cc1cccc(C)c1C[NH+]=c1cc(C(=O)N(C)C)[nH]c2c(C)c(C)[nH]c12,7.56
Cc1cccc(C)c1C[NH+]=c1cc(C(=O)N(C)C)[nH]c2c(C)c(C)n(C)c12,7.13
Cc1cccc(C)c1C[NH+]=c1cc(C(=O)N(C)C)[nH]c2c(C)c(C)n(CC(C)O)c12,7.19
Cc1cccc(C)c1C[NH+]=c1cc(C(=O)N(C)C)[nH]c2c(C)c(C)n(Cc3ccccc3)c12,6.86
Cc1cccc(C)c1C[NH+]=c1cc(C(=O)N(C)C)[nH]c2c(CO)c(C)[nH]c12,7.2
Cc1cccc(C)c1C[NH+]=c1cc(C(=O)N(C)C)[nH]c2c(CO)c(C)n(Cc3ccccc3)c12,6.52
Cc1cccc(C)c1CNc1cc(C(=O)NCCO)cn2c(C)c(C)[nH+]c12,6.27
Cc1cccc(C)c1CNc1cccn2c(C)[nH+]cc12,6.03
Cc1cccc(C)c1COc1cccn2c(C)c(C)[nH+]c12,7.41
Cc1cccc(C)c1NC(=O)C(C)[NH3+],7.67
Cc1cccc(C)c1NC(=O)C(C)[NH+](C)C,7.33
Cc1cccc(C)c1NC(=O)C1CCCC[NH+]1C,7.6
Cc1cccc(C)c1NC(=O)CC(C)[NH3+],8.71
Cc1cccc(C)c1NC(=O)CCC(C)[NH3+],9.36
Cc1cccc(C)c1NC(=O)CCCC(C)[NH3+],9.79
Cc1cccc(C)c1NC(=O)CCCCC[NH3+],10.05
Cc1cccc(C)c1NC(=O)CCCC[NH3+],9.81
Cc1cccc(C)c1NC(=O)CCC[NH3+],9.35
Cc1cccc(C)c1NC(=O)CC[NH3+],8.75
Cc1cccc(C)c1NC(=O)C[NH3+],7.42
Cc1cccc(C)c1NC(=O)C[NH+](C)C,7.36
Cc1cccc(C)c1NC(=O)C[NH+]1CCCCC1,7.6
Cc1cccc(C)c1NC(=O)C[NH2+]CC(C)C,7.83
Cc1cccc(C)c1NC1=[NH+]CCN1,10.52
Cc1cccc(C)c1OCC(C)[NH3+],9.153333
Cc1cccc(C)c1OC[C@@H](C)[NH3+],9.2
Cc1cccc(C2[NH2+]CCS2)c1,5.26
Cc1cccc(C=O)[nH+]1,4.55
Cc1cccc(CO)[nH+]1,5.2
Cc1cccc(Cl)c1N(CC1CC1)C1=[NH+]CCN1,11.3
Cc1cccc(Cl)c1NC1=[NH+]CCN1,9.333333
Cc1cccc(N=Nc2ccc([NH3+])cc2)c1,2.88
Cc1cccc([NH+]=c2cc[nH]cc2S(=O)(=O)N=C(NC#N)N2CCCCCC2)c1,6
Cc1cccc(S(=O)(=O)N2CCC[C@@H]2CC[NH+]2CCC(C)CC2)c1,10.4
Cc1cccc2[nH]c[nH+]c12,5.67
Cc1cccc2c1CCC21CCc2c(C(=O)N(C)C)cn3c(C)c(C)[nH+]c3c2O1,6.87
Cc1cccc2c1[C@H](Oc1cc(C(=O)N(C)C)cn3c(C)c(C)[nH+]c13)[C@@H](O)C2,6.22
Cc1cccc2sc(C(N)=[NH2+])cc12,9.1
Cc1ccccc1-c1nc2cn(-c3ccc(C#N)cc3)nc2c(=O)n1CC1CCC[NH+](C(C)C)C1,10
Cc1ccccc1-c1nc2cn(-c3ccc(Cl)cc3)nc2c(=O)n1CC1CCC[NH+](C(C)C)C1,10
Cc1ccccc1-c1nc2cn(-c3ccc(F)cc3)nc2c(=O)n1CC1CCC[NH+](C(C)C)C1,10
Cc1ccccc1-c1nc2cn(-c3cccc(C#N)c3)nc2c(=O)n1CC1CCC[NH+](C(C)C)C1,9.9
Cc1ccccc1-c1nc2cn(-c3cccc(Cl)c3)nc2c(=O)n1CC1CCC[NH+](C(C)C)C1,9.8
Cc1ccccc1/C=C/c1ccc([NH+](C)C)cc1,4.59
Cc1ccccc1/[NH+]=C/N(C)C,8.27
Cc1ccccc1C(=[NH2+])c1ccccc1,7.21
Cc1ccccc1C(OCC[NH+](C)C)c1ccccc1,8.4
Cc1ccccc1C1CCc2c(C(=O)N(C)C)cn3c(C)c(C)[nH+]c3c2O1,6.74
Cc1ccccc1C[NH+](C)C,8.71
Cc1ccccc1NC(N)=[NH+]c1ccccc1C,9.67
Cc1ccccc1NC(=O)C[NH3+],7.81
Cc1ccccc1NC(=O)C[NH+]1CCCCC1,7.7
Cc1ccccc1NC1=[NH+]CCN1,10.23
Cc1ccccc1[NH2+]C1CCCC1,5.07
Cc1ccccc1[NH2+]C1CCCCC1,5.34
Cc1ccccc1OCC(O)C[NH2+]CCOc1ccc(C(N)=O)cc1,7.9
Cc1ccccc1[C@@H]1CCc2c(C(=O)N(C)C)cc3c([nH+]c(C4CC4)n3C)c2O1,5.28
Cc1ccccc1[C@@H]1CCc2c(C(=O)N(C)C)cn3c(C)c(C)[nH+]c3c2O1,7.15
Cc1cccn[nH+]1,3.46
Cc1ccn(C)c2[nH+]c3ccccc3c1-2,8.35
Cc1ccn2c(CC#N)c(C)[nH+]c2c1OCc1ccccc1,5.67
Cc1cc[nH+]c(N2CCc3ccccc3C2)c1,6.6
Cc1cc[nH+]nc1C,4.1
Cc1cn(C)[nH+]c1C,3.56
Cc1cn2c3c(=O)n(C)c(=O)n(C)c3nc2n1CCC[NH+]1CCN(c2cccc(Cl)c2)CC1,8.12
Cc1cn2c3c(=O)n(C)c(=O)n(C)c3nc2n1CCC[NH+]1CCN(c2cccc(Cl)c2Cl)CC1,7.61
Cc1cn2c3c(=O)n(C)c(=O)n(C)c3nc2n1CCC[NH+]1CCN(c2ccccc2)CC1,7.55
Cc1cn2c3c(=O)n(C)c(=O)n(C)c3nc2n1CCC[NH+]1CCc2ccccc2C1,8.66
Cc1cn2cc(C(=O)N(C)C)c3c(c2[nH+]1)CC(c1ccccc1)CC3,6.67
Cc1cn2ccc3c(c2[nH+]1)CC(c1ccccc1)CC3,7.63
Cc1cn2nc(-c3ccccc3)cc(C)c2[nH+]1,5.3
Cc1cn2nc(-c3ccccc3)ccc2[nH+]1,5.09
Cc1cnc(C)c(C)[nH+]1,2.65
Cc1cnc(C[NH2+]CC2(F)CCN(C(=O)c3ccc(F)c(Cl)c3)CC2)nc1,6.7
Cc1c[nH+]c(N(C)C)s1,6.08
Cc1c[nH+]c2c(c1)c(C)c(C)c1cccnc12,5.34
Cc1cnc2c(c1)c(C)cc1c(C)c(C)c[nH+]c12,6.07
Cc1cnc2c(c1)cc(C)c1cc(C)c[nH+]c12,5.27
Cc1c[nH+]c2c(cc(C)c3c(C)ccnc32)c1C,6.45
Cc1c[nH+]c2c(cc(C)c3cccnc32)c1C,5.93
Cc1c[nH+]c2c(ccc3c(C)ccnc32)c1C,5.99
Cc1c[nH+]c2c(ccc3cccnc32)c1,5
Cc1c[nH+]c2c(ccc3cccnc32)c1C,5.62
Cc1cnc2c[nH+]cnc2n1,3.49
Cc1cncc(C)[nH+]1,2.11
Cc1c[nH+]n(C)c1C,3.58
Cc1cn[nH+]c(C)c1,4.11
Cc1cn[nH+]cc1C,4.13
Cc1coc(C2C[C@H]3[C@@H](C)SC(=[NH2+])N[C@@]3(c3ccc(F)cc3F)CO2)n1,7.8
Cc1coc(C2C[C@H]3[C@@H](CF)SC(=[NH2+])N[C@@]3(c3ccc(F)cc3F)CO2)n1,7
Cc1csc2[nH+]ccn12,5.36
Cc1[nH][nH+]c(C)c1C,4.82
Cc1[nH][nH+]c(C)c1Cl,2.23
Cc1[nH+]c(-c2ccc(F)cc2F)n(C)c1CC(=O)NCc1ccc(F)cc1Cl,6.47
Cc1[nH]c(-c2ccccc2)[nH+]c1C,7
Cc1[nH]c(-c2ccccc2SCc2ccccc2)[nH+]c1C,7
Cc1[nH]c2n[nH]cc2c(=N)[nH+]1,5.41
Cc1[nH]c2c(cnn2-c2ccccc2)c(=N)[nH+]1,4.52
Cc1[nH]c2c(cnn2C)c(=N)[nH+]1,5
Cc1[nH]c2scnc2c(=N)[nH+]1,4.56
Cc1[nH]c2n[nH]cc2c(=NCc2ccco2)[nH+]1,4.65
Cc1nc(C(=O)Nc2ccc(N3CC[C@H]([NH+]4CCC[C@@H]4C)C3)cc2C)co1,10.1
Cc1[nH]cc(C2CCN(C(=O)CCS(=O)(=O)c3ccc4cc(Cl)ccc4c3)CC2)[nH+]1,7.9
Cc1[nH]c(CO)[nH+]c1C,7.88
Cc1[nH+]c2c(/C=C/Cc3ccccc3)cccn2c1CC#N,5.7
Cc1[nH+]c2c(/C=C/Cc3ccccc3)cccn2c1N,6.75
Cc1[nH+]c2c(/C=C/c3ccccc3)cccn2c1C,7.2
Cc1[nH+]c2c(/C=C\c3ccccc3)cccn2c1C,7.2
Cc1[nH+]c2c(C/C=C/c3ccccc3)cccn2c1CC#N,6
Cc1[nH+]c2c(CCc3ccccc3)cccn2c1C,7.5
Cc1[nH+]c2c(CCc3ccccc3)cccn2c1CC#N,6
Cc1[nH+]c2c(CCc3ccccc3)cccn2c1N,7.3
Cc1[nH+]c2c(CCc3ccccc3)nccn2c1N,5.1
Cc1[nH]c2cccc(N)c2[nH+]1,8.1
Cc1[nH+]c2c(N[C@H]3c4ccccc4C[C@@H]3O)cc(C(=O)N(C)C)cn2c1C,6.24
Cc1[nH+]c2c(N[C@H]3c4ccccc4C[C@@H]3O)cc(C(N)=O)cn2c1C,5.97
Cc1[nH+]c2c(OCc3ccccc3)cccn2c1C,7
Cc1[nH+]c2c(OCc3ccccc3)cccn2c1CC#N,6.093333
Cc1[nH+]c2c(OCc3ccccc3)cccn2c1CO,6.1
Cc1[nH+]c2c(OCc3ccccc3)cccn2c1N,6.81
Cc1[nH+]c2c(OCc3ccccc3)nccn2c1C,4.8
Cc1[nH+]c2c(OCc3ccccc3)nccn2c1N,4.6
Cc1[nH+]c2c(O[C@H]3c4ccccc4C[C@@H]3O)cc(C(=O)N(C)C)cn2c1C,6.21
Cc1[nH+]c2c3c(c(C(=O)N(C)C)cc2n1C)CC[C@@H](c1ccc(Cl)cc1)O3,5.59
Cc1[nH+]c2c3c(c(C(=O)N(C)C)cc2n1C)CC[C@@H](c1ccc(Cl)cc1Cl)O3,5.36
Cc1[nH+]c2c3c(c(C(=O)N(C)C)cc2n1C)CC[C@@H](c1ccc(F)cc1)O3,5.65
Cc1[nH+]c2c3c(c(C(=O)N(C)C)cc2n1C)CC[C@@H](c1ccc2ccccc2c1)O3,5.57
Cc1[nH+]c2c3c(c(C(=O)N(C)C)cc2n1C)CC[C@@H](c1ccccc1C1CC1)O3,5.63
Cc1[nH+]c2c3c(c(C(=O)N(C)C)cc2n1C)CC[C@@H](c1ccccc1Cl)O3,5.45
Cc1[nH+]c2c3c(c(C(=O)N(C)C)cc2n1C)CC[C@@H](c1ccccc1F)O3,5.55
Cc1[nH+]c2c3c(c(C(=O)N(C)C)cn2c1Br)CCC(c1ccccc1)C3,5.11
Cc1[nH+]c2c3c(c(C(=O)N(C)C)cn2c1Br)CCC(c1ccccc1)O3,4.68
Cc1[nH+]c2c3c(c(C(=O)N(C)C)cn2c1C)CCC(c1ccc(F)cc1)O3,6.74
Cc1[nH+]c2c3c(c(C(=O)N(C)C)cn2c1C)CCC(c1ccccc1)C3,7.16
Cc1[nH+]c2c3c(c(C(=O)N(C)C)cn2c1C)CCC(c1ccccc1)O3,7.15
Cc1[nH+]c2c3c(c(C(=O)N(C)C)cn2c1C)CCC(c1ccccc1F)O3,6.78
Cc1[nH+]c2c3c(c(C(=O)N(C)C)cn2c1C)CCC(c1cccs1)O3,6.64
Cc1[nH+]c2c3c(c(C(=O)N(C)C)cn2c1C)CCC1(CCc2ccccc21)O3,6.84
Cc1[nH+]c2c3c(c(C(=O)N(C)C)cn2c1C)CCC1(Cc2ccccc2C1)O3,6.84
Cc1[nH+]c2c3c(c(C(=O)N(C)C)cn2c1CO)CCC(c1ccccc1)C3,6.32
Cc1[nH+]c2c3c(c(C(=O)N(C)C)cn2c1CO)CCC(c1ccccc1)O3,5.86
Cc1[nH+]c2c3c(c(C(=O)N4CC(F)(F)C4)cn2c1C)CCC1(CCc2ccccc21)O3,6.55
Cc1[nH+]c2c3c(c(C(=O)N4CC(O)C4)cn2c1C)CCC(c1ccccc1)O3,6.63
Cc1[nH+]c2c3c(c(C(=O)N4CC4)cn2c1C)CCC(c1ccccc1)O3,6.63
Cc1[nH+]c2c3c(c(C(=O)N4CCC4)cn2c1C)CCC(c1ccccc1)O3,6.64
Cc1[nH+]c2c3c(c(C(=O)N4CCCC4)cn2c1C)CCC(c1ccccc1)C3,7.2
Cc1[nH+]c2c3c(c(C(=O)N4CCCC4)cn2c1C)CCC(c1ccccc1)O3,6.73
Cc1[nH+]c2c3c(c(C(=O)N4CCOCC4)cn2c1C)CCC(c1ccccc1)C3,7.05
Cc1[nH+]c2c3c(c(C(=O)N4CCOCC4)cn2c1C)CCC1(CCc2ccccc21)O3,6.74
Cc1[nH+]c2c3c(c(C(=O)NC4CC4)cn2c1C)CCC(c1ccccc1)O3,6.69
Cc1[nH+]c2c3c(c(C(=O)NC4CC4)cn2c1C)CCC1(CCc2ccccc21)O3,6.76
Cc1[nH+]c2c3c(c(C(=O)NC4CCC4)cn2c1C)CCC(c1ccccc1)O3,6.68
Cc1[nH+]c2c3c(c(C(=O)NCCO)cn2c1C)CCC(c1ccccc1)C3,7.22
Cc1[nH+]c2c3c(c(C(=O)Nc4ccccc4)cn2c1C)CCC(c1ccccc1)O3,6.59
Cc1[nH+]c2c3c(c(C(=O)Nc4ccccc4)cn2c1C)CCC1(CCc2ccccc21)O3,6.76
Cc1[nH+]c2c3c(c(C(N)=O)cn2c1C)CCC(c1ccccc1)C3,7.26
Cc1[nH+]c2c3c(c(C(N)=O)cn2c1C)CCC(c1ccccc1)O3,6.52
Cc1[nH+]c2c3c(ccn2c1C)CCC(c1ccccc1)C3,8.05
Cc1[nH+]c2c3c(ccn2c1C)CCC(c1ccccc1)O3,7.73
Cc1[nH+]c2c3c(ccn2c1CC#N)CCC(c1ccccc1)O3,6
Cc1[nH]c2ccc(N)cc2[nH+]1,6.95
Cc1[nH]c2ncccc2[nH+]1,4.6
Cc1nc2cc[nH+]cc2n2c(-c3ccccc3Cl)nnc12,2.7
Cc1nc2c[nH+]cnc2nc1C,2.93
Cc1nc2sccn2c(=O)c1CC[NH+]1CCC(=C(c2ccc(F)cc2)c2ccc(F)cc2)CC1,8.2
Cc1[nH]c[nH+]c1C,8.19
Cc1[nH+]cc(C2CCN(C(=O)CCS(=O)(=O)c3ccc4cc(Cl)ccc4c3)CC2)n1C,8.2
Cc1[nH+]cc(CO)c(C)c1OCc1ccccc1,5.52
Cc1nc2[nH]c(=NC(=O)c3ccco3)c(-c3c(Cl)cccc3Cl)cc2c[nH+]1,4.3
Cc1nc2nccnc2c[nH+]1,4.87
Cc1[nH+]ccc2c1[nH]c1ccccc12,6.55
Cc1[nH+]ccn1C,7.64
Cc1[nH+]ccn1CC1CCc2c(c3ccccc3n2C)C1=O,7.3
Cc1[nH+]ccn1CCC1CCN(C(=O)CCS(=O)(=O)c2ccc3cc(Cl)ccc3c2)CC1,7.9
Cc1[nH+]cnc2nccnc12,2.92
Cc1[nH+]n(C)c2c1C(c1ccccc1F)=NCC(=O)N2C,4.69
Cc1n[nH+]c(C)c(C)n1,2.85
Cc1nnc2n1-c1ccc(Cl)cc1C(c1ccccc1)=[NH+]C2,3.666667
Cc1nnc2n1-c1ccc(Cl)cc1C(c1ccccc1Cl)=[NH+]C2,5.375
Cc1nnc2n1-c1sc(Br)cc1C(c1ccccc1Cl)=[NH+]C2,6.2
Cc1noc(C2=CC(C)C[NH+](C)C2)n1,7.34
Cc1noc(C2=CC(C)C[NH2+]C2)n1,8.17
Cc1noc(C2=CCC(C)[NH+](C)C2)n1,7.35
Cc1noc(C2=CCC(C)[NH2+]C2)n1,8.2
Cc1noc(C2=CCC[NH+](C)C2)n1,7.16
Cc1noc(C2=CCC[NH2+]C2)n1,8.24
Cc1noc(C2C[NH+](C)CCN2)n1,6.2
Cc1noc(C2C[NH+]3CCN2CC3)n1,6
Cc1noc(C[NH+](C)C)n1,5.6
Cc1sccc1[C@@H]1CCc2c(C(=O)N(C)C)cc3c([nH+]c(C)n3C)c2O1,5.66
ClC1CC2CC[NH+]1CC2,6.98
ClC1C[NH+]2CCC1CC2,8.79
ClCC1CC2CC[NH+]1CC2,9.68
ClCC1C[NH+]2CCC1CC2,10.15
ClCC[NH+]1CCOCC1,6.27
Clc1cc(Br)cc(Cl)c1NC1=[NH+]CCN1,7.72
Clc1cc(Cl)c(NC2=[NH+]CCN2)c(Cl)c1,7.7
Clc1cc(Cl)c(NC2=[NH+]CCN2)cc1Cl,7.7
Clc1cc2cccnc2c2[nH+]cccc12,4.22
Clc1ccc(-c2c[nH]c(-c3ccccc3)[nH+]2)cc1,5.47
Clc1ccc(-c2[nH]cc(-c3ccccc3)[nH+]2)cc1,5.37
Clc1ccc(-n2cc(NCC[NH+]3CCOCC3)nn2)cc1Cl,6.6
Clc1ccc(C(Cn2cc[nH+]c2)OCc2ccc(Sc3ccccc3)cc2)c(Cl)c1,6.54
Clc1ccc(C/C(=C\C[NH+]2CCCC2)c2ccccc2)cc1,8.77
Clc1ccc(C2C[NH2+]2)cc1,6.18
Clc1ccc(C2[NH2+]CCS2)cc1,5.01
Clc1ccc(Cc2c3ccccc3[nH+]c3ccccc23)cc1,7.06
Clc1ccc(Cl)c(NC2=[NH+]CCN2)c1,8.333333
Clc1ccc(Cn2cc(NCC[NH+]3CCOCC3)nn2)cc1Cl,6.7
Clc1ccc(NC2=[NH+]CCN2)c(Cl)c1,8.703333
Clc1ccc2[nH]c[nH+]c2c1,4.86
Clc1ccc2c(=[NH+]Cc3nc(-c4ccccc4)co3)cc[nH]c2c1,6.36
Clc1ccc2c(=[NH+]Cc3nc(-c4ccccc4)cs3)cc[nH]c2c1,6.45
Clc1ccc2c(c1)C(N1CC[NH2+]CC1)=Nc1ccccc1O2,9.935
Clc1ccc2c(c1)NC1CC=Cc3cc[nH+]c-2c31,4.5
Clc1ccc2nsnc2c1NC1=[NH+]CCN1,8
Clc1cccc(-c2c[nH]c(-c3ccccc3)[nH+]2)c1,5.45
Clc1cccc(-c2cccc[nH+]2)n1,3.7
Clc1cccc(-c2[nH]cc(-c3ccccc3)[nH+]2)c1,5.12
Clc1cccc(Br)c1N(CC1CC1)C1=[NH+]CCN1,10.8
Clc1cccc(Br)c1NC1=[NH+]CCN1,7.93
Clc1cccc(Cl)c1CON=C1CC[NH+](CCCc2ccccc2)CC1,5.7
Clc1cccc(Cl)c1N(CC1CC1)C1=[NH+]CCN1,10.9
Clc1cccc(Cl)c1NC1=[NH+]CCN1,8.055
Clc1cccc(NC2=[NH+]CCN2)c1Cl,8.55
Clc1ccccc1NC1=[NH+]CCN1,9.15
Clc1ccnc(-c2cccc[nH+]2)c1,3.8
Cn1/c(=[NH+]/N)ccc2ccccc21,9.17
Cn1/c(=[NH+]\N)sc2ccccc21,6.1
Cn1c(=[NH2+])[nH]c2cc[nH]c2c1=O,5.1
Cn1c(=O)c2c(nc3n(CCC[NH+]4CCN(c5cccc(Cl)c5)CC4)c(-c4ccccc4)cn23)n(C)c1=O,10.61
Cn1c(=O)c2c(nc3n(CCC[NH+]4CCN(c5cccc(Cl)c5)CC4)ccn23)n(C)c1=O,8.35
Cn1c(=O)c2c(nc3n(CCC[NH+]4CCN(c5ccccc5)CC4)c(-c4ccccc4)cn23)n(C)c1=O,8.79
Cn1c(=O)c2c(nc3n(CCC[NH+]4CCN(c5ccccc5)CC4)ccn23)n(C)c1=O,8.09
Cn1c(=O)c2c(nc3n(CCC[NH+]4CCc5ccccc5C4)c(-c4ccccc4)cn23)n(C)c1=O,10.41
Cn1c(=O)n(C)c2c([NH3+])cccc21,3.06
Cn1c(CO)[nH+]c2ccccc21,4.36
Cn1c2c(s/c1=[NH+]\N)CCCC2,8.2
Cn1c2ccccc2c(=[NH2+])c2ccccc21,11.01
Cn1cc(-c2cccc(C(F)(F)F)c2)c2sc(C(=[NH2+])NC3CCS(=O)(=O)CC3)cc2c1=O,8.4
Cn1cc(-c2noc(C3=CCC[NH2+]C3)n2)c2ccccc21,7.9
Cn1cc(-c2noc(C[NH3+])n2)c2ccccc21,6.4
Cn1cc([C@H]2C[C@H]3[C@@H](CF)SC(=[NH2+])N[C@@]3(c3ccc(F)cc3F)CO2)cn1,7.2
Cn1cc[nH]c1=[NH2+],8.54
Cn1ccc2ccc3ccc[nH+]c3c21,4.36
Cn1cccnc1=[NH2+],10.75
Cn1cc[nH+]c1-c1ccccn1,5.7
Cn1cc[nH+]c1F,2.3
Cn1cnc2[nH]c(N)[nH+]c(=O)c21,3.57
Cn1c[nH+]c2ncncc21,2.29
Cn1c[nH+]cc1C1CCN(C(=O)CCS(=O)(=O)c2ccc3cc(Cl)ccc3c2)CC1,7.2
FC(Cc1c[nH]c2ccc(-n3cnnc3)cc12)C[NH+]1CCC(Cc2ccccc2)CC1,8.7
FC(F)(Cc1c[nH]c2ccc(-n3cnnc3)cc12)C[NH+]1CCC(Cc2ccccc2)CC1,6.7
FC(F)(Cc1c[nH]c2ccc(-n3cnnc3)cc12)C[NH+]1CCC(OCc2ccccc2)CC1,5.9
FC(F)(F)c1c(N2CCC(c3ccccc3)CC2)ccn2c(CC3CC3)[nH+]nc12,4.1
FC(F)(F)c1ccc(-c2c[nH]c(-c3ccccc3)[nH+]2)cc1,5.31
FC(F)(F)c1ccc(-c2[nH]cc(-c3ccccc3)[nH+]2)cc1,5.19
FC(F)(F)c1cccc(-c2c[nH]c(-c3ccccc3)[nH+]2)c1,5.27
FC(F)(F)c1cccc(-c2[nH]cc(-c3ccccc3)[nH+]2)c1,5.11
FC(F)(F)c1ccccc1NC1=[NH+]CCN1,8.8
FC(F)C1Cc2ccc(Br)cc2C[NH2+]1,6.12
FC(F)C1Cc2ccccc2C[NH2+]1,6.42
FC1(Cc2ccccc2)CC[NH+](CCCc2c[nH]c3ccc(-n4cnnc4)cc23)CC1,8.8
Fc1ccc(N2CC[NH+](Cc3ccn4c(CC5CC5)nnc4c3C(F)(F)F)CC2)c(F)c1,5
Fc1ccc([C@@H]2CC[NH2+]C[C@H]2COc2ccc3c(c2)OCO3)cc1,9.843333
Fc1ccc2[nH]c[nH+]c2c1,5.11
Fc1ccc2c(c1)N(CCC[NH+]1CCCC1)c1cc(F)ccc1CC2,7.75
Fc1ccc2c(c1)N(CCC[NH+]1CCCCC1)c1cc(F)ccc1CC2,7.6
Fc1ccc2c(c1)N(CCC[NH+]1CCOCC1)c1cc(F)ccc1CC2,7.6
Fc1ccc2ccc[nH+]c2c1,4.04
Fc1ccc2[nH+]cccc2c1,4
Fc1cccc(Br)c1N(CC1CC1)C1=[NH+]CCN1,10.7
Fc1cccc(C(F)(F)F)c1N(CC1CC1)C1=[NH+]CCN1,10.7
Fc1cccc(Cl)c1N(CC1CC1)C1=[NH+]CCN1,10.8
Fc1cccc(Cl)c1NC1=[NH+]CCN1,8.01
Fc1cccc(F)c1N(CC1CC1)C1=[NH+]CCN1,10.3
Fc1cccc(F)c1NC1=[NH+]CCN1,8.253333
Fc1cccc2[nH+]cccc12,3.68
Fc1cccn2cc[nH+]c12,4.9
Ic1cccc(C2[NH2+]CCS2)c1,4.93
N#CC(CC[NH+]1CCCCC1)(c1ccccc1)c1ccccc1,8.07
N#CC(CC[NH+]1CCOCC1)(c1ccccc1)c1ccccc1,6.09
N#CC([NH3+])c1ccccc1,4.4
N#CC(c1ccc2c(c1)OCO2)[NH+]1CCCC1,4.3
N#CC(c1ccc2c(c1)OCO2)[NH+]1CCCCC1,4
N#CC1CC2CC[NH+]1CC2,5.85
N#CC1C[NH+]2CCC1CC2,7.85
N#CCC([NH3+])c1ccccc1,6.7
N#CCC[NH2+]C(CC(N)=O)C(=O)O,6.46
N#CCC[NH2+]CCC#N,5.23
N#CCCN[NH3+],5.91
N#CCC[NH2+]c1ccccc1,4.5
N#CC[NH+]1CCOCC1,2
N#CCc1ccc[nH+]c1,3.78
N#C[C@H](Cc1ccc(-c2ccccc2)cc1)NC(=O)C1([NH3+])CCOCC1,5.4
N#Cc1cc(C(F)(F)F)ccc1N1CCOc2cc(S(=O)(=O)N=c3cc[nH]c[nH+]3)ccc21,5.8
N#Cc1ccc(-c2ccc(C[C@@H](C#N)NC(=O)C3([NH3+])CCCCC3)cc2)cc1,7.1
N#Cc1ccc(-c2ccc(C[C@@H](C#N)NC(=O)C3([NH3+])CCOCC3)cc2)cc1,5.8
N#Cc1ccc(-c2ccc(C[C@@H](C#N)NC(=O)C3CCCC[NH2+]3)cc2)cc1,8.4
N#Cc1ccc(-c2ccc(C[C@@H](C#N)NC(=O)C3C[C@@H](O)CC[NH2+]3)cc2)cc1,7.6
N#Cc1ccc(C(=O)Nc2ccc(F)c([C@@]3(CF)[NH+]=C(N)OCC3(F)F)c2)nc1,5.1
N#Cc1ccc(C(=O)Nc2ccc(F)c([C@@]3(CF)[NH+]=C(N)OC[C@@H]3F)c2)nc1,6.7
N#Cc1ccc(C(=O)Nc2ccc(F)c([C@]3(C(F)F)CCOC(=[NH2+])N3)c2)nc1,7.3
N#Cc1ccc(C(=O)Nc2ccc(F)c([C@]3(CF)C[C@@H](C(F)(F)F)OC(=[NH2+])N3)c2)nc1,6.3
N#Cc1ccc(Cc2c3ccccc3[nH+]c3ccccc23)cc1,5.93
N#Cc1ccc(N2CC[NH+](CCNC(=O)c3ccc(F)cc3)CC2)cc1,6.43
N#Cc1ccc(S(=O)(=O)C2(F)CC[NH+](CCc3ccc(F)cc3F)CC2)cc1,6.4
N#Cc1ccc2c(c1)CC[NH2+]2,2.8
N#Cc1ccc2c(c1)N(CCC[NH+]1CCC(O)CC1)c1ccccc1S2,8.63
N#Cc1cccnc1N1CC[NH+](CCNC(=O)c2ccc(F)cc2)CC1,6.4
NC(=[NH2+])N(CC1CC1)c1c(Br)cccc1Br,11.9
NC(=[NH2+])N(c1ccccc1)c1ccccc1,10.42
NC(=[NH2+])N/N=C/c1ccc(Cl)c(Cl)c1,8.4
NC(=[NH2+])N1C2CC(OC(=O)C(CO)c3ccccc3)CC1C1OC12,10.84
NC(=[NH2+])N1C2CCC1CC(OC(=O)C(CO)c1ccccc1)C2,11.6
NC(=[NH2+])NC(=O)c1ccccc1,6.98
NC(=[NH2+])Nc1ccccc1,10.835
NC(=[NH2+])Oc1ccccc1,8.29
NC(=[NH2+])c1ccccc1,11.8
[NH2+]=C(NCc1c[nH]c2ccccc12)C(Cl)(Cl)Cl,6
[NH2+]=C(Nc1ccccc1)Nc1ccccc1,9.94
[NH2+]=C(SCc1ccccc1)c1ccccc1,4.43
[NH2+]=C(Sc1ccccc1)c1ccccc1,4.48
[NH2+]=C(c1ccccc1)c1cccc(Cl)c1,5.69
[NH2+]=C(c1ccccc1)c1ccccc1,6.82
[NH2+]=C(c1ccccc1)c1ccccc1Cl,5.59
[NH2+]=C1CCCC1,8.95
[NH2+]=C1NC(c2cccc(-c3cncnc3)c2)(c2ccnc(C(F)(F)F)c2)c2cccc(F)c21,6.9
[NH2+]=C1NC(c2cccc(-c3cncnc3)c2)(c2ccnc(C(F)F)c2)c2cccc(F)c21,6.8
[NH2+]=C1NC(c2ccnc(C(F)(F)F)c2)(c2ccc(F)c(-c3cncnc3)c2)c2cccc(F)c21,6.4
[NH2+]=C1NC2(CCc3ccc(NC(=O)c4ccc(Cl)cn4)cc32)CO1,8.3
[NH2+]=C1NC2(CCc3ccc(NC(=O)c4ccc(Cl)cn4)cc32)CS1,8.3
[NH2+]=C1NC23CCC(NC(=O)c4cccc(Cl)c4)CC2(COC3)CS1,8.2
[NH2+]=C1NC2CCC(NC(=O)c3cccc(Cl)c3)CC2CS1,9.7
[NH2+]=C1N[C@@](c2cccc(-c3cncnc3)c2)(c2ccnc(C(F)F)c2)c2cc(F)cc(F)c21,6.2
[NH2+]=C1N[C@@](c2cccc(-c3cncnc3)c2)(c2ccnc(C(F)F)c2)c2cccc(F)c21,7.1
[NH2+]=C1N[C@@]2(c3cccc(NC(=O)c4ccc(Cl)cn4)c3)C[C@H]2CCS1,8.9
[NH2+]=C1N[C@]23CC[C@H](NC(=O)c4cccc(Cl)c4)C[C@@H]2[C@@H](COC3)S1,9
[NH2+]=C1Nc2c(F)cc(Cl)cc2[C@H]2CCCC12,8.2
[NH2+]=C1Nc2c(F)cccc2[C@H]2CCCC12,8.5
[NH2+]=C1Nc2c(F)cccc2[C@H]2CCC[C@@]12F,6.6
[NH2+]=C1Nc2c(ccc(F)c2F)[C@H]2CCCC12,8
[NH2+]=C1Nc2ccc(Cl)cc2[C@H]2CCCC12,9.4
[NH2+]=C1Nc2ccc(Cl)cc2[C@H]2CCC[C@@]12F,7.6
[NH2+]=C1Nc2ccccc2[C@H]2CCCC12,9.7
[NH2+]=C1Nc2ccccc2[C@H]2CCC[C@@]12F,7.9
[NH2+]=CN1C2CC(OC(=O)C(CO)c3ccccc3)CC1C1OC12,9.78
[NH2+]=CN1C2CCC1CC(OC(=O)C(CO)c1ccccc1)C2,10.33
N=c1[nH][nH]c(CC(=O)[OH2+])c1C(N)=O,3.5
N=c1[nH]c(=[NH2+])[nH]c2[nH+]c(N)[nH]c12,2.41
[NH2+]=c1[nH]c2cc3c(cc2[nH]1)CCCC3,7.69
[NH2+]=c1[nH]c2cc3ccccc3cc2[nH]1,7.01
[NH2+]=c1[nH]c2ccc(OC(F)(F)F)cc2s1,6.5
[NH2+]=c1[nH]c2ccccc2[nH]1,7.496667
[NH2+]=c1[nH]c2cncnc2[nH]1,7.02
[NH2+]=c1[nH]cc2n1CC(Cc1cccc3c1OCO3)CC2,9.2
[NH2+]=c1[nH]cc[nH]1,8.46
[NH2+]=c1c2c([nH]c3ccccc13)CCCC2,9.91
Nc1cccc2[nH]c3ccccc3c(=[NH2+])c12,11
[NH2+]=c1c2ccccc2[nH]c2ccccc12,9.795
[NH2+]=c1cc(/C=C/c2ccccc2)[nH]c(/C=C/c2ccccc2)c1,8.6
[NH2+]=c1cc(CO)[nH]c(N2CCc3ccccc3C2)c1,8.1
[NH2+]=c1cc(N2CCc3ccccc3C2)[nH]c2c1CCC2,9.4
[NH2+]=c1cc[nH]c(-c2cc(Cl)ccn2)c1,7.4
[NH2+]=c1cc[nH]c(-c2cccc(Cl)n2)c1,7.7
[NH2+]=c1cc[nH]c(N2CCc3ccccc3C2)c1,8.5
[NH2+]=c1cc[nH]c2cc(Cl)ccc12,8.22
[NH2+]=c1cc[nH]cc1Br,7.15
Nc1c[nH]ccc1=[NH2+],9.06
[NH2+]=c1cn[nH]c2ccccc12,6.84
NC(=O)C([NH3+])Cc1ccccc1,7.295
NC(=O)C(c1ccccc1)c1cccc[nH+]1,3.8
NC(=O)C1CC2CC[NH+]1CC2,9.04
NC(=O)C1CCN(c2c(Cl)c[nH+]cc2Cl)CC1,3.5
NC(=O)C1CCN(c2c(S(=O)(=O)c3ccccc3)c[nH+]c3ccc(Cl)cc23)CC1,3.05
NC(=O)C1C[NH+]2CCC1CC2,9.74
NC(=O)CC([NH3+])C(N)=O,7
NC(=O)CCCCc1cccc[nH+]1,5.73
NC(=O)CCCCc1ccc[nH+]c1,5.6
NC(=O)CCCCc1cc[nH+]cc1,5.92
NC(=O)CCCc1cccc[nH+]1,5.48
NC(=O)CCCc1ccc[nH+]c1,5.33
NC(=O)CCCc1cc[nH+]cc1,5.64
NC(=O)CC[NH+]1CCC[C@H](OCc2cc(C(F)(F)F)cc(C(F)(F)F)c2)[C@@H]1c1ccccc1,6.5
NC(=O)CCc1cccc[nH+]1,5.09
NC(=O)CCc1ccc[nH+]c1,5.21
NC(=O)CCc1cc[nH+]cc1,5.58
NC(=O)C[NH+]1CCC[C@H](OCc2cc(C(F)(F)F)cc(C(F)(F)F)c2)[C@@H]1c1ccccc1,5.4
NC(=O)CN1CC[NH+]([C@@H](COCc2cc(C(F)(F)F)cc(C(F)(F)F)c2)c2ccccc2)CC1,6.2
NC(=O)CN1CC[NH+]([C@H](COCc2cc(C(F)(F)F)cc(C(F)(F)F)c2)c2ccccc2)CC1,6.2
NC(=O)C[NH2+]C1CCC(OCc2cc(C(F)(F)F)cc(C(F)(F)F)c2)C1c1ccccc1,6.6
NC(=O)C[NH2+][C@@H]1CC[C@H](OCc2cc(C(F)(F)F)cc(C(F)(F)F)c2)[C@H]1c1ccccc1,6.6
NC(=O)COCCN1CC[NH+](C(COCc2cc(C(F)(F)F)cc(C(F)(F)F)c2)c2ccccc2)CC1,7.4
NC(=O)Cc1cccc[nH+]1,4.34
NC(=O)Cc1ccc[nH+]c1,4.72
NC(=O)Cc1cc[nH+]cc1,5.08
NC(=O)c1c[nH+]cc2ccccc12,3.8
[NH3+]C(CO)CO,8.63
[NH3+]C1(C(=O)NC(Cc2c[nH]c3ccccc23)C(=O)N2CCC3(CCc4ccccc43)CC2)CC1,5.9
[NH3+]C12CC3CC(CC(C3)C1)C2,10.71
[NH3+]C12CCC(C1)C2,9.3
[NH3+]C12CCC(CC1)C2,10.19
NC1=[NH+]C(c2ccc(OC(F)F)cc2)(c2cccc(-c3cncnc3)c2)C2=NCC(F)(F)CN21,6.1
NC1=[NH+]C(c2ccc(OC(F)F)cc2)(c2cccc(OCCCF)c2)C2=NCC(F)(F)CN21,6.5
NC1=[NH+][C@](c2ccc(OC(F)F)cc2)(c2cccc(OCCF)c2)C2=NCC(F)(F)CN21,6.5
[NH3+]C1CCCc2ccccc21,9.66
[NH3+]C1CCN(OCc2ccccc2)C1=O,6.4
[NH3+]C1CCc2ccccc2C1,9.97
[NH3+]C1OC(CO)C(O)C(O)C1O,5.6
[NH3+]C1OCC(O)C(O)C1O,5.6
NC=[NH+]O,5.05
NNC(=O)C[NH3+],7.69
[NH3+]CC(=O)Nc1ccccc1,8.12
NC(=S)C[NH3+],7.27
[NH3+]CC(O)CO,9.3
[NH3+]CC(O)c1ccc(Cl)cc1,9.04
[NH3+]CC(O)c1ccccc1,8.94
[NH3+]CC1CCCCC1,10.52
[NH3+]CC=C(Cl)Cl,9.3
[NH3+]CCC(=O)c1ccccc1,8.3
[NH3+]CCC=C(Cl)Cl,9.85
[NH3+]CCCBr,8.93
[NH3+]CCCC(F)(F)F,9.7
[NH3+]CCCCBr,10
[NH3+]CCCCCCBr,10.6
[NH3+]CCCCCCO,10.62
[NH3+]CCCCCO,10.52
[NH3+]CCCCCc1ccccc1,10.51
[NH3+]CCCCO,10.35
[NH3+]CCCCOc1c2ccccc2cc2ccccc12,9.94
[NH3+]CCCCc1ccccc1,10.39
[NH3+]CCCCl,9.89
[NH3+]CCCF,9.9
[NH3+]CCCO,10
[NH3+]CCC[n+]1cc(Br)c2ccccc2c1,9.53
[NH3+]CCC[n+]1ccc2ccccc2c1,8.97
[NH3+]CCCc1ccccc1,10.27
[NH3+]CCOCCO,9.43
[NH3+]CC[n+]1cc(Br)c2ccccc2c1,6.71
[NH3+]CC[n+]1ccc2ccccc2c1,6.85
[NH3+]CCc1c[nH]c2ccccc12,10.2
[NH3+]CCc1ccc(Br)cc1,9.65
[NH3+]CCc1ccc(Cl)cc1,9.66
[NH3+]CCc1ccccc1,9.485
[NH3+]C[C@@H]1C[C@@]1(C(=O)N1Cc2ccccc2C1)c1cccs1,9.5
[NH3+]C[C@H](COCc1cccc2ccccc12)OC(=O)NCCCCCCO,8.9
[NH3+]C[C@H]1CCCC[C@@H]1O,10.18
[NH3+]Cc1ccc(C=O)o1,8.1
NNC(=O)C([NH3+])Cc1ccccc1,7.06
[NH3+]NC=O,2.81
N[NH2+]CCCc1ccccc1,7.2
[NH3+]NCCO,7.12
[NH3+]NCCOc1ccccc1,6.8
N[NH2+]CCc1ccccc1,7.25
[NH3+]OCc1ccc(Cl)cc1,4.22
[NH3+]OCc1ccccc1,4.34
[NH3+]S(=O)(=O)c1n[nH]c(=NS(=O)(=O)c2ccccc2)s1,3.2
[NH3+][C@@H]1CCCC[C@@H]1O,9.72
[NH3+][C@@H]1CCC[C@@H]1O,9.7
[NH3+][C@@H]1CCC[C@H](O)C1,10.05
[NH3+][C@@H]1C[C@@H]1c1ccccc1,8.47
[NH3+][C@@H]1C[C@]1(F)c1ccc(C(F)(F)F)cc1,6.6
[NH3+][C@@H]1C[C@]1(F)c1ccc(Cl)cc1,6.81
[NH3+][C@@H]1C[C@]1(F)c1ccc(F)cc1,6.88
[NH3+][C@@H]1C[C@]1(F)c1ccccc1,6.98
[NH3+][C@H](COCc1cc(C(F)(F)F)cc(C(F)(F)F)c1)c1ccccc1,7.93
[NH3+][C@H](c1ccccc1)[C@H](O)c1ccccc1,10.46
[NH3+][C@H]1CCCCC[C@@H]1O,9.35
[NH3+][C@H]1CCCC[C@@H]1O,9.35
[NH3+][C@H]1CCC[C@@H]1O,9.28
[NH3+][C@H]1CCC[C@H](O)C1,10.1
[NH3+][C@H]1CCc2ccccc21,9.21
[NH3+][C@H]1C[C@@H]1c1ccccc1,8.5
[NH3+][C@H]1C[C@@]1(F)c1ccccc1,7.2
[NH3+][C@H]1C[C@]1(F)c1ccc(C(F)(F)F)cc1,7
[NH3+][C@H]1C[C@]1(F)c1ccc(Cl)cc1,7.19
[NH3+][C@H]1C[C@]1(F)c1ccc(F)cc1,7.31
[NH3+][C@H]1C[C@]1(F)c1ccccc1,7.35
[NH3+][C@]1(c2ccccc2)C[C@]1(F)c1ccccc1,5.8
Nc1[nH]c[nH+]c(=S)c1N,2.21
[NH3+]c1cc2c(cc1Br)CCCC2,3.05
[NH3+]c1ccc(Cl)c2ccccc12,3.4
Nc1cc(Cl)ccc1[NH3+],4.3
Nc1ccc(N2CCc3ccccc3C2)[nH+]c1,5.8
[NH3+]c1ccc(N=Nc2ccccc2)cc1,2.82
Nc1ccc(S(=O)(=O)N=c2cc[nH]c[nH+]2)cc1,6.17
[NH3+]c1ccc2[nH]c(=O)[nH]c2c1,5
Nc1ccc2[nH]c(CCc3ccccc3)[nH+]c2c1,7.2
Nc1ccc2[nH]c(Cc3ccccc3)[nH+]c2c1,6.4
Nc1ccc2[nH]c[nH+]c2c1,6.11
[NH3+]c1ccc2[nH]ncc2c1,5.15
[NH3+]c1ccc2c(c1)-c1c(ccc3ccccc13)C2,4.67
[NH3+]c1ccc2c(c1)Cc1c(F)cccc1-2,3.54
[NH3+]c1ccc2c(c1Br)CCCC2,3.05
[NH3+]c1ccc2c[nH]nc2c1,4.355
[NH3+]c1ccc2ccnnc2c1,4.85
[NH3+]c1ccc2nc3ccccc3nc2c1,4.52
[NH3+]c1ccc2nccnc2c1,2.95
[NH3+]c1ccc2ncncc2c1,3.29
[NH3+]c1cccc(-c2nc3ccccc3s2)c1,3.4
[NH3+]c1cccc(N=c2c3ccccc3[nH]c3ccccc23)c1,7.58
Nc1cccc2[nH]c(Cc3ccccc3)[nH+]c12,8.6
[NH3+]c1cccc2[nH]ncc12,3.29
[NH3+]c1cccc2c[nH]nc12,3.05
[NH3+]c1ccccc1-c1nc2ccccc2s1,2.6
Nc1ccc[nH+]c1N1CCc2ccccc2C1,5
Nc1c[nH][nH+]c1,5.57
Nc1c[nH+]cn1[C@H]1O[C@@H](CO)[C@H](O)[C@@H]1O,6.05
O=C(C1CCN(c2cc[nH+]cc2)CC1)N1CCN(S(=O)(=O)c2ccc(Br)cc2)CC1,9.2
O=C(C1CCN(c2cc[nH+]cc2F)CC1)N1CCN(S(=O)(=O)c2ccc(C(F)(F)F)cc2)CC1,6.7
O=C(C1CCN(c2cc[nH+]cn2)CC1)N1CCN(S(=O)(=O)c2ccc(Br)cc2)CC1,6.1
O=C(C1C[C@@H]1c1ccccc1)N1CCC([NH+]2CCCC2)CC1,9.3
O=C(C1C[C@@H]1c1ccccc1)N1CCC([NH+]2CCCCC2)CC1,9.3
O=C(C=Cc1c[nH]c[nH+]1)OCCCl,4.8
O=C(CCCC[NH+]1CCOCC1)c1ccccc1,7.5
O=C(CCC[NH+]1CCC(O)(c2ccc(Cl)cc2)CC1)c1ccc(F)cc1,8.621
O=C(CCC[NH+]1CCC(O)(c2ccccc2)CC1)c1ccccc1,8.4
O=C(CCC[NH+]1CCOCC1)c1ccccc1,7.26
O=C(CC[NH+]1CCCCC1)c1ccccc1,9.23
O=C(CC[NH+]1CCOCC1)C(c1ccccc1)c1ccccc1,6.39
O=C(CC[NH+]1CCOCC1)c1cccc(Br)c1,6.8
O=C(CC[NH+]1CCOCC1)c1ccccc1,6.5
O=C(CC[NH2+]CCC(=O)c1ccccc1)c1ccccc1,8.69
O=C(CCS(=O)(=O)c1ccc2cc(Cl)ccc2c1)N1CCC(c2c[nH]c[nH+]2)CC1,6.9
O=C(CCS(=O)(=O)c1ccc2cc(Cl)ccc2c1)N1CCC(c2c[nH+]c3ccccn23)CC1,5.9
O=C(CCS(=O)(=O)c1ccc2cc(Cl)ccc2c1)N1CCC(c2c[nH+]c3n2CCCC3)CC1,8.2
O=C(C[NH+]1CCC(S(=O)(=O)c2ccccc2)CC1)c1ccc(F)cc1F,6.3
O=C(C[NH+]1CCCCC1)NCc1ccccc1,7.71
O=C(C[NH+]1CCCCC1)Nc1ccccc1,7.85
O=C(C[NH+]1CCOCC1)NCc1ccccc1,4.98
O=C(C[NH+]1CCOCC1)c1ccccc1,5.97
O=C(Cc1ccc2ccc3ccc[nH+]c3c2n1)c1ccccc1,4.4
O=C(Cc1ccccc1)C(C[NH+]1CCOCC1)c1ccccc1,6.17
O=C(Cc1ccccc1)NC1CC[NH+](CCCN2C(=O)COc3ccccc32)CC1,7.9
O=C(Cc1ccccc1Nc1c(Cl)cccc1Cl)OCCCC[NH+]1CCOCC1,8.4
O=C(Cc1ccccc1Nc1c(Cl)cccc1Cl)OCCC[NH+]1CCOCC1,7.99
O=C(Cc1ccccc1Nc1c(Cl)cccc1Cl)OCC[NH+]1CCOCC1,7.52
O=C(Cc1cccc[nH+]1)c1ccccc1,4.675
O=C(Cc1ccc[nH+]c1)c1ccccc1,6.5
O=C(N1CCC(c2cc[nH+]cc2)CC1)N1CCN(S(=O)(=O)c2ccc(Cl)cc2)CC1,5.8
O=C(N1CCN(c2cc[nH+]cc2Cl)CC1)N1CCN(S(=O)(=O)c2ccc(Cl)cc2)CC1,5.8
O=C(N1CCOCC1)N1CCC(Oc2ccc3c(c2)CC[NH+](C2CCC2)CC3)CC1,9.2
O=C(N=CCc1cccc[nH+]1)C1CCCC1C(=O)N1CCCC1,4.4
O=C(N=CCc1ccc[nH+]c1)C1CCCC1C(=O)N1CCCC1,4.4
O=C(N=CCc1cc[nH+]cc1)C1CCCC1C(=O)N1CCCC1,4.4
O=C(N=Cc1cccc[nH+]1)C1CCCC1C(=O)N1CCCC1,4.4
O=C(N=Cc1ccc[nH+]c1)C1CCCC1C(=O)N1CCCC1,4.4
O=C(N=Cc1cc[nH+]cc1)C1CCCC1C(=O)N1CCCC1,4.4
O=C(N=c1cccc2[nH]ccn12)N1CC[NH+](Cc2cccc(Oc3ccc(Cl)cc3)c2)CC1,6.8
O=C([NH+]=c1cccc[nH]1)c1ccccc1,3.33
O=C(NC1CCC([NH+]2CCCCC2)CC1)C1C[C@@H]1c1ccccc1,9.6
O=C(NC1CC[NH+](CCc2c[nH]c3ccccc23)CC1)c1ccccc1,7.7
O=C(NCC1CCCC[NH2+]1)c1cc(OCC(F)(F)F)ccc1OCC(F)(F)F,9.295
O=C(NCCCC[NH+]1CCN(c2cccc(OCCF)c2)CC1)c1ccc2nonc2c1,7.47
O=C(NCCCC[NH+]1CCN(c2ccccc2OCCF)CC1)c1ccc2nonc2c1,7.78
O=C(NCCC[NH+]1CCOCC1)c1ccc(Cl)cc1,6.81
O=C(NCCC[NH2+]C1CCCCC1)C1C[C@@H]1c1ccccc1,10.3
O=C(NCC[NH+]1CCCC1)C1C[C@@H]1c1ccccc1,9.2
O=C(NCC[NH+]1CCN(c2ccc(Cl)cc2)CC1)c1ccc(F)cc1,6.46
O=C(NCC[NH+]1CCN(c2noc3ccccc23)CC1)c1ccc(F)cc1,6.43
O=C(NCC[NH+]1CCOCC1)c1ccc(Cl)cc1,6.255
O=C(NCc1ccc(S(=O)(=O)c2cc(F)cc(F)c2)cc1)c1ccc2[nH+]ccn2c1,5.3
O=C(NNc1ccc(Br)cc1)c1cc[nH+]cc1,4.03
O=C(NOCCO)c1ccc2c[nH+]cn2c1Nc1ccc(I)cc1F,4.3
O=C(N[C@@H]1C[C@H]2CC[C@@H](C1)[NH+]2Cc1ccccc1)c1cccc2c1OCCO2,8.68
O=C(Nc1cccc(OCc2cc(F)cc(F)c2)c1)C1CCN(c2cc[nH+]cc2)CC1,9.2
O=C(Nc1cccc(OCc2ccc(F)cc2)c1)C1CCN(c2cccc[nH+]2)CC1,8.5
O=C(Nc1cccc(OCc2ccc(F)cc2)c1)C1CCN(c2cc[nH+]cc2)CC1,8.9
O=C(Nc1cccc(OCc2ccc(F)cc2)c1)C1CCN(c2nccc[nH+]2)CC1,6
O=C(Nc1cccc(OCc2ccc(F)cc2)c1)C1CC[NH2+]CC1,9.8
O=C(Nc1cccc(OCc2ccc3c(c2)OCO3)c1)C1CCN(c2cc[nH+]cc2)CC1,9.1
O=C(Nc1cccc(OCc2cccc(F)c2)c1)C1CCN(c2cc[nH+]cc2)CC1,9
O=C(Nc1cccc(OCc2ccccc2F)c1)C1CCN(c2cc[nH+]cc2)CC1,9.2
O=C(O)C1CCC[NH2+]1,10.585
O=C(O)C1CC[NH2+]1,9.54
O=C(O)C1C[C@@H](O)C[NH2+]1,9.64
O=C(O)C1C[C@H](Cc2cccc(F)c2)C[NH2+]1,10.1
O=C(O)C1C[C@H](Oc2cccc(Cl)c2)C[NH2+]1,8.9
O=C(O)C[NH+]1CCCCC1,10.35
O=C(OCc1ccccc1)c1ccc[nH+]c1,3.94
O=C(O[C@@H]1C[C@@H]2[NH2+][C@H](C1)[C@@H]1O[C@@H]12)C(CO)c1ccccc1,7.09
O=C(O[C@@H]1C[C@H]2CC[C@@H](C1)[NH2+]2)C(CO)c1ccccc1,10.28
O=C(c1cc2cc(OC3CC[NH+](C4CC4)CC3)ccc2[nH]1)N1CCOCC1,7.7
O=C(c1cc2cc(OC3CC[NH+](C4CC4)CC3)ccc2n1CC(F)(F)F)N1CCOCC1,7.5
O=C(c1cc2cc(OC3CC[NH+](C4CCC4)CC3)ccc2n1CC(F)(F)F)N1CCOCC1,9.1
O=C(c1cc2cc(OC3CC[NH+](C4COC4)CC3)ccc2n1CC(F)(F)F)N1CCOCC1,6.4
O=C(c1cc2cc(OCCC[NH+]3CCCCC3)ccc2[nH]1)N1CCOCC1,10
O=C(c1ccc(C(F)(F)F)cc1)N1CCC(=Cc2ccc(C3=[NH+]CCO3)cc2)CC1,4.7
O=C(c1ccc(Cl)cc1)c1ccc(OC2C[NH+]3CCC2CC3)cc1,9.1
O=C(c1ccc2c(c1)cc(C(=O)N1CCOCC1)n2CC(F)(F)F)N1CC[NH+](C2CCC2)CC1,6.8
O=C(c1ccc2cc(OCCC[NH+]3CCCCC3)ccc2c1)N1CCC(CO)CC1,9.6
O=C(c1ccc2cc(OCCC[NH+]3CCCCC3)ccc2n1)N1CCC1,9.4
O=C(c1ccccc1C(F)(F)F)N(CC1CCC1)[C@H]1CC[NH2+]C1,9.5
O=C(c1cccs1)N1CCCC1c1ccc(-c2cccc(Cl)c2)[nH+]c1,3.6
O=C(c1cccs1)N1CC[NH+](CCOc2ccc(Cl)cc2)CC1,6.35
O=C(c1cccs1)N1CC[NH+](CCOc2ccc(Cl)cc2Cl)CC1,5.23
O=C(c1cnccn1)N1CCCC1c1ccc(-c2cccc(Cl)c2)[nH+]c1,3.4
O=C(c1cncs1)N1CCCC1c1ccc(-c2cccc(Cl)c2)[nH+]c1,3.6
O=C(c1nnc(-c2ccccc2)o1)N1CC(Oc2ccc(C[NH+]3CC4(CCCO4)C3)cc2)C1,8.4
O=C(c1nnc(-c2ccccc2)o1)N1CC(Oc2ccc(C[NH+]3CC4(CCOC4)C3)cc2)C1,8.6
O=C(c1nnc(-c2ccccc2)o1)N1CC(Oc2ccc(C[NH+]3CC4(COC4)C3)cc2)C1,8
O=C(c1nnc(-c2ccccc2)o1)N1CCC(Oc2ccc(C[NH+]3CCC(O)C3)cc2)CC1,8.9
O=C1/C(=C/c2ccccc2)CN(C(=O)c2ccc(OCC[NH+]3CCOCC3)cc2)C/C1=C\c1ccccc1,8.5
O=C1C2C[C@@H](C[NH+]3CCCC[C@@H]23)[C@H]2CCCCN12,7.7
O=C1C2C[C@H](C[NH+]3CCCC[C@@H]23)C2=CCCCN12,7.7
O=C1C=CN2C[C@@H]3C[C@@H](C[NH+]4CCCC[C@H]34)[C@@H]2C1,9.25
O=C1CC2OCC=C3C4CC5[NH+](CCC56c5ccccc5N1C6C24)[C@H]3S(=O)(=O)O,3.2
O=C1CCC[NH+](Cc2ccc3c(c2)OCO3)C1,7.6
O=C1CCC[C@H]2[C@H]3C[C@@H](CN12)[C@@H]1CCCC[NH+]1C3,9.4
O=C1CCC[C@H]2[C@H]3C[C@@H](CN12)[C@H]1CCCC[NH+]1C3,9.2
O=C1CCCc2nc3c(ccn4cc[nH+]c34)cc21,2
O=C1CC[NH+](Cc2ccc3c(c2)OCO3)C1,6.1
O=C1CC[C@H]2N1CC[C@H]1c3ccccc3CC[NH+]12,4.89
O=C1CCc2ccccc2N1CCC[NH+]1CCC(c2ccc3[nH]ccc3c2)CC1,9
O=C1CCc2ccccc2N1CCC[NH+]1CCC(n2c(=O)[nH]c3ccccc32)CC1,7.6
O=C1C[C@H]2OCC(S(=O)(=O)O)=C3C[NH+]4CC[C@@]56c7ccccc7N1[C@@H]5[C@@H]2[C@@H]3C[C@@H]46,7.54
O=C1C[C@H]2OCC=C3C[NH+]4CC[C@@]56c7ccccc7N1[C@@H]5[C@@H]2[C@@H]3C[C@@H]46,8.18
O=C1N=c2cc(Br)ccc2=C1c1[nH]c2ccccc2c1NOCC[NH+]1CCCC1,9.18
O=C1N=c2cc(Br)ccc2=C1c1[nH]c2ccccc2c1NOCCN1CC[NH+](CCO)CC1,7.65
O=C1N=c2cc(Br)ccc2=C1c1[nH]c2ccccc2c1NOCCN1CC[NH+](CCOCCO)CC1,7.58
O=C1NCC(c2ccc(F)cc2)C12CC[NH+](C1(c3ccc(F)cc3)CCCCC1)CC2,8.75
O=C1NCC(c2ccc(F)cc2)C12CC[NH+](C1CCCCC1(O)c1ccccc1)CC2,6.89
O=C1NCC(c2ccccc2)C12CC[NH+](C1(c3ccccc3)CCCOC1)CC2,7.1
O=C1NCC(c2ccccc2)C12CC[NH+](C1(c3ccccc3)CCOCC1)CC2,7.71
O=C1NCC(c2ccccc2)C12CC[NH+](C1CCCCC1(O)c1ccc(F)cc1)CC2,8.54
O=C1NC[C@@H](c2ccccc2)C12CC[NH+](C1CCCCC1c1ccccc1)CC2,8.85
O=C1c2ccccc2CN1C1CC2CCC(C1)[NH+]2Cc1ccccc1,8.71
O=CN1CC[NH2+]CC1,7.98
O=Cc1ccc[nH+]c1,3.73
O=Cc1cc[nH+]c2ccccc12,4.25
O=Cc1cc[nH+]cc1,4.63
O=Nc1ccc([NH2+]O)c2cccnc12,3.7
O=S(=O)(O)CC(O)C[NH+]1CCOCC1,6.91
O=S(=O)(O)CCC[NH+]1CCOCC1,7.17
O=S(=O)(O)CC[NH+]1CCOCC1,6.16
O=S(=O)(c1ccc(F)cc1)C1(F)CC[NH+](CCc2ccc(F)cc2F)CC1,6.3
O=S(=O)(c1ccc(F)cc1)C1CC[NH+](CCc2ccc(F)cc2F)CC1,7.2
O=S(=O)(c1cccc(F)c1)c1ccc2c3c(oc2c1)C1(CCCOC1)[NH2+]CC3,7.5
O=S(=O)(c1cccc(F)c1)c1ccc2c3c(oc2c1)C1(CCOC1)[NH2+]CC3,7.5
O=S(=O)(c1cccc(F)c1)c1ccc2c3c(oc2c1)C1(CCOCC1)[NH2+]CC3,7.4
O=S(=O)(c1ccccc1)C1CC[NH+](CCc2ccc(F)cc2F)CC1,7.3
O=c1c2ccccc2n(CCCC[NH+]2CCOCC2)c2ccc(Cl)cc12,4.91
O=c1c2ccccc2n(CCC[NH+]2CCCCC2)c2ccc(Cl)cc12,5.39
O=c1c2ccccc2n(CCC[NH+]2CCOCC2)c2ccc(Cl)cc12,4.87
O=c1c2sc(-c3ccc(Cl)cc3)cc2ncn1-c1ccc2sc(C[NH+]3CCCCC3)cc2c1,8.29
O=c1cc(-c2ccccc2)c2ccccc2n1CC1C[NH+]2CCC1(F)CC2,7.6
O=c1cc(-c2ccccc2)c2ccccc2n1CC1C[NH+]2CCC1CC2,10.1
O=c1cc(-c2ccccc2)c2ccccc2n1CC1C[NH2+]CCO1,8.1
O=c1n(CCC[NH+]2CCN(c3cccc(Cl)c3)CC2)nc2ccccn12,6.74
O=c1sc2cc(CCCF)ccc2n1CC[NH+]1CCCCCC1,10.4
OC(CC[NH+]1CCCC1)(c1ccccc1)C1CCCCC1,8.8
OC(CC[NH+]1CCCCC1)(c1ccccc1)C1CCCCC1,8.7
OC(C[NH2+]CC(O)C1CCc2cc(F)ccc2O1)C1CCc2cc(F)ccc2O1,8.22
OC(c1ccccc1)(c1ccccc1)c1cccc[nH+]1,3.9
OC(c1ccccc1)c1cccc[nH+]1,4.44
OC1(c2cc3ccccc3o2)C[NH+]2CCC1CC2,8.84
OC1(c2ccco2)C[NH+]2CCC1CC2,9.06
OC1C[NH+]2CCC1CC2,9.93
OCC1=CC[NH+]2CC[C@@H](O)[C@@H]12,8.92
OCC1CC2CC[NH+]1CC2,10.85
OCC1C[NH+]2CCC1CC2,10.56
OCCCCCc1cccc[nH+]1,5.93
OCCCCCc1ccc[nH+]c1,5.72
OCCCCCc1cc[nH+]cc1,6.04
OCCCCc1cccc[nH+]1,5.83
OCCCCc1ccc[nH+]c1,5.7
OCCCCc1cc[nH+]cc1,6.01
OCCC[NH+]=c1c2ccccc2[nH]c2c1[nH]c1ccccc12,8.3
OCCC[NH+]=c1c2ccccc2[nH]c2c1oc1ccccc12,8.2
OCCC[NH2+]c1ccccc1,4.53
OCCC[C@@H]1CC[C@@H]2CCC[NH+]12,11.48
OCCC[C@H]1CC[C@@H]2CCC[NH+]12,11.17
OCCCc1cccc[nH+]1,5.71
OCCCc1ccc[nH+]c1,5.57
OCCCc1cc[nH+]cc1,5.9
OCC[NH+](CCO)CCO,7.76
OCCN1CC[NH+](CCO)CC1,7.75
OCC[NH+]1CCOCC1,7.18
OCC[NH+]=c1c2ccccc2[nH]c2c1[nH]c1ccccc12,8.3
OCC[NH+]=c1c2ccccc2[nH]c2c1oc1ccccc12,8.2
OCC[NH+]=c1cc[nH]c(N2CCc3ccccc3C2)c1,8.9
OCC[NH2+]CCO,9.04
OCC[NH2+]c1ccccc1,4.09
OCCOCC[NH+]1CCN(C(c2ccccc2)c2ccc(Cl)cc2)CC1,7.75
OCCc1cccc[nH+]1,5.37
OCCc1ccc[nH+]c1,5.38
OCCc1cc[nH+]cc1,5.68
OCCn1c[nH+]c2ccccc21,5.29
OC[C@@H]1CC[NH+]2CC[C@H](O)[C@H]12,10.24
OC[C@@H]1O[C@H](C[NH+]2CCOCC2)[C@@H](O)[C@H](O)[C@@H]1O,6.1
OC[C@@H]1O[C@H](n2ccc3c2ncn2cc[nH+]c32)[C@@H](O)[C@H]1O,5.49
OC[C@@H]1O[C@H](n2cnc3c2ncn2cc[nH+]c32)[C@@H](O)[C@H]1O,4.1
OC[C@@H]1O[C@H](n2c[nH+]c3ccccc32)[C@@H](O)[C@H](O)[C@H]1O,4.01
OC[C@H]1CCC[NH+]2CCCC[C@@H]12,10.16
OCc1c[nH]c[nH+]1,6.38
OCc1ccc(-c2[nH+]ccc3c2[nH]c2ccccc23)o1,5.7
OCc1cccc[nH+]1,4.66
OCc1ccc[nH+]c1,5
OCc1cc[nH+]cc1,5.41
OCn1c[nH+]c2ccccc21,5.44
O[NH2+]c1ccc(Cl)cc1,2.58
O[C@H]1[C@H](O)[C@@H](n2c[nH+]c3ccccc32)OC[C@H]1O,4.15
O[C@H]1[C@H](O)[C@@H](n2c[nH+]c3ccccc32)OC[C@@H]1O,3.92
O[C@@H]1[C@@H](O)[C@H](O)[C@@H]([NH2+]Cc2cn(CCc3ccccc3)nn2)[C@H](O)[C@H]1O,7.8
[11CH3]NC(=O)C(CC[NH+]1CCC(O)(c2ccc(Cl)cc2)CC1)(c1ccccc1)c1ccccc1,7.96
[SH]=c1cc[nH]c[nH+]1,6.7
c1c(N2CCCCCC2)[nH]c(C2CC2)[nH+]c1=NC1CC1,8.03
c1cc(-c2ccoc2)cc[nH+]1,5.72
c1cc(C2CCC3(CC2)CCC2(OC3)C3CC4CC(C3)CC2C4)ccc1OCC[NH+]1CCOCC1,6.82
c1cc(C2CCC3(CC2)CCC2(OO3)C3CC4CC(C3)CC2C4)ccc1OCC[NH+]1CCOCC1,6.81
c1cc(CC2CCC[NH2+]C2)c2ccoc2c1,9.8
c1cc([NH+]2CCCCC2)ccc1N1CCOCC1,6.7
c1cc([NH+]2CCOCC2)ccc1N1CCOCC1,4.2
c1cc(N2CCOCC2)cc[nH+]1,8.79
c1cc([C@H]2CC[C@@]3(CC2)C[C@@]2(OO3)C3CC4CC(C3)CC2C4)ccc1OCC[NH+]1CCOCC1,6.82
c1cc([C@H]2CC[C@]3(CC2)OO[C@]2(O3)C3CC4CC(C3)CC2C4)ccc1OCC[NH+]1CCOCC1,6.81
c1cc2c(cc1C[NH+]1CC3CC(C1)O3)OCO2,7.1
c1cc2c(cc1C[NH+]1CCC1)OCO2,9.5
c1cc2c(cc1C[NH+]1CCC3(COC3)C1)OCO2,8.1
c1cc2c(cc1C[NH+]1CCCC1)OCO2,9.7
c1cc2c(cc1C[NH+]1CCCC3(COC3)C1)OCO2,7.9
c1cc2c(cc1C[NH+]1CCCCC1)OCO2,9.6
c1cc2c(cc1C[NH+]1CCOCC1)OCO2,7
c1cc2c(c[nH+]1)CCCC2,6.65
c1cnc2c[nH+]ccc2n1,2.5
c1ccc(-c2cc3c(-c4ccccc4)cc[nH+]c3c3ncccc23)cc1,4.69
c1ccc(-c2cc3ccc[nH+]c3c3ncccc23)cc1,4.72
c1ccc(-c2ccc3ccc4ccc[nH+]c4c3n2)cc1,4.9
c1ccc(-c2ccc3nc(C[NH+]4CCOCC4)cn3n2)cc1,6.25
c1ccc(-c2ccc3[nH+]ccn3n2)cc1,4.71
c1ccc(-c2ccnc3c2ccc2c(-c4ccccc4)cc[nH+]c23)cc1,4.84
c1ccc(-c2cc[nH+]c3c2ccc2cccnc23)cc1,4.9
c1ccc(-c2ccoc2)[nH+]c1,4.65
c1ccc(-c2cnc3c(ccc4ccc[nH+]c43)c2)cc1,4.82
c1ccc(-c2nnc(CN3CC[NH+](Cc4nc5ccccc5s4)CC3)o2)cc1,4.4
c1ccc(-c2noc(CN3CC[NH+](Cc4nc5ccccc5s4)CC3)n2)cc1,4.4
c1ccc(C(CC[NH+]2CCCCC2)c2ccccc2)cc1,8.96
c1ccc(C(CC[NH+]2CCOCC2)c2ccccc2)cc1,7.25
c1ccc(C(OCC[NH+]2CCCCC2)c2ccccc2)cc1,8.03
c1ccc(C2([NH+]3CCCCC3)CCCCC2)cc1,9.97
c1ccc(C2(c3ccccc3)CC2C2=[NH+]CCN2)cc1,10.3
c1ccc(C2=[NH+]CCC2)cc1,7.2
c1ccc(C2=[NH+]CCN2)nc1,8.98
c1ccc(C2CCC[NH2+]2)cc1,9.6
c1ccc(C2C[NH2+]2)cc1,6.47
c1ccc(C2C[NH+]3CCC2CC3)cc1,10.2
c1ccc(C2[NH2+]CCS2)cc1,5.2
c1ccc(CC2=[NH+]CCC2)cc1,6.9
c1ccc(CC2CCC[NH2+]2)cc1,10.35
c1ccc(CC2CC[NH+](CCCc3c[nH]c4ccc(-n5cnnc5)cc34)CC2)cc1,9.7
c1ccc(CN(CC2=[NH+]CCN2)c2ccccc2)cc1,10.08
c1ccc(C[NH+](CC2CO2)CC2CO2)cc1,5.75
c1ccc(C[NH+](Cc2ccccc2)Cc2ccccc2)cc1,7.44
c1ccc(C[NH+]2CCN(Cc3nc(-c4ccccc4)no3)CC2)cc1,6.7
c1ccc(C[NH+]2CCN(Cc3nnc(-c4ccccc4)o3)CC2)cc1,6.7
c1ccc(C[NH+]=c2cc[nH]c(N3CCc4ccccc4C3)c2)cc1,8.6
c1ccc(C[NH2+]C(CC2CCCCC2)CC2CCCCC2)cc1,7.7
c1ccc(C[NH2+]C23OC4C5C6CC(C7C6C4C72)C53)cc1,7.07
c1ccc(COc2noc3c2C[NH2+]CC3)cc1,7.5
c1ccc(Cc2c3ccccc3[nH+]c3ccccc23)cc1,7.46
c1ccc(Cc2ncc3c(n2)CC[NH2+]CC3)cc1,8.5
c1ccc(Cn2cc[nH+]c2)cc1,6.66
c1ccc(N2CCc3ccccc3C2)[nH+]c1,6.4
c1ccc(NC(Nc2ccccc2)=[NH+]c2ccccc2)cc1,9.1
c1ccc([NH+]=C2NCCCO2)cc1,9.33
c1ccc(NC2=[NH+]CCN2)cc1,9.915
c1ccc([NH2+]C2CCCC2)cc1,5.3
c1ccc([NH2+]C2CCCCC2)cc1,5.6
c1ccc(Oc2ccc[nH+]c2)cc1,4.24
c1ccc(Oc2ccnc3c2ccc2c(Oc4ccccc4)cc[nH+]c23)cc1,5.34
c1ccc(Oc2cc[nH+]cc2)cc1,6.16
c1ccc([C@@H]2C[NH+]3CCC[C@@H]3c3ccccc32)cc1,9.12
c1ccc2c(CC3=[NH+]CCN3)cccc2c1,10.35
c1ccc2c(c1)C1CC[NH+]2C1,7.1
c1ccc2c(c1)C1c3ccccc3C2C2C[NH2+]CC12,10.18
c1ccc2c(c1)CCc1cc3ccn4cc[nH+]c4c3nc1-2,2.43
c1ccc2c(c1)CCc1nc3c(ccn4cc[nH+]c34)cc1-2,3.53
c1ccc2c(c1)N1CC[NH+]2CC1,5.65
c1ccc2c(c1)[NH+]1CC[NH+]2CC1,2.5
c1ccc2c(c1)[NH2+]CC[NH2+]2,2.11
c1ccc2c(c1)ccc1[nH]c[nH+]c12,5.28
c1ccc2c3c([nH]c2c1)C[NH2+]CC3,8.4
c1ccc2cc3nc4c(ccn5cc[nH+]c45)cc3cc2c1,2.43
c1ccc2[nH+]c3c(cc2c1)[nH]c1ccccc13,4.2
c1ccn(-c2[nH]cc[nH+]2)c1,5.36
c1cn2ccc3cc4c(nc3c2[nH+]1)CCCC4,4.59
c1cnc(OC[C@H]2C[C@H](c3ccc(C[NH+]4CCCC4)cc3)C2)nc1,9.8
c1c[nH+]c2[nH]ccc2c1,4.48
c1c[nH+]c2c(c1)CCCC2,6.6
c1cnc2c(c1)C[C@@]1(C[NH+]3CCC1CC3)O2,8.9
c1cnc2c(c1)c1c(c3ccc[nH+]c32)CCCC1,5.3
c1cnc2c(c1)ccc1c3c(c[nH+]c12)CCC3,5.78
c1cnc2c(c1)ccc1c3c(c[nH+]c12)CCCC3,5.66
c1cnc2c(c1)ccc1[nH+]cccc12,4
c1cnc2nc[nH+]cc2n1,4.13
c1c[nH+]cc(-c2ccoc2)c1,4.93
c1c[nH+]cc(N=c2c3ccccc3[nH]c3ccccc23)c1,6.46
c1coc(C2C[NH+]3CCC2CC3)c1,10.03
c1csc(C2CCC[NH2+]2)c1,9.35
c1nc2[nH]c[nH+]c(=NC3CCCCC3)c2[nH]1,4.2
c1[nH]c2c(ncn2C2CCCCC2)c(=NC2CCCCC2)[nH+]1,4.4
c1nc2c(ccc3c4c(c[nH+]c32)CCCC4)c2c1CCCC2,6.23
