split,sample_index,smiles,pka_true,pka_pred
train,0,CCCCCC[NH+](CC(C)O)CC(O)CC,8.9,8.868187
train,1,O=C(NO)c1cnccn1,8.1,7.9689875
train,2,Cn1c(=O)c(=O)[nH]c2c(=O)[nH]c(=S)[n-]c21,9.11,9.013776
train,3,CC(C)c1ccc(O)c(=O)cc1,6.85,6.633703
train,4,[NH3+]Nc1ccc(Cl)c(Cl)c1,4.8,4.7619925
train,5,Cn1c(=S)[n-]c(=O)c2[n-]c(=O)c(=O)[nH]c21,12.37,12.169981
train,6,C=CCOc1ccccc1OCC(O)C[NH2+]C(C)C,9.523333,9.494143
train,7,COc1cccc(-c2cccc(C3(C4CCN(C(C)=O)CC4)N=C(C)C(=[NH2+])N3)c2)c1,5.7,5.5298557
train,8,NC(=O)c1ccncc1,11.47,10.93199
train,9,Nc1nc(N)c2nc(-c3ccccc3)c(-c3ccccc3)[nH+]c2n1,5.12,5.247985
train,10,CCO[Si](O)(OCC)OCC,7.95,7.9590597
train,11,Cc1ccnc2c(O)cccc12,9.99,9.701257
train,12,CCC(=O)C(CC[NH+]1CCOCC1)(c1ccccc1)c1ccccc1,6.98,7.127866
train,13,OOC(Cl)(Cl)Cl,8.7,8.70549
train,14,C[C@H]1[C@@H](C(=O)O)[C@@]1(Cl)C(=O)O,2.66,2.726573
train,15,CS(=O)(=O)c1ccc(OCC(=O)O)cc1,2.85,2.8585062
train,16,S=C(Nc1ccc(Cl)cc1)c1cccc(Br)c1,10.1,10.0330925
train,17,O=C(O)C1=CCc2ccccc2C1,4.6,4.70368
train,18,CCCS(=O)(=O)n1c2c(c3cc(C(=O)N4CCC(C)CC4)ccc31)C[NH+](C1CCOC1)CC2,5.8,5.7359724
train,19,O=C(O)[C@@H](S)[C@@H](S)C(=O)O,2.71,2.782934
train,20,Cc1cc(Cl)c(O)c(Cl)c1,7.19,7.055174
train,21,Cn1cnc2c(=S)[nH]c(=O)[nH]c21,4.9,4.711585
train,22,Cc1c(-c2noc(-c3ccc(OC(C)C)c(C#N)c3)n2)ccc2c1CC[NH+](C[C@@H](O)CO)CC2,8.4,8.2737055
train,23,Fc1c(F)c(F)c2[nH]cnc2c1F,9.4,9.22706
train,24,CC(C)CCn1cc(O)nn1,7.0,6.98372
train,25,CCCNC(=O)Cn1cccc(O)c1=O,8.46,8.286332
train,26,O=c1cc(O)[nH+]c[nH]1,0.26,0.42270464
train,27,Cc1[nH]c(=O)c(C)c(N)[nH+]1,2.63,2.6097693
train,28,O=C(O)Cc1cccc(Cl)c1,4.14,4.1736503
train,29,CC(=O)OCCCCCc1ccc(S(N)(=O)=O)cc1,10.3,10.449141
train,30,CC(C)(C#N)C(=O)O,2.29,2.408122
train,31,Cn1c2c[nH]ccc-2nc1=S,8.92,8.595823
train,32,Cc1c(-c2ccc(=O)n(Cc3ccccc3)n2)c2cc(S(C)(=O)=O)cc(F)c2n1CC(=O)O,3.83,3.8338015
train,33,NCC(=O)NCC(=O)O,3.46,3.4464085
train,34,[NH3+]c1cccc2cc(O)ccc12,3.97,3.978414
train,35,NS(=O)(=O)c1cccc(C(F)(F)F)c1,8.98,9.230442
train,36,O=[N+]([O-])c1ccc(Cc2ccc([N+](=O)[O-])cc2)cc1,15.9,16.063623
train,37,Cc1[nH+]c2cc(N)ccc2n1C,7.0,6.854517
train,38,COc1ccccc([NH3+])c1=O,2.39,2.3050091
train,39,NC(=O)[C@@H](N)Cc1ccc(O)cc1,9.89,9.885125
train,40,CCCOc1cccc(C(=O)O)c1,4.2,4.2497797
train,41,N#Cc1ccc(SCC(=O)O)cc1,3.12,3.2153332
train,42,CC(C)CC[NH2+]CCC(C)C,10.9,11.065691
train,43,CC1C2c3ccccc3C(c3ccccc32)C1C(=O)[NH+]=c1cccc[nH]1,5.27,5.440402
train,44,COc1cc(C)c(C(=O)NS(C)(=O)=O)cc1-c1ccc(C#CCO)s1,4.0,3.7540748
train,45,CC(C)CS,11.22,10.995928
train,46,O/N=C(C(=N\O)\c1ccccc1)/c1ccccc1,8.5,8.287714
train,47,Cc1ccccc1/C=C/C(=O)O,4.5,4.516426
train,48,[H]/N=c1\[nH+]c(C)c(C(N)=O)cn1C,9.5,9.369354
train,49,Oc1ccc(O)c(O)c1,9.1,9.043386
train,50,O=C1CSCC(=O)C1,4.25,4.2749276
train,51,CC1(Cc2ccccc2)Cc2cc(OCC(=O)O)c(Cl)c(Cl)c2C1=O,3.8,3.7934563
train,52,O=P([O-])(O)c1ccc(Cl)cc1,7.23,6.950306
train,53,CC1=C(O)C(Cc2ccc(Br)cc2)CC1=O,4.24,4.0593996
train,54,Cn1cnc2[nH]c(N)[nH+]c(=O)c21,3.57,3.6475527
train,55,N#CC(C#N)=NNc1ccccc1C(F)(F)F,5.0,4.934861
train,56,CC(C)c1cccc([NH3+])c1,4.67,4.6701374
train,57,CN(C)c1[nH+]cc(-c2ccccc2)s1,4.89,5.0447836
train,58,O=CC1c2ccccc2-c2ccccc21,6.8,6.504999
train,59,CC(N)=S,13.4,12.811251
train,60,Nc1cc(C(=O)O)cc(C(=O)O)c1,3.68,3.7170975
train,61,Cn1cccc1C(=O)O,4.51,4.158717
train,62,COC(=O)c1cc(S(N)(=O)=O)ccc1S(=O)(=O)CCCO,8.9,8.934021
train,63,Nc1c[nH]c(=S)nc1N,10.42,10.374271
train,64,[NH2+]=C1NC(c2cccc(-c3cncnc3)c2)(c2ccnc(C(F)(F)F)c2)c2cccc(F)c21,6.9,6.728657
train,65,COC(=O)c1c(O)cccc1O,8.96,9.161296
train,66,CC(C)C[NH+]1CCC(Oc2ccc3cc(C(=O)N4CCC(C)CC4)ccc3c2)CC1,9.8,9.761921
train,67,O=C1O[C@H]([C@@H](O)CO)C(O)=C1[O-],11.62,11.804489
train,68,Nc1c(C(=O)[O-])[nH]c(=O)[nH]c1=O,8.72,8.633894
train,69,COc1ccc([As](=O)(O)O)c(OC)c1,4.35,4.736496
train,70,C=C(O)C(=O)O,3.91,3.8700707
train,71,O=C(O)Cc1ccc2c(-c3ccccc3)cccc2c1,6.6,6.7521696
train,72,CC[NH+](CC)CCC#N,7.62,7.542406
train,73,Sc1cccnc1,7.01,6.784917
train,74,[H]/[NH+]=c1/ccccn1C,13.25,12.881325
train,75,O=C(Nc1ccccc1)c1ccccc1O,7.1,6.8899765
train,76,Nc1cccc(O)n1,11.38,11.02211
train,77,COc1cc(C)c2c([nH+]1)OCCC2,3.04,2.905176
train,78,CNc1nccc(=O)[nH]1,9.84,9.68808
train,79,CC(Cl)C(=O)O,2.8775,2.896258
train,80,Oc1cccc2cccnc12,9.795,9.59267
train,81,CNc1[nH+]c2nc(C)c(C)nc2c(=O)n1C,2.04,2.1225328
train,82,CC(C)(C(=O)O)C(=O)C(=O)O,1.77,1.8979257
train,83,CCS(=O)(=O)CC(=O)O,2.49,2.495318
train,84,OCCSC(=S)NCc1ccc(Br)cc1,11.58,11.584671
train,85,NCc1ccccc1S(N)(=O)=O,10.11,9.994957
train,86,O=S(Cc1ccccc1)c1nc[nH]n1,7.38,7.4166346
train,87,c1cc(N2CCCC2)c2c([NH+]3CCCC3)cccc2c1,9.97,10.017227
train,88,[NH3+]c1cccc(SC(F)(F)F)c1,3.3,3.0442896
train,89,c1cc2c(cc1C[NH+]1CCC3(CC1)COC3)OCO2,8.3,8.0226345
train,90,O=c1[nH]c2cc3ccccc3cc2[nH]1,11.66,11.510478
train,91,COC(=O)C(O)C(O)C(=O)O,4.55,4.477784
train,92,Oc1ccc(O)c(Cl)c1,8.9,8.883162
train,93,C1CCC[NH2+]CCC1,10.78,10.813709
train,94,O=C(O)c1c(F)c(F)c(F)c(F)c1C(=O)O,1.71,1.5920987
train,95,CCCC[NH2+]Cc1ccccc1,9.46,9.647615
train,96,COc1cccc(-c2nn[nH]n2)c1,3.91,4.064679
train,97,O=C(NO)c1c[nH]cn1,8.82,8.738659
train,98,[NH3+]Nc1ccc2ccccc2[nH+]1,2.0,2.0414498
train,99,C=CCc1ccc2cccnc2c1O,9.97,9.8694
train,100,O=C(c1ccc2n1CCC2C(=O)O)C1CCC1,3.54,3.5817013
train,101,CCCCC(C(=O)Nc1c(C)cccc1C)[NH+](CC)CC,7.81,7.9665194
train,102,CC(=O)c1ccc(P(=O)(O)O)cc1,1.28,1.3862967
train,103,CC1=Nc2[nH+][nH]nc2CN1,6.16,6.1812973
train,104,CCC(Oc1ccccc1C)C(=O)O,3.43,3.410885
train,105,COc1cccc(-c2cccc(C3(C)N=C(C)C(=[NH2+])N3)c2)c1,6.5,6.316889
train,106,COc1ccc(-c2c[nH]c(=O)[nH+]c2)cc1,1.91,1.9831972
train,107,COc1cccc(=O)[nH]1,9.47,9.120915
train,108,Nc1ccc2cc3cc(Cl)ccc3[nH+]c2c1,6.91,7.2280397
train,109,CC(=O)[NH+]=C(N)N,7.6,7.674569
train,110,CC(C)P(=O)(O)O,2.55,2.60074
train,111,[NH2+]=C1NC(c2cccc(-c3cncnc3)c2)(c2ccnc(C(F)F)c2)c2cccc(F)c21,6.8,6.7299767
train,112,[NH3+]c1cccc2ccc(O)cc12,4.2,4.053117
train,113,C[C@]1(c2cc(NC(=O)c3cnc(Cl)cn3)ccc2F)[NH+]=C(N)CO[C@@H]1C(F)(F)F,8.0,8.068096
train,114,CCCCOc1cccc2c(=Nc3ccc(NS(C)(=O)=O)cc3OC)c3ccccc3[nH]c12,7.34,7.4596367
train,115,Cc1ccc(N(C)[NH3+])c(C)c1,6.03,5.7647123
train,116,CN(C)C(=O)OCC1C2c3ccccc3C(c3ccccc32)C1C[NH+](C)C,8.99,8.996948
train,117,O=C(O)CSc1ccccc1[N+](=O)[O-],3.18,3.1448925
train,118,C[NH+]1CCC[C@@H](c2cccnc2)O1,4.21,3.9885862
train,119,Cc1c(-c2ccc(=O)n(Cc3ccccc3)n2)c2cc(F)cc(S(C)(=O)=O)c2n1CC(=O)O,3.83,3.7890453
train,120,N=c1[nH]c(=O)c2ncn([C@H]3O[C@@H](CO)[C@H](O)[C@@H]3O)c2[nH]1,9.41,9.552591
train,121,c1ccc(-c2noc(CN3CC[NH+](Cc4nc5ccccc5s4)CC3)n2)cc1,4.4,4.2953897
train,122,COC(=O)c1cccc(O)c1O,9.1,8.967249
train,123,CC(CC(=O)O)C(F)(F)F,4.05,4.225604
train,124,O=S1(=O)CCCS(=O)(=O)C1,12.61,12.843546
train,125,O=P([O-])(O)c1ccccc1Br,7.37,6.961115
train,126,[N-]=[N+]=NCC(=O)O,3.03,3.0044043
train,127,CCn1cc[nH+]c1,7.3,7.2870827
train,128,O=C(NO)c1cnccn1,8.1,7.9689875
train,129,CC(=O)Nc1cccc[nH+]1,4.37,4.1182556
train,130,CCN(CC)c1ccc(C=O)c(O)c1,8.25,8.047858
train,131,CC1(C)CCCC[NH+]1Cc1ccc2c(c1)OCO2,10.2,10.237717
train,132,CN(C)/C=[NH+]/c1ccccc1,9.0,8.835413
train,133,CCOC(=O)c1c[nH]c2c(c(C)nn2C)c1=Nc1ccc(F)cc1,8.14,8.397136
train,134,CCCCCOc1ccc(O)cc1,10.13,10.204872
train,135,O=[As](O)(O)O,2.22,2.2407217
train,136,CC(=O)C(C(C)=O)C(C)=O,5.86,5.96422
train,137,O=C(O)C[C@@H]1O[C@@H]1C(=O)O,3.2,3.2045562
train,138,CSc1ccc(=O)[nH]n1,10.11,9.948431
train,139,Nc1nc(N)c(Oc2ccc(Cl)cc2)c[nH+]1,6.16,6.22404
train,140,CC/C(=C\c1ccccc1)C(=O)O,5.03,5.2186203
train,141,CNc1[nH]c(=O)c2nc(C)c(C)nc2[nH+]1,2.39,2.3730958
train,142,CC[C@@](C)(S)[C@H](N)C(=O)O,8.1,8.323408
train,143,O=C(Nc1ccccc1)c1ccc(O)cc1,9.54,9.477239
train,144,C[NH+](C)CCC(c1ccccc1)c1ccc(-c2ccccc2)cc1,9.85,9.694283
train,145,O=C1CNNC(=O)N1,10.3,10.093555
train,146,CC(C)([NH3+])CNC(=O)CC1CCC2(CC1)COC1(OO2)C2CC3CC(C2)CC1C3,9.05,9.023003
train,147,Oc1cccc2cc(C(F)(F)F)ccc12,1.1,0.57521695
train,148,CC(C)C[NH2+]C(C)C,10.55,10.741972
train,149,CC1Nc2c(O)ncnc2N=C1O,8.43,8.341543
train,150,[NH3+]c1ccc2ccc(Cl)cc2c1,3.71,3.655163
train,151,Nc1cccc(N)c1O,10.5,10.246059
train,152,CC/C=[N+](/[O-])O,4.7,4.7029753
train,153,CC(C)c1ccc(C(=O)O)cc1,4.35,4.4658794
train,154,S=c1cnc2ccccc2[nH]1,7.2,7.000663
train,155,CCc1ccnc2c1ccc1ccc[nH+]c12,5.42,5.401717
train,156,[NH3+]Nc1ccc2ccc[nH+]c2c1,2.8,2.8367689
train,157,Nc1ccc(O)c2[nH+]cccc12,5.67,5.6372967
train,158,OCCCl,14.31,13.932252
train,159,C[NH2+]c1c[nH+]ccc1N,0.12,-0.22625405
train,160,COC(=O)[C@H]1C[C@@H]1C(=O)O,4.09,4.167267
train,161,Cc1cc(Br)cc(Br)c1O,7.6,7.5075274
train,162,[H]/N=c1/ccn(C)c[nH+]1,12.18,11.886981
train,163,Oc1ccc(I)c2nc3cc(Cl)c(Cl)cc3nc12,7.7,7.8153286
train,164,O=C(O)Cn1ncnn1,2.12,2.1233072
train,165,O=C(O)CCCC1CCCC1=O,4.86,4.8672695
train,166,CN(C)Cc1cc(Br)ccc1O,10.62,10.437513
train,167,O=C1CCC(C(=O)O)C1,4.25,4.3203697
train,168,O=C(O)C1CC2(CCC2)C1,4.6,4.5765905
train,169,CCCCC[NH2+]CCCCC,11.18,11.257933
train,170,OC(O)(c1ccccc1)n1ccnc1,9.73,9.699609
train,171,CCCCC[NH2+]c1ccccc1,5.2,5.202382
train,172,COC(=O)c1ccc(O)c([N+](=O)[O-])c1,5.4,5.431329
train,173,O=C(C=NO)CCl,7.9,7.7430058
train,174,O=C(O)[C@H]1CCCCC[C@H]1C(=O)O,3.87,4.2368064
train,175,C/C(Br)=C\C(=O)O,3.74,3.7405066
train,176,CC[NH2+]c1cccc2ccccc12,4.19,3.9778202
train,177,O=C(O)c1cc(Cl)cc(Cl)c1Cl,2.5,2.2545233
train,178,CN(C)C(=O)N1CC(c2cc(F)ccc2F)=C[C@@]1(CCC[NH2+]CC(F)F)c1ccccc1,7.0,6.726927
train,179,COc1nc(=O)c2nn(C)nc2[nH]1,7.69,7.775504
train,180,Clc1ccc2c(Cl)cc[nH+]c2c1,2.8,2.899411
train,181,COc1ccc(CC(=O)NC2CC[NH+](CC[C@H](NC(=O)C3CCC3)c3ccccc3)CC2)cc1,8.2,8.108016
train,182,Cc1cccc(C(=O)O)c1N,4.92,4.6986094
train,183,N#CN,10.33,9.881036
train,184,CC(=O)CC[NH+]1CCOCC1,6.66,6.7744102
train,185,CC(C)CNC(=O)C1CC(F)(c2ccc(C[NH+]3CCCC3)c(F)c2)C1,9.2,9.281588
train,186,O=c1[nH]c(=S)c2[n-]cnc2[nH]1,11.4,11.112274
train,187,Cc1[nH+]ccc2c1[nH]c1ccccc12,6.55,6.588769
train,188,CCC1C(=O)CCC1=O,4.7,4.7581873
train,189,O=C(c1nnc(-c2ccccc2)o1)N1CC(Oc2ccc(C[NH+]3CC4(CCCO4)C3)cc2)C1,8.4,8.484359
train,190,c1cnc2c(c1)C[C@@]1(C[NH+]3CCC1CC3)O2,8.9,8.791975
train,191,COCOc1ccccc1C(=O)O,3.95,3.7951264
train,192,C[NH+](C)CCCO,9.76,9.535639
train,193,N#CC[NH3+],5.34,5.1770153
train,194,CC1=C(CC(C)[NH2+]CC(O)c2ccc(Br)cc2)CCC1(C)C,8.57,8.475795
train,195,O=C(O)c1cc[n+]([O-])cc1,2.86,2.9297783
train,196,NCc1ccccc1S([NH3+])(=O)=O,8.53,8.734502
train,197,O/N=C/c1ccncc1,9.91,9.598328
train,198,CCC[NH2+]CCC,11.02,10.963568
train,199,CS(=O)(=O)c1nc2c(O)c3ccccc3nc2s1,7.6,7.696007
train,200,O=S1(=O)CCCCCS(=O)(=O)C1,10.99,10.967947
train,201,O=C([O-])c1c(F)c(F)c(O)c(F)c1F,5.17,5.0757866
train,202,COc1ccccc1O,10.01,9.687372
train,203,c1cc(C2CCC3(CC2)CCC2(OO3)C3CC4CC(C3)CC2C4)ccc1OCC[NH+]1CCOCC1,6.81,6.6845245
train,204,O=C(O)c1cccc([N+](=O)[O-])c1Br,1.93,1.9705254
train,205,Cc1cco[nH+]1,-1.22,-1.112708
train,206,O=S(=O)(O)O,-3.5,-3.245289
train,207,Nc1[nH+]cnc2scnc12,2.74,2.742431
train,208,CCCCCc1c(-c2ccccc2)[nH]n(-c2ccccc2)c1=O,7.3,7.275049
train,209,c1ccc(C[NH+]2CCN(Cc3nnc(-c4ccccc4)o3)CC2)cc1,6.7,6.7203865
train,210,C[C@@H]1CC=C(O)C1=O,9.6,9.415912
train,211,O=S(=O)(Cc1ccccc1)c1ccccc1O,7.12,7.0026617
train,212,O=C1CC(=O)NC(=S)N1,2.23,2.212717
train,213,COc1cc([NH3+])cccc1=O,3.53,3.4480717
train,214,O=C1CCC(O)=C1NC(=O)C(F)(F)F,4.35,4.312052
train,215,c1ccc2oc[nH+]c2c1,0.5,0.51161164
train,216,NCCc1ccc(O)c(O)c1,10.63,10.513775
train,217,O=C(O)Cc1ccccc1Nc1cc(Cl)ccc1Cl,4.1,4.149622
train,218,CC(=O)NC(CSc1ccc(Cl)cc1)C(=O)O,3.77,3.7861109
train,219,Nc1cnc2c(O)ncnc2n1,8.87,8.755696
train,220,COc1ccc(OC)c2c1[nH+]c(CCl)n2C,4.1,4.042865
train,221,CC[C@]1(C)OC(=O)NC1=O,6.1,6.0053635
train,222,Cc1[nH+]cc(CO)c(CO)c1O,5.0,5.016632
train,223,Cc1c(O)cc(O)c(O)c1C,10.0,10.028156
train,224,CN(C)c1nc(-c2ccccc2)[nH+]o1,-0.25,0.014435768
train,225,Cc1ccccc1NN=C(C#N)C#N,6.9,6.7565765
train,226,O=C(O)CCc1cccc(O)c1,4.51,4.5669317
train,227,CCCS,10.725,10.552801
train,228,O=C(N=CCc1cc[nH+]cc1)C1CCCC1C(=O)N1CCCC1,4.4,4.369252
train,229,Cc1c(-c2noc(-c3ccc(OC(C)C)c(C#N)c3)n2)ccc2c1CC[NH+](C(CO)CO)C2,7.3,7.3025913
train,230,Brc1c[nH+]c2ccccc2c1,2.69,2.6734817
train,231,O=c1cnc2ccncc2[nH]1,7.33,7.1244307
train,232,NC1=N[NH+](c2ccccc2)C(=O)C1,1.2,1.2372015
train,233,Cc1cc(C(=O)Nc2ccc(-c3ccccc3S(N)(=O)=O)cc2)n(-c2ccc(=N)[nH]c2)n1,7.0,6.786889
train,234,Cc1ccccc1C=CC(=O)O,4.5,4.475072
train,235,O=P([O-])(O)c1ccccc1Cl,6.98,6.993478
train,236,COC(=O)O,2.92,2.985889
train,237,N#CC(=NO)C(=O)Nc1ccc(-c2ccccc2)cc1,5.03,4.943589
train,238,CCOC(=O)C1C2c3ccccc3C(c3ccccc32)C1[NH+](C)C,7.48,7.47571
train,239,CC(C)(C)N1[NH2+]C2CCC1C21CC1,9.33,9.38357
train,240,CCOC(=O)/C(=N/O)c1ccccc1,8.95,8.849699
train,241,Clc1ncnc2nc[nH]c12,7.88,7.771302
train,242,O=C(O)c1cccnc1Nc1cccc(C(F)(F)F)c1,2.0,1.4300233
train,243,CN(C)C(=[NH2+])N(C)C,13.6,13.460323
train,244,CCCCCCCCS(=O)(=O)Nc1ccc(N=c2c3ccccc3[nH]c3ccccc23)c(OC)c1,7.44,7.5915155
train,245,Cc1ncc2c(n1)NC(O)C(O)=N2,10.05,10.016769
train,246,[NH3+]c1ccc2c(c1)CCCC2,5.17,5.1039457
train,247,CCOc1nc(O)ncc1[N+](=O)[O-],6.6,6.5095587
train,248,C=CC[NH+](CC1CO1)CC1CO1,6.16,6.191333
train,249,Cn1nnc2[nH]c(N)nc(=O)c21,8.25,8.152458
train,250,c1ccc(-c2cc[nH+]cc2)[nH+]c1,1.19,0.9259882
train,251,Nc1[nH+]cc(N)c(N)[nH+]1,2.5,2.608163
train,252,N#CC(C(=O)O)c1ccccc1,1.68,1.8307103
train,253,[NH3+]c1ccccc(=O)c1,3.33,3.3469012
train,254,O=C1C=C/C(=N\O)c2ccccc21,8.01,7.8508596
train,255,c1ccc([NH2+]C2=NCCN2)cc1,10.24,10.137615
train,256,CC(C)=NOCC(=O)O,3.56,3.507528
train,257,O=c1ccc(O)c(O)cc1,8.285,8.618576
train,258,C[C@H]1[C@@H](C(=O)[O-])[C@@]1(C)C(=O)O,7.91,8.022636
train,259,CC(C)(C)c1cc(Br)cc(C(C)(C)C)c1O,10.83,10.869112
train,260,Nc1cccc2[nH]c3ccccc3c(=[NH2+])c12,11.0,10.976713
train,261,Cc1nc2c(=O)nc(O)[nH+]c-2n(C)c1C,0.85,0.87276644
train,262,Cc1ccc(N(Cc2nn[nH]n2)Cc2ccc(F)cc2F)cc1,4.23,4.2150326
train,263,Cc1nc(N)[nH+]cc1C(N)=O,2.6,2.7528026
train,264,COC(=O)c1ccc(C(=O)O)c(N)c1,4.26,4.2965918
train,265,CS(=O)(=O)CCS,7.9,7.8564177
train,266,Cc1coc(C)c1C(=O)O,4.55,4.32432
train,267,CCCCCCCCc1c(-c2ccccc2)[nH][nH]c1=O,10.2,10.064861
train,268,O=C(O)CCc1ccsc1,4.45,4.369761
train,269,O=C([O-])c1ccc(C(=O)O)cc1,4.46,4.551383
train,270,Fc1cc2[nH]c[nH+]c2c(F)c1F,3.1,3.2258024
train,271,O=C1CCc2ccccc2N1CCC[NH+]1CCC(c2ccc3[nH]ccc3c2)CC1,9.0,8.697372
train,272,O=C([O-])c1nc[nH]c1C(=O)O,8.27,8.506419
train,273,Cc1ccc(S(=O)O)cc1,1.99,1.9532263
train,274,Cc1c[nH+]cs1,3.03,3.145217
train,275,Cc1cccc(C)c1NC(=O)CCCCC[NH3+],10.05,9.93137
train,276,C#CCCCC[NH3+],10.5,10.176852
train,277,Cc1cc([N+](=O)[O-])cc(CP(=O)(O)O)c1O,1.91,1.9904741
train,278,O=[N+]([O-])c1cccc(P(=O)(O)O)c1,1.25,2.129428
train,279,O=Nc1ccc(O)c2[nH+]cccc12,2.26,2.3092084
train,280,[NH3+][C@@H]1CCCC[C@H]1[NH3+],6.34,6.2742243
train,281,CC1(C)CC(=O)CC(C)(C)[NH2+]1,7.9,7.8738832
train,282,C[NH+](O)Cc1ccccc1,4.6,4.594863
train,283,CC1(C)OC(=O)CC2C(C(=O)O)[NH2+]CC21,9.0,9.201057
train,284,C1OC1C[NH+](CC1CO1)CC1CO1,5.01,5.2412395
train,285,C1CCc2c(n[nH+]c3c2CCCC3)C1,6.12,6.1764183
train,286,Oc1c(C(F)(F)F)c(C(F)(F)F)c(C(F)(F)F)c(C(F)(F)F)c1C(F)(F)F,1.32,1.4297817
train,287,CCCCCC(C)[NH3+],11.15,10.556282
train,288,O=c1o[nH]c(-c2ccccc2)c1Br,2.3,2.2092533
train,289,Oc1ccc2c(c[nH+]c3ccccc32)c1,4.35,4.487973
train,290,C[NH2+]CCc1ccccc1,10.23,10.051253
train,291,Oc1ccc(/N=N/c2ccccc2)c(O)c1,6.44,6.3665
train,292,NC(=O)C[NH2+][C@@H]1CC[C@H](OCc2cc(C(F)(F)F)cc(C(F)(F)F)c2)[C@H]1c1ccccc1,6.6,6.413991
train,293,CC(=O)NC1CONC1=O,5.8,5.6410074
train,294,COc1cccc(S(=O)(=O)CC(=O)O)c1,2.588,2.6713142
train,295,O=C(O)CCCc1ccc(N(CCCl)CCCl)cc1,5.8,5.9156094
train,296,Brc1cccc(Br)c1N(Cc1cccs1)C1=[NH+]CCN1,10.51,10.519872
train,297,Cc1ccc[nH+]c1C,6.57,6.4915724
train,298,C[NH2+]c1ccc(Cl)cc1,3.9,3.8167028
train,299,CCCOC(C(=O)OC1CC[NH+](C)CC1)(c1ccccc1)c1ccccc1,6.65,6.2553673
train,300,O=C(O)Cc1ccc(C(=O)O)cc1,3.79,3.817147
train,301,CC(C)c1n[nH]c(=O)[nH]c1=O,7.45,7.4901056
train,302,Cc1ccc2c(c1)NCC[NH2+]2,4.97,4.740181
train,303,O=C(O)c1nn[nH]c1C(=O)O,1.86,1.9475008
train,304,O=C(O)Cc1ccc([N+](=O)[O-])cc1[N+](=O)[O-],3.49,3.4699476
train,305,S=C(Nc1ccc(Br)cc1)c1cccc(Br)c1,9.96,9.995564
train,306,COc1cccc([NH3+])c1,4.2,4.0843487
train,307,Cc1cc2c(O)ccc(C)c2o1,9.6,9.440068
train,308,Cn1c2nc(=O)[nH]c-2c[nH]c1=O,8.0,7.7762146
train,309,Cc1c[nH+]cc(C)c1,6.09,6.1623335
train,310,O=C(O)[C@H]1C[C@@H]1C(=O)O,3.65,3.9127767
train,311,COc1ccc(Cl)c(C(=O)O)c1,2.89,3.0336034
train,312,C#CC(C)(C)[NH+](C)C(C)C,8.7,8.555459
train,313,CN(C)c1ccc(-c2ccccc2)[nH+]n1,4.49,4.542327
train,314,CC=CC(=O)O,4.56,4.630872
train,315,Cc1cc(C(=O)O)ccc1O,4.68,4.5965853
train,316,O=C1C(O)=C(c2ccccc2)C(=O)c2ccccc21,4.35,4.137925
train,317,O=S(=O)(Nc1cc(Cl)c(Cl)cc1Cn1ccnn1)c1ccc(Cl)s1,5.3,5.186659
train,318,C[Si](C)(C)CP(=O)(O)O,3.22,3.189533
train,319,O=S(=O)(O)CCC[NH+]1CCOCC1,7.17,7.1017447
train,320,COc1ccc(N)c[nH+]1,4.28,4.27407
train,321,O=C(CC(=O)C(F)(F)F)C(F)(F)F,5.3,5.2960453
train,322,Nc1nc(=O)c(N)c(O)[nH]1,8.9,8.68852
train,323,Nc1nc(=O)[n-]c(=O)[nH]1,13.5,13.359243
train,324,N=c1nc2ccccc2c[nH]1,4.8,4.653593
train,325,Cn1[nH]c(Cl)nc1=NN=O,4.03,3.8212564
train,326,O=C(Cc1ccccc1Nc1c(Cl)cccc1Cl)OCC[NH+]1CCOCC1,7.52,7.7500505
train,327,Nc1ccc([N+](=O)[O-])cn1,15.8,15.5334835
train,328,Nc1ccc(O)c2ncccc12,11.24,10.778654
train,329,O=C(O)c1cccc(O)c1O,2.9566667,2.8479283
train,330,O=c1ccc(=S)[nH][nH]1,3.32,3.2765844
train,331,OC1(c2ccccc2)OCCO1,11.33,11.332663
train,332,CCc1ccc(C(=O)O)s1,3.675,3.7140193
train,333,Nc1ccc2nc3ccccc3[nH+]c2c1,4.71,4.910796
train,334,O=C1C[C@@H]2[C@@H](C(=O)O)[C@H](C(=O)O)C[C@@H]2O1,3.34,3.3532407
train,335,COc1ccc(/C=N/O)cc1,10.976666,10.805874
train,336,O=C(O)c1cnc(Br)s1,2.96,2.9792807
train,337,Cc1cc(=O)c(O)ccc1Br,6.6,6.3512135
train,338,COc1cc(C(=O)O)c(C(=O)O)cc1OC,2.85,2.808086
train,339,CC(C)c1cccc(O)c1,10.16,9.959904
train,340,Cc1cccc(C)c1[NH+](C)C,5.82,5.7232866
train,341,Oc1ccc2nsnc2c1,8.16,8.248573
train,342,c1ccc(-c2ccc3nc(C[NH+]4CCOCC4)cn3n2)cc1,6.25,6.2998686
train,343,c1cc(C2CC2)[nH+][nH]1,3.16,3.354614
train,344,O=C(NCO)c1ccc([N+](=O)[O-])cc1,13.14,13.134801
train,345,CSc1nc(N)cc[nH+]1,4.91,5.025344
train,346,Cn1c(=O)c2[nH]c(=S)c(S)nc2n(C)c1=O,1.96,1.9186181
train,347,Cn1c(=O)c2c(nc3n(CCC[NH+]4CCN(c5cccc(Cl)c5)CC4)ccn23)n(C)c1=O,8.35,8.677722
train,348,Cc1cccc(S(=O)(=O)N2CCC[C@@H]2CC[NH+]2CCC(C)CC2)c1,10.4,10.403945
train,349,CC1=CC(=O)N(C)[NH+]1C,2.22,2.2482183
train,350,COC(=O)C(CC(=O)O)c1ccccc1,4.35,4.434119
train,351,COc1cccc(/C=N/O)c1,10.59,10.546726
train,352,CC(C)(O)c1ccc(C(=O)O)cc1,4.21,4.3666487
train,353,Nc1ccc(-c2cc[nH+]cc2)cc1,6.26,6.240885
train,354,O=C1NC(=O)c2c(Cl)cccc21,9.37,9.163927
train,355,[NH2+]=C(NCc1c[nH]c2ccccc12)C(Cl)(Cl)Cl,6.0,5.6857653
train,356,O=C(O)c1ccc2cccc(O)c2c1O,3.2,3.171334
train,357,CNc1[nH+]c(C)nc2n[nH]cc12,5.52,5.4475403
train,358,[NH3+]CC(Cl)Cl,6.75,6.5656385
train,359,COc1ccc(Cl)cc1S(=O)(=O)NC(=O)Nc1ccccc1,4.5,4.365019
train,360,CCOC(=O)c1cnc2ccccc2c1O,9.62,9.622326
train,361,NC(=O)/C=C(\O)c1ccccn1,8.23,8.040476
train,362,Cc1cccc(O)c1O,9.51,9.474682
train,363,O=S(=O)(Nc1ccccn1)c1ccccc1,8.2,8.266259
train,364,O=C(NC1CCC([NH+]2CCCCC2)CC1)C1C[C@@H]1c1ccccc1,9.6,9.602499
train,365,O=C(O)C#CCC(=O)O,1.89,2.0192776
train,366,CC(=O)C(C)(C)CC(=O)O,4.65,4.7782087
train,367,O=C(O)c1ccncc1O,4.83,4.962675
train,368,Cc1cc2sc(C)cc2c(C)[nH+]1,6.77,6.836774
train,369,Nc1nc2nc(N)c(N)nc2c(N)[nH+]1,6.82,6.7879066
train,370,Cn1ccc(=O)c[nH+]1,1.07,1.2832222
train,371,C[NH+]1CCN(c2nc3c(=O)c4ccccc4[nH]c3s2)CC1,8.6,8.829835
train,372,CCc1nn(CCC[NH+]2CCN(c3cccc(Cl)c3)CC2)c(=O)n1CCOc1ccccc1,6.645,6.350771
train,373,COc1ccc(C(=O)c2csc(S(N)(=O)=O)c2)cc1,8.2,8.244807
train,374,Cn1cnc2c(=O)[nH]c[nH+]c21,1.87,1.9364538
train,375,Oc1ncnc(O)n1,6.5,6.6452913
train,376,Cc1c2ccccc2[nH+]c2ccccc12,5.6,5.7135344
train,377,O=C([O-])C1=CCC=C[C@@H]1C(=O)O,5.03,5.1107874
train,378,CNc1nc(N)c(N)c(=O)[nH]1,10.66,10.532915
train,379,NC(=O)O,5.9,5.985984
train,380,C=NC(=O)CC(C)C(=O)O,3.23,3.227032
train,381,CCOc1ccc2[nH]c(C)[nH+]c2c1,6.22,6.235668
train,382,O=C([O-])c1oc(C(=O)O)c(C(=O)O)c1C(=O)O,2.1,2.1367319
train,383,O=c1[n-]c(=O)c(F)c[nH]1,13.0,12.789997
train,384,O=C(O)c1c(F)c(F)c(O)c(F)c1F,2.27,2.260859
train,385,CC1=C(O)CCCC1=O,5.57,5.474244
train,386,C[NH2+]c1ccc(O)cc1,5.9,5.8392687
train,387,O=C(O)c1cc(-c2ccccc2)oc(=O)c1,3.3,3.2877152
train,388,Cc1cc(=O)oc2cc(O)c(Cl)cc12,6.1,6.1121826
train,389,CC[NH3+],10.63,10.384005
train,390,COc1cc(N)c2[nH+]cccc2c1,3.38,3.1491702
train,391,CCC1OC(=O)CC(O)C(C)C(O[C@@H]2O[C@H](C)C[C@H]([NH+](C)C)[C@H]2O)C(CC=O)CC(C)C(=O)/C=C\C(C)=C/C1C,8.83,9.019639
train,392,CCC=CC(C)C(=O)O,4.785,4.8000965
train,393,N=c1cc[nH]nc1,6.69,6.6622467
train,394,O=S(=O)([O-])c1ccc(O)cc1,8.56,8.411185
train,395,Cc1ccc(S(=O)(=O)N2CC[NH2+]CC2)cc1,7.4,7.541993
train,396,CN(C)/C=[NH+]/c1ccccc1Cl,6.85,6.8807163
train,397,Nc1nc(O)c2[nH]c(O)nc2n1,8.55,8.407215
train,398,Cc1ccc(N[NH3+])c(C)c1,5.72,5.600377
train,399,CC(=O)CC(=O)/C=C/c1ccc(O[C@@H]2O[C@H](CO)[C@@H](O)[C@H](O)[C@H]2O)cc1,9.24,9.082488
train,400,CC(=O)C(Cl)=NO,7.9,7.833108
train,401,O=C(O)Cc1ccccc1Nc1c(F)cccc1F,4.09,4.1237125
train,402,Cn1c[nH+]c2c(N)[nH+]cnc21,-0.64,-0.44005185
train,403,CC(=O)C1CCCCC1=O,9.89,9.322657
train,404,Cc1cc(=NS(=O)(=O)c2ccc(N)cc2)[nH]o1,5.925,5.942321
train,405,Oc1ccc2cccc(O[C@@H]3OC[C@@H](O)[C@H](O)[C@H]3O)c2c1,9.35,9.533812
train,406,c1cc2c(cc1C[NH+]1CCCCC1)OCO2,9.6,9.661001
train,407,Nc1cc2ccccc2cc1O,9.1,9.074133
train,408,C[C@]1(c2cc(NC(=O)c3ccc(Cl)cn3)ccc2F)[NH+]=C(N)OCC1(F)F,6.3,6.265317
train,409,Nc1ccc([NH3+])cc1,5.94,6.069852
train,410,CC[NH+](CC)CC(=O)Nc1ccc(C)cc1C,7.95,8.075749
train,411,c1ccc(N2CC[NH2+]CC2)nc1,8.9,8.89274
train,412,C[NH+](C)CC(C)(C)C,9.75,9.567474
train,413,Cc1c([NH+](C)C)c(=O)n(-c2ccccc2)n1C,5.06,4.996958
train,414,Clc1[nH]c2cc3c(cc2[nH+]1)CCCC3,2.64,2.630748
train,415,[H]/N=c1\[nH+]cc(-c2ccc(C)cc2)cn1C,10.82,10.79387
train,416,O=C(O)CS/C=C/c1ccccc1,3.5,3.5166333
train,417,CN(C)c1cc[nH+]cn1,6.37,6.411169
train,418,OCC1=CC[NH+]2CC[C@@H](O)[C@@H]12,8.92,8.960079
train,419,CC(C)=[N+]([O-])O,5.11,5.2776384
train,420,Cn1c(=O)c2c(ncn2CC(=O)O)n(C)c1=O,4.48,4.4499474
train,421,O=C(O)Cn1ccc2ccccc21,3.4,3.2187374
train,422,COc1ccc2c[nH+]cnc2c1,2.86,2.6884916
train,423,O=C(O)C/C=N/O,4.0,4.0017915
train,424,O=c1[nH]c(=O)c2ncn([C@H]3O[C@@H](CO)[C@H](O)[C@@H]3O)c2[nH]1,5.72,5.6399565
train,425,O=C1C=C/C(=N/O)C(Br)=C1,5.7,5.654786
train,426,Cc1nc2c(=O)[nH]c(=O)[nH]c2n1C,6.2,5.9521646
train,427,O=C1C=C(O)C(=O)C=C1O,2.94,3.0030391
train,428,O=c1cc(-c2ccccc2)c2ccccc2n1CC1C[NH+]2CCC1(F)CC2,7.6,7.639059
train,429,COc1cc(N)nc(N)[nH+]1,5.48,5.564993
train,430,CCC(CC)C(=O)O[C@H]1OC(C(=O)O)[C@H](O)[C@@H](O)[C@@H]1O,3.37,3.3152843
train,431,[NH3+]c1cccc(Cl)c1,3.52,3.433936
train,432,Cc1cnc2c(n1)CNC(O)=N2,13.05,12.990852
train,433,O=C(O)c1ccc(Br)cc1,3.98,4.034445
train,434,N=C(NN)N[N+](=O)[O-],10.6,10.426279
train,435,Nc1ccc(S(=O)(=O)Nc2ccncn2)cc1,6.17,6.445636
train,436,C1CN[C@H]2C[NH2+]CC[C@@H]2C1,10.16,10.053937
train,437,O=C(O)CCc1ccccc1Br,4.58,4.5081043
train,438,COc1cc(NS(C)(=O)=O)ccc1N=c1c2ccccc2[nH]c2c(C(=O)N(C)C)cccc12,6.16,6.391016
train,439,Oc1cccc(Cl)c1O,8.0,7.9121666
train,440,C[C@@H]1CC=[NH+]N1C,3.56,3.5195858
train,441,Oc1cccc(-c2ccccc2)c1,9.63,9.45861
train,442,CC(=O)C(=NO)c1ccc(Sc2cc(F)cc(C3CCOCC3)c2)cc1,8.4,8.263677
train,443,CCc1ccc(P(=O)([O-])O)cc1,7.02,7.241865
train,444,COCC1CC(C(=O)NC[C@H]2CCCO2)C[NH+](Cc2nc(N3CCOCC3)oc2C)C1,7.5,7.46593
train,445,Cc1cc(O)c(C)c(O)c1O,9.87,9.872808
train,446,O=C(O)c1c(Cl)ccc(O)c1Br,2.7,2.1811323
train,447,CC(=O)C1CC1C(=O)O,4.19,4.2486553
train,448,O=C(c1cccc(F)c1)c1ccc2n1CCC2C(=O)O,3.46,3.4469097
train,449,O=S(=O)(NCc1ccccc1)c1ccccn1,10.85,10.887526
train,450,O=C(Cc1cccc2ccccc12)NC(Cc1cc2ccc(F)cc2[nH]1)C(=O)O,3.91,3.6670697
train,451,COC(=O)Nc1[nH]c2ccccc2[nH+]1,4.53,4.4382777
train,452,CC(C)(C)c1cc(O)cc(C(C)(C)C)c1,10.293,10.300065
train,453,CC1=C(O)[C@H](C)C1=O,2.8,2.7449558
train,454,O=C(O)C(F)(F)Cl,0.46,0.6245761
train,455,CCCc1ccc(CCC[NH+](C)C)cc1,10.54,10.511492
train,456,Cc1c(N2CC(C#N)C2)nc(C2CC2)[nH+]c1N1CCCCCC1,6.4,6.731407
train,457,O=Nc1c(O)ccc2ncsc12,5.43,5.0020084
train,458,[NH3+]c1ccc(Sc2ccccc2)cc1,3.8,3.8123798
train,459,CC(C)(Oc1ccc(Cl)cc1)C(=O)O,2.95,3.0930316
train,460,OC(O)=C(O)c1ccccc1,6.62,6.4498396
train,461,Cc1ccccc1NC(N)=[NH+]c1ccccc1C,9.67,9.74267
train,462,BrC1=N[NH2+]C2(CCCC2)C1,2.68,2.7370107
train,463,CC1=C(O)C(=O)OC1,7.77,7.6879816
train,464,Cc1ccc(NS(=O)(=O)c2ccccc2)cc1,8.64,8.728928
train,465,CCCC(O)=NO,9.48,9.277272
train,466,Nc1cc([O-])[nH]c(=O)n1,15.32,15.183176
train,467,CCOc1nccc(O)n1,8.2,8.023629
train,468,Cn1c[nH+]c2ccccc2c1=O,2.18,2.1752408
train,469,O=[N+]([O-])c1cc(Cl)c(O)c(Cl)c1,3.61,3.560685
train,470,O=[N+]([O-])c1ccccc1S(=O)(=O)Nc1ccc(Cl)cc1,6.55,6.5868587
train,471,Cc1cc(C(=O)O)ccc1N,4.95,4.785681
train,472,Nc1cc([NH3+])c(O)c(N)c1O,5.8,5.7962465
train,473,Cc1ccc(N[C@@H](C)C(=O)O)cc1,5.16,4.9673347
train,474,O=C1c2ccccc2C2(O)OCCCN12,7.5,7.426099
train,475,O=P(O)(O)C(F)(F)F,1.16,1.3324478
train,476,CC(=O)NC(=O)c1ccccc1,10.15,9.915887
train,477,CC(C)(C)NC(=O)C[NH+]1CCC(CNC(=O)c2cc(Cl)cc(Cl)c2)CC1,7.6,7.426482
train,478,O=C(N=CCc1ccc[nH+]c1)C1CCCC1C(=O)N1CCCC1,4.4,4.2974896
train,479,Brc1ccc(NC2=[NH+]CCN2)cc1,9.65,9.574371
train,480,Nc1ccnc(Cl)n1,16.4,16.191816
train,481,CCC(O)C[NH+](CC(C)O)C(C)(C)C,9.5,9.514811
train,482,CNC(=O)C(CC[NH+]1CCC(O)(c2ccc(Cl)cc2)CC1)(c1ccccc1)c1ccccc1,7.2,7.2104235
train,483,COc1ccc(O)c(C#N)c1,7.4,7.3447704
train,484,O=C(O)c1ccc2ccccc2c1,4.14,4.0618277
train,485,Cn1nc(C(=O)NC2CC3CCCC(C2)[NH+]3C)c2ccccc21,9.0,9.1006775
train,486,O=C(O)C1=CCC[C@H]1C(=O)O,4.03,4.151638
train,487,CC1=CC[NH+]2CCC[C@@H]12,10.55,10.477868
train,488,CN(C)C(=S)SCC(=O)O,3.34,3.2432687
train,489,O=C1C2(c3ccccc3)CNCC1(c1ccccc1)C[NH2+]C2,10.25,10.322344
train,490,Nc1nc(=O)c2nc(-c3ccccc3)[nH+]nc2[nH]1,1.0,1.1432767
train,491,CC(=O)N1C(=O)NC(=O)[C@@H]1C,7.2,7.21955
train,492,O=P([O-])(O)c1ccc(OC(F)(F)F)cc1,6.69,6.7916346
train,493,Cn1cnc2c1c(=S)[nH]c(=O)n2C,8.8,8.899005
train,494,Cc1cc(N)n(-c2ccccc2)[nH+]1,3.95,4.0090194
train,495,C/C(=N\O)c1cccc([N+](=O)[O-])c1,10.1,10.088943
train,496,CN1Cc2cc(-c3ccc(C[C@@H](C#N)NC(=O)C4CCCC[NH2+]4)cc3)ccc2C1=O,7.1,6.844187
train,497,O=Cc1cccc(C2C(=O)c3ccccc3C(=O)C2=NS(=O)(=O)c2ccccc2)c1,5.0,4.852062
train,498,O=C(O)c1nccs1,2.63,2.5369399
train,499,[NH3+]C12CCC(CC1)C2,10.19,9.871546
train,500,O=C(O)c1ccc([N+](=O)[O-])cc1[N+](=O)[O-],1.42,1.5745828
train,501,Nc1c(O)c([NH3+])cc([NH3+])c1O,3.6,3.6025493
train,502,COCC(=O)O,3.55,3.495716
train,503,CO[NH+](C)C,3.65,3.6089175
train,504,O=C(O)CS(=O)(=O)c1ccc(Cl)cc1,2.424,2.559378
train,505,C[NH2+]CCc1nc(-c2cn(C)c3ccccc23)no1,8.8,8.57387
train,506,CC(O)=S,3.2,3.2336352
train,507,COc1ccc(P(=O)(O)O)cc1Cl,2.25,2.4426122
train,508,CC1(C)CCc2c(Cl)c(O)c(Cl)c(Cl)c2O1,7.1,7.0400543
train,509,Cn1nn[nH+]c1N,1.82,1.823832
train,510,Nc1ccc2cc3ccc([NH3+])cc3[nH+]c2c1,0.3,0.34069148
train,511,O=C(O)C1CC[NH2+]1,9.54,9.705622
train,512,Brc1cccc(Br)c1N(Cc1ccccc1)C1=[NH+]CCN1,10.4,10.519733
train,513,CCCCCC[NH2+]Cc1ccc(C)cc1,10.17,9.967958
train,514,CNC(=O)c1cn2c(C)c(C)[nH+]c2c2c1CCC(c1ccccc1)O2,6.74,6.8516893
train,515,Nc1ncc([N+](=O)[O-])cc1[N+](=O)[O-],13.8,13.538996
train,516,Cc1coc2cccc(O)c12,9.65,9.37496
train,517,COc1cc2c(cc1OC)C13CC[NH+]4C1CC1C(=CCOC5CC(=O)N2C3C51)[C@@H]4S(=O)(=O)O,3.12,3.0961492
train,518,O=C([O-])[C@@H](Cl)[C@H](Cl)C(=O)O,3.18,3.1920767
train,519,CC(C)CN(C(=O)c1cccc(Cl)c1Cl)[C@H]1CC[NH2+]C1,10.0,9.950989
train,520,Cn1c(=[NH2+])[nH]c2cc[nH]c2c1=O,5.1,4.7729273
train,521,COc1cccc(C(=O)N[C@H]2C[C@H]3CC[C@@H](C2)[NH+]3Cc2ccccc2)c1OC,8.91,9.00258
train,522,Cc1cc[nH+]c(N)c1,7.48,7.349828
train,523,Cc1c[nH+]c2ccccc2c1,5.15,5.1749077
train,524,COC(=O)c1ccc(C(=O)O)cc1C(=O)OC,3.47,3.4899793
train,525,CC(C)[NH2+]CC(O)COc1cccc2[nH]ccc12,9.395,9.3546095
train,526,O=C(O)C1CC1(Cl)Cl,3.51,3.5204499
train,527,Cc1ccc2c(c1)[NH+]1CC[NH+]2CC1,2.4,2.5219865
train,528,CN1C(=S)NC(=O)C12CCCCC2,9.25,9.197505
train,529,C[S+]([O-])CC(=O)/C=N/O,7.74,7.81308
train,530,COc1ccc(C(CC(F)C[NH3+])(c2ccccc2)c2ccc(C)cc2)cc1,7.86,7.641056
train,531,CC(=O)N(C)c1cccc[nH+]1,2.01,1.9164984
train,532,CC[NH+](CC)CC(=O)Nc1cc(C)ccc1C,7.92,7.98711
train,533,O=[N+]([O-])C(Cl)[N+](=O)[O-],3.665,3.73186
train,534,CC[NH+](CC)CCn1ccc(=O)c(O)c1C,8.57,8.667729
train,535,Nc1nnc[nH]1,11.08,11.0511
train,536,Sc1ncnc2nccnc12,6.81,6.7444897
train,537,O=C(O)CCc1ccc(Br)cc1,4.33,4.54572
train,538,c1ccc2n[nH+]cnc2c1,-0.82,-0.55703986
train,539,CC1CCC[NH+](C(C)C=C(c2cccs2)c2cccs2)C1,8.28,8.024087
train,540,Nc1ncc2ncc(=O)[nH]c2n1,7.5,7.241042
train,541,CS(=O)c1ccc(O)cc1,8.28,8.179135
train,542,c1c[nH+]cc(N=c2c3ccccc3[nH]c3ccccc23)c1,6.46,6.477993
train,543,CCOc1ccc(/[NH+]=C/N(C)C)cc1,9.24,9.211777
train,544,CC(C)[NH+]1CCC(Oc2ccc(C3(C(N)=O)CCOCC3)cc2)CC1,9.78,9.815648
train,545,Cc1cccc(-c2nn[nH]n2)c1,4.15,4.1751804
train,546,O=C(O)c1ccoc1,3.925,3.8746796
train,547,[O-]c1cc(O)ccn1,13.0,12.712665
train,548,COc1ccc(-n2[nH]c(C)cc2=O)cc1,7.06,6.999035
train,549,S=c1[nH]c(=S)c2[nH]cnc2[nH]1,7.495,7.532281
train,550,CC1(C)CC(=O)CC1=O,4.2,4.1045885
train,551,O=C1CCC/C1=C/O,5.44,5.229041
train,552,O=c1[nH]c2ccccc2[nH]1,11.99,11.599334
train,553,c1cnc2c[nH+]ccc2n1,2.5,2.318431
train,554,O=C(O)c1ccnc(C(=O)O)n1,2.14,2.187551
train,555,CC[NH+](CC)CCSC(C)C,9.32,9.434664
train,556,COc1cc(C#N)cc(C(=O)N[C@@H]2C[C@H]3CC[C@@H](C2)[NH+]3Cc2ccccc2)c1OC,8.7,8.834219
train,557,O=C(N=Cc1cc[nH+]cc1)C1CCCC1C(=O)N1CCCC1,4.4,4.343363
train,558,Cc1nc2ccccc2c(C(N)=O)[nH+]1,1.57,1.5334909
train,559,Cn1[nH+]co/c1=N\c1ccccc1,4.12,4.171132
train,560,O=C([O-])C(C(=O)O)c1ccccc1,5.59,5.7763166
train,561,N#Cc1ccc(C(=O)S)cc1,1.43,1.6099366
train,562,CC(O)CO,14.9,14.442171
train,563,Cc1nc(N)cc[nH+]1,6.53,6.7124243
train,564,Nc1c(Br)cc(O)c2c1C(=O)c1ccccc1C2=O,9.104,9.05142
train,565,S=C(S)N1CCOCC1,5.19,5.2140703
train,566,COc1nc(=O)cc(C)[nH]1,8.5,8.31845
train,567,c1nc2c3c(ccc2[nH]1)CCCC3,12.8,12.609872
train,568,Cn1nc2[nH]cnc(=S)c2n1,7.64,7.701745
train,569,Nc1[nH+]c2ccccc2o1,3.7,3.6623178
train,570,[NH3+]CCc1[nH+]c(I)[nH]c1I,2.31,2.3970394
train,571,Clc1c(Cl)c2ccc[nH+]c2c2ncccc12,3.47,3.607
train,572,CS(=O)(=O)C12CC[NH+](CC1)CC2,7.89,7.878358
train,573,FC(F)(F)c1cccc(-c2[nH]cc(-c3ccccc3)[nH+]2)c1,5.11,5.233774
train,574,O[C@H]1[NH+]=CNc2ccccc21,7.77,7.6784115
train,575,Nc1ccc(Br)c(C(=O)O)c1,4.05,4.0837526
train,576,CCC[NH+]1CCN(c2ccc(C(F)(F)F)cc2)CC1,7.84,7.883359
train,577,O=C(O)C(=O)O,1.2466667,1.2564743
train,578,O=P([O-])(O)c1ccc(F)cc1,6.96,6.8463116
train,579,Clc1c[nH][nH+]c1,0.6,0.70225346
train,580,O=C([O-])[C@]12[C@@H]3[C@@H]4[C@@]1(Cl)[C@@H]1[C@H]2[C@@]3(Cl)[C@]41C(=O)O,3.68,3.7067015
train,581,O=C[C@H](O)[C@@H](O)[C@H](O)[C@H](O)CO,12.5,12.40289
train,582,O=C(O)CSc1ccc(Cl)cc1,3.5735,3.432256
train,583,O=c1cc(CCl)occ1O,7.7,7.8393946
train,584,Cc1ccc(C(=O)NO)cc1,9.05,9.100828
train,585,O=C(O)CSc1cccc(Cl)c1,3.4485,3.4342
train,586,O=C1C=C(c2ccccc2)C=C(Cl)[NH2+]1,-0.1,-0.023774803
train,587,CC(C=C(c1cccs1)c1cccs1)[NH+]1CCCCC1C,7.46,7.6359015
train,588,COC(=O)NC(=O)c1ccccc1,10.3,10.403246
train,589,Oc1ccc2cc(C(F)(F)F)ccc2c1,8.99,9.01469
train,590,N=C(NC=O)N[N+](=O)[O-],7.5,7.433115
train,591,COc1ccc(C(=O)C(=O)O)cc1,1.65,1.6110437
train,592,Cc1nc([O-])ncc1P(=O)(O)O,5.92,5.936083
train,593,COc1nc2ccccc2[nH+]c1C,1.38,1.3732771
train,594,CSCC(=O)O,3.69,3.6040893
train,595,O=C(O)c1ccc2ccccc2c1O,3.86,3.951132
train,596,Cc1cc[nH]c(=N)n1,4.2,4.050948
train,597,CC(Cc1ccccc1)[NH+](C)CCC#N,6.95,6.764596
train,598,O=C(O)CN(CC(=O)O)c1ccc(C(=O)O)cc1,2.31,2.2741323
train,599,O=C(O)CC1CCCCO1,4.39,4.4132137
train,600,CC(=O)Nc1ccc(CC(=O)O)cc1,4.27,4.2797995
train,601,Cn1c[nH+]c(=O)c2ccccc21,3.15,3.16005
train,602,Oc1ncc2[nH]c(O)nc2n1,7.45,7.270295
train,603,Cc1ccc2ccc3c(C)[nH+]ccc3c2[nH+]1,2.26,2.1760635
train,604,O=C1C(Br)=CC(=Nc2ccc(O)c(Br)c2)C=C1Br,5.4,5.4698772
train,605,CCCNC(=O)NS(=O)(=O)c1ccc(Cl)cc1,4.9,4.713044
train,606,CCC1(CC)C(=O)CCNC1=O,13.5,13.730679
train,607,CP(=O)(O)c1ccccc1,2.9,2.8027658
train,608,Cc1ccccc1[As](=O)(O)O,3.82,2.8028193
train,609,CCC(C(C)=O)C(C)=O,11.33,11.215908
train,610,Cc1ccc(C(=O)[O-])c(C(=O)O)c1,5.26,5.2730217
train,611,ON=C(Cc1ccccc1)NO,10.7,10.646137
train,612,OC1=Nc2nc(O)ncc2NC1,5.84,5.2613773
train,613,CNc1nc(N)cc(O)n1,11.03,10.871822
train,614,CN(C)c1[nH+]cnc2nc[nH]c12,3.83,3.9104779
train,615,Nc1cccc2cc[nH+]cc12,6.05,5.7671013
train,616,COc1ccc(OC(=O)NCC[NH3+])cc1,8.65,8.701377
train,617,CC(=O)c1cc(C)ccc1O,10.55,10.655149
train,618,COc1cc(C(=O)O)ccc1N=c1c2ccccc2[nH]c2ccccc12,7.41,7.5766745
train,619,O=C([O-])c1cncc(C(=O)O)c1,4.62,4.802351
train,620,Brc1c[nH][nH+]c1-c1ccccc1,0.3,0.4230752
train,621,CC(C)(C)C(=O)CCC(=O)O,4.8,4.93505
train,622,OC1=Nc2ncnc(O)c2NC1,8.45,8.328433
train,623,CC=C(C)CC(=O)O,5.145,5.2503366
train,624,O=C(O)Cc1ccccc1F,4.17,4.1747417
train,625,CC(=O)c1ccc(C(=O)O)s1,3.0,3.1644676
train,626,C[C@@H]1NC(=O)C=C1O,6.42,6.2826786
train,627,CCCCCCCCC(=O)O,4.9,4.8807154
train,628,Oc1cnoc1,7.75,7.7452536
train,629,[NH3+]c1ccc(C(F)(F)F)cc1,2.6,2.456179
train,630,C[NH+](C)c1ccc(/N=N/c2cccc[nH+]2)cc1,2.0,1.9510688
train,631,COc1ccc(C(=O)NO)cc1,9.0,9.071529
train,632,O=C1CCCS(=O)(=O)C1,9.03,8.868781
train,633,C[NH+](C)CCCN1c2cc(F)ccc2CCc2ccc(F)cc21,7.65,7.4828825
train,634,[NH3+][C@@H]1C[C@H]1c1ccc(Br)cc1,8.13,7.88671
train,635,CCC(=NO)C(C)=NO,10.41,10.605885
train,636,c1ccc2c(c1)ccc1[nH+]cc3ccccc3c12,4.48,4.472992
train,637,COc1c(O)c(OC)c(Cl)c(Cl)c1Cl,7.25,7.314908
train,638,c1ccc2[nH+][nH]nc2c1,0.42,0.6602527
train,639,N#CC(CC(=O)O)Cc1ccccc1,3.91,4.0061035
train,640,Cc1[nH]cc(C2CCN(C(=O)CCS(=O)(=O)c3ccc4cc(Cl)ccc4c3)CC2)[nH+]1,7.9,8.017391
train,641,Ic1cccc(C2[NH2+]CCS2)c1,4.93,4.8972406
train,642,CN(C1=[NH+]CCO1)c1ccccc1,8.51,8.622883
train,643,COCCCCC(=NOCC[NH3+])c1ccc(C(F)(F)F)cc1,9.45,9.596944
train,644,O=C([O-])[C@H]1C[C@@H]1C(=O)O,5.13,5.322733
train,645,COc1cccc(Cl)[nH+]1,-0.13,-0.019200265
train,646,c1ccc(-c2c[nH]nn2)cc1,8.62,8.565403
train,647,[NH2+]=C1Nc2c(F)cccc2[C@H]2CCC[C@@]12F,6.6,6.428953
train,648,COc1ccc(C(=O)C(=O)O)cc1OC,1.79,1.7736523
train,649,CCOC(=O)CS,7.95,7.853959
train,650,Oc1ccc2c(c1)ncc1ccccc12,8.79,8.747887
train,651,O=C(O)[C@@H](Cl)[C@@H](Cl)C(=O)O,1.74,1.8559406
train,652,CC[C@H](NC(=O)c1ccccc1NS(=O)(=O)c1ccc(C(F)(F)F)cc1)c1ccccc1,4.0,3.525366
train,653,c1nn[nH]n1,4.86,4.7747326
train,654,CC1C=C(C(=O)O)OC(C(=O)O)=C1,2.78,2.8210082
train,655,[NH3+]Cc1cccc(Cl)c1,9.01,8.892031
train,656,Nc1cnc(S)nc1N,10.39,10.235926
train,657,CC(C)c1c(Cl)nc[nH]c1=O,9.13,8.89237
train,658,COc1cc(NS(C)(=O)=O)ccc1N=c1c2ccccc2[nH]c2c(-c3ccccc3)cccc12,7.02,7.081291
train,659,O=C(O)c1ccc(Br)cc1Br,2.7,2.7441947
train,660,C1CCN([NH+]2CCCCC2)CC1,7.09,6.919565
train,661,CC1CCCC(=NO)C1=NO,10.61,10.649063
train,662,OCC(CO)(CO)CO,14.1,14.044159
train,663,Nc1nc(N)c2nc(C(F)(F)F)[nH]c2n1,7.55,7.2388115
train,664,CCCCCCCC[NH3+],10.76,10.464067
train,665,N#CCCN[NH3+],5.91,5.7939816
train,666,CNc1nc(=O)cc(N)[nH]1,11.06,11.031846
train,667,Cc1ccc2c(Cl)cc[nH+]c2c1,4.0,3.9430866
train,668,CC(O)C(C)C(=O)O,4.65,4.641716
train,669,N#Cc1cc[nH+]cc1,1.9,1.7511337
train,670,CN(C)c1ncc[nH+]c1N,4.29,4.3443546
train,671,Cc1[nH+]c2c3c(c(C(=O)NCCO)cn2c1C)CCC(c1ccccc1)C3,7.22,7.103738
train,672,CC(C)(C)[NH2+]c1ccccc1,7.1,7.009533
train,673,Cc1ccc2c(c1)sc(-c1ccc([NH+](C)C)cc1)[n+]2C,2.69,2.7273896
train,674,CC(=O)CCn1nc(O)c2ccccc2c1=O,6.9,6.921303
train,675,COc1cc(/C=C/C(=O)O)ccc1O,4.56,4.5334806
train,676,CC(=O)Nc1ccc(O)c(C(=O)O)c1,2.7,2.7109437
train,677,c1ccc(-c2c[nH+]c(-c3ccccn3)o2)cc1,2.31,2.3784237
train,678,Cn1c(=O)cc[nH]c1=O,9.95,9.823487
train,679,FC(F)(F)c1cccc(-c2c[nH]c(-c3ccccc3)[nH+]2)c1,5.27,5.242116
train,680,N#Cc1cn([C@H]2C[C@H](O)[C@@H](CO)O2)c(=O)[nH]c1=O,6.8,6.8262014
train,681,CN1C(=O)CS(=O)(=O)NC1=O,2.63,2.6217096
train,682,C[NH+]1C=CC(=O)C=C1,3.33,3.3570912
train,683,O=c1[n-]c2ncncc2[nH]c1=O,10.0,9.701249
train,684,COc1ccc2[nH+]c3ccccc3c(N)c2c1,9.2,9.584136
train,685,O=C(O)CCc1cccs1,4.34,4.3659296
train,686,O=C(O)Cc1cc(-c2ccccc2)c2ccccc2c1,7.0,6.940734
train,687,c1cc2[nH]cnc2cn1,10.88,10.719831
train,688,Cc1nc[nH+]cc1N,3.06,2.993285
train,689,N#Cc1cc2n[nH]nc2nc1N,6.53,6.58994
train,690,CCCCOc1ccc(O)cc1,10.24,10.240305
train,691,[NH2+]=C1CCCCC1,9.15,9.060549
train,692,CNC[C@@H](O)c1ccc(O)c(O)c1,9.96,10.134827
train,693,N=P(N1CCCC1)(N1CCCC1)[NH+]1CCCC1,13.93,13.756971
train,694,Cc1n[nH+]c(C)c(C)c1C,5.36,5.410056
train,695,CC(=O)Oc1cc(C(C)C)c(OCC[NH+](C)C)cc1C,8.72,8.732786
train,696,O=C(O)C[Se]C1CCCCC1,3.19,3.538782
train,697,CC(C)C[NH2+][C@H](c1ccccc1)[C@H](O)c1ccccc1,11.34,11.485507
train,698,O=C1C[C@@H]2[C@@H](C(=O)O)[C@H](C(=O)O)C[C@@H]2O1,3.34,3.3532412
train,699,CC1C/C(=N\O)C(=O)/C(=N/O)C1,8.3,8.23872
train,700,O=C([O-])[C@]12[C@@H]3[C@@H]4[C@H]1[C@@]1(Cl)[C@]4(C(=O)O)[C@@H]3[C@@]21Cl,3.63,3.6824727
train,701,Cc1ccc(Cl)[nH+]n1,0.89,0.9619095
train,702,Cc1nc(=O)[nH]c(=O)[nH]1,7.23,7.187442
train,703,COc1cccc(C(=O)NCC[NH+]2CCN(c3ncccc3C#N)CC2)c1,6.71,6.5591497
train,704,CC(CC(=O)O)c1ccccc1,4.64,4.818513
train,705,C1=[NH+]CCCC1,7.93,7.824169
train,706,O=C(c1ccc2cc(OCCC[NH+]3CCCCC3)ccc2n1)N1CCC1,9.4,9.5454445
train,707,O=c1cc(-c2ccccc2)[nH]o1,4.01,3.771226
train,708,O=C(c1cccnc1)N(O)c1ccccc1,8.0,7.838727
train,709,CC1=N[NH+](C)[C@@H](c2ccccc2)C1,3.5,3.4019933
train,710,N#C[C@H]1C[C@@H]1C(=O)O,3.73,3.8692832
train,711,Oc1cnc2nc(O)ncc2n1,5.785,5.7775717
train,712,C[C@@]1(c2cc(NC(=O)c3ccc(Cl)cn3)ccc2F)CCOCC(=[NH2+])N1,10.9,10.792738
train,713,CNc1nc(C)c(C(N)=O)c(C)[nH+]1,3.57,3.4672651
train,714,NC(=O)CCc1cccc[nH+]1,5.09,5.0805397
train,715,CC[NH+](CC)CCS(=O)(=O)c1ccc(OC)c(OC)c1OC,7.41,7.3513412
train,716,COCC[NH2+]c1cccc(C)c1,4.29,4.1959214
train,717,COC(=O)[C@@H]([NH3+])CO,7.03,7.003503
train,718,O=C(O)c1ccc(=O)oc1,3.26,3.308124
train,719,ClC1C[NH+]2CCC1CC2,8.79,8.742186
train,720,COC(=O)c1nc2nc(N)nc(O)c2nc1C,8.05,7.87436
train,721,Cc1cccc(Cl)c1[NH3+],2.22,2.122645
train,722,Cc1[nH+]c2c3c(c(C(N)=O)cn2c1C)CCC(c1ccccc1)O3,6.52,6.7875395
train,723,Cc1cccc(C)c1C[NH+]=c1cc(C(=O)N(C)C)[nH]c2c(C)c(C)n(C)c12,7.13,7.1117735
train,724,Nc1ccc(O)cc1C(=O)O,5.37,5.7371397
train,725,O=[N+]([O-])c1cc(C(F)(F)F)cc([N+](=O)[O-])c1CS(=O)(=O)C(F)(F)F,9.65,9.61543
train,726,C#C[C@]1(O)C[C@@H](C)[NH2+][C@H]2CCCC[C@@H]21,9.29,9.282522
train,727,Oc1cc2ccccc2nn1,8.64,8.704769
train,728,CCCC[C@@]1(C2CCCC2)Cc2cc(OCC(=O)O)c(Cl)c(Cl)c2C1=O,3.9,3.744763
train,729,O=P([O-])(O)CCl,6.3,6.4772234
train,730,NS(=O)(=O)c1cc2c(s1)S(=O)(=O)CCC2,8.35,8.384123
train,731,C[C@H](C(=O)O)[C@@H](C)C(=O)O,3.77,3.812273
train,732,O=S(=O)(NCc1ccccc1)c1ccc(Br)cc1,10.71,10.833981
train,733,O=C(O)c1cc(C(=O)O)c(C(=O)O)c(C(=O)O)c1C(=O)O,1.8,1.8604279
train,734,CCOC(=O)c1ccc([N+](=O)[O-])c(O)c1,6.11,6.1262255
train,735,COc1ccc(NC(=S)c2ccc(Cl)cc2)cc1,11.26,11.00082
train,736,FC(F)(F)c1ncnc2[nH]cnc12,7.35,7.248005
train,737,COc1ccc2c(Cl)cc[nH+]c2c1,4.32,4.313134
train,738,C#C[C@]1(O)C[C@H](C)[NH+](C)[C@@H]2CCCC[C@H]21,9.22,9.355349
train,739,Nc1nc(=O)c2nc(-c3ccccc3)nnc2[nH]1,6.77,6.8479166
train,740,COc1ccc(Cl)cc1[NH3+],3.56,3.3285944
train,741,On1nnc2cc(Br)ccc21,4.18,4.1649246
train,742,COC(=O)c1c(C(=O)O)ccc(OC)c1OC,3.8,3.7590523
train,743,C[NH+](C)c1ccccc1Br,4.31,4.15559
train,744,CCO[Si](O)(O)O,7.27,7.385866
train,745,Oc1c2ccccc2nc2ccccc12,12.0,12.066576
train,746,Cc1csc(=NS(=O)(=O)c2ccc(N)cc2)[nH]1,7.12,7.02878
train,747,COC(=O)/C=C\C(=O)O,2.94,2.8317835
train,748,O=[N+]([O-])c1cc(Cl)c(O)c([N+](=O)[O-])c1,2.01,2.0623324
train,749,CC(=O)OCCc1c[nH]c[nH+]1,6.97,7.181226
train,750,Cc1[nH+]c2c3c(c(C(=O)N4CCCC4)cn2c1C)CCC(c1ccccc1)C3,7.2,7.1569233
train,751,Nc1nc(O)c2nc(O)cnc2n1,6.59,6.444627
train,752,Cn1cnc2c[nH+]c(N3CCCCC3)nc21,4.1,4.0520115
train,753,Nc1c(Cl)cc([N+](=O)[O-])cc1Cl,15.55,15.469185
train,754,O=C(O)Cc1ccc(O)cc1,4.33,4.3575125
train,755,Oc1cc(O)c2ccccc2c1,7.35,7.2843904
train,756,CSc1cc(N)nc(N)[nH+]1,5.44,5.608423
train,757,COc1ccccc1P(=O)(O)O,2.185,3.2345102
train,758,C[NH+](CC(N)=O)C1CCC(OCc2cc(C(F)(F)F)cc(C(F)(F)F)c2)C1c1ccccc1,5.8,5.8022966
train,759,O=C1CCC(=O)C1,4.36,4.337878
train,760,O=C(O)CSc1cccc([N+](=O)[O-])c1,3.4,3.3167598
train,761,Cc1cc(Br)c([NH3+])c(Br)c1,0.69,0.73037124
train,762,CCCNC1=[NH+]C(C)c2ccccc2N1,10.7,10.576918
train,763,CCOc1ccc(C)c(C(=O)O)c1,3.86,3.881072
train,764,N#Cc1[nH+]ccnc1N,-0.43,-0.27265704
train,765,CN([NH3+])c1ccccc1Br,4.68,4.6776466
train,766,CC(=O)OCC[NH3+],9.1,8.857729
train,767,O=C(NO)c1ccc(Cl)cc1,8.7,8.580723
train,768,COCCc1ccc(OCC(O)C[NH2+]C(C)C)cc1,9.536,9.6051445
train,769,CC1CCN(C(=O)c2ccc3cc(OCCC[NH+]4CCCCC4)ccc3n2)CC1,9.7,9.68905
train,770,Cc1o[nH+]c2ccccc12,-1.24,-1.1089745
train,771,C[NH2+]CCCCc1ccccc1,10.76,10.70195
train,772,CC[C@]1(c2ccccc2)NC(=O)NC1=O,8.5,8.564834
train,773,CCN[NH2+]C,7.5,7.482503
train,774,Oc1ccnc2cccnc12,10.01,9.736521
train,775,O=P([O-])(O)c1cccc(Cl)c1,7.1,6.9272327
train,776,NS(=O)(=O)Oc1ccc(F)cc1,8.15,7.964199
train,777,CCOC(=O)c1cn2c(C)c(C)[nH+]c2c2c1CCC(c1ccccc1)O2,6.35,6.5657396
train,778,CC(=O)C1CCCC1=O,7.82,7.8202724
train,779,CCCn1cc[nH+]c1CO,7.04,6.9792395
train,780,CC(=O)NO,9.36,9.227219
train,781,Nc1nc(N)c2ncc[nH+]c2n1,5.32,5.301156
train,782,CCC([NH3+])CO,9.53,9.396354
train,783,Cc1noc(C2C[NH+]3CCN2CC3)n1,6.0,6.0526733
train,784,C[C@@H]1CCCC[C@@H]1[NH3+],10.49,10.3560295
train,785,CCCC[N+](=O)[O-],8.6,8.519735
train,786,O=c1c([O-])ccccc1O,11.5,11.167166
train,787,NC(=O)Nc1nccnc1/C=N/O,9.34,9.334099
train,788,Cc1cn2c(C)cc(C)[nH+]c2n1,6.07,6.102771
train,789,c1ccc2c(c1)CC[NH2+]2,4.9,4.8077736
train,790,C=C1[NH2+]C=C(C)C(=C[NH2+]CCCCCC)C1=O,3.39,3.3777738
train,791,CCn1c[nH+]c2ccccc21,5.59,5.564417
train,792,CC(C)c1ccc(P(=O)([O-])O)cc1,8.18,7.4881506
train,793,CC(=O)OO,8.4,8.239456
train,794,O=[N+]([O-])C1CCCCC1,9.1,9.030881
train,795,COc1ccc[nH+]c1,4.91,4.9531126
train,796,Fc1c(F)c(F)c(S)c(F)c1F,2.68,2.7325656
train,797,Nc1ncc(Cl)c(O)n1,7.97,7.8528166
train,798,CCCOc1ccccc1C(=O)O,4.24,4.1276064
train,799,CC(C)(C)c1csc[nH+]1,3.04,3.0622032
train,800,COc1ccc(-c2nnc(C(=O)N3CC(Oc4ccc(C[NH+]5CCCOCC5)cc4)C3)o2)cc1,8.1,7.95625
train,801,OC(c1ccccc1)(c1ccccc1)c1cccc[nH+]1,3.9,3.9482324
train,802,C[C@@H]1CN(Cc2ccccc2)c2c[nH+]cc(F)c2[C@H](C)N1C(=O)NCc1ccccc1,4.2,4.186982
train,803,C=CCC([N+](=O)[O-])[N+](=O)[O-],4.99,5.083065
train,804,Nc1ccccc1C(=O)O,4.945,4.939163
train,805,Cc1ccc([C@H](O)C(F)(F)F)cc1,12.04,11.750249
train,806,Cc1nnc2n1-c1sc(Br)cc1C(c1ccccc1Cl)=[NH+]C2,6.2,6.2495737
train,807,CC(C)CC1(C)[NH+]=C(N)N(Cc2cccc(Cl)c2)C1=O,7.2,7.2258377
train,808,C[NH+](C)c1cccc(N)c1,6.45,6.4172306
train,809,COCCSC(C)O,14.21,14.268177
train,810,Cc1cc(Cl)cc(C)c1NC1=[NH+]CCN1,10.25,10.011009
train,811,COc1ccc(-c2cn3cc[nH]c3[nH+]2)c(OC)c1,6.76,6.7448616
train,812,O=C1C2C[C@@H](C[NH+]3CCCC[C@@H]23)[C@H]2CCCCN12,7.7,7.5511837
train,813,Cc1cc(CC(=O)O)n(C)c1C(=O)c1ccc(Cl)cc1,4.7,4.417077
train,814,CCC1(CC)CNc2ccc(S(=O)(=O)Nc3ccc(F)cc3F)cc2C(=O)N1,8.0,8.36014
train,815,CCCCOc1cccc(C(=O)O)c1,4.25,4.2875605
train,816,O/C(=C/c1ccccc1)c1ccccc1,11.0,10.973282
train,817,O=[N+]([O-])c1cccc(NS(=O)(=O)c2ccccc2)c1,6.915,6.7603273
train,818,CC(C)c1ccc(C(=O)/C=C/C(=O)O)cc1,3.4,3.4081342
train,819,O=C1CCCc2cc([N+](=O)[O-])cc(O)c21,5.12,4.9653053
train,820,CC(=O)C(C)CC(=O)O,4.51,4.5838604
train,821,O=C([O-])c1cc(O)c2ccccc2c1,9.59,9.4161
train,822,SC1=Nc2nccnc2CN1,10.95,10.907576
train,823,O=C(CS)OCCOC(=O)CS,7.7,7.7999163
train,824,COc1ccc(-c2nc3c[nH+]ccc3n2C)c(OC)c1,6.16,6.3338223
train,825,Nc1nc(N)c2[nH+]c(O)cnc2n1,4.3,4.4250765
train,826,CC(C)=C(C(N)=O)C(=O)O,3.95,4.0625196
train,827,Cn1c(Cl)nc2nc(Cl)nc(N)c21,13.7,13.335852
train,828,CC1(C)[C@@H]2CC[C@@]1(C)[C@@H]([NH3+])C2,10.17,10.105202
train,829,O=C(O)C1CC1(F)c1ccccc1,4.14,4.2275004
train,830,CCCCCSC1=[NH+]CCN1OCc1ccccc1,8.5,8.677716
train,831,N#Cc1cc(S(=O)(=O)N=c2ccc(F)c[nH]2)ccc1Oc1ccc(CO)c(Cl)c1,5.7,5.5461855
train,832,CC(C(=O)O)c1cccc(Oc2ccccc2)c1,4.5,4.4754825
train,833,Cc1ccccc1SCC(=O)O,3.465,3.5212595
train,834,CC(C)(C)C1=[NH+]c2ccccc2[C@@H](O)N1,8.38,8.456281
train,835,N#Cc1ccccc1O,7.03,6.9075756
train,836,N#Cc1cc([NH3+])cc2ccccc12,2.66,2.6446812
train,837,OOc1ccc(Cl)cc1,8.8,8.695742
train,838,Cc1ccc(-c2cccc(-c3nn[nH]n3)c2)cc1,4.1,4.0742464
train,839,Nc1[nH+]cccc1[NH3+],-0.01,0.0048471987
train,840,CC(=O)N[C@@H](Cc1cc(F)cc(F)c1)[C@H](O)C[NH2+]C1(c2cnn(CC(C)(C)C)c2)CC1,7.05,6.8832855
train,841,OC(O)C#Cc1ccccc1,11.77,11.488829
train,842,COC(=O)c1ccc(C(=O)O)cc1C(=O)O,2.74,2.834264
train,843,Cc1nc(N)c2c[nH+]n(C)c2n1,5.0,4.9791393
train,844,CO/C=C/C(=O)O,4.85,4.9526415
train,845,O=C(O)C1OCCCO1,2.97,2.9454577
train,846,O=S(=O)(NCl)c1ccc(Cl)cc1,4.0,4.0468483
train,847,Cc1cccc2oc(=O)cc(O)c12,4.2,3.8726308
train,848,O=C(NO)c1ccc(F)cc1,8.63,8.7357235
train,849,C[C@H]1CC[C@@H]2CCC[NH+]21,11.74,11.600131
train,850,O=C(C1CCN(c2cc[nH+]cc2)CC1)N1CCN(S(=O)(=O)c2ccc(Br)cc2)CC1,9.2,9.290461
train,851,O=[N+]([O-])c1cccc(O)c1,8.2975,8.11686
train,852,O=c1[nH]ccc2c1cnc1ccccc12,11.39,11.216639
train,853,Cn1c2cccc(=O)c-2[nH+]c2ccccc21,5.0,5.213952
train,854,C[C@H]1[NH2+][C@@H]1C,8.69,8.524739
train,855,Oc1ccc2nc3ccccc3cc2c1,8.81,8.87072
train,856,Cn1c2cc(=O)ccc-2[nH+]c2ccccc21,3.05,3.2505786
train,857,Oc1cccc2cccc(O[C@@H]3OC[C@@H](O)[C@H](O)[C@H]3O)c12,10.13,10.199394
train,858,C[NH+](C)CCCc1ccc(C(C)(C)C)cc1,10.03,10.054847
train,859,[NH3+]c1ccc2c(c1O)Cc1ccccc1-2,4.82,4.7141466
train,860,Cc1nc(N)c[nH+]c1C,3.89,3.770843
train,861,COc1ccc(-c2nnc(C(=O)N3CC(Oc4ccc(C[NH+](C)C)c(C)c4)C3)o2)cc1,9.3,9.338781
train,862,COC(=O)[C@H]1C[C@H]1C(=O)O,4.26,4.3507414
train,863,Oc1cccc(N=c2c3ccccc3[nH]c3ccccc23)c1,7.3,7.0775566
train,864,Cc1cccc2cc3ccccc3[nH+]c12,5.4,5.2801456
train,865,CCN(C1=[NH+]CCN1)c1c(Br)cccc1Br,11.1,10.928198
train,866,Oc1ccc2c[nH+]ccc2c1,5.84,5.915992
train,867,COc1ccc([C@H]2CC2C(=O)O)cc1,4.62,4.5736322
train,868,CC(Nc1ccc2c(c1)[C@@H](NC(=O)c1ccc(Br)cc1)[C@H](O)C2)=[NH+]c1ccc(F)cc1,8.2,8.204025
train,869,COc1ccc2[nH+]c3ccccc3cc2c1,5.47,5.536869
train,870,COC(=O)[C@]12CC[C@](C(=O)O)(CC1)CC2,4.764,4.806513
train,871,O=C(O)CCC(=O)Nc1ccccc1,4.701,4.5951376
train,872,CC(C)[NH2+]CC(O)COc1ccc(COCCOC(C)C)cc1,9.446667,9.541731
train,873,O=C(O)c1ccc(Br)cc1C(=O)O,2.5,2.5298378
train,874,O=C(c1cnccn1)N1CCCC1c1ccc(-c2cccc(Cl)c2)[nH+]c1,3.4,3.350295
train,875,Cc1c[nH+]c2c(C)nc(N)nc2n1,2.59,2.3984663
train,876,FC(F)(F)c1nc2c[nH+]c[nH]c-2n1,1.0,0.9467858
train,877,Clc1ccc2c(c1)NC1CC=Cc3cc[nH+]c-2c31,4.5,4.2259827
train,878,Cc1nc(C(=O)O)co1,3.59,3.5965393
train,879,O=C(O)c1coc2ccccc12,4.18,4.0866528
train,880,Nc1nc(=O)[nH]c(-c2ccccc2)[nH+]1,3.0,3.0578191
train,881,CNc1nc(N(C)C)[nH+]cc1Br,6.47,6.5524826
train,882,C=C(C)C(=O)NCCC[NH+](C)C,9.25,9.088388
train,883,O=c1cnc2nc([O-])ncc2[nH]1,8.64,8.412348
train,884,C[C@@]1(c2cc(NC(=O)c3ccc(Cl)cn3)ccc2F)CCOC(=[NH2+])N1,9.8,10.086777
train,885,CSc1ncnc2nc[nH]c12,8.76,8.780142
train,886,[NH2+]=C1N[C@@](c2cccc(-c3cncnc3)c2)(c2ccnc(C(F)F)c2)c2cc(F)cc(F)c21,6.2,6.1039524
train,887,O=C(/C=N/O)c1ccccc1,8.25,8.250072
train,888,Cc1cc(=S)nc(C)[nH]1,8.18,8.0413
train,889,Brc1ccc2[nH+]c3c(c(N4CCOCC4)c2c1)CCC3,6.38,6.60754
train,890,O=C(O)C1(O)CCCCCC1,4.125,4.1343775
train,891,CC1CCC(C(=O)O)C1,4.97,5.040991
train,892,Cc1c[nH+]c2c(ccc3cccnc32)c1,5.0,4.995492
train,893,O=c1c(O)c1-c1ccc(F)cc1,2.07,2.0176547
train,894,CCc1cnc2c(ccc3ccc[nH+]c32)c1,4.96,5.115446
train,895,CC1=CC=CC2=CC=C[NH+]12,5.04,5.0838985
train,896,COc1ccc(-c2cc3cc[nH+]cc3[nH]2)c(OC)c1,8.29,8.566397
train,897,CC(=O)Oc1ccccc1C(=O)NCC(=O)O,3.77,3.9133224
train,898,Oc1ccccc1SCc1ccccc1,9.06,9.022675
train,899,Nc1nc2c(Cl)ccc(Cl)c2c(N)[nH+]1,6.07,6.1978436
train,900,Cc1ccc(S(=O)(=O)Nc2ccccc2)cc1,8.46,8.843717
train,901,O=C(O)CN(Cc1ccccc1)S(=O)(=O)c1ccc(OC(F)F)cc1,3.4,3.2910724
train,902,Cc1cc(C)c(C)c(O)c1,10.565,10.401612
train,903,C[C@H](C=C(c1ccccc1)c1ccccc1)[NH+](C)C,9.21,9.0463705
train,904,CC1=N[NH2+][C@H](c2ccccc2)C1,4.26,4.1990147
train,905,COC(=O)c1ccc(C(=O)O)c(NC(C)=O)c1,3.14,3.094011
train,906,CCN[N+](=O)[O-],6.305,6.228647
train,907,CC(O)[C@@H]1C[C@H](CC(=O)O)C1(C)C,4.83,4.832156
train,908,CC1=C(O)c2ccccc2C1=O,4.19,4.064931
train,909,C[NH+](CCCN1c2ccccc2CCc2ccccc21)CC(=O)c1ccc(Cl)cc1,6.7,6.669505
train,910,Nc1[nH+]ccn2cncc12,6.55,6.5751324
train,911,C[NH2+]CCO,9.91,9.700493
train,912,CC(C)(C)c1cc(C(C)(C)C)c(O)c(C(C)(C)C)c1,12.19,12.1924715
train,913,CCOC(=O)N[N+](=O)[O-],3.32,3.3333852
train,914,Sc1ncc2nccnc2n1,6.52,6.562044
train,915,CC(C)=C(O)c1ccccc1,11.78,11.703058
train,916,Cn1cc(-c2noc(CC[NH+](C)C)n2)c2ccccc21,7.7,7.4899235
train,917,c1ccc(-c2c[nH]c(-c3ccccc3)[nH+]2)cc1,5.64,5.7548923
train,918,O=C(O)CC/C(=N/O)c1ccccc1,4.7,4.7834644
train,919,O=C(CC1c2ccccc2-c2ccccc21)NC(Cc1cc2ccc(F)cc2[nH]1)C(=O)O,3.9,3.7673028
train,920,Cc1[nH+]cc(-c2ccccc2)o1,2.13,2.0900483
train,921,Nc1ccc(S(=O)(=O)N=c2[nH]cccc2O)cc1,7.6,7.6933355
train,922,CC1=c2[nH]c3c(c2C=C[NH2+]1)C=CC(=O)C=3,7.86,7.9796944
train,923,CC1=C(O)[C@@H](C)OC1=O,4.0,3.6866682
train,924,COc1cc(O)cc(OC)c1O,10.6,10.413383
train,925,[NH3+]c1ccc2c(c1)-c1c(ccc3ccccc13)C2,4.67,4.7995567
train,926,CC(=O)c1ccc(O)c(=O)cc1,4.97,4.8545933
train,927,O=C(/C(=N\O)c1ccccc1)c1ccccc1,10.0,9.826906
train,928,COc1ccc(N(Cc2nn[nH]n2)Cc2ccc(Cl)cc2Cl)cc1,4.29,4.2686186
train,929,C[NH+](C)CCCC1(c2ccc(C(C)(C)C)cc2)COC1,9.6,9.416898
train,930,Cc1cc(C)cc(C(=[NH2+])c2ccccc2)c1,6.82,6.894636
train,931,NC(=O)[C@@H]1C(=O)NC(=O)[C@H]1c1ccccc1,7.62,7.6300154
train,932,N#CCC[NH2+]CCC#N,5.23,5.087282
train,933,Nc1c2ccccc2[nH+]c2cccc(O)c12,5.57,5.501896
train,934,N#C[C@H]1CCCCC1C(=O)O,3.86,4.0122504
train,935,CCS(=O)(=O)c1ncccc1S(N)(=O)=O,8.51,8.434923
train,936,O=C(O)c1cccnn1,3.0,2.91771
train,937,Oc1ccc2c(n1)COC2,9.85,9.764497
train,938,O=C(O)c1ccc(C(=O)O)s1,3.05,3.0530078
train,939,Cc1nc(N)[nH+]c(N)c1Oc1ccccc1,6.47,6.6223803
train,940,[NH3+]c1ccc2[nH]c(=O)[nH]c2c1,5.0,4.8742714
train,941,C#CCC[NH3+],9.23,9.0799465
train,942,CC(=O)NC(CSc1ccccc1)C(=O)O,3.6,3.6023338
train,943,COc1cccc2c1c(=NS(=O)(=O)c1cccc(Cl)c1)[nH]n2Cc1cccc(CNC(=O)C(C)(C)O)c1,7.06,7.0879602
train,944,[NH2+]=c1c2c([nH]c3ccccc13)CCCC2,9.91,9.911821
train,945,N#Cc1ccc(-c2ccc(C[C@@H](C#N)NC(=O)C3C[C@@H](O)CC[NH2+]3)cc2)cc1,7.6,7.547003
train,946,Clc1cc2cccnc2c2[nH+]cccc12,4.22,4.06682
train,947,Sc1ccccc1Cl,5.68,5.5894213
train,948,O/N=C/c1cccnc1,10.53,10.291574
train,949,CN1CCC[NH+](C)CCC[NH+](C)CCC1,5.7,5.712902
train,950,COC(=O)[C@]12CC[C@](C(=O)O)(CC1)C2,4.494,4.581648
train,951,C=CCC1(C(C)C#CCC)C(=O)NC(=O)N(C)C1=O,4.74,4.6505556
train,952,C[NH+](C)CC1=CC2c3ccccc3C1c1ccccc12,8.04,7.971465
train,953,COc1cccc([NH3+])cc1=O,3.08,3.0608487
train,954,O=CC1=CC(C=O)C(C=O)=C1,1.8,1.8221903
train,955,COc1cc[nH+]cc1,6.47,6.5022364
train,956,C1CCC([NH2+]C2CCCCC2)CC1,11.25,11.376839
train,957,Cc1ccc2ccc(C)[nH+]c2c1,5.02,4.9947405
train,958,Cn1cc[nH]c1=S,11.56,11.347317
train,959,CC(C)Oc1ccc(-c2nc(-c3ccc4c(c3)CC[NH+](C(CO)CO)CC4)no2)cc1C#N,7.805,7.7743025
train,960,CC1(C)SC2C(NC(=O)Cc3ccccc3)C(=O)N2C1C(=O)O,2.78,2.707671
train,961,Cc1cc(O)nn1-c1ccccc1,8.23,8.005785
train,962,COc1ccc(Cn2cc(C(=O)O)c(=O)c3c(F)ccc(F)c32)cc1,6.0,6.3973656
train,963,Fc1ccc(F)c2[nH]cnc12,10.3,10.055483
train,964,O=C(O)/C=C/c1ccc(O)cc1O,4.73,4.640931
train,965,CCOc1ccccc1/C=C/C(=O)O,4.68,4.627095
train,966,O=c1[nH]c2[n-]c(=S)[nH]c(=O)c2[nH]c1=O,9.59,9.703562
train,967,CCC1(C2CCCC2)Cc2cc(OCCCC(=O)O)c(Cl)c(Cl)c2C1=O,3.8,4.3496094
train,968,Cn1nc(N)c(C(=O)O)[nH+]1,-0.28,-0.19148129
train,969,Clc1ccc(C2[NH2+]CCS2)cc1,5.01,5.033285
train,970,CC(=O)/C(=C(/C)O)S(C)(=O)=O,2.7,2.6603296
train,971,CC(=O)Nc1cc[nH+]cn1,2.76,2.629197
train,972,CC(=O)n1cc[nH+]c1,3.6,3.7894552
train,973,Cc1ccc[nH+]c1,5.68,5.672449
train,974,N#CCC[NH3+],7.7,7.481529
train,975,C[N+](C)(C)c1cccc([NH3+])c1,1.983,2.022307
train,976,Cc1noc(C2C[NH+](C)CCN2)n1,6.2,6.1909475
train,977,CCCSC(C)C(=O)O,3.82,3.8101213
train,978,CC1CNc2ncnc(O)c2N1,9.97,9.778181
train,979,Nc1ncc(F)c(O)n1,8.04,7.853079
train,980,Clc1cccc(-c2[nH]cc(-c3ccccc3)[nH+]2)c1,5.12,5.189456
train,981,CC[NH+](CC)CC(=O)NC1CCCCC1,8.21,8.374797
train,982,Cc1nc(C(=O)O)c(C)o1,4.17,4.09731
train,983,Cc1ccc(C(=O)O)c(Cl)c1,3.27,3.1290095
train,984,O=C(O)CCC(F)(F)C(F)(F)C(F)(F)F,4.18,4.423877
train,985,O=C(O)c1cc(C(=O)O)c(C(=O)O)c(C(=O)O)c1C(=O)O,1.8,1.8604281
train,986,COc1cccc(S(=O)(=O)NC(=O)c2cc(-c3ccc(C#CCO)s3)c(OC)cc2OC)c1,4.7,4.5634775
train,987,CCc1[nH]cc[nH+]1,8.0,7.983514
train,988,[NH3+]CCC(Cl)(Cl)Cl,9.65,9.671057
train,989,CSc1nc2c[nH+]ccc2n1C,6.48,6.592025
train,990,Cc1csc2c(O)cccc12,8.72,8.630505
train,991,Cc1cc(OCC[NH+]2CCOCC2)nn1-c1ccc2ccccc2c1,6.5,6.4523687
train,992,C[NH+](C)CCCc1ccc(-c2ccccc2)cc1,9.88,9.998257
train,993,Cc1c(-c2ccc(=O)n(Cc3ccccc3)n2)c2ccccc2n1CC(=O)O,4.15,4.1464815
train,994,Cc1ccc(C(=O)c2csc(S(N)(=O)=O)c2)cc1,9.3,9.229771
train,995,CC(C)C(C(=O)O)(C(=O)O)C(C)C,2.124,2.1254897
train,996,c1c[nH+]sc1,-0.5,-0.42957366
train,997,CCS(=O)(=O)n1c2c(c3cc(C(=O)N4CCC(C)CC4)ccc31)C[NH+](C1CCOC1)CC2,5.9,5.7291956
train,998,CCCCOc1noc2c1C[NH2+]CC2,7.6,7.4949055
train,999,O=[N+]([O-])c1ccc(O)c(O)c1,6.8,6.809863
train,1000,NNC(=O)c1cccnc1,11.486667,11.418836
train,1001,O=C(O)c1ccc(O)c(=O)cc1,4.05,3.9771063
train,1002,Cc1[nH+]c2c3c(ccn2c1CC#N)CCC(c1ccccc1)O3,6.0,6.152565
train,1003,[NH3+]NC=O,2.81,2.8371956
train,1004,Cn1c(=O)[nH]c(=O)c2nc(C(=O)[O-])cnc21,8.56,8.360802
train,1005,O=C(O)CS(=O)(=O)c1cccc(F)c1,2.432,2.566567
train,1006,CCCCC[NH+]=c1[nH]c2ccccc2n1CCc1ccccc1,7.4,7.424037
train,1007,CCc1c[nH+]ccc1NC,9.76,9.875026
train,1008,[NH3+]c1ccccc(=O)c1O,1.59,1.4650698
train,1009,Nc1cccc2ccc[nH+]c12,3.97,3.7991588
train,1010,COc1cc(O)cc(C)c1O,10.3,10.431145
train,1011,CS(=O)(=O)O,-1.25,-1.2688779
train,1012,O=C1NC(=O)c2c(Br)cccc21,9.4,9.103447
train,1013,CN(C(=O)c1ccccc1)c1cc[nH+]cc1,4.68,4.5398254
train,1014,CCC(C)OC(=O)[C@@H](O)[C@@H](O)C(=O)O,3.68,3.653274
train,1015,O=C(/C(=N/O)c1ccccc1)c1ccccc1,8.8,8.639014
train,1016,COC(=O)c1ccc(C(=O)O)cc1,3.83,3.8505633
train,1017,Clc1ccc(/C=[NH+]/c2ccccc2)cc1,2.8,2.6404798
train,1018,Cn1[nH+]cc(=S)c2ccccc21,-1.29,-0.9964634
train,1019,COc1nc2nc(Cl)nc(N)c2n1C,14.7,14.630396
train,1020,COc1ccc(C2(c3cccc(-c4cncnc4)c3)[NH+]=C(N)c3c(F)cccc32)cc1,8.2,8.511243
train,1021,Oc1cccnc1,8.72,8.368574
train,1022,O=C1NCC(c2ccccc2)C12CC[NH+](C1(c3ccccc3)CCCOC1)CC2,7.1,7.004734
train,1023,O=c1cccc(O)cc1O,5.76,5.7564573
train,1024,CCC[NH+]1CCN(c2ccccc2C#N)CC1,7.92,7.7853956
train,1025,CCC(CC(=O)O)c1ccccc1,4.68,4.8206425
train,1026,CN1c2ccccc2Nc2ccc(O)cc21,10.1,10.0578575
train,1027,O=C(O)[C@@H]1C[C@@]1(C(=O)O)c1ccccc1,3.48,3.617872
train,1028,C[C@H]1[C@@H](C(=O)O)[C@]1(C)C(=O)O,4.23,4.22851
train,1029,OOc1cccc2ccccc12,7.9,7.896002
train,1030,CS(=O)(=O)Nc1ccc(C(F)(F)F)cc1,8.0,7.929077
train,1031,O=C1O[C@H]([C@@H](O)CO)C(O)=C1O,4.175,4.231003
train,1032,c1ccn2c[nH+]cc2c1,5.54,5.4389772
train,1033,C[C@@H]1C[NH+]=C(C(C)(C)C)S1,5.027,5.0129776
train,1034,O=C(O)CCCc1c[nH]c2ccccc12,4.82,4.779381
train,1035,Cc1[nH]c(=S)[nH]c(=O)c1C,8.08,7.929555
train,1036,Cc1[nH+]n(C)c(Br)c1Br,-0.6,-0.30447954
train,1037,Nc1ccc2[nH+]cccc2c1,5.63,5.711172
train,1038,O=C(O)/C=C/C=C/C(=O)O,2.7,2.8954115
train,1039,C[C@H]1SC(=[NH2+])N[C@@]2(c3ccc(F)cc3F)CO[C@@H](c3cnn(C)c3)C[C@@H]12,7.8,7.881922
train,1040,O=C(O)/C=C/c1ccccc1,4.44,4.4124327
train,1041,CC(=O)C1=C(O)c2ccccc2C1=O,2.9,2.778071
train,1042,COc1cccc([N+](=O)[O-])c1O,6.84,6.9835224
train,1043,Cc1[nH+][nH]cc1Br,1.46,1.5371897
train,1044,O=C(O)c1ccc([N+](=O)[O-])c([N+](=O)[O-])c1,2.82,2.9025924
train,1045,Cc1nc2nc(N)[nH]c(=O)c2[nH]1,9.7,9.556307
train,1046,Nc1cc(Cl)ccc1[NH3+],4.3,4.165797
train,1047,Oc1cnc2nc(O)nc(O)c2n1,5.73,5.7065897
train,1048,CCOC(=O)c1ccccc1O,10.07,9.800388
train,1049,Nc1cc(Cl)[nH+]cc1[NH3+],-0.08,-0.034356236
train,1050,CC(O)(C(F)(F)F)C(F)(F)F,9.55,9.583406
train,1051,[NH3+]Nc1ccc(Cl)cc1,4.96,4.874053
train,1052,CC[C@H](NC(C)=O)C(=O)O,3.72,3.8330033
train,1053,CC(=O)c1cc([N+](=O)[O-])ccc1O,7.05,6.9046173
train,1054,Cc1ccc(-c2cccc[nH+]2)s1,3.99,3.997283
train,1055,[NH3+]C(CO)(CO)CO,8.08,8.157639
train,1056,Nc1ccc(O)c(Cl)c1,9.16,8.900581
train,1057,Cc1ncc(C(=O)O)s1,3.26,3.2398696
train,1058,Fc1cccc(NC(=S)c2ccc(Cl)cc2)c1,10.16,9.988638
train,1059,O=C1C=CCC(=O)N1,9.83,9.623066
train,1060,CC(C)[NH2+]c1ccccc1,5.5,5.644664
train,1061,c1ccc2n[nH]nc2c1,8.38,8.298905
train,1062,O=P([O-])(O)c1cccc(Br)c1,6.69,6.728737
train,1063,Cc1cn[nH+]cc1C,4.13,4.2278023
train,1064,O=C1C(O)=C(Br)C(=O)C([O-])=C1Br,3.1,2.9315572
train,1065,Oc1ccc(C(F)(F)F)cc1,8.68,8.671297
train,1066,NC(=S)N[NH3+],1.5,1.5607715
train,1067,C=COc1cc(N)ccc1C(=O)O,5.01,5.1265593
train,1068,[NH3+]c1ccc(S(=O)(=O)C(F)(F)F)cc1,-0.01,0.09965992
train,1069,Oc1coccc1=[OH+],-1.28,-1.0481775
train,1070,C/C=C/C#CC(=O)O,2.66,2.7656534
train,1071,CCCCOc1ccc(OCCC[NH+]2CCOCC2)cc1,6.24,6.264063
train,1072,CCc1ccccc1C(=O)O,3.77,3.8455281
train,1073,COc1cc(N(C)C)nc[nH+]1,4.23,4.47754
train,1074,CN(c1cc[nH+]cc1)S(C)(=O)=O,5.14,5.2620745
train,1075,C[C@@H]1CN(Cc2ccccc2)c2c[nH+]ccc2[C@H](C)N1C(=O)NCc1ccccc1,6.2,6.4532356
train,1076,COc1ccc(/C=C2/SC(=S)NC2=O)cc1,5.8,5.662033
train,1077,Nc1ccc(O)c(N)c1O,9.3,9.239479
train,1078,Nc1nc(Cl)cc(Cl)n1,16.7,16.748652
train,1079,CC1(O)OC(C)(C)C(C)(C)O1,12.02,11.896881
train,1080,Cn1c2c[nH]c(=O)[n-]c-2nc1=O,12.0,11.726293
train,1081,CC(=O)c1ccc(N(O)C(C)=O)cc1,8.34,8.428793
train,1082,CN1C(=O)NC(O)c2nccnc21,11.43,11.336433
train,1083,Cc1cccc(N)c1-c1c(C)cccc1[NH3+],3.7,3.130345
train,1084,O=C1NC(=O)C2(CCC2)C(=O)N1,8.82,8.932224
train,1085,Cc1ccccc1[NH+](C)C,5.86,5.7356663
train,1086,O=C1SCC(O)=C1O,4.4,4.3252106
train,1087,Oc1cccnn1,10.46,10.331915
train,1088,CCOC(=O)C(C(C)O)[N+](=O)[O-],6.52,6.5227804
train,1089,O=C(O)c1cc(-c2ccccc2)on1,2.26,2.15237
train,1090,CCn1cc(C2(c3cccc(-c4cncnc4)c3)[NH+]=C(N)c3c(F)cccc32)cc(C)c1=O,7.7,7.933281
train,1091,c1cnc2nc[nH]c2c1,11.11,10.867556
train,1092,C[C@@]1(C(=O)[O-])C[C@@]1(C(=O)O)c1ccccc1,6.28,6.3665752
train,1093,CC1=NCCc2c1[nH]c1cc(O)ccc21,10.1,9.796186
train,1094,O=[N+]([O-])c1cc(Cl)ccc1O,6.46,6.207699
train,1095,Nc1nc(N)c2[nH+]c(-c3ccccc3)c(N)nc2n1,6.26,6.345872
train,1096,CC(=O)N[NH3+],3.24,3.2704496
train,1097,O=C(O)c1oc(C(=O)O)c(C(=O)O)c1C(=O)O,0.38,0.42422834
train,1098,c1ccc(C2[NH2+]CCS2)cc1,5.2,5.2067966
train,1099,Cc1nc(C(=O)O)cs1,3.9,3.842919
train,1100,O=CC1CCCC1C(=O)O,4.54,4.674903
train,1101,Cc1cc[nH]c(=[SH])[nH+]1,2.2,2.0511358
train,1102,CC1=NC2=C(CCCC2)C(=S)[NH2+]1,2.35,2.32413
train,1103,CNC(=O)c1cc(N[C@H]2c3ccccc3C[C@@H]2O)c2[nH+]c(C)c(C)n2c1,5.97,6.2089205
train,1104,O=c1[nH][nH]c(=O)c(=O)[nH]1,2.95,2.9580526
train,1105,C[NH+](C)c1ccccc1Cl,4.22,4.123328
train,1106,COc1cccc(-c2cccc(C3(C)[NH+]=C(N)CN3C(C)=O)c2)c1,6.5,6.5237722
train,1107,Cn1cc(C=O)[nH+]n1,-0.59,-0.5033812
train,1108,Nc1nc2c(c(N)[nH+]1)Sc1ccccc1N2,4.99,4.9366236
train,1109,CC(=O)C1CCc2cccc(O)c2C1=O,8.3,8.108749
train,1110,Cc1ccc([N+](=O)[O-])c(O)c1,7.25,7.15376
train,1111,O=C(O)C(F)=C(F)F,1.79,1.8365586
train,1112,CCCCCCCCC(=O)OO,8.23,8.134668
train,1113,O=C(O)/C=C/c1cccc(O)c1,4.4,4.4430428
train,1114,COc1cccc(CO)c1O,9.97,9.898571
train,1115,Nc1ncnc2nccnc12,14.0,13.837776
train,1116,O=c1ccc2cnc[nH]c-2c1,7.39,7.112899
train,1117,CSCC[NH3+],9.34,9.165628
train,1118,CCCC12CCC(=O)C=C1c1c(cc(OCC(=O)OC(C)(C)C(=O)O)c(Cl)c1Cl)C2,3.8,3.6039774
train,1119,O=[Se](=O)(O)O,0.0,0.061989218
train,1120,Cc1ccc(C#N)c(=O)[nH]1,9.09,8.89322
train,1121,CC[NH+](CC)c1ccc(C)cc1,7.18,7.3152857
train,1122,Cc1cccc(NC=S)c1,11.55,11.280468
train,1123,CC1=CC2=CC=C(C)[NH+]2C=C1,5.34,5.367895
train,1124,C[NH+]1C(=O)C=CC2=C1CS(=O)(=O)C2,-0.94,-0.69962263
train,1125,NC(=O)CC(=O)c1ccncc1,7.91,7.7578564
train,1126,C[NH2+]N,7.87,7.644931
train,1127,c1ccc(CSc2cccc[nH+]2)cc1,3.23,3.2214973
train,1128,Cn1cc([NH3+])ccc1=O,3.8,3.6880682
train,1129,O=C1C[C@@H](C(=O)O)[C@H](C(=O)O)C1,3.59,3.5781791
train,1130,O=C([O-])c1cc(=O)[nH]cn1,8.4,8.139656
train,1131,N#CCCC(=O)O,3.99,4.098076
train,1132,O=C1C=C(O)[C@H](Br)O1,2.23,2.110998
train,1133,Cc1cc(C)c(NC2=[NH+]CCN2)c(Cl)c1,9.59,9.435389
train,1134,Cc1cc(=O)[nH]c(C)[nH+]1,3.01,3.0102592
train,1135,O=C(O)c1cccc(OP(=O)(O)O)c1,0.85,0.8498026
train,1136,Fc1cc2[nH]cnc2c(F)c1F,10.7,10.55691
train,1137,CC(=O)CCCCC(=O)O,4.73,4.7452183
train,1138,Cc1[nH+]c2c3c(c(C(=O)N(C)C)cn2c1Br)CCC(c1ccccc1)O3,4.68,5.0748997
train,1139,[NH3+]C12CCN(CC1)CC2,10.14,9.938607
train,1140,Nc1ccc2c(N)c3ccccc3[nH+]c2c1,11.1,11.172964
train,1141,O=[N+]([O-])c1cc(O)c(O)c([N+](=O)[O-])c1,3.46,3.5599535
train,1142,CC(C)CC([NH3+])C(N)=O,7.92,7.954837
train,1143,[NH3+]CC(=O)NO,7.1,7.0347786
train,1144,CC1(c2cccc(-c3cncnc3)c2)[NH+]=C(N)CCS1,9.1,9.16728
train,1145,COCCCOc1cc(C[C@@H](C[C@H]([NH3+])[C@@H](O)CC(C(=O)NC[C@H]2CCC(=O)N2)C(C)C)C(C)C)ccc1OC,9.09,9.30131
train,1146,CC(=O)N[C@@H](Cc1cc(F)cc(F)c1)[C@H](O)C[NH2+]C1(c2cccc(C(C)(C)C)c2)CCC1,7.8,7.876463
train,1147,Cc1[nH+]c2c3c(c(C(=O)N(C)C)cc2n1C)CC[C@@H](c1ccccc1Cl)O3,5.45,5.49981
train,1148,Cc1ccccc1S,7.0,6.791828
train,1149,Oc1cccc2c1CCCC2,10.46,10.240307
train,1150,O=Cc1c2ccccc2c(O)c2ccccc12,6.0,6.0910597
train,1151,COC(=O)C1=C(C(=O)O)[C@@H]2CC[C@H]1C2,3.19,3.0896084
train,1152,CN(C)c1nc2ccccc2c[nH+]1,5.24,5.4964666
train,1153,Oc1ccc(Cl)c2ccc[nH+]c12,3.56,3.6027772
train,1154,Oc1cnccn1,8.23,8.11459
train,1155,Cn1c(=S)cn[nH]c1=S,7.37,7.426155
train,1156,Oc1nc(O)nc(O)n1,6.5,6.876481
train,1157,[NH3+]c1cc(Cl)ccc1Cl,1.57,1.5699501
train,1158,FC1(F)CC[NH2+]C1,7.5,7.457793
train,1159,Cc1ccc(OO)cc1,9.0,8.92351
train,1160,COc1ccc(C2(c3cccc(-c4cncnc4)c3)N=C(C)C(=[NH2+])N2)cc1,5.2,5.028207
train,1161,CC1=C(O)C(=O)CCC1,11.23,11.067219
train,1162,Oc1ccc2nccnc2[nH+]1,-1.2,-0.9400456
train,1163,ON=C(C(F)(F)F)C(F)(F)F,6.0,5.921898
train,1164,OC(CC[NH+]1CCCC1)(c1ccccc1)C1CCCCC1,8.8,8.621365
train,1165,CC(=O)NC(CS)C(N)=O,8.75,8.664249
train,1166,[H]/N=c1/c2n[nH]nc2ncn1C,9.12,8.906076
train,1167,NC(=O)C1C[NH+]2CCC1CC2,9.74,9.563793
train,1168,Cn1c(=O)c2[nH]c(=S)c([O-])nc2n(C)c1=O,8.38,7.9174213
train,1169,CC(C)C1NC(=S)NC1=O,8.7,8.624239
train,1170,O=Cc1cc(C(=O)O)cs1,3.61,3.6103919
train,1171,CC1=C[NH+](C)CC1C,9.6,9.580002
train,1172,O=C1NC(Cc2c[nH]cn2)C(=O)NC1CS,9.0,8.982176
train,1173,Cc1ccc(SCC(=O)O)cc1,3.5833333,3.5417178
train,1174,NC(=O)CCCc1cc[nH+]cc1,5.64,5.7234983
train,1175,Brc1cc(Br)c(NC2=[NH+]CCN2)c(Br)c1,7.46,7.3020277
train,1176,OC(c1c(F)c(F)c(F)c(F)c1F)(c1c(F)c(F)c(F)c(F)c1F)C(F)(F)F,9.2,9.180704
train,1177,OCc1ccc(O)cc1,9.78,9.743119
train,1178,CC1=CC=C(C)[NH+]1C,-0.05,-0.34174842
train,1179,Cc1[nH]c2cc(N)ccc2[nH+]1,6.77,6.708353
train,1180,C#CCN(CC#C)C(=O)[C@@]1(c2cccs2)C[C@H]1C[NH3+],9.3,9.231581
train,1181,C[NH2+]C1CCCCC1,11.04,10.937223
train,1182,O=C(O)c1ccn[nH]1,3.84,3.604431
train,1183,Nc1ccc2[nH]c(Cc3ccccc3)[nH+]c2c1,6.4,6.620099
train,1184,C1=[NH+]NCC1,4.62,4.5277147
train,1185,[H]/[NH+]=C(/c1ccccc1)c1ccccc1OC,7.29,7.3265886
train,1186,C[C@@]1(c2cccc(NC(=O)c3ccc(Cl)cn3)c2)COCC(=[NH2+])N1,9.6,9.622292
train,1187,C[NH+](C)C(C)(C)C=O,8.4,8.338741
train,1188,CNS(=O)(=O)Oc1cccc(Cl)c1,9.48,9.462423
train,1189,CCN(C)C(=O)Oc1cccc([C@H](C)[NH+](C)C)c1,8.99,8.894289
train,1190,N#CCC(C(=O)O)c1ccccc1,3.44,3.4151676
train,1191,Cc1cn2ccc[nH+]c2n1,5.1,5.0891876
train,1192,CO[C@H](C(=O)O)[C@@H](OC)C(=O)O,2.96,2.920942
train,1193,CCCc1ccc(C)[nH+]n1,4.25,4.3352165
train,1194,COc1cc(Cl)c(Cl)c(Cl)c1O,7.2,7.190956
train,1195,CCc1nc(=O)s[nH]1,6.89,6.9653854
train,1196,CC(C)c1ccc(P(=O)(O)O)cc1,2.13,2.2099636
train,1197,OCC(O)CO,14.4,14.143766
train,1198,Oc1c(Cl)c(Cl)c(Cl)c(Cl)c1Cl,4.6466665,4.6512003
train,1199,Oc1ncc2c(n1)NCCN2,12.5,12.358962
train,1200,ON=CC(F)(F)F,8.9,8.851083
train,1201,N=C(NC(=O)c1ccccc1)N[N+](=O)[O-],8.1,8.260322
train,1202,O=C(O)c1cccc2nccnc12,4.026,3.9043665
train,1203,C[Si](C)(C)OO,12.1,11.778486
train,1204,C[NH+]1C=CC2=CC(=O)C=CC2=C1,5.99,6.092389
train,1205,O=C(O)c1cccc(Br)c1,3.81,3.8211906
train,1206,CC[NH2+]C(C)C,11.03,10.902409
train,1207,Cn1ccc(=[NH2+])cc1,12.5,12.203398
train,1208,CNCC(O)c1ccc(O)c(O)c1,10.02,10.07366
train,1209,[NH3+]CCc1cnc[nH]1,9.2,9.119268
train,1210,COC(=O)C(C)[N+](=O)[O-],6.22,6.2160015
train,1211,Cc1cc[nH]c(=O)c1,12.23,11.851667
train,1212,[NH2+]=C1Nc2c(F)cc(Cl)cc2[C@H]2CCCC12,8.2,8.051027
train,1213,c1ccc2cc3[nH+]c[nH]c3cc2c1,5.16,5.263564
train,1214,OC(c1ccccc1)c1ccccc1,13.54,13.219913
train,1215,Nc1cc(=O)cc[nH]1,10.69,10.50432
train,1216,COc1c(O)c(Cl)c(Cl)c(Cl)c1Cl,6.19,6.2150517
train,1217,CCCCCC/C=N/O,11.6,11.42882
train,1218,C/C=C/C=C/C=C/C(=O)O,5.37,5.0253763
train,1219,Nc1[nH+]c2c(o1)CCCC2,5.78,5.7724295
train,1220,C[NH2+]CC(F)(F)F,6.0,5.8159456
train,1221,COc1cc(NS(C)(=O)=O)ccc1N=c1c2ccccc2[nH]c2ccc(C(N)=O)cc12,6.59,6.6093454
train,1222,CC[NH2+]c1ccccc1C,4.92,5.0766582
train,1223,Cc1[nH+]c2c(OCc3ccccc3)nccn2c1N,4.6,4.6394224
train,1224,N#CC12CC[NH+](CC1)CC2,8.23,8.11322
train,1225,CN(C)c1ncc2[nH]cnc2n1,10.24,10.183312
train,1226,CC(c1cc([N+](=O)[O-])cc([N+](=O)[O-])c1)[N+](=O)[O-],5.95,5.8897343
train,1227,COc1ncnc2[nH]cnc12,9.18,8.886063
train,1228,CCOC(=O)c1n[nH]n(C)c1=O,6.21,6.1676874
train,1229,CCSC(C)O,14.34,14.126164
train,1230,C[NH+](CCO)CCO,8.51,8.443991
train,1231,CCC(O)C[NH+](CC)CC(C)O,9.2,9.178602
train,1232,CN1CC(=O)NC1=N,9.2,8.930902
train,1233,COC(=O)c1cccc([NH3+])c1,3.58,3.4729648
train,1234,O=C(O)/C=C/C=C/C=C/C(=O)O,5.01,5.0287066
train,1235,[H]/[NH+]=C(\Nc1ccc(C)cc1)[NH+]=C(N)N,2.6,2.4475584
train,1236,COc1cc(O)c(C)cc1O,10.7,10.461495
train,1237,CSc1cc[nH+]nc1,3.25,3.3058012
train,1238,Oc1cccc2cncnc12,8.65,8.413253
train,1239,O=C(O)[C@@H]1C[C@H]1C(=O)O,3.725,3.8416073
train,1240,O=C1CSC(=O)N1,6.636667,6.578992
train,1241,O=P(O)(O)C(Cl)Cl,1.14,1.172924
train,1242,Cc1cc(O)nn1C,8.91,8.641228
train,1243,CN1[NH2+]C(=O)C=CC1=O,-1.32,-1.0995369
train,1244,c1ccc(-c2c[nH]cn2)[nH+]c1,5.492,5.618536
train,1245,Cc1cc(O)ccc1[N+](=O)[O-],7.65,7.4881344
train,1246,Nc1nc(=S)cc[nH]1,8.03,7.8388023
train,1247,Cc1cccc(C(=O)N(C)O)c1,8.52,8.505529
train,1248,C[NH+]1CCOCC1,7.41,7.3232117
train,1249,NCC(=O)O,4.3,4.3461065
train,1250,C1CC2CC1N[NH2+]2,7.94,7.9207926
train,1251,O=C(O)C[Se]CC(=O)O,3.38,3.3472865
train,1252,CC(=O)Nc1cccc(C(=O)O)c1,4.03,4.046233
train,1253,Nc1nc([O-])c2ncc(=S)nc-2[nH]1,9.4,9.167599
train,1254,CC(=O)N[C@@H](Cc1cc(F)cc(F)c1)[C@H](O)C[NH2+]C1(c2cccc(-n3cccn3)c2)CCCCC1,7.85,7.797641
train,1255,COc1ccc(C(=O)CC(=O)C(F)(F)F)cc1,6.94,6.9729557
train,1256,OCC[NH+]=c1c2ccccc2[nH]c2c1oc1ccccc12,8.2,8.047726
train,1257,Cc1ccc(S(=O)(=O)c2csc(S(N)(=O)=O)c2)cc1,8.95,9.193319
train,1258,CC(Cl)C[NH+](C)C,8.12,7.97099
train,1259,Cc1cccc(C(C)C)c1O,10.85,10.643764
train,1260,N#CC(=NO)C(=O)Nc1ccc(C(F)(F)F)cc1,4.87,4.8128214
train,1261,CONC(=O)Oc1ccc(C)cc1,9.3,9.441514
train,1262,CNCC(O)c1ccc(O)c(OC)c1,9.6,9.81538
train,1263,Oc1nc(O)c(O)c(O)n1,2.83,2.9314475
train,1264,C[NH+]1CCN([C@H](c2ccccc2)c2ccc(Br)cc2)CC1,7.97,8.161517
train,1265,CCOC(=O)[C@H]1C[C@@H]1C(=O)O,4.1,4.1323185
train,1266,O=C1CNNC(=O)N1,10.3,10.093555
train,1267,CCc1ccc(O)c(C(C)C)c1,10.82,10.578036
train,1268,O=c1[nH]cnc2nn[nH]c12,5.19,5.1018486
train,1269,O=C(NCO)c1cccc(Cl)c1,13.02,12.877266
train,1270,O=C(O)c1cc[nH]n1,3.79,3.70039
train,1271,N#CC(CC(=O)O)c1ccccc1,3.79,3.7813847
train,1272,Clc1cccc(-c2nn[nH]n2)c1,3.61,3.7931097
train,1273,CC(C#N)C(=O)O,2.37,2.4088192
train,1274,O=C(O)C(O)Cc1c[nH]c2ccccc12,4.06,3.9090028
train,1275,O=C(O)[C@H]1CC[C@@H](C(=O)O)CC1,4.44,4.557371
train,1276,C/C=C(\O)CC,11.7,11.522007
train,1277,Cc1cccc(C)c1P(=O)([O-])O,7.7,7.876582
train,1278,O=C(O)c1[nH]c(=O)[nH]c(=O)c1Br,2.38,2.3830984
train,1279,[NH3+][C@@H]1C[C@H]1c1ccccc1,8.27,8.17055
train,1280,COO,11.25,10.701649
train,1281,CC(C)CSCC[NH3+],8.73,8.474289
train,1282,C1CCC2[NH2+]CCCC2C1,10.9,10.678919
train,1283,Nc1n[nH]n[nH+]1,1.76,1.8815362
train,1284,Cc1cccc[nH+]1,5.96,5.9714003
train,1285,Nc1nc(=S)[nH]c(N)[nH+]1,3.6,3.659639
train,1286,N#Cc1cc(Cl)c(O)c(Cl)c1,4.275,4.1164513
train,1287,O=C(O)C(=O)Nc1ccccc1,2.18,2.1780782
train,1288,Sc1ncncc1Br,5.6,5.4481506
train,1289,Cc1[nH+]c2c3c(c(C(=O)N4CCCC4)cn2c1C)CCC(c1ccccc1)O3,6.73,6.847788
train,1290,O=C1CCC[C@H]2[C@H]3C[C@@H](CN12)[C@@H]1CCCC[NH+]1C3,9.4,9.408144
train,1291,Cn1c(=S)[nH]c2c[nH]c(=O)nc21,7.0,6.8502464
train,1292,O=S(=O)(NO)c1ccc(Br)cc1,9.08,9.087304
train,1293,O=C(c1ccc(C(F)(F)F)cc1)N1CCC(=Cc2ccc(C3=[NH+]CCO3)cc2)CC1,4.7,4.4754667
train,1294,c1ccc2c(c1)C1CC[NH+]2C1,7.1,7.1855526
train,1295,CNc1cc[nH+]cc1N,9.57,9.4844
train,1296,Cn1[nH+]nnc1N1CCCCC1,0.0,0.040311575
train,1297,O=c1[nH]nc(Br)c(=O)[nH]1,6.05,6.1277018
train,1298,O=C(c1ccc(C(F)(F)F)cc1)N(O)c1ccccc1,7.98,8.045456
train,1299,Oc1[nH+]c(Cl)cc2c1CCCC2,-0.28,-0.17668378
train,1300,C/C=[N+](\[O-])O,4.39,4.4169655
train,1301,S=c1[nH]cnc2nn[n-]c12,9.44,9.327081
train,1302,CCOCC[NH2+]c1ccc(C)cc1,4.6,4.391594
train,1303,SCCSCCS,9.09,9.049996
train,1304,C[NH+](C)CCCCc1ccc(C2(O)COC2)cc1,9.6,9.4969635
train,1305,CSc1ccc([NH3+])c(I)c1,2.45,2.3441238
train,1306,O=c1ccocc1O,7.99,7.9210415
train,1307,Oc1cccc2ccc[nH+]c12,4.91,4.96311
train,1308,CCC([NH3+])(CO)CO,8.8,8.834356
train,1309,CCC1C[NH2+]1,5.69,5.6406364
train,1310,O=C1C[C@@H](c2ccccc2)NC(=O)C1C(=O)Nc1ccc(C2CCCCC2)cc1,6.5,6.425106
train,1311,CC(=O)c1ccccc1O,10.253333,9.906343
train,1312,CC(C)(C(=O)O)C(C#N)c1ccccc1,3.95,3.9758108
train,1313,Cc1[nH+]c2c3c(c(C(=O)N4CC(F)(F)C4)cn2c1C)CCC1(CCc2ccccc21)O3,6.55,6.6378365
train,1314,CCCCCCCCCCCCCC[NH+](CC(C)O)CC(C)O,8.4,8.906356
train,1315,CC1=N[C@@](O)(C([NH3+])=O)c2ccccc2N1,7.57,7.6043043
train,1316,Cc1onc(-c2c(Cl)cccc2Cl)c1C(=O)NC1C(=O)N2C(C(=O)O)C(C)(C)S[C@H]12,2.8,2.7815707
train,1317,O=C(O)[C@@H]1CCCCO1,3.8,3.7922416
train,1318,C[C@]1(c2ccccc2)C(=O)NC(=O)[C@@H]1C#N,6.2,6.240485
train,1319,Oc1cc(Br)c2ccccc2c1,8.74,8.71265
train,1320,Oc1cccc2c1CCC2,10.2,10.076212
train,1321,C[NH+](C)C1(CCCc2ccc(C(C)(C)C)cc2)COC1,7.2,7.2162476
train,1322,CC1(C(F)F)[NH2+]CCc2c1oc1cc(S(=O)(=O)c3cccc(F)c3)ccc21,6.2,6.235548
train,1323,CSc1cccc(O)c1,9.42,9.302284
train,1324,C[NH+](C)c1ccc(/N=N/c2ccccc2)cc1,2.85,2.7871144
train,1325,CCC(=O)c1nc(C(=O)O)cs1,3.7,3.7322478
train,1326,c1ccc(-c2nc3ccccc3[nH]2)cc1,11.91,11.787556
train,1327,O=C1/C(=C/c2ccccc2)CN(C(=O)c2ccc(OCC[NH+]3CCOCC3)cc2)C/C1=C\c1ccccc1,8.5,8.798791
train,1328,CCCC(=O)OO,8.2,8.198076
train,1329,COc1ccc(C2(c3cccc(-c4cncnc4)c3)N=C(C(C)C)C(=[NH2+])N2)cc1,5.3,5.1952353
train,1330,[H]/N=c1/[nH+]c(C)ccn1C,11.05,10.769249
train,1331,O=C(Cc1ccccn1)c1ccccc1,13.27,13.3058605
train,1332,CC[NH+]1CCCCC1,10.45,10.324881
train,1333,CCn1nnnc1CC(=O)O,2.85,2.758558
train,1334,C[NH+](C)CC(Cl)CCl,7.5,7.431364
train,1335,CCCCCN[N+](=O)[O-],6.4,6.3706408
train,1336,CCCCS(=O)O,2.2,2.3295703
train,1337,O=C(O)/C=C/c1cccs1,4.25,4.29675
train,1338,N#CCCS,8.6,8.404226
train,1339,Brc1c[nH+]cc(Br)c1,0.82,0.94705236
train,1340,Cc1cccc(C)c1[NH3+],3.95,3.8466458
train,1341,Oc1cccc(Cl)[nH+]1,-0.18,-0.11069709
train,1342,Clc1cc(Br)cc(Cl)c1NC1=[NH+]CCN1,7.72,7.2922964
train,1343,CC(C)(C)CCC([NH3+])=O,-0.44,-0.5018788
train,1344,CCCC12CCC(=O)C(C)=C1c1c(cc(OCC(=O)O)c(Cl)c1Cl)C2,3.5,3.4645479
train,1345,ON=Cc1ccco1,10.835,10.555929
train,1346,C1CNCCC[NH2+]CCCNC1,12.2,12.149952
train,1347,O=C(O)[C@H]1CC=CC[C@H]1C(=O)O,3.89,4.0903816
train,1348,CC(C(=O)O)c1ccc(-c2ccccc2)c(F)c1,4.386667,4.405267
train,1349,N#Cc1ccc(O)c(C(=O)O)c1,2.38,2.259509
train,1350,Cc1ccc(S(=O)(=O)NC(=O)OCc2ccccc2)cc1,4.21,4.172636
train,1351,CCCCCOC(=O)c1ccc(OS(N)(=O)=O)cc1,8.47,8.292891
train,1352,O=C(S)c1ccccc1,2.48,2.3960414
train,1353,Cn1c(N)cc[nH+]c1=O,7.49,7.6096153
train,1354,O=C(Cc1ccc(Cl)c([N+](=O)[O-])c1)c1ccncc1,10.67,10.449426
train,1355,[NH3+]c1ccccc1Sc1ccccc1,2.5,2.5510385
train,1356,Cc1[nH+]c2c(CCc3ccccc3)nccn2c1N,5.1,5.0712986
train,1357,Nc1cc(N)c2ccc[nH+]c2c1O,6.96,6.8251038
train,1358,Cc1c(-c2ccc(=O)n(Cc3ccccc3)n2)c2cc(Cl)cc(F)c2n1CC(=O)O,3.86,3.8867302
train,1359,C[NH+]1C=CC(=S)C=C1,1.3,1.3928216
train,1360,Cc1nc(C)c2cccc(O)c2n1,9.41,9.229462
train,1361,O=C(c1ccc(F)cc1)c1ccc2n1CCC2C(=O)O,3.51,3.4378352
train,1362,CC1=CCC[NH+]1C,11.94,11.8929615
train,1363,Cc1cc(C)c(P(=O)([O-])O)c(C)c1,8.82,8.560282
train,1364,Cc1cccc(C)c1NC(=O)C[NH2+]CC(C)C,7.83,7.9395323
train,1365,[NH3+]CCCBr,8.93,8.735055
train,1366,Cc1ccc(NN=C(C#N)C#N)cc1,6.75,6.8062077
train,1367,O=C(O)/C=C/C(F)(F)F,3.36,3.5136034
train,1368,O=C(O)CCC1CCCCC1,4.89,4.8900003
train,1369,COc1ccc(-c2ccc(/C=C3/SC(=S)N(CC(=O)O)C3=O)o2)cc1,3.62,3.5529687
train,1370,O=C(O)[C@@H](Cl)[C@H](Cl)C(=O)O,1.68,1.7016401
train,1371,Cn1c(=O)[nH]c2ncn(C)c2c1=S,7.5,7.3496256
train,1372,N#Cc1ccc(N)[nH+]c1,3.41,3.4350226
train,1373,Nc1n[nH]c(N)n1,12.12,11.984384
train,1374,CCC1=[NH+]CCC1,7.91,7.6491632
train,1375,CSC1=Nc2nc(SC)nc(C)c2[NH2+]1,2.74,2.7668045
train,1376,Cn1cnc2[nH+]ccnc2c1=O,-0.47,-0.057333767
train,1377,CN(C)c1ccc(/C=N/O)cc1,11.38,11.224794
train,1378,CC=O,16.73,16.762037
train,1379,CCCCO,16.1,15.722532
train,1380,CO/C=C(/C)O,11.8,11.629026
train,1381,Cc1ccnc(NS(=O)(=O)c2ccc(N)cc2)n1,6.84,7.0044603
train,1382,N=C(NCc1ccccc1)N[N+](=O)[O-],12.0,11.933714
train,1383,CC[C@]1(c2ccccc2)CC(=O)NC1=O,8.76,8.544693
train,1384,CCCc1cccc[nH+]1,5.97,5.927887
train,1385,O=Cc1ccc(O)c(C(=O)O)c1,2.19,2.1750505
train,1386,Oc1ccc(/N=N/c2ccccc2)cc1O,7.5,7.3738194
train,1387,CC[NH+](CC)CCSC,9.62,9.617879
train,1388,C[C@@]1(C(=O)O)C[C@H]1C(=O)O,3.93,3.8604984
train,1389,CCOc1ccccc1[NH3+],4.51,4.360652
train,1390,COC(=O)c1ccc(O)cc1O,8.02,8.207778
train,1391,c1nc2c(ccc3c4c(c[nH+]c32)CCCC4)c2c1CCCC2,6.23,6.2062454
train,1392,Cc1noc(C2=CC(C)C[NH2+]C2)n1,8.17,8.189582
train,1393,SCn1ccnc1,9.5,9.283944
train,1394,Oc1cccc(F)c1O,9.05,8.707604
train,1395,C[NH+]1C(=O)C(Cl)=C(Cl)C(Cl)=C1Cl,-0.76,-0.45374048
train,1396,Cc1cccc(C(=O)O)c1O,3.1,3.043949
train,1397,COc1ccc(OC)c2c1[nH+]c(C)n2C,6.12,6.08304
train,1398,CC1=[NH+]C[C@H](O)CN1,11.4,11.123407
train,1399,[NH3+][C@@H]1CCC[C@@H]1O,9.7,9.3956585
train,1400,NC(=O)/C(=N\O)c1ccccc1,10.1,10.104414
train,1401,Cc1onc(-c2ccccc2)c1C(=O)NC1C(=O)N2C(C(=O)O)C(C)(C)S[C@H]12,2.8,2.767955
train,1402,O=C1C2C[C@H](C[NH+]3CCCC[C@@H]23)C2=CCCCN12,7.7,7.5380116
train,1403,Nc1ccc(S(=O)(=O)N=c2nccc[nH]2)cc1,6.442,6.4384365
train,1404,O=[N+]([O-])c1cccc(S(=O)(=O)NO)c1,8.6,8.583754
train,1405,COc1ccccc(=O)c1O,8.0,7.780756
train,1406,O=C(NCC1CCCC[NH2+]1)c1cc(OCC(F)(F)F)ccc1OCC(F)(F)F,9.295,9.406709
train,1407,Nc1cccc(O)c1,9.925,9.714586
train,1408,CN(C)c1ccc(/N=[NH+]/c2ccc(O)cc2)cc1,3.4,3.1637576
train,1409,O=C([O-])c1cc(O)cc(C(=O)O)n1,3.47,3.5063782
train,1410,O=c1cc(-c2ccccc2)c2ccccc2n1CC1C[NH2+]CCO1,8.1,8.039063
train,1411,Cn1c(=O)[nH]c2ncn(C)c2c1=O,8.6,8.4285965
train,1412,O=C(O)c1ccc(F)c(F)c1,3.8,3.7677214
train,1413,CS(=O)(=O)c1ccc(COc2cccc(NC(=O)C3CCN(c4cc[nH+]cc4)CC3)c2)cc1,9.1,9.302763
train,1414,CSC(=O)C1c2ccccc2-c2ccccc21,10.51,10.244278
train,1415,COc1cc(C)c(S(=O)(=O)NC(C)=O)cc1-c1ccc(C#CCO)s1,4.8,4.7953053
train,1416,N#Cc1ccc(OS(N)(=O)=O)cc1,7.45,7.4508047
train,1417,[NH2+]=c1cc[nH]cc1Br,7.15,7.037984
train,1418,Cn1nnc2nc[nH]c(=S)c21,7.11,7.1004
train,1419,CC(=O)N1CC[NH+](CCC[C@@]2(c3ccccc3)CC(c3cc(F)ccc3F)=NN2C(C)=O)CC1,6.7,6.724859
train,1420,O=C(O)[C@H](Br)[C@@H](Br)C(=O)O,1.48,1.6297538
train,1421,Cc1cccc([NH3+])c1C,4.7,4.7272043
train,1422,Nc1nc(N)c(Cl)c(N)[nH+]1,5.15,5.1190453
train,1423,Cc1ccc(/C=C/C(=O)O)cc1,4.56,4.5394096
train,1424,Cc1ccc(NC(=O)C[NH+]2CCCCC2)cc1,7.85,7.8030357
train,1425,O=C(O)Cc1ccc2ccccc2c1-c1ccccc1,7.2,7.1690283
train,1426,Cc1ccc(NS(=O)(=O)c2ccc(F)cc2)cc1,9.23,9.490464
train,1427,Cc1ccccc1C(OCC[NH+](C)C)c1ccccc1,8.4,8.426713
train,1428,S=c1cn[nH]c2ccccc12,7.13,6.8699446
train,1429,Cc1cccc2c([NH3+])ccc(C)c12,4.42,4.3287373
train,1430,NS(=O)(=O)c1ccc(Cl)cc1,9.825,9.780329
train,1431,COC(=O)c1[nH+]c2c(n(C)c1=O)N=C(N)N(C)C2,1.66,1.6786928
train,1432,[NH3+]Nc1ccc2ccccc2n1,7.82,8.0026245
train,1433,Nc1cnc2c[nH+]cnc2n1,2.21,2.1275241
train,1434,CC(=O)N[C@@H](Cc1cc(F)cc(F)c1)[C@H](O)[C@H]1CO[C@@H](OCC(C)(C)C)[C@H](C)[NH2+]1,6.9,6.9852533
train,1435,Cc1cc(C(=O)O)[nH]n1,3.89,3.7403703
train,1436,COc1cc(NS(C)(=O)=O)ccc1N=c1c2ccccc2[nH]c2ccc(F)cc12,6.71,6.9067993
train,1437,Oc1c(Cl)cc(Cl)c2cccnc12,7.62,7.5332365
train,1438,Cc1cnc2c(ccc3ccc[nH+]c32)c1C,5.6,5.5517826
train,1439,Oc1cc(Cl)ccc1Oc1ccc(Cl)cc1Cl,8.05,8.07592
train,1440,O=C([O-])c1c(C(=O)O)c(C(=O)O)c(C(=O)O)c(C(=O)O)c1C(=O)O,2.21,2.2672896
train,1441,Oc1nc(Cl)nc(Cl)n1,4.0,3.921933
train,1442,Clc1ccnc2c1ccc1c(Cl)cc[nH+]c12,3.03,3.1492112
train,1443,C1[C@H]2[C@@H]3[C@H]4[C@@H]5[C@H]([C@@H]24)[NH+]1[C@@H]53,9.7,9.678291
train,1444,O=c1[nH]nc(SCc2ccccc2)[nH]1,6.94,6.961176
train,1445,COc1cccc(C=O)c1O,7.895,7.8079033
train,1446,O=C(O)CC(O)c1ccccc1,4.4,4.539979
train,1447,O=C(O)C(O)(c1ccccc1)c1ccccc1,3.05,2.938815
train,1448,Nc1cc(N)c2ccccc2c1O,10.18,9.965651
train,1449,O=C(NO)c1ccccn1,8.29,8.3266735
train,1450,CCCCC[NH2+]N,6.25,6.283572
train,1451,CC(C(=O)O)c1ccc(C(=O)c2cccs2)cc1,4.0,4.055933
train,1452,CC(=O)N(O)c1ccc(C)cc1,8.81,8.808515
train,1453,O=C(O)C1C[C@@H]1Br,4.09,4.2087035
train,1454,Oc1ccccc1-c1ccccn1,10.64,10.268608
train,1455,CSc1cc[nH+]c(N)n1,4.75,4.722151
train,1456,O=P(O)(Oc1ccc(Cl)cc1)Oc1ccc(Cl)cc1,-0.12,-0.13674784
train,1457,O=C1CCCC(=O)N1,11.43,11.120853
train,1458,Oc1ccccc1Br,8.385,8.267443
train,1459,CCOC(=O)c1c[nH+]cn1[C@H](C)c1ccccc1,4.5,4.4625063
train,1460,Cc1[nH+]c2cccc([NH3+])c2n1C,2.35,2.5104458
train,1461,OC(O)C(Cl)(Cl)Cl,9.85,9.651537
train,1462,c1ccc(C(C2=[NH+]CCN2)c2ccccc2)cc1,9.78,9.818374
train,1463,[NH3+]NC(=O)c1ccc[nH+]c1,1.86,1.8659737
train,1464,COc1cc(C)ccc1NC1=[NH+]CCN1,10.6,10.471675
train,1465,C[NH+]=C1CCCCC1,9.43,9.49725
train,1466,Cc1nnc(S(=O)(=O)NCc2ccccc2)s1,8.65,8.5566435
train,1467,O=c1[nH]cnc2nncnc12,6.59,6.558359
train,1468,Cc1cccc2c[nH+]c3ccccc3c12,4.6,4.3611274
train,1469,CC(=O)Oc1ccccc1C(=O)O,3.5275,3.5940254
train,1470,O=c1[nH]c2ccc(F)c(Cl)c2cc1O,7.33,7.251503
train,1471,COc1c(C)cccc1C(=O)N[C@@H]1C[C@H]2CC[C@@H](C1)[NH+]2Cc1ccccc1,8.92,9.060993
train,1472,C=C(O)c1ccccc1,10.32,9.896177
train,1473,Fc1ccc2c(Cl)cc[nH+]c2c1,3.04,3.0272362
train,1474,NS(=O)(=O)CCc1ccccc1,10.04,9.899387
train,1475,CC(C)(C)[C@]1(O)CC[NH+]2C[C@H]3c4ccccc4CCc4cccc(c43)[C@@H]2C1,7.15,7.024557
train,1476,CNc1cc(Cl)[nH+]c(N)n1,3.88,3.9574335
train,1477,O=C(O)[C@@H]1[C@H](C(=O)O)[C@@H]2C=C[C@H]1CC2,4.66,4.581249
train,1478,CC(C)[NH+]1CCC(Oc2ccc3nc(C(=O)N4CCC4)ccc3c2)CC1,9.5,9.556511
train,1479,O=C(O)c1cc(O)ccc1O,2.975,2.6722739
train,1480,CNC(=O)c1ccc2c(c1)[C@@H]([NH2+]C)CCC2c1ccc(Cl)c(Cl)c1,8.8,8.541992
train,1481,CC(C)[NH+]1CCC(Oc2ccc3[nH]c(C(=O)N4CCCCCC4)cc3c2)CC1,9.7,9.676286
train,1482,Oc1cccc2cc(O[C@@H]3OC[C@@H](O)[C@H](O)[C@H]3O)ccc12,9.17,9.395864
train,1483,Nc1ccc(S(=O)(=O)c2ccc(C(=O)O)cc2)cc1,3.6,3.5272195
train,1484,CC(=O)Nc1ccc2c(c1)C(c1ccccc1)=NCC(=O)N2,12.4,12.458863
train,1485,Nc1[nH+]c(O)[nH]c2ncnc1-2,4.5,4.635309
train,1486,O=C(Nc1cc(Cl)ccc1O)Oc1ccccc1,10.0,9.97073
train,1487,O=C(O)c1ccnnc1,2.8,2.972537
train,1488,COC(=O)c1cccc(C(=O)O)n1,2.65,2.6364095
train,1489,CCCS(=O)(=O)CC(=O)O,2.51,2.5730674
train,1490,O=C(O)C#Cc1ccccc1[N+](=O)[O-],1.97,2.0052896
train,1491,C=C(O)OC(=C)c1cccc(Cl)c1,9.3,9.283905
train,1492,C=CCC(C)(C[NH+](CC)CC)OC(=O)CCC,8.5,8.492652
train,1493,O=C(O)[C@]1(Cl)C[C@]1(C(=O)O)c1ccccc1,3.61,3.6318676
train,1494,O=C(O)C1=CC=CC[C@H]1C(=O)O,4.08,4.065939
train,1495,Cc1nc2nc(N)[nH]c(=O)c2nc1C,8.6,8.401581
train,1496,CCCCCCC(=O)O,4.88,4.8411846
train,1497,C=C(OC)C(=O)O,3.38,3.3466933
train,1498,Cn1c(=O)[nH]c2ccccc2c1=O,10.6,10.439434
train,1499,CN1CC[NH+](C)CC[NH+](C)CC1,5.2,5.13756
train,1500,C/C(O)=C/c1ccccc1,11.8,11.548582
train,1501,c1cc2c(cc1C[NH+]1CCC1)OCO2,9.5,9.5028925
train,1502,CC1=CC(=Nc2cc(Cl)c(O)c(Cl)c2)C=C(C)C1=O,5.9,5.757764
train,1503,C[C@H]1C=C(C(=O)O)N(O)C1(C)C,2.85,2.768103
train,1504,NC(=O)CCCc1ccc[nH+]c1,5.33,5.397608
train,1505,c1ncc2cn[nH]c2n1,9.54,9.418706
train,1506,CC[NH+](CC)CCC[C@@H](C)[C@H]1CC[C@H]2[C@@H]3CC[C@@H]4C[C@H](O)CC[C@]4(C)[C@H]3C[C@H](O)[C@]12C,10.34,10.337178
train,1507,CC(C)P(=O)([O-])O,8.7,8.537266
train,1508,O=C(O)C12CC(F)(C1)C2,3.29,3.383185
train,1509,CCCCCCC(C)(C)c1cc(O)c2c(c1)OC(C)(C)C1CCC(=O)CC21,10.6,10.728802
train,1510,CC(=O)Nc1cccc2c1C(=O)NC2=O,9.53,9.374009
train,1511,C[NH+]1CCN(C2=Nc3cc(Cl)ccc3Nc3ccccc32)CC1,7.6,7.57817
train,1512,CC(=O)/C=C(\C)CC(C)=O,11.18,10.931496
train,1513,Cc1c[n+]([O-])ccc1NO,10.0,10.044855
train,1514,CCCC[NH2+]CCCC,11.29,11.252913
train,1515,O=C1NC(=O)C(c2ccccc2)(c2ccccc2)N1,8.31,8.423651
train,1516,CC(CNc1ccccc1)C(=O)O,4.44,4.987005
train,1517,Cc1cc(-c2ccccc2)nn2cc(C[NH+]3CCOCC3)nc12,6.3,6.353009
train,1518,[NH3+]CC(O)CO,9.3,9.207635
train,1519,O=C(O)C(=O)c1ccccc1C(=O)O,1.49,1.3850973
train,1520,CC[NH+]1CCOCC1,7.67,7.650798
train,1521,CNc1[nH+]cnc2scnc12,2.81,2.8940399
train,1522,NC(=O)c1[nH+]cnc2ccccc12,0.5,0.6351745
train,1523,COc1ccccc1NC(=O)c1cn(-c2ccccc2)c(O)c1O,6.19,6.118947
train,1524,CC[NH+](CC)CC(=O)Nc1c(C)cc(C)cc1C,7.9,8.003077
train,1525,O=C(O)Cc1ccccc1Nc1ccccc1,4.1,4.272051
train,1526,O=C(O)c1cccc(S)c1,3.96,4.054019
train,1527,[NH3+]c1ccc2c(c1)-c1ccccc1C2,4.82,4.829921
train,1528,C/N=c1\[nH+]cn(C)c2nc(C)c(C)nc12,11.39,11.333239
train,1529,O=c1ccc([O-])ccc1O,10.1,9.834135
train,1530,CSc1nc2c[nH+]c(C)nc2n1C,3.78,3.6722052
train,1531,CC1=CC(O)=CC(=O)C1=O,4.04,4.072489
train,1532,C[NH2+]c1ccccc1SC,3.71,3.5080073
train,1533,C/C(Br)=C/C(=O)O,3.98,3.983964
train,1534,Cc1cccc(O)c1C(C)C,11.23,10.792613
train,1535,O=C([O-])C1=C(C(=O)O)CC1,7.63,7.7834473
train,1536,N#CC(C#N)=NNc1ccccc1,6.55,6.7200947
train,1537,C[NH+](C)c1cccc(Br)c1,3.81,3.8058226
train,1538,Oc1cc(O)ncn1,5.4,5.445549
train,1539,CC(=O)NS(=O)(=O)c1ccc(Br)cc1,4.52,4.2683516
train,1540,C[C@@H]1N2CCC[NH+]1Cc1ccccc12,7.5,7.3164186
train,1541,O=C(O)CCc1ccc(F)cc1,4.55,4.554105
train,1542,O=C([O-])c1cc(=O)[nH]c(=O)[nH]1,9.45,9.420094
train,1543,O=P(O)(O)CI,1.3,1.3785977
train,1544,N#CCc1ccc(C(=O)O)cc1,4.065,4.039509
train,1545,NC(=O)c1c[nH+]ccn1,-0.5,-0.20167136
train,1546,C[C@H]([NH3+])[C@H](O)c1ccccc1,9.44,9.237378
train,1547,Clc1ccc(Cl)c(N=P(N2CCCC2)(N2CCCC2)[NH+]2CCCC2)c1,9.21,9.114685
train,1548,Sc1c[nH+]c2ccccc2c1,2.33,2.3344107
train,1549,Cc1cc(=O)n(O)c([O-])c1C,10.35,10.016741
train,1550,Cn1[nH+]cc(=O)c2ccccc21,-0.29,-0.032806396
train,1551,CC(C)(C)c1cccc(O)c1,10.1,9.980824
train,1552,Nc1ccc(S(=O)(=O)NCCO)cc1,10.92,10.881125
train,1553,Cc1[nH+]c2c(O[C@H]3c4ccccc4C[C@@H]3O)cc(C(=O)N(C)C)cn2c1C,6.21,6.318346
train,1554,Nc1ccccc1C(=O)NO,9.0,8.980408
train,1555,Cc1cnc2c(c1)c(C)c(C)c1cc(C)c[nH+]c12,5.54,5.637762
train,1556,Cc1ccc2[nH+]c(C)ccc2c1,5.46,5.160904
train,1557,O=C(O)c1cccc2[nH]cnc12,5.2,4.9935675
train,1558,Cc1cc(=O)[nH]c[nH+]1,2.06,2.2714665
train,1559,CCc1cc[nH+]c2c1ccc1cccnc12,5.44,5.360689
train,1560,O=C(O)c1c[nH]cn1,6.26,6.256665
train,1561,OCc1ccc(S)cc1,6.4,6.3764124
train,1562,CC(C#N)CC(=O)O,3.95,3.90725
train,1563,[NH3+]CCc1ccccc1,9.485,9.617451
train,1564,CC[C@@]12CCC[NH+]3CC[C@]4(c5cccc(OC)c5N[C@@H]4CC1)[C@H]32,8.48,8.581266
train,1565,CN(C)c1ccc(C(=O)O)cc1,4.965,4.882702
train,1566,COc1ccccc1/C=C\C=N\O,11.35,11.318191
train,1567,C[n+]1c(N[NH3+])ccc2ccccc21,2.66,2.6201527
train,1568,O=[N+]([O-])c1ccc(S(=O)(=O)Nc2ccccc2)cc1,7.42,7.2536154
train,1569,c1c[nH+]cc(-c2ccncc2)c1,4.85,4.6044893
train,1570,CCN(CC)C(=O)C1=CC2c3cccc4[nH]cc(c34)CC2[NH+](C)C1,7.8,7.7396307
train,1571,C1=NCc2[nH+]ccnc2N1,6.36,6.4577103
train,1572,O=C(O)F,0.54,0.6253157
train,1573,CC1=CC(=O)[NH2+]N1C,2.6,2.736694
train,1574,Oc1ccccc1C1CCCC1,10.58,10.420872
train,1575,[NH3+]Nc1cccc(Br)c1,4.84,4.7406397
train,1576,NNC(=O)/C=C\C(=O)NN,5.67,5.412277
train,1577,NC(=O)[C@@H]1C[NH+]2CCC1CC2,9.82,9.55677
train,1578,CC(=O)Nc1ncc2ncc[nH+]c2n1,2.63,2.7203205
train,1579,CC(=O)N(C)c1ccccc1S,5.6,5.503663
train,1580,C[NH+](c1ccccc1)C1CCCCC1,6.35,6.507945
train,1581,O=C(O)c1c(Br)ccc(O)c1Cl,1.66,1.9760513
train,1582,c1cnc2[nH+]cccc2c1,3.36,3.3971877
train,1583,N#Cc1cccc(C#N)c1O,4.0,4.027693
train,1584,CC(=O)C1=C(C(=O)O)CCCC1,4.4,4.5917377
train,1585,Nc1nc(N)c(NC=O)c[nH+]1,6.03,6.2141695
train,1586,CCN(Cc1cc(C(F)(F)F)ccc1-c1cc(CC(=O)O)n2cccnc12)C(=O)C1CC1,3.7,3.3886573
train,1587,COc1cc([N+](=O)[O-])c([N+](=O)[O-])c(C(=O)O)c1OC,1.35,1.4657174
train,1588,CN(C)C(=O)N1N=C(c2cc(F)ccc2F)C[C@@]1(CCC[NH3+])c1ccccc1,10.3,10.488744
train,1589,CC1=Nc2ccc(Cl)cc2S(=O)(=O)N1,8.5,8.6028805
train,1590,O=C(O)CCc1cccc(F)c1,4.59,4.524708
train,1591,O=C(O)CCc1ccc([N+](=O)[O-])cc1,4.47,4.4462166
train,1592,[O-][n+]1ccc(O)cc1,5.83,5.834181
train,1593,CN1CCCC2CC[NH+]=C21,11.5,11.262764
train,1594,O=C(O)/C(=N\O)c1ccccc1,2.82,2.6741953
train,1595,COc1ccc(C(C#N)[NH+]2CCCCC2)cc1OC,4.0,3.9382582
train,1596,NC(=O)N[NH3+],3.53,3.537515
train,1597,[H]/N=c1/c(N)c(N)[nH+]cn1C,12.11,11.882085
train,1598,Cc1cc(O)c(Cl)cc1C,8.75,8.802256
train,1599,CCCCCC(=O)N=C1C(=O)N2C(C(=O)O)C(C)(C)S[C@@H]12,2.84,2.7308805
train,1600,C=CC#CCC(=O)O,3.39,3.457042
train,1601,Cc1ccc(C[NH3+])c[nH+]1,2.9,2.7900698
train,1602,COC(=O)CC1C(=C(C)C)C[NH2+]C1C(=O)O,9.52,9.671955
train,1603,COc1ccc(S)cc1,6.78,6.779127
train,1604,Nc1ccc2cc3cc(C(=O)O)ccc3nc2c1,8.0,8.225158
train,1605,C#CCCCC(=O)O,4.59,4.590271
train,1606,COc1cccc([Se]CC(=O)O)c1,3.73,3.710961
train,1607,O=C(O)CF,2.72,2.6865046
train,1608,O=C(O)c1ccccc1C(=O)O,2.95,2.974716
train,1609,c1ccc2c(CC3=[NH+]CCN3)cccc2c1,10.35,10.270571
train,1610,C[C@@]1(c2ccc3ccccc3c2)C(=O)NC(=O)[C@H]1C#N,6.25,6.328327
train,1611,COc1cc(/C=C2\CCCN3C2=NO[C@@]3(CO)c2ccc(F)cc2)ccc1-n1c[nH+]c(C)c1,5.8,5.959506
train,1612,Nc1ccc(S([NH3+])(=O)=O)cc1,2.36,2.1354327
train,1613,CC(C)(N)C(=O)O,10.205,10.564826
train,1614,NNC(=O)c1ccccn1,12.26,11.955864
train,1615,CCN(CC)c1cccc[nH+]1,7.32,7.437524
train,1616,c1ccc2c(c1)[NH2+]CC[NH2+]2,2.11,2.2743165
train,1617,Nc1ccc(N)[nH+]c1,6.48,6.268344
train,1618,CCC[NH+]1CCN(c2ccc(C)cc2)CC1,7.92,7.9108143
train,1619,COC(=O)c1cc(Cl)cc(C(=O)O)c1,3.53,3.4201021
train,1620,CCc1cc2c(O)cccc2s1,9.32,9.387643
train,1621,Cc1ccc(Br)c(O)c(=O)c1,6.3,6.1600494
train,1622,Nc1cccc([N+](=O)[O-])c1O,7.14,7.0199146
train,1623,O=C(O)[C@@H]1C2CCC(CC2)[C@H]1C(=O)O,4.09,4.178652
train,1624,CC(=O)Nc1ccc([N+](=O)[O-])c(O)c1,6.71,6.6181984
train,1625,O=C(Cc1ccc(C(F)(F)F)cc1)c1cccnc1,12.32,12.028233
train,1626,Cc1ccc(Cl)c(C(=O)O)c1,3.12,3.075653
train,1627,O=C([O-])CCS,10.84,10.679533
train,1628,O=C(NO)c1ccccc1F,8.0,8.000575
train,1629,ON=Cc1ccc(Sc2cc(F)cc(C3CCOCC3)c2)cc1,10.7,10.853128
train,1630,O=C([O-])c1cccc(C(=O)[O-])c1C(=O)O,5.87,5.816246
train,1631,Cn1nnc2[nH]cnc(=O)c21,8.17,8.183276
train,1632,CNS(=O)(=O)Oc1ccc(Cl)cc1,9.8,9.720457
train,1633,COc1nc[nH+]cc1Br,1.35,1.3943987
train,1634,COc1cccc(C(=O)O)c1C,3.72,3.7535036
train,1635,CCNc1ccc([N+](=O)[O-])c2nonc12,10.75,10.71063
train,1636,CC([NH3+])CCc1ccccc1,9.78,9.975983
train,1637,O=COO,7.1,7.0150366
train,1638,O=c1cc(-c2ccccc2)oc2cc(O)ccc12,7.39,7.6141405
train,1639,N#Cc1ccc(C(=O)Nc2ccc(F)c([C@]3(C(F)F)CCOC(=[NH2+])N3)c2)nc1,7.3,7.3069935
train,1640,Cc1ccc(C)c(C(=O)[O-])c1O,12.32,12.205505
train,1641,C=C(C)c1cccc(=O)c(O)c1,7.07,6.9481354
train,1642,O=C(O)c1ccc2nccnc2c1,3.64,3.719362
train,1643,CC(O)=C(Cl)Cl,6.2,6.0927534
train,1644,COc1ccc(CCC(=O)O)cc1,4.69,4.7586336
train,1645,COCCS,9.55,9.3204
train,1646,Cc1[nH+]cnc2ccccc12,2.8,2.6935008
train,1647,Cc1cnc2c(O)cccc2c1C,10.05,9.784042
train,1648,CC(C(O)c1ccccc1)[NH+](C)C,9.3,9.29094
train,1649,Oc1c(F)cc(F)c(F)c1F,5.56,5.590472
train,1650,CCCC(C(=O)O)C(=O)O,2.985,2.9571264
train,1651,C/C(=N\O)C(=O)c1ccccc1,9.25,9.120917
train,1652,CCOC(=O)c1c(O)nnn1C,5.54,5.5552063
train,1653,On1nnc2ccccc21,4.3,4.3910255
train,1654,CSc1nc2c[nH+]c(Cl)cc2[nH]1,1.35,1.612226
train,1655,O=[Se](O)O,2.6,2.7273126
train,1656,O=C(O)CN(CC(=O)O)c1ccc(F)cc1,2.43,2.4403334
train,1657,Cc1n[nH]c(O)n1,9.61,9.604424
train,1658,Nc1nc2nc(-c3ccccc3)c(-c3ccccc3)nc2c(=O)[nH]1,8.6,8.610095
train,1659,Cc1ccc(NC(=O)C[NH+]2CCCCC2)c(C)c1,7.8,7.768589
train,1660,c1ccc(-c2ccco2)[nH+]c1,4.15,4.0116196
train,1661,C=CCNC(=O)NS(=O)(=O)c1ccc(Cl)cc1,4.23,4.2938213
train,1662,CCC(C)(O)C(C(=O)O)c1ccc(-c2ccccc2)cc1,3.41,3.4275053
train,1663,NC(=O)[C@H]1C(=O)NC(=O)C1(c1ccccc1)c1ccccc1,7.44,7.555726
train,1664,C1=NC(c2cccc[nH+]2)=C[NH2+]1,1.33,1.411835
train,1665,O=C(Cc1ccc[nH+]c1)c1ccccc1,6.5,6.7901974
train,1666,Cc1cc(C)c2cccc(O)c2[nH+]1,6.2,6.2723
train,1667,[NH3+]c1cc(I)c2ccccc2c1,3.41,3.2897832
train,1668,CSc1nc(C)c2c(n1)N=C(C)[NH2+]2,3.04,3.093731
train,1669,O=C(O)C1C[C@@H]1c1ccc(Cl)cc1,4.53,4.580654
train,1670,O=C1CC[C@H]2N1CC[C@H]1c3ccccc3CC[NH+]12,4.89,4.6584826
train,1671,C1CCC2C[NH2+]CCC2C1,10.95,10.87738
train,1672,Oc1c(Cl)cc(Br)cc1Cl,6.24,6.1254005
train,1673,Cc1cc(O)[nH+]c2c1CCO2,1.95,1.9885718
train,1674,Cc1nc(C(=O)O)c(C(=O)O)[nH]1,4.25,4.204178
train,1675,COc1ccc(-c2c[nH+]cn2-c2cc(OC)c(OC)c(OC)c2)cc1,6.82,7.04072
train,1676,C[NH2+]CC[C@H](Oc1cccc2ccccc12)c1cccs1,9.97,9.949095
train,1677,Oc1nc(O)c2[nH]cnc2n1,7.44,7.375634
train,1678,C[C@H]1CCC=C(O)C1=O,11.23,11.129141
train,1679,[H]/[NH+]=C(\N)N=C(N)N,13.3,13.064032
train,1680,Nc1nc(-c2ccccc2)cc(-c2ccccc2)[nH+]1,3.78,3.7884905
train,1681,OB(O)O,9.21,9.243443
train,1682,c1ccc(-c2cccs2)[nH+]c1,3.79,3.7622974
train,1683,CN(C)c1noc(C2=CCC[NH2+]C2)n1,8.58,8.502504
train,1684,CCc1ccccc1P(=O)(O)O,2.11,2.2319276
train,1685,Cc1cc(C#N)cc(C)c1O,8.25,8.050902
train,1686,[NH3+]CCOCCO,9.43,9.256504
train,1687,Nc1ccc(S(=O)(=O)Nc2ncc[nH]2)cc1,9.72,9.859411
train,1688,[NH3+][C@H]1C[C@@H]1c1ccccc1,8.5,8.239541
train,1689,CC(O)=NO,9.07,8.818933
train,1690,COc1cc[nH+]c(C)n1,3.98,3.999671
train,1691,[NH3+]Nc1cccc2cccnc12,5.27,4.9013414
train,1692,COc1cccc2c1c(=NS(=O)(=O)c1ccc(C)c(F)c1)[nH]n2Cc1cccc(CNC(=O)C(C)(C)O)c1,7.26,7.2291155
train,1693,C[NH+](C)c1ccc(N=O)cc1,4.54,4.587449
train,1694,SCCS,8.96,8.818907
train,1695,ON=C1CCCCC1=NO,10.68,10.76645
train,1696,NCCC[NH3+],10.47,10.230877
train,1697,C=C(C)C(=O)NCC[NH+](CC)CC,9.37,9.318913
train,1698,Cn1cc(-c2noc(C[NH3+])n2)c2ccccc21,6.4,6.1834936
train,1699,C[NH+]1CCC1,10.4,10.025621
train,1700,COc1cc2[nH]c(N(C)CCCNC(=O)C3CCCO3)[nH+]c(=N)c2cc1OC,8.1,8.253534
train,1701,O=C(O)CC(C(=O)O)c1ccc([N+](=O)[O-])cc1,3.51,3.5884712
train,1702,O=C(O)c1ccnc(C(=O)O)c1,2.17,2.0748205
train,1703,CCn1ccc[nH+]1,2.0,2.1031542
train,1704,CSCC[C@H](NC(=O)/C(C)=N/O)C(=O)O,3.21,3.305753
train,1705,Cc1[nH+]c2c3c(c(C(=O)N(C)C)cc2n1C)CC[C@@H](c1ccc(Cl)cc1Cl)O3,5.36,5.345229
train,1706,Cc1cnc2c(n1)N=CNC2O,11.76,11.795983
train,1707,Oc1ncnc2c1NCC=N2,10.29,10.26082
train,1708,CC(=O)CC1=C(O)C(=O)c2ccccc2C1=O,4.12,3.8415644
train,1709,O=C(Cc1c[nH]c2ccccc12)NO,9.5,9.321405
train,1710,Nc1ccnc2c(O)cccc12,10.71,10.463464
train,1711,Cc1ccc(N)[nH+]c1,7.22,7.1375284
train,1712,C=C(C)C(=O)OCC[NH+](C(C)C)C(C)C,8.77,8.804837
train,1713,CC(C)(C)C12CC[NH+](CC1)CC2,11.27,11.268702
train,1714,OC(CS)CS,9.04,9.015703
train,1715,Oc1ccc(S)cc1,6.85,6.79113
train,1716,Cn1c[nH+]c2cccc(N)c21,5.79,5.616894
train,1717,O=C(O)c1cc(O)cc(C(=O)O)c1,3.52,3.6214454
train,1718,COc1ccc(C)c(C(=O)O)c1,3.84,3.8667195
train,1719,c1c[nH+]c2ccncc2c1,3.76,3.8022187
train,1720,Nc1nc(N)c2[nH+]c(CO)cnc2n1,5.02,5.2239246
train,1721,Cc1c[nH]c(N2CCc3ccccc3C2)cc1=[NH2+],8.7,8.52226
train,1722,Oc1ccc(Cl)c2ccccc12,8.64,8.414518
train,1723,COc1ccccc1CCC(=O)O,4.8,4.7433443
train,1724,Nc1[nH]c2cc3c(cc2[nH+]1)CCCC3,7.64,7.6091824
train,1725,Cc1nc2nc(N)[nH]c(=O)c2[nH+]c1C(=O)O,1.39,1.6080334
train,1726,O=C1C=C(O)C[C@H](c2ccccc2)C1,4.74,4.789324
train,1727,O=P(O)(O)CP(=O)(O)O,2.0,2.0355961
train,1728,O=C(O)/C=C/c1ccc([N+](=O)[O-])cc1,4.05,3.8773828
train,1729,O=C(O)/C=C(\Cl)C(=O)O,1.7,1.8005016
train,1730,CC(C)COCC(CN(Cc1ccccc1)c1ccccc1)[NH+]1CCCC1,9.3,9.522772
train,1731,CCOC(=O)C(Cl)[N+](=O)[O-],4.16,4.099673
train,1732,[4H]c1c([4H])c([4H])c(C(=O)O)c([4H])c1[4H],4.18,4.099246
train,1733,O=C(O)Cn1nnnc1-c1ccccc1,2.11,2.1937127
train,1734,O=[N+]([O-])C1C=Cc2ccccc21,2.0,1.662812
train,1735,CCC(O)C(C(=O)O)c1ccc(-c2ccccc2)cc1,4.16,4.113627
train,1736,c1cnc2c[nH+]cnc2c1,1.36,1.3340113
train,1737,CC(C)c1[nH+]nc2ccc(-c3ocnc3-c3ccc(F)cc3)cn12,2.86,2.6745584
train,1738,COC(=O)Cc1csc(=[NH2+])n1C,9.77,9.845493
train,1739,CSc1ncc2nc[nH]c2n1,8.93,8.992285
train,1740,Cc1noc(C=NO)n1,8.105,8.096731
train,1741,COC(=O)C1=CCC[NH+](C)C1,7.64,7.566283
train,1742,O/N=C/c1cc(Cl)ccc1Cl,10.27,10.158201
train,1743,Cc1[nH+]coc1C,2.05,2.122895
train,1744,Cc1nc(O)c2nccnc2n1,8.54,8.5350685
train,1745,O=C(O)c1ccc2nc3ccccc3cc2c1,5.0,4.8540564
train,1746,CNc1ccc(=S)[nH]n1,9.46,9.4007
train,1747,CCCCCCCC[NH2+]CC(F)(F)F,5.9,5.775012
train,1748,C[C@H](c1ccccc1)N(CC(=O)O)S(=O)(=O)c1ccc(OC(F)F)cc1,3.4,3.2686071
train,1749,C=C(O)c1ccc(C)cc1,10.32,9.989012
train,1750,O=Cc1ccccc1C(=O)O,4.56,4.780225
train,1751,COc1ccc2ccc([NH3+])cc2c1,4.19,4.3203163
train,1752,Cc1nn[nH]n1,5.5,5.4462347
train,1753,CNc1nc2[nH]c[nH+]c2c(=O)[nH]1,3.3,3.351876
train,1754,O=C(O)Cc1ccccc1Nc1c(Cl)cccc1Br,4.2,4.2300563
train,1755,CCc1ccc2[nH]c3ccccc3c(=Nc3ccc(NS(C)(=O)=O)cc3OC)c2c1,7.46,7.586338
train,1756,C[C@@H]1[C@@H](C(=O)O)[C@]1(Cl)C(=O)O,2.61,2.6349971
train,1757,[H]/[NH+]=C(\N)Cc1ccccc1,11.57,11.283758
train,1758,C[NH2+]CCC=C1c2ccccc2CCc2ccccc21,10.144,10.057083
train,1759,[H]/N=c1\[nH+]cn(C)c2nccnc12,9.48,9.438101
train,1760,CCc1ccc(C)[nH+]n1,4.17,4.2770796
train,1761,CC(=O)O[C@H]1C=C[C@H]2[C@H]3Cc4ccc(O)c5c4[C@@]2(CCN3C)[C@H]1O5,9.55,9.615385
train,1762,CC(=O)c1c(C)[nH]c2ccccc12,13.24,12.942715
train,1763,CNc1cc[nH+]c(N)n1,7.75,7.762993
train,1764,O=C(O)c1coc(C(=O)O)c1,2.63,2.6287858
train,1765,Cc1nonc1C=NO,9.15,9.076187
train,1766,N#CC12CC(C(=O)O)(C1)C2,3.21,3.1921542
train,1767,[NH3+]c1cc2c3c(cccc3c1)CC2,4.5,4.411558
train,1768,c1ccc2[nH]cnc2c1,12.3,12.002515
train,1769,Cc1nc2ncncc2[nH]c1=O,7.46,7.260788
train,1770,Cc1cccc(C)c1C(=O)O,3.2733333,3.187733
train,1771,Nc1cc(O)c2ccccc2c1O,9.57,9.570505
train,1772,O=C(O)c1cncs1,3.08,3.0197942
train,1773,CC(C)C1(C)NNC(=O)NC1=O,7.45,7.335309
train,1774,CCOP(=O)(O)OCC,1.39,1.5145185
train,1775,Nc1cccc(S([NH3+])(=O)=O)c1,2.9,2.8934603
train,1776,O[C@H]1NC=Nc2[nH+]cccc21,6.56,6.503417
train,1777,N#CSc1ccc(O)cc1,8.57,8.463813
train,1778,CS(=O)(=O)c1nc2cnc[nH]c-2n1,4.9,4.8144674
train,1779,OC1=CCCC1,11.7,11.171992
train,1780,N#Cc1cc([NH3+])c2ccccc2c1,2.26,2.1889832
train,1781,CC(=O)NCc1cccc(Cn2[nH]c(=NS(=O)(=O)c3ccc(Cl)s3)c3c(C(C)O)cccc32)c1,5.62,5.858695
train,1782,Cc1cccc(P(=O)([O-])O)c1C,8.07,7.984148
train,1783,CC(=O)C1C[C@@H](CC(=O)O)C1(C)C,4.82,4.673456
train,1784,Cc1ccc2ccc(O)cc2c1,9.52,9.548138
train,1785,COc1c(Cl)ccc(Cl)c1C(=O)O,1.97,2.1045613
train,1786,Nc1cnc[nH+]c1,2.6,2.5669243
train,1787,O=C(Nc1cccc(OCc2cccc(F)c2)c1)C1CCN(c2cc[nH+]cc2)CC1,9.0,9.213094
train,1788,CC(=O)CC(=O)Nc1ccccc1C,10.26,10.203144
train,1789,Cc1cnc2c(c1)c(C)cc1c(C)c(C)c[nH+]c12,6.07,6.00196
train,1790,CC(=O)c1cc(C#N)c(O)nc1C,7.51,7.4738607
train,1791,O=C(O)c1[nH+]cc(-c2ccccc2)o1,-1.87,-1.7453554
train,1792,CC(=O)/C=N/O,8.3,8.116927
train,1793,O=C([O-])C1=C(C(=O)O)[C@@H]2CC[C@H]1C2,8.0,8.053516
train,1794,CS(N)(=O)=O,10.8,10.516758
train,1795,CC(=O)N[C@@H](Cc1cc(F)cc(F)c1)[C@H](O)C[NH2+]C1(c2cc(C(C)(C)C)ncn2)CCCCC1,6.7,6.5935135
train,1796,CCC/C(=C\c1ccccc1)C(=O)O,5.1,5.142584
train,1797,Cc1cc(C)cc([NH3+])c1,4.765,4.7196007
train,1798,CCOC(=O)c1c[nH+]c2cc3c(cc2c1OCC)OCO3,4.09,4.0514402
train,1799,S=C(S)NC1CCCCC1,2.95,2.847513
train,1800,O=C(NC(=O)c1ccccc1)OCC(Cl)(Cl)Cl,9.1,9.302307
train,1801,Cc1c(Cl)cccc1Nc1ccccc1CC(=O)O,4.3,4.2002754
train,1802,Cc1cc(C)c2[nH+]c(C)cc(N)c2c1,10.4,10.333671
train,1803,CC(C)(C(=O)O)C(C)([N+](=O)[O-])[N+](=O)[O-],3.16,3.211997
train,1804,O=C(O)COc1ccc(Br)cc1,3.13,3.049143
train,1805,NS(=O)(=O)c1ccc(Cl)c(Cl)c1,9.6,9.474077
train,1806,c1ccc(NC(Nc2ccccc2)=[NH+]c2ccccc2)cc1,9.1,9.23144
train,1807,Cc1cc([NH3+])cc(C)c1C(=O)O,2.488,2.4758039
train,1808,CCC(C)OC(=O)[C@@H](O)[C@H](O)C(=O)O,3.38,3.4793804
train,1809,CC[NH+](CC)CC(=O)NCc1ccccc1,8.07,8.114948
train,1810,O=C(O)CCc1c[nH]c2ccccc12,4.87,4.747465
train,1811,O=C(c1ccc(Cl)cc1NS(=O)(=O)c1cccc2nsnc12)N1CCCCC1,5.47,5.5590754
train,1812,O=C(O)[C@@H](O)c1ccccc1,3.4,3.698912
train,1813,COc1cc(Cl)c(Nc2ccccc2CC(=O)O)c(Cl)c1,4.2,4.2268715
train,1814,O=S(=O)([O-])c1cccc2cccc(O)c12,13.02,13.071159
train,1815,Oc1cccc(OC(F)(F)C(F)(F)F)c1,8.95,9.063065
train,1816,COc1cccc([C@@]2(O)CCCC[C@@H]2C[NH+](C)C)c1,9.85,9.876527
train,1817,O=C([O-])c1ccccc(O)c1=O,7.98,7.561816
train,1818,Cc1ccc(O)c(C(=O)c2ccccc2)c1,10.47,10.098301
train,1819,C[C@@H]1CCC[C@H](C(=O)O)C1,4.88,4.8998194
train,1820,COc1cc[n+]([O-])c(C(=O)O)c1,3.69,3.9244335
train,1821,COc1cnc2nc[nH+]cc2n1,3.57,3.4687011
train,1822,CCCC(=O)O,4.82,4.7835855
train,1823,Oc1ncnc2c1NCCN2,10.13,9.9399605
train,1824,CCOc1cccc2c(=Nc3ccc(NS(C)(=O)=O)cc3OC)c3ccccc3[nH]c12,7.37,7.437875
train,1825,Cn1cc(Br)c[nH+]1,0.18,0.23128662
train,1826,CCc1oc2ccccc2c1C(=O)Cc1cc(Br)c(O)c(Br)c1,8.6,8.843455
train,1827,Cc1ccc(C(=O)c2ccccc2C(=O)O)cc1,3.644,3.489626
train,1828,COc1ccccc1[NH3+],4.53,4.5578327
train,1829,Cc1ccn(C)[nH+]1,2.97,2.9238276
train,1830,O=S1(=O)CC[NH2+]CC1,5.4,5.2617083
train,1831,[NH3+]c1ccc2c(O)cccc2c1,4.07,4.1501064
train,1832,O=C(O)c1cc(Cl)cs1,3.1,3.18794
train,1833,CC(C)[NH+]1CCC(Oc2ccc3c(c2)cc(C(=O)N2CCS(=O)(=O)CC2)n3CC(F)(F)F)CC1,9.6,9.64443
train,1834,Cc1cccc(O)n1,12.45,12.082989
train,1835,C=CC(NC(C)=O)C(=O)O,3.24,3.3462446
train,1836,O=C(O)C/C(=N/O)C(=O)O,2.96,2.9346883
train,1837,[NH3+]CCC[n+]1ccc2ccccc2c1,8.97,9.152418
train,1838,CS(=[NH2+])(=O)c1ccc(Cl)cc1,2.3,2.2386975
train,1839,Cc1cc(CO)c(O)c(CO)c1,9.92,10.002035
train,1840,Cc1cc(C(=O)O)cc(C(=O)O)c1,3.6,3.645742
train,1841,CC1(C)OC(O)OC1(C)C,11.37,11.179631
train,1842,C=CCC1(CC=C)SC(=O)NC1=O,6.1,5.8882513
train,1843,CCOC(=O)C(C)[N+](=O)[O-],6.4,6.3474455
train,1844,CC/C=C/C(=O)O,4.69,4.7662354
train,1845,O=C(O)c1[nH]c(=O)[nH]c(=O)c1I,1.88,2.1797283
train,1846,CC[NH+](CC)CC(=O)Nc1ccccc1C,7.95,8.028189
train,1847,Cc1cccc2[nH+]c(N)c3cccc(C)c3c12,7.91,7.8560553
train,1848,Cc1nc(N)c(C#N)c[nH+]1,3.51,3.533696
train,1849,O=c1[nH]c2ccccc2cc1O,8.7,8.510437
train,1850,CC(C)(C)CC(=O)n1cc[nH+]c1,3.8,3.8150623
train,1851,O=C(Nc1cccc([N+](=O)[O-])c1)C(F)(F)F,8.2,7.965352
train,1852,C1CC2CCC[NH+]2C1,11.74,11.666268
train,1853,O=C([O-])[C@H](Br)[C@@H](Br)C(=O)O,3.24,3.2464259
train,1854,COc1cc(NS(C)(=O)=O)ccc1N=c1c2ccccc2[nH]c2cc(F)ccc12,7.05,7.0278234
train,1855,C1CN[C@@H]2CCC[NH2+][C@H]2C1,10.16,10.224182
train,1856,Cc1c[nH+]ccc1N(C)C,8.58,8.448903
train,1857,Cn1c(=O)c2[nH]c(=O)c(=O)[nH]c2n(C)c1=S,2.72,2.584699
train,1858,COc1cc([NH3+])c2ccccc2c1,3.26,3.4351628
train,1859,Nc1cc(N)c2ccccc2[nH+]1,9.4,9.419894
train,1860,Cc1ccc(C(=O)O)c(C)c1,4.1875,4.1580267
train,1861,Cc1ccc(Br)cc1C(=O)O,3.58,3.582547
train,1862,[NH3+]c1cccc2c[nH]nc12,3.05,2.8387601
train,1863,CC[NH+](CC)CCOC(=O)c1ccc2ccccc2c1,7.52,7.457573
train,1864,COc1ccc(S(N)(=O)=O)cc1OC,10.13,10.041908
train,1865,Cn1c[nH+]c2ncn(C)c2c1=O,2.13,2.239967
train,1866,O=C(O)c1cc(C(=O)O)cc([N+](=O)[O-])c1,2.88,2.8385506
train,1867,Cn1c(N)cc(=O)[nH]c1=S,9.84,9.903466
train,1868,N/C(Cc1ccccc1)=N\O,5.24,4.785887
train,1869,Cc1cnc2c(n1)CNC(=O)N2,13.05,12.691657
train,1870,S=c1c[nH+]c2ccccc2[nH]1,-1.24,-1.0949601
train,1871,Cc1[nH]c(=O)cc(O)[nH+]1,0.21,0.38091362
train,1872,NC(=O)CS,8.2,8.121941
train,1873,c1c[nH]c(-c2[nH]cc[nH+]2)n1,4.53,4.4685135
train,1874,Cn1ncc2c(N)[nH+]cnc21,4.32,4.190407
train,1875,[NH3+][C@@H]1C=CCCC1,10.42,10.081947
train,1876,Clc1ccc(Cc2c3ccccc3[nH+]c3ccccc23)cc1,7.06,7.377693
train,1877,CNC(=O)Oc1ccc2c(c1)[C@@]1(C)CC[NH+](C)[C@H]1N2C,6.12,5.9468136
train,1878,O=C(O)[C@@H]1CC[C@H]1C(=O)O,3.8333333,3.965833
train,1879,CCC(C)[NH2+]C(C)CC,10.94,11.00252
train,1880,CCC(=O)C(CC(C)[NH+]1CCOCC1)(c1ccccc1)c1ccccc1,6.89,7.0011263
train,1881,Oc1ccc2[nH+]c3ccccc3cc2c1,5.62,5.7024984
train,1882,CC[NH2+]CC(=O)N(CC)CC,8.78,8.734422
train,1883,COc1cccc(S(=O)(=O)NC(=O)c2cc(-c3ccc(C#CCO)s3)c(Cl)cc2OC)c1,3.8,3.8063223
train,1884,Cn1cc2nc[nH]c2nc1=O,8.8,8.598249
train,1885,O=c1cco[nH]1,5.85,5.8116713
train,1886,O=C(Nc1ccc(Cl)cc1C(=O)O)c1cccc(S(=O)(=O)N2CCOCC2)c1,2.81,2.6824539
train,1887,O=[N+]([O-])c1ccc(/C(=N/O)c2ccccc2)cc1,10.85,10.852072
train,1888,O[C@H]1[NH+]=CNc2cc(F)ccc21,7.11,7.236706
train,1889,CC(C)C1=C(O)CCC1=O,5.1,4.9738693
train,1890,CCCCS(=O)(=O)Nc1ccc(N=c2c3ccccc3[nH]c3cc(NC(C)=O)ccc23)c(OC)c1,7.56,7.59286
train,1891,CCCCCCC[NH+](CCCCCCC)c1ccccc1,3.33,3.516559
train,1892,Sc1ncnc2ccccc12,8.47,8.445263
train,1893,O=C([O-])c1nnn(-c2ccccc2)c1C(=O)O,4.93,5.070096
train,1894,O=C1CC2OCC=C3C4CC5[NH+](CCC56c5ccccc5N1C6C24)[C@H]3S(=O)(=O)O,3.2,3.1176305
train,1895,COc1ccc2c(c1)[nH]c1c(C)[nH+]ccc12,7.45,7.491435
train,1896,Nc1cc(N)c(O)cc1[O-],12.0,11.675632
train,1897,C=CC[NH+](CC=C)CCOC(=O)C(=C)C,7.02,6.9611197
train,1898,COc1nc2c(N)nc(Cl)nc2n1C,16.7,16.735302
train,1899,Cn1nnc2[nH]c(S(C)(=O)=O)nc(=O)c21,2.96,2.8607085
train,1900,CCCC(C)C(=O)O,4.75,4.8253946
train,1901,CSc1ccc([NH3+])cc1Cl,3.38,3.4268374
train,1902,O=c1[nH]c(=O)n([C@@H]2O[C@H](CO)C(O)[C@H](F)C2O)cc1F,7.5,7.57318
train,1903,CSc1cc(N)nc[nH+]1,3.94,4.0045614
train,1904,[NH2+]=C1Nc2ccccc2[C@H]2CCCC12,9.7,9.580326
train,1905,c1ccc2c[nH+]ccc2c1,5.4,5.1798735
train,1906,Cc1nc2nc(=O)[nH]c(N)c2[nH+]c1C,3.45,3.5122993
train,1907,O=C(O)c1cccc(P(=O)(O)O)c1,1.55,1.804001
train,1908,CC1=CC=CC(=O)[NH2+]1,1.12,1.0827711
train,1909,CCCCCC(O)=NO,9.58,9.298695
train,1910,C[NH+](C)c1ccc(SC#N)cc1,3.04,3.1036284
train,1911,Cn1c(N)ccnc1=O,13.4,13.00984
train,1912,Cc1cc(Br)cc(C)c1O,9.72,9.627241
train,1913,COC(=O)C1c2ccccc2-c2ccccc21,11.52,11.261448
train,1914,CCCCCCCCCCCCCCCCCC(=O)O,5.01,4.9446774
train,1915,O=C(O)C(CO)OP(=O)(O)O,1.42,1.431288
train,1916,S=C(Nc1ccccc1)c1cccc(Br)c1,10.49,10.344536
train,1917,CC(=O)c1ccc(C(=O)O)cc1,3.72,3.6488678
train,1918,CNc1[nH+]c(=S)[nH]c(C)c1N,2.99,3.0354664
train,1919,[H]/[NH+]=C(\N)N(C)C,13.4,13.01324
train,1920,Cc1n[nH]c2c(N)[nH+]cnc12,5.02,5.128133
train,1921,Cc1c(-c2ccc(=O)n(Cc3ccccc3)n2)c2cc(F)cc(F)c2n1CC(=O)O,3.85,3.8719268
train,1922,CCCCCCCCCCCCCCCCCCCCCC[NH3+],10.6,10.644231
train,1923,ON=NO,7.05,7.015647
train,1924,O/N=C1\C=C/C(=N\O)N1,10.146667,10.070592
train,1925,O=C(O)c1ccc(C2CC2)cc1,4.42,4.410224
train,1926,Oc1nc[nH]c2ncnc1-2,8.5,8.284743
train,1927,O=c1cccc2n1C[C@@H]1C[NH2+]C[C@H]2C1,8.12,7.653928
train,1928,O=S(=O)(Nc1ccc(F)cc1)c1ccc(Br)cc1,8.38,8.435555
train,1929,c1csc[nH+]1,2.53,2.5597107
train,1930,COc1ccc(O)c([N+](=O)[O-])c1,7.47,7.3399715
train,1931,C(=C\c1cc[nH+]cc1)\c1ccccc1,5.77,5.727309
train,1932,Cn1c2nc(=O)[n-]c-2c[nH]c1=O,13.0,12.653475
train,1933,CCCCCCCCCCCCCC(=O)N(O)c1ccccc1,9.05,9.061325
train,1934,CNC(=O)c1ccccc1O,8.0,7.660265
train,1935,O=C(O)c1cccc(Br)c1[N+](=O)[O-],2.495,2.3575459
train,1936,CC(N)=O,15.1,14.74277
train,1937,OOCc1ccccc1,11.0,10.744616
train,1938,N#C[C@@H]1C(=O)NC(=O)[C@@]12CCCc1ccccc12,6.3,6.3504763
train,1939,Oc1cc(O)cc(O)c1,8.406667,8.455889
train,1940,Nc1ccc(Cl)c(C(=O)O)c1,4.12,4.031207
train,1941,CO/N=C(\C#N)C1=CCC[NH2+]C1,8.6,8.679569
train,1942,O=C(O)CC[N+](=O)[O-],3.79,3.8298857
train,1943,O=[N+]([O-])CCc1ccccc1,8.615,8.487505
train,1944,O=C(O)CS,3.62,3.6102285
train,1945,CCC12CCC(=O)C=C1c1c(cc(OCC(=O)OCc3ccc[nH+]c3)c(Cl)c1Cl)C2,3.32,3.288983
train,1946,Cc1ccc(C(=O)O)c(C(=O)O)c1,3.04,2.980082
train,1947,Nc1nc2nc(C(F)(F)F)[n-]c2c(=O)[nH]1,11.5,11.577813
train,1948,C[NH+](C)CCBr,7.55,7.2715874
train,1949,C#CC(C)(C(C)C)[NH+](C)C(C)C,8.7,8.605801
train,1950,CC(C)OC(N)=NC(=[NH2+])Nc1ccc(Cl)cc1,9.35,9.553461
train,1951,C[NH+]1CCC(=C(c2ccc(Cl)cc2)c2ccccn2)CC1,8.78,8.5584545
train,1952,O=C(O)C1CCCc2ccccc2O1,3.63,3.4762335
train,1953,CN1C(=O)C[NH+]=C(c2ccccc2F)c2cc(Cl)ccc21,2.29,2.1934001
train,1954,Nc1nc2nc(C(F)(F)F)[nH]c2c[nH+]1,2.54,2.503969
train,1955,O=C1Cc2cc(O)ccc21,7.24,7.038389
train,1956,Nc1cc([N+](=O)[O-])ccc1O,7.07,6.7965918
train,1957,Oc1ccc2ccccc2c1O[C@@H]1OC[C@@H](O)[C@H](O)[C@H]1O,8.63,8.856858
train,1958,Oc1cccc2nc3ccccc3cc12,8.51,8.419393
train,1959,Cc1cc(=O)[nH]c(=O)[nH]1,9.8,9.703684
train,1960,Cc1c(O)ccc(O)c1O,9.7,9.692339
train,1961,NS(=O)(=O)C(F)(F)F,6.33,6.2584715
train,1962,O=C([O-])[C@H]1CC[C@@H](C(=O)O)C1,5.53,5.531149
train,1963,O=[N+]([O-])CCC([N+](=O)[O-])[N+](=O)[O-],3.24,3.276712
train,1964,Cc1cc(=O)oc2c(F)c(O)c(F)c(F)c12,4.2,4.164383
train,1965,Nc1nc(N)[nH]c(=S)n1,8.2,8.033537
train,1966,[NH3+]CCC[n+]1cc(Br)c2ccccc2c1,9.53,9.645473
train,1967,O=C(O)C(F)(F)C(F)(F)C(F)(F)C(F)(F)F,0.89,0.9312272
train,1968,Nc1[nH+]ccc2ccccc12,7.59,7.3936195
train,1969,CC1=C(CC(C)[NH2+]CC(O)c2ccc(C)cc2)CCC1(C)C,8.71,8.720759
train,1970,O=C(NC1=CON=CC=C1)c1cccc(O)c1,8.81,8.80158
train,1971,CC(O)C[NH2+]CC(C)O,8.88,8.954412
train,1972,CN(C)c1nc2nc[nH+]cc2[nH]1,4.75,4.8495827
train,1973,CCC[NH+]1CCN(c2ccc(C#N)cc2)CC1,7.78,7.8489466
train,1974,O=C(CCC[NH+]1CCOCC1)c1ccccc1,7.26,7.321455
train,1975,CCC(=O)c1cccc(O)c1,9.21,9.140413
train,1976,CCOC(=O)CC(c1ccccc1)[NH+](C)C,7.66,7.648984
train,1977,C[C@]1(C(=O)O)C[C@]1(C)C(=O)O,3.7,3.8058827
train,1978,CN1CCCS/C1=[NH+]\c1ccccc1,7.86,7.953781
train,1979,Cn1c(=O)[nH]c2nc[nH]c(=O)c21,7.8,7.775839
train,1980,CC(C)(C)CC#CC(=O)O,2.53,2.5081408
train,1981,[OH+]=C1C=Cc2cccc3cccc1c23,-1.4,-1.3520229
train,1982,CC(=O)c1ccccc1C(=O)O,4.13,4.308231
train,1983,C1CC2CCC1C[NH2+]2,11.0,10.678272
train,1984,CCCC12CCC(=O)C=C1c1c(cc(SCC(=O)O)c(Cl)c1Cl)C2,4.7,4.2696915
train,1985,Cc1c(Cc2ccccc2S(=O)(=O)c2ccccc2)c2c(n1CC(=O)O)CCNC2=O,3.0,2.9075186
train,1986,O=C([O-])[C@H]1C[C@@H](C(=O)O)C1,5.3,5.2886524
train,1987,Fc1cccc[nH+]1,-0.44,-0.27287138
train,1988,Brc1cc2ccc[nH+]c2c2ncccc12,4.2,4.1608763
train,1989,Nc1cccc([NH3+])c1O,5.5,5.4040728
train,1990,Cc1[nH]c2n[nH]cc2c(=N)[nH+]1,5.41,5.465893
train,1991,Nc1nc2nc(O)[nH]c2c(O)[nH+]1,-0.1,0.048500985
train,1992,CCCOCC(=O)O,3.65,3.6521518
train,1993,Cc1ccc2nc3sc(Cl)nc3c(O)c2c1,11.0,10.757926
train,1994,C=C(C)C(=O)OCC[NH2+]C(C)C,9.13,8.9842205
train,1995,CC1(O)C=Nc2cnc(O)nc2N1,10.85,10.786466
train,1996,Fc1ccc([C@@H]2CC[NH2+]C[C@H]2COc2ccc3c(c2)OCO3)cc1,9.843333,9.996731
train,1997,CC(=O)CC(=O)O,3.58,3.7252238
train,1998,Cc1cc(C)c2ccc3cccnc3c2[nH+]1,5.96,5.903496
train,1999,C[NH+](C)CC/C=C1/c2ccccc2Sc2ccc(Cl)cc21,8.84,8.739822
train,2000,CCC1C(=O)CC(=O)C1=O,3.5,3.5860364
train,2001,Oc1ccc2ccc(O[C@@H]3OC[C@@H](O)[C@H](O)[C@H]3O)cc2c1,9.41,9.579386
train,2002,Nc1ccc(O)c2c1C(=O)c1ccccc1C2=O,9.925,9.801236
train,2003,O=C(O)C12CCC(Br)(CC1)CC2,4.62,4.6727343
train,2004,N#Cc1cccc(OCC(=O)O)c1,3.03,2.9104083
train,2005,Cc1cc[nH]c(=O)n1,9.9,9.358965
train,2006,O=C1C[NH+]2CCC1CC2,7.53,7.4971924
train,2007,Nc1cc(O)c(O)c2ccccc12,9.32,9.319504
train,2008,Cc1cc(O)c(=O)ccc1Br,6.6,6.5152073
train,2009,O=C(O)c1cccc(Cl)c1Cl,2.67,2.5266652
train,2010,COc1cccc2cc3ccccc3[nH+]c12,5.26,5.4500227
train,2011,Nc1[nH+]cnc2c[nH]nc12,5.0,5.02962
train,2012,CN1CCCNS1(=O)=O,11.2,10.809112
train,2013,Cc1nc(C)c(C(=O)O)cc1C(=O)[O-],6.16,6.228155
train,2014,Nc1cc(Cl)ccc1O,9.51,9.242775
train,2015,Oc1ccc2ncccc2c1,8.88,8.621912
train,2016,O=P([O-])(O)CBr,6.52,6.4539995
train,2017,CC(C)c1ccc(C(=O)O)s1,3.62,3.7360291
train,2018,COc1ccc2nc[nH+]cc2c1,2.12,2.1530662
train,2019,CN(C)c1ccc(/C=C/C(=O)O)cc1,4.83,4.799425
train,2020,O=C(O)C1COCCO1,3.15,3.0316303
train,2021,CC(C)C(O)CC(=O)O,4.42,4.610051
train,2022,Cc1[nH]c(N)[nH+]c1C,9.21,9.103279
train,2023,Clc1cccc2ccc[nH+]c12,3.12,3.080034
train,2024,O=S(=O)(O)c1cc(Br)c2cccnc2c1O,4.08,4.24415
train,2025,CN(C)C(=O)N1CC(c2cc(F)ccc2F)=C[C@@]1(CCC[NH3+])c1ccccc1,10.3,10.447383
train,2026,Cn1/c(=[NH+]/N)ccc2ccccc21,9.17,9.0293255
train,2027,OCc1ccccc1,15.4,15.0152855
train,2028,Oc1ccc2ccccc2c1,9.57,9.325284
train,2029,Cc1nc2c(O)[nH+]c(=S)nc-2n(C)c1C,-0.57,-0.45869327
train,2030,Cc1cccc2cc3cccc(C)c3[nH+]c12,4.51,4.309889
train,2031,c1ccc(C2(c3ccccc3)CC2C2=[NH+]CCN2)cc1,10.3,10.335182
train,2032,CC(=O)Nc1cc([As](=O)(O)O)ccc1O,3.73,3.8458934
train,2033,CN1CCCCC1=[NH+]c1ccc2c(c1)[C@@H](NC(=O)c1ccc(Br)cc1)[C@H](O)C2,9.9,9.976568
train,2034,Nc1ccc(C(=O)c2ccc([NH3+])cc2)cc1,2.932,2.741368
train,2035,O=C(Oc1ccccc1O)c1ccccc1,8.7,8.528913
train,2036,NC[C@@H](O)c1ccc(O)c(O)c1,9.7,9.835903
train,2037,COC(=O)c1cc(=O)cc(C(=O)OC)[nH]1,6.25,6.284135
train,2038,COc1ccc(C)c(O)c1,9.38,9.513294
train,2039,Cc1cc(F)cc(C)c1O,10.36,10.046146
train,2040,CCC(O)C[NH+](C)CCO,8.7,8.736694
train,2041,NS(=O)(=O)c1ccc(SCCCO)c(Cl)c1,9.45,9.559813
train,2042,O/N=C/c1ccc(O)cc1,8.79,8.812584
train,2043,O=C(O)C(O)CO,3.66,3.6647222
train,2044,CC(=O)CC=O,5.92,5.7672224
train,2045,CC(C)[NH2+]CC(O)COc1ccccc1,9.45,9.644655
train,2046,C[NH+](c1ccccc1)C(C)(C)C,7.39,7.522853
train,2047,CC(=O)Nc1ccc2[nH+]c(N(C)CCO)ccc2c1,8.91,8.909887
train,2048,Nc1nc2cncnc2[nH]1,9.38,9.235273
train,2049,CC(=NO)C(=O)c1ccccc1,9.25,9.260371
train,2050,OC1C[NH+]2CCC1CC2,9.93,9.904629
train,2051,Cl[C@@H]1C[NH+]2CCC1CC2,8.85,8.779287
train,2052,CCC(C)(O)C(=O)O,3.91,3.8752325
train,2053,CSc1nc(C)c2c(n1)[NH2+]N=N2,0.05,0.19781187
train,2054,CC(Oc1ccc(Cl)cc1Cl)C(=O)O,2.925,2.9651744
train,2055,Cn1c(N)nc2[nH]c(=O)c(=O)[n-]c2c1=O,10.95,10.672986
train,2056,[NH2+]=C1Nc2c(ccc(F)c2F)[C@H]2CCCC12,8.0,7.7666845
train,2057,Cn1c2cnc[nH]c-2nc1=O,8.23,8.071661
train,2058,C[S+]([O-])c1cccc(O)c1,8.71,8.778774
train,2059,O=C(O)c1cc(Br)ccc1O,2.6466668,2.583946
train,2060,O=S(=O)(c1cccc(O)c1)C(F)(F)F,7.87,7.9450893
train,2061,Cc1cc(N2CC[C@H]([NH+]3CCC[C@@H]3C)C2)ccc1NC(=O)c1c(C)noc1C,10.1,10.319354
train,2062,c1ccc(Cc2c3ccccc3[nH+]c3ccccc23)cc1,7.46,7.804513
train,2063,Nc1ccc(S(=O)(=O)Nc2cnccn2)cc1,6.04,6.1687517
train,2064,C[NH+](C)CC(=O)O,9.81,9.863361
train,2065,COc1ncc(C)c[nH+]1,1.67,1.7970273
train,2066,Oc1cnc2c(O)ncnc2n1,6.08,6.162758
train,2067,CCC/C(=C\c1ccc(Br)cc1)C(=O)O,5.0,4.9758406
train,2068,Nc1ccc[nH+]n1,5.19,5.2340517
train,2069,C[NH+](C)C1CCCCC1,10.7,10.487244
train,2070,O=C(O)COc1cc2c(c(Cl)c1Cl)=C1CC(=O)CCC1(C1CCCC1)C=2,3.83,3.6147654
train,2071,CNc1c(C)c[nH+]cc1C,9.65,9.884335
train,2072,NS(=O)(=O)c1cccc(C(=O)O)c1,3.68,3.7595954
train,2073,[NH3+]c1cc(Br)ccc1Br,1.44,1.4385262
train,2074,O=C(O)C(O)Cc1ccccc1,3.72,3.7992342
train,2075,COc1ccc(C)cc1O,9.93,9.894333
train,2076,CCCC[NH+](CCCl)CCCl,6.63,6.7035475
train,2077,Cc1[nH+]c(N)nc2n[nH]nc12,1.97,1.9742929
train,2078,Cn1c(=S)[nH]c(=O)c2[nH]c(=O)c(=O)[nH]c21,2.63,2.567096
train,2079,Cc1ncsc1C(=O)O,3.57,3.524418
train,2080,Nc1c[nH+]n(-c2ccccc2)c1,4.8,4.77664
train,2081,Nc1ccc2cc[nH+]nc2c1,4.83,4.706156
train,2082,Ic1nn[nH]n1,2.85,2.7568562
train,2083,O=Nc1ccc(O)c2ncccc12,7.6,7.3837433
train,2084,c1cc2c[nH+]ccc2[nH]1,8.3,8.41244
train,2085,C[NH+](C)CC(C)(C)CCc1ccc(C(C)(C)C)cc1,9.4,9.327904
train,2086,Cc1cc2cccnc2c2[nH+]cccc12,5.26,5.164792
train,2087,NC(=S)N/N=C/c1ccccc1O,9.27,9.275902
train,2088,O=C(O)c1ccc([N+](=O)[O-])o1,2.06,2.1852245
train,2089,CC/N=C/c1ccccc1O,11.81,11.738023
train,2090,O=C(O)C[S+]([O-])c1cccc(Br)c1,2.674,2.7017348
train,2091,COc1[nH+]cc(Br)cc1Br,-1.5,-1.4504361
train,2092,C[S+]([O-])c1ccsc1C(=O)O,2.92,3.0435927
train,2093,Oc1cc(Cl)c(Cl)cc1O,8.26,8.148508
train,2094,Cc1cncc(C)[nH+]1,2.11,2.222618
train,2095,O=C(O)Cc1ccccc1Br,4.05,4.058831
train,2096,C=C(C)C([NH3+])O,8.0,7.891633
train,2097,CCN1C(=O)C(C)C(=O)N=C1SC,13.5,13.529622
train,2098,C/C(=N\O)[N+](=O)[O-],7.4,7.404928
train,2099,CC1=Nc2ccc(C)cc2[C@](O)(C([NH3+])=O)N1,7.77,7.966977
train,2100,Cc1cc[nH+]c(C)c1,6.74,6.6282015
train,2101,Cc1c(Cc2ccccc2)ccc2nc(N)[nH+]c(N)c12,6.98,7.1860523
train,2102,Cc1c(-c2noc(-c3ccc(OC(C)C)c(C#N)c3)n2)ccc2c1CC[NH+](C[C@@H](O)CO)C2,7.7,7.625085
train,2103,S=C(Nc1ccc(Br)cc1)c1ccc(Cl)cc1,10.24,10.107681
train,2104,S=c1[nH]cc[nH]1,11.6,11.531686
train,2105,O=C(CCS(=O)(=O)c1ccc2cc(Cl)ccc2c1)N1CCC(c2c[nH]c[nH+]2)CC1,6.9,7.090825
train,2106,CS(=O)(=O)NC(=O)c1ccc(C(F)(F)F)cc1,3.2,3.1941674
train,2107,ON=Cc1nc(-c2cccc3ccccc23)no1,8.05,8.133272
train,2108,CC1=N[NH2+]C(C)=C1Cl,2.22,2.2839737
train,2109,Oc1ccccc1Cc1ccccc1,10.32,10.208833
train,2110,[NH3+]NC(=O)c1ccccn1,2.86,2.9202368
train,2111,C=C(O)/C=C/c1ccccc1,11.2,10.94878
train,2112,C/N=c1\[nH+]cc(Br)cn1C,10.62,10.41477
train,2113,CC1=N[C@@](O)(C(N)=O)c2cc(F)ccc2N1,11.23,11.108667
train,2114,O=[As](O)(O)c1ccc(O)cc1,3.87,2.8608153
train,2115,CC(C)(O)c1ccccc1,15.5,15.261308
train,2116,CCC[NH+](CC(C)O)CC(O)CC,9.0,9.062895
train,2117,CCc1c(C)[nH+]c2c3c(c(C(=O)N(C)C)cn12)CCC(c1ccccc1)O3,6.7,6.640958
train,2118,[NH3+][C@H](COCc1cc(C(F)(F)F)cc(C(F)(F)F)c1)c1ccccc1,7.93,7.9928913
train,2119,C[NH2+]CC(=O)Nc1c(C)cccc1C,7.99,7.8140764
train,2120,CC(=O)c1csc(C(=O)O)c1,3.15,3.0534208
train,2121,Cc1cccc(-n2[nH+]nnc2N)c1,1.08,1.2402908
train,2122,Nc1ccc(S(=O)(=O)N=c2[nH]ccs2)cc1,7.243333,7.005851
train,2123,CCCC(=O)SCC[NH+](C)C,8.32,8.251444
train,2124,CNc1cc(N)[nH+]cn1,6.3,6.380378
train,2125,CCc1ncn[nH]1,10.69,10.578775
train,2126,[NH3+]c1ccc(C(=O)O)cc1,2.41,2.2979805
train,2127,[NH3+][C@@H]1C[C@]1(F)c1ccc(C(F)(F)F)cc1,6.6,6.526926
train,2128,O=C(O)c1c(Cl)cccc1[N+](=O)[O-],1.41,1.4124038
train,2129,COc1cc2c(cc1OC)C(=O)C(CC1CC[NH+](Cc3ccccc3)CC1)C2,9.08,8.92389
train,2130,Oc1ccncn1,8.59,8.379103
train,2131,O=C(NCC[NH+]1CCN(c2noc3ccccc23)CC1)c1ccc(F)cc1,6.43,6.2936153
train,2132,[NH3+]CC(=O)Nc1ccccc1,8.12,8.018281
train,2133,CC(C)(C)[NH2+]c1ccc(Br)cc1,5.93,6.097684
train,2134,CCN(CC)C(=O)C1(c2ccccc2)CC1C[NH3+],9.5,9.502243
train,2135,C=C(C)O,10.94,10.636247
train,2136,N=c1[nH]c(=[NH2+])[nH]c2[nH+]c(N)[nH]c12,2.41,2.3547778
train,2137,COc1cc2[nH]c(N3CCN(C(=O)C4CCCO4)CC3)[nH+]c(=N)c2cc1OC,7.1,7.156007
train,2138,Clc1ccc(C#Cc2cc[nH+]cc2)cc1,4.54,4.5672445
train,2139,COc1c(Cl)ccc2c1C(C)[NH+]=C(NCC(F)F)N2,8.9,8.926145
train,2140,Cn1nc(N)c(C(=O)O)n1,3.81,3.8584192
train,2141,O=c1[nH]c(=O)n([C@@H]2O[C@H](CO)[C@@H](O)[C@@H]2O)cc1Br,8.0,7.849715
train,2142,Cc1ccc(C(=O)O)c(I)c1,3.2,3.1242213
train,2143,O=C1C=CC(=NO)C=C1,6.2,6.0361023
train,2144,Nc1c(C(=O)O)ccc2c1C(=O)c1ccccc1C2=O,5.74,5.6631737
train,2145,Cc1ccc(C)c(C(=O)O)c1,3.9825,3.9355698
train,2146,Cc1ccc(C(=O)c2ccccc2)c(O)c1,9.61,9.680829
train,2147,O=C(O)CCBr,4.03,4.1069593
train,2148,Cc1ccc(C(C)C(=O)O)cc2c(C)ccc1-2,4.14,4.3159437
train,2149,C/C(=C/Cl)C(=O)O,3.05,3.066648
train,2150,c1ccc2n[nH]cc2c1,13.9,13.440443
train,2151,[NH3+][C@@H]1C[C@]1(F)c1ccc(Cl)cc1,6.81,6.7523804
train,2152,N#CC[N+](=O)[O-],4.86,4.9257603
train,2153,CC(=O)O,4.767,4.724451
train,2154,[NH3+]c1ccc(-c2cc[nH+]cc2)cc1,2.75,2.627082
train,2155,O=C(O)c1ncccn1,2.85,2.6757433
train,2156,Nc1nc(N)nc(O)n1,9.54,9.360903
train,2157,O=C(NO)c1ccc([N+](=O)[O-])cc1,7.97,8.019575
train,2158,COCC(C)C[NH+](C)C,9.69,9.480631
train,2159,CC(=O)c1cc(C(C)(C)C)c(O)c(C(C)(C)C)c1,8.68,8.374007
train,2160,CC(C)C([NH3+])C(C)C,10.4,10.3050995
train,2161,[NH3+]c1cc(O)cc2ccccc12,3.45,3.3794508
train,2162,CC#CC(O)c1c(C)[nH+]c2c3c(c(C(=O)N(C)C)cn12)CCC(c1ccccc1)O3,5.58,5.559079
train,2163,O=C(O)Cc1c[nH]c2ccccc12,4.39,4.394559
train,2164,NCC(=O)NO,9.1,8.940159
train,2165,C[NH+]1C[C@H]2CC[C@H](CC2)C1,10.24,10.102829
train,2166,CCc1cc(C(C)C)c(O)cc1C,10.91,10.801528
train,2167,O=C(O)[C@]12[C@@H]3[C@@H]4[C@H]1[C@@]1(Cl)[C@]4(C(=O)O)[C@@H]3[C@@]21Cl,2.7,2.7028863
train,2168,Cn1c(N)[nH+]c2[nH]c(=O)c(=O)[nH]c2c1=O,-0.53,-0.51149833
train,2169,[H]/N=c1\[nH+]c2n(C)c(C)c(C)nc-2c(=O)n1C,10.04,9.834112
train,2170,CNc1nc(C)nc(S)c1N,10.44,10.378004
train,2171,CC[NH+](CC)CCCN1c2cc(F)ccc2CCc2ccc(F)cc21,7.65,7.5418167
train,2172,Oc1cc(Cl)ccc1Cl,7.51,7.3852587
train,2173,Nc1ccc2c(c1)C(c1ccccc1)=NCC(=O)N2,13.1,13.103098
train,2174,Cc1cccc(/N=N/c2ccc([NH+](C)C)cc2)c1,2.33,2.4197881
train,2175,Cc1n[nH]c(=S)[nH]c1=S,6.1,6.074316
train,2176,O=C(CCC[NH+]1CCC(O)(c2ccc(Cl)cc2)CC1)c1ccc(F)cc1,8.621,8.561207
train,2177,COc1ccc(N[NH3+])cc1,5.71,5.5940228
train,2178,Nc1nnn(CC(=O)O)n1,2.6,2.613446
train,2179,O=C(O)c1coc(C(=O)O)c1,2.63,2.6287858
train,2180,O=P(O)(O)c1cccc(F)c1,1.53,1.5644896
train,2181,CCCCOC(=O)c1ccc(OS(N)(=O)=O)cc1,8.07,8.208099
train,2182,CCC(=O)C(c1ccccc1)(c1ccccc1)C(C)C[NH+]1CCOCC1,7.12,7.193346
train,2183,COc1ccc2c(c1)N(C[C@H](C)C[NH+](C)C)c1ccccc1S2,9.195,9.359222
train,2184,Cc1nc2c[nH+]cnc2nc1C,2.93,3.0036452
train,2185,COc1ccc([N+](=O)[O-])cc1O,8.0,8.090533
train,2186,S=C(Nc1ccccc1)c1ccccc1,10.6,10.7901325
train,2187,O=C(O)C(=N\O)/C(=N/O)C(=O)O,1.98,1.9079783
train,2188,COC=C1CCCC1C(=O)O,4.5,4.5846443
train,2189,O=C(O)CCC(=O)C(=O)O,1.7,1.7509588
train,2190,CC[NH+](CC)CCOc1ccc(C(=O)N2C/C(=C\c3ccccc3)C(=O)/C(=C/c3ccccc3)C2)cc1,10.84,11.298539
train,2191,c1cc([NH+]2CCCCC2)ccc1N1CCOCC1,6.7,6.663924
train,2192,C[NH+]1CC[NH+](C)CC1,4.63,4.720604
train,2193,COc1ccc(NS(=O)(=O)c2ccccc2)cc1,8.88,8.864518
train,2194,COc1ccc(F)cc1C(=O)N[C@@H]1C[C@H]2CC[C@@H](C1)[NH+]2Cc1ccccc1,8.82,9.006746
train,2195,NNC(=O)CF,11.3,11.072959
train,2196,CC1=CC(=O)C=C/C1=N\c1cc(Cl)c(O)c(Cl)c1,5.9,5.919571
train,2197,Cc1cnc2c(O)cccc2c1,9.75,9.575207
train,2198,Cc1c[nH+]cc(C)c1N,9.38,9.473312
train,2199,CNC([NH3+])=O,0.9,0.8751186
train,2200,c1cnc2c(n1)C[NH2+]CN2,5.62,5.4672413
train,2201,CC(C)(C)[NH2+]C[C@H](O)COc1ccccc1C1CCCC1,9.92,9.826019
train,2202,CC(C(=O)O)c1ccc(N2Cc3ccccc3C2=O)cc1,4.6,4.4835443
train,2203,C[NH2+]C(C)C(O)c1ccccc1,9.96,9.755669
train,2204,Cc1[nH+]c2c3c(c(C(=O)N(C)C)cc2n1C)CC[C@@H](c1ccccc1C1CC1)O3,5.63,5.666869
train,2205,CC1=C(CC(C)[NH2+]CC(O)c2ccc(Cl)cc2)CCC1(C)C,8.55,8.624629
train,2206,O=C(O)C1C[C@@H]1c1ccccc1,4.68,4.749569
train,2207,O=C(O)CCC(=O)c1ccc(-c2ccccc2)cc1,4.46,4.7149515
train,2208,O=[N+]([O-])c1ccc(O)c(CP(=O)(O)O)c1,1.94,2.0151324
train,2209,CS(=O)(=O)c1cc[nH+]c2ccccc12,1.57,1.6553067
train,2210,COC(=O)c1ccc(OCC(=O)O)cc1,2.91,2.9309304
train,2211,C[C@H](CS)C(=O)N1CCC[C@H]1C(=O)[O-],9.8,9.722739
train,2212,NS(=O)(=O)c1cc2c(s1)C(O)CCS2,9.0,8.933548
train,2213,C[C@]1(C(=O)O)C[C@H]1C(=O)O,3.67,3.781749
train,2214,Cc1cc(C=O)c(O)c(C=O)c1,6.2,6.067355
train,2215,CCn1cc[nH+]c1C,8.09,8.046589
train,2216,CC(C)c1ccc[nH+]c1,5.72,5.7313643
train,2217,COc1ccc(C)c(C)[nH+]1,4.86,4.7619
train,2218,COc1ccc2c(c1)N(CC[NH+](C)C)CCO2,8.6,8.581297
train,2219,O=[N+]([O-])Nc1nc[nH]n1,3.95,3.8784513
train,2220,Nc1ccc(S(=O)(=O)Nc2ccccn2)cc1,8.43,8.599691
train,2221,CCS,10.25,10.012098
train,2222,Nc1c(Cl)cc(Cl)cc1[N+](=O)[O-],16.39,16.407001
train,2223,CC(=O)/C=C(/C)O,8.2,8.028039
train,2224,Cc1nn2c(C)n[nH]c2nc1=O,5.85,5.701682
train,2225,Cc1ccc(C(=O)[NH+]=C(N)Nc2ccc(C(C)C)cc2)cc1,6.35,6.536851
train,2226,CCCCC12CCC(=O)C=C1c1c(cc(OCC(=O)O)c(Cl)c1Cl)C2,3.5,3.543259
train,2227,C/C=C/C(=O)NO,8.9,8.843215
train,2228,C=C=CC(=O)O,3.68,3.7173836
train,2229,O=[N+]([O-])c1cccc(S(=O)(=O)Nc2ccccc2)c1,7.5,7.48757
train,2230,Fc1cccn2cc[nH+]c12,4.9,4.993847
train,2231,NC1=[NH+][C@](c2ccc(OC(F)F)cc2)(c2cccc(OCCF)c2)C2=NCC(F)(F)CN21,6.5,6.5649214
train,2232,C[NH+](C)C(C)(C)CCCc1ccc(C(C)(C)C)cc1,10.4,10.3294935
train,2233,Fc1cccc2[nH]cnc12,11.6,11.248722
train,2234,O=C(O)/C=C(\Cl)c1ccccc1,3.55,3.5393362
train,2235,CC(=O)c1cccc[nH+]1,2.64,2.491135
train,2236,COc1c(C)c(O)cc(C)c1O,10.9,10.823588
train,2237,Oc1ncc(Br)c[nH+]1,0.44,0.5839412
train,2238,O=C(O)Cc1ccc(Cl)s1,3.89,3.887549
train,2239,O=C([O-])c1ccc(NS(=O)(=O)c2ccccc2)cc1O,7.61,7.5108643
train,2240,Cn1cc([C@H]2C[C@H]3[C@@H](CF)SC(=[NH2+])N[C@@]3(c3ccc(F)cc3F)CO2)cn1,7.2,7.2670536
train,2241,C[Si](C)(C)c1cccc(O)c1,10.01,9.68512
train,2242,NC(=O)C(CCC(=O)O)c1ccccc1,4.64,4.7928667
train,2243,c1cnc2[nH+]ccnc2c1,1.2,1.5144774
train,2244,O=[N+]([O-])c1ccccc1S,5.45,5.4663134
train,2245,O=c1nc[nH]c(=O)[nH]1,6.73,6.700279
train,2246,CCc1cc2c(C)cc(=O)oc2cc1O,8.01,8.095845
train,2247,O=C([O-])c1cocc1C(=O)O,7.43,7.638589
train,2248,CC[NH+](CC)CC(=O)NC1c2ccccc2-c2ccccc21,7.98,7.978324
train,2249,O=C(O)c1csc(F)c1,3.83,3.7998219
train,2250,[NH2+]=C1N[C@@](c2cccc(-c3cncnc3)c2)(c2ccnc(C(F)F)c2)c2cccc(F)c21,7.1,6.8377886
train,2251,Cc1cc(S(N)(=O)=O)ccc1Cl,9.84,9.649467
train,2252,O=C(O)c1ccc(C(=O)O)o1,2.6,2.571845
train,2253,Nc1ccc[nH+]c1N1CCc2ccccc2C1,5.0,4.989105
train,2254,COc1ccc2ccc(S(=O)(=O)NC3CCN(Cc4ccc5ccc(=N)[nH]c5c4)C3=O)cc2c1,7.3,7.315093
train,2255,Oc1nc2cc3c(cc2[nH]1)CCCC3,12.05,11.941723
train,2256,OC(C(F)(F)F)(C(F)(F)F)C(F)(F)F,5.4,5.3043203
train,2257,Cc1nc2cc[nH+]cc2n2c(-c3ccccc3Cl)nnc12,2.7,2.470446
train,2258,Cc1[nH+]c2c3c(c(C(=O)N(C)C)cn2c1CO)CCC(c1ccccc1)C3,6.32,6.487029
train,2259,Cn1c(=S)[nH]c2cncnc21,7.5,7.351372
train,2260,N#C[C@]12CC[C@](C(=O)O)(CC1)CC2,4.545,4.6487465
train,2261,COc1cccc(SCC(=O)O)c1,3.477,3.5303133
train,2262,CC(C)Cc1ccccc1O,10.5,10.361075
train,2263,COC(=O)CN[N+](=O)[O-],5.28,5.3653793
train,2264,O=Cc1ccc([N+](=O)[O-])c(O)c1,6.0,6.024893
train,2265,Cc1ccc(-c2ccc[nH+]c2)o1,4.67,4.517128
train,2266,Nc1[nH+]c2ccccc2c2c1ccc1ccccc12,6.64,6.7793474
train,2267,c1c[nH+]c2n[nH]cc2n1,-0.64,-0.50432384
train,2268,O=C(O)c1ccc(Cl)s1,3.22,3.2402124
train,2269,[NH3+]c1cc(Cl)ccc1C(=O)O,1.21,1.2177218
train,2270,CN(C)c1nc(N)c(Br)c[nH+]1,6.15,6.2291784
train,2271,CC(C)C1C(=O)c2ccccc2C1=O,7.4,7.3124704
train,2272,[NH3+]c1ccc([NH3+])cc1,2.97,3.1026232
train,2273,Cc1nc2c(c(=O)[nH]1)CCCC2,10.5,10.332502
train,2274,C[NH2+]Cc1cc(-c2ccc(F)cc2)n(S(=O)(=O)c2ccc(C)cc2)c1,9.4,9.604164
train,2275,Oc1cc(Br)cc(Br)c1,8.06,7.8936253
train,2276,[H]/N=c1\c2[nH]cnc2[nH+]cn1C,7.2,7.1050615
train,2277,Nc1nc2n[nH]cc2c(N)[nH+]1,5.59,5.623804
train,2278,CC(C)(C)[NH2+]C[C@H](O)COc1nsnc1N1CCOCC1,9.226,9.135011
train,2279,O=c1c(Cc2ccccc2)c(-c2ccccc2)[nH]n1-c1ccccc1,7.6,7.463133
train,2280,Cn1c(=O)c2c(nc3n(CCC[NH+]4CCN(c5ccccc5)CC4)ccn23)n(C)c1=O,8.09,8.244871
train,2281,O=C1CC(c2ccccc2)NC(=O)N1,11.22,11.096075
train,2282,Cc1ccc2ccc3ccc[nH+]c3c2n1,5.45,5.4936275
train,2283,Cc1nc(O)nc(N)c1NC=O,11.39,11.341034
train,2284,CC(=O)c1ccc(O)c2ncccc12,5.86,5.662549
train,2285,CNNC(=O)c1ccncc1,10.96,10.829919
train,2286,Sc1nc2cncnc2nc1S,5.16,5.094495
train,2287,Nc1cc(S)ncn1,9.25,9.244256
train,2288,Cc1c[nH][nH+]c1C,3.91,3.913285
train,2289,Cc1ccc(C(=O)O)cc1C,4.455,4.406168
train,2290,CC(=O)N(C)C[C@H]1C[C@H](c2ccc(C[NH+]3CCCC3)c(Cl)c2)C1,9.3,9.401963
train,2291,O=C(Nc1cccc(OCc2ccc(F)cc2)c1)C1CCN(c2cc[nH+]cc2)CC1,8.9,9.300129
train,2292,Cc1cc(C)c2c(C)cc3c(C)[nH+]ccc3c2n1,5.1,4.967306
train,2293,COc1cc(OC)c(OC)c(C(=O)N[C@H]2C[C@H]3CC[C@@H](C2)[NH+]3Cc2ccccc2)c1,8.84,8.962273
train,2294,O=C1NC(=O)[C@H]2CC[C@@H]1C2,9.53,9.438382
train,2295,Cn1ccc(=[NH+]S(C)(=O)=O)cc1,3.42,3.4780366
train,2296,O=C(OCc1ccccc1)c1ccc(O)cc1,8.41,8.441023
train,2297,COCc1ccccc1C[NH+](C)C,9.19,8.982938
train,2298,O=C(c1cccc(C(F)(F)F)c1)N(O)c1ccccc1,8.15,7.977928
train,2299,CSc1cc[nH+]cc1,5.97,6.0038986
train,2300,NC(=O)C1CCN(c2c(Cl)c[nH+]cc2Cl)CC1,3.5,3.5046356
train,2301,ON=Cc1nnc(-c2ccccc2)o1,8.41,8.414733
train,2302,Oc1ccc(Cl)cc1Cc1cc(Cl)ccc1O,9.08,9.096692
train,2303,Cc1cnc2c(ccc3c(C)c(C)c[nH+]c32)c1C,6.31,6.298931
train,2304,Clc1ccccc1NC1=[NH+]CCN1,9.15,8.857578
train,2305,c1ccc(-c2nn[nH]n2)cc1,4.363333,4.1548257
train,2306,O=C(O)C(/C=N/O)=N/O,2.55,2.427435
train,2307,Cc1cccc(CCC(=O)O)c1,4.68,4.745269
train,2308,c1ccc(C23CC[NH+](CC2)CC3)cc1,10.18,10.139208
train,2309,Cc1[nH+]c2c(OCc3ccccc3)cccn2c1CC#N,6.093333,5.866132
train,2310,Cc1cc(O)cc(C)c1C,10.2,10.202749
train,2311,Cc1ccc(/C=N/O)cc1,10.895,10.765356
train,2312,COc1[nH+]c[nH]c(=S)c1C,-1.59,-1.5370364
train,2313,O=C(O)CSc1ccc([N+](=O)[O-])cc1,3.205,3.2271626
train,2314,CCC(=O)c1c(O)oc(CC)cc1=O,5.38,5.4286814
train,2315,CC1(C)CC[C@H]([C@@H]2CCC(C)(C)[NH2+]2)N1,10.3,10.450698
train,2316,O=[N+]([O-])c1cnc(O)nc1O,5.55,5.759906
train,2317,[NH3+]c1cccc2c1-c1ccccc1C2,3.39,2.9319246
train,2318,CCCCCCOC(=O)c1ccc(OS(N)(=O)=O)cc1,8.52,8.311438
train,2319,COCc1nc(=Nc2ccc(C(F)(F)F)cc2)c2ccc(-c3[nH+]cccc3C(F)(F)F)cc2[nH]1,3.7,3.5909965
train,2320,COc1ccc(/C=C(\C)C(=O)O)cc1,5.09,5.14734
train,2321,CC1=CC(=O)C=C/C1=N/O,6.95,6.7371407
train,2322,Cn1cnc2c(N3CCCCC3)[nH+]cnc21,4.12,4.0133123
train,2323,CC(C)(C)Nc1ncc(Br)c[nH+]1,2.12,2.2704813
train,2324,CCC[NH2+]N,7.92,7.7799435
train,2325,O=C(O)c1cc(-c2ccc(F)cc2F)ccc1O,3.15,2.8249187
train,2326,COc1ccc(Cn2cc(C(=O)NC(C)=O)c(=O)c3c(F)ccc(F)c32)cc1,8.0,7.686283
train,2327,CCCCN(C)[NH+](C)CCCC,7.16,7.0767193
train,2328,O=c1[nH]cnc2ncc([O-])nc12,9.51,9.2434025
train,2329,c1cc[nH+]cc1,5.17,5.2218056
train,2330,Cc1cc(N)ccc1-c1ccc([NH3+])cc1C,4.9,4.8380423
train,2331,CC(=O)OCC(=NO)C(C)=NO,9.7,9.73592
train,2332,NC(=O)CC(=O)c1cccnc1,8.61,8.179573
train,2333,CC(OC1CCCCC1)C(=O)O,3.64,3.6711895
train,2334,Cc1cnnc2c(O)cccc12,8.34,8.254377
train,2335,O=[N+]([O-])c1ccc(O)c([N+](=O)[O-])c1Cl,3.23,3.202619
train,2336,Cn1c(O)nc2[nH]c(=O)n(C)c2c1=O,5.5,5.389821
train,2337,O=C(CCCC[NH+]1CCOCC1)c1ccccc1,7.5,7.5254116
train,2338,O=S(=O)(O)CCS(=O)(=O)O,-2.06,-1.902642
train,2339,CC(C)CNC(=O)C(Cc1ccccc1)NC(=O)c1[nH]ccc(=O)c1O,6.0,5.8721848
train,2340,Cc1cccc(Cl)c1O,8.7,8.388068
train,2341,C#CC[NH+]1CCOCC1,5.54,5.4981117
train,2342,Cn1ncc2c(=O)[nH]cnc21,9.26,9.066509
train,2343,CC(C)Oc1ccc(C(=O)c2ccc3n2CCC3C(=O)O)cc1,3.43,3.4535728
train,2344,O=C(O)c1ccccc1O[C@H]1O[C@@H](CO)[C@H](O)[C@@H](O)[C@@H]1O,3.6,3.395136
train,2345,Cc1nc2[nH]c(N)[nH+]c(=O)c2n1C,4.4,4.440401
train,2346,O=C(O)c1ccc(-c2ccc(O[C@H]3O[C@H](CO)[C@@H](O)[C@H](O)[C@@H]3O)cc2Cl)cc1,3.95,3.9570458
train,2347,CC(C)(C)c1ccccc1O,10.62,10.554993
train,2348,O=[N+]([O-])Nc1cccc([N+](=O)[O-])c1,4.0,3.9063206
train,2349,[NH3+][C@@H]1CCc2ccccc21,9.21,9.042387
train,2350,O=C(Cc1ccncc1)c1ccccc1,12.46,12.302406
train,2351,Cc1ccc(P(=O)(O)O)c(C)c1,2.17,2.4616277
train,2352,[NH3+]Nc1cccc(Cl)c1,4.78,4.7873297
train,2353,Cc1coc[nH+]1,1.24,1.1768388
train,2354,Oc1cnc2c(O)nc(=S)[nH]c2n1,2.85,2.7287955
train,2355,CC(C)C(C#N)(C(=O)O)C(C)C,2.56,2.489206
train,2356,CCSC(O)O,11.48,11.291836
train,2357,O=C[C@H](O)[C@H](O)[C@H](O)CO,12.0,11.758255
train,2358,CC(C(=O)NS(C)(=O)=O)c1ccc(OS(=O)(=O)C(F)(F)F)cc1,4.4,4.6877117
train,2359,CNc1nc(N)c(Br)c[nH+]1,5.72,5.873748
train,2360,O=C1CN=C2[NH2+]CCN12,6.82,6.8070116
train,2361,CCCCCCc1c(-c2ccccc2)[nH][nH]c1=O,8.6,8.603866
train,2362,C1C[NH+]2CCN1CC2,8.82,8.747176
train,2363,O=C(O)c1ccc(F)c2ccccc12,3.7,3.441909
train,2364,COC1=CC=CC(=O)[NH+]1C,0.91,1.1028373
train,2365,O=C(O)C(O)COP(=O)(O)O,1.42,1.5808258
train,2366,CN1CC[NH+]=C1c1ccccc1,10.7,10.524852
train,2367,CSc1ccc[nH+]c1,4.45,4.4870596
train,2368,CSc1ncc2[nH]c(C)nc2n1,9.58,9.427649
train,2369,Cc1ccc(-c2ccc[nH+]c2)s1,4.56,4.626808
train,2370,COc1ccc(C2=[NH+]CCN2)cc1,10.2,10.084986
train,2371,CCCc1c(-c2ccccc2)[nH]n(-c2ccccc2)c1=O,7.0,7.220605
train,2372,Cc1cnc2nc(O)ncc2n1,7.95,7.6770067
train,2373,COc1noc2c1C[NH+](Cc1ccccc1)CC2,6.0,5.9988937
train,2374,O=C(O)c1cnc2c(=O)[nH]c(=O)[nH]c2n1,2.09,1.8295431
train,2375,COc1cc(NS(C)(=O)=O)cc(OC)c1Oc1ccc(C#N)c(Cl)c1,8.5,8.674534
train,2376,CC(C)c1cccc(C(=O)O)c1,4.29,4.3375506
train,2377,CC(C)=C=CC(C)(C)C(=O)O,4.7,4.8152094
train,2378,COc1ccc(C(O)C[NH3+])cc1,9.02,9.002875
train,2379,C[NH+]1[C@@H]2CC[C@H]1C[C@@H](OC(c1ccccc1)c1ccccc1)C2,10.0,10.009483
train,2380,O=C(O)[C@H]1O[C@H]1C(=O)O,2.015,2.0791826
train,2381,O=C(O)C(Cl)Cl,1.335,1.4373746
train,2382,CCCCCCCCCCCCN(Cc1nn[nH]n1)c1ccccc1,4.92,4.801197
train,2383,c1c[nH+]c2c(c1)ccc1ncccc12,4.3,4.0911407
train,2384,Nc1ccc(S(=O)(=O)Nc2cccc(Cl)c2)cc1,8.28,8.300857
train,2385,COc1ccc2cccc([NH3+])c2c1,4.07,3.9763265
train,2386,CC(C)c1nn[nH]n1,5.55,5.4994793
train,2387,COc1cccc2c3c(c(C)[nH+]c12)CCN3c1ccccc1C,9.5,9.928551
train,2388,Cc1c([N+](=O)[O-])cc(C(=O)O)cc1[N+](=O)[O-],2.97,3.050534
train,2389,Nc1ccc([NH3+])c2ccccc12,5.87,5.74722
train,2390,CC(C)[N+](=O)[O-],7.71,7.3954554
train,2391,CC(=O)N(C)c1cc(C(=O)O)ccc1C(=O)O,2.85,2.8781555
train,2392,CC(=O)N(O)c1ccc(C#N)cc1,8.25,8.373434
train,2393,O=c1[nH]cc(F)c(=O)[nH]1,8.0,7.9512157
train,2394,Nc1cc(N)c2cccnc2c1O,10.83,10.739247
train,2395,CNc1cc[nH]c(=O)[nH+]1,4.53,4.716835
train,2396,NC(=O)CCCCCCCCC(O)=NO,9.49,9.416975
train,2397,Cn1nnc2nc(=O)[nH]c(N)c21,9.04,9.051456
train,2398,CP(C)(=O)O,3.1,3.109945
train,2399,COc1ccc(O)c(C=NNC(=S)Cc2ccccc2)c1,6.6,6.5167828
train,2400,Nc1nc2ccccc2c[nH+]1,4.83,4.738227
train,2401,Cc1cc(C)c(C(O)C(=O)O)c(C)c1,3.67,3.5261304
train,2402,CC(C)(C)C1CCn2nnnc2C(C(=O)O)C1,4.4,4.518552
train,2403,[NH3+]c1ccc(SC(F)(F)F)cc1,2.78,2.72806
train,2404,CC1CC[NH2+]CC1,11.23,11.149124
train,2405,NC(=O)CC[NH+]1CCC[C@H](OCc2cc(C(F)(F)F)cc(C(F)(F)F)c2)[C@@H]1c1ccccc1,6.5,6.5181713
train,2406,O=[As](O)(O)c1ccccc1O,4.04,4.320324
train,2407,Cc1ccc(S(=O)(=O)NCl)cc1,4.41,4.532072
train,2408,O=c1[n-]c2nc[n-]c(=O)c2[nH]c1=O,12.63,12.250629
train,2409,O=C(O)c1cnoc1,3.42,3.4593508
train,2410,CCCCS,10.77,10.775378
train,2411,O=C(O)[C@@]1(Cl)[C@@H]2CCC[C@@H]21,3.03,2.9602938
train,2412,COc1ccc(C(=O)O)c(C)c1,4.28,4.234808
train,2413,Cn1c(=O)c2ncc(C(=O)O)nc2n(C)c1=O,1.69,1.5709498
train,2414,CCC[NH+](CC)C(CC)C(=O)Nc1c(C)cccc1C,6.62,6.8147383
train,2415,CCNS(=O)(=O)c1ccc(N)cc1,10.7,10.655078
train,2416,Oc1ccc2ccccc2n1,11.74,11.560911
train,2417,CC1C=CC=C(C#N)[C@@H]1c1cccc2c1-c1cccc3c1[C@@H](C2)[NH+](C)CC3,7.3,7.1363277
train,2418,ONc1ccnc2ccccc12,6.71,6.3050804
train,2419,COc1ccc(O)c(C(=O)c2ccccc2)c1,9.53,9.643106
train,2420,Cc1cccc(=O)c(O)c1,7.26,7.114459
train,2421,O=c1ccccc(S)c1O,5.9,5.708297
train,2422,O=S1N=C(CCc2ccccc2)NO1,5.23,5.297367
train,2423,CC[C@H]1C[C@@H]1C(=O)O,4.46,4.618849
train,2424,O=C(O)/C=C/c1ccco1,4.29,4.365424
train,2425,c1ccc2c(c1)NCC[NH2+]2,4.48,4.4673495
train,2426,CCC1C(=O)c2ccccc2C1=O,6.5,6.393976
train,2427,N[N+](=O)[O-],6.55,6.535762
train,2428,CC1=C[NH+]2C=CC=CC2=C1,5.87,6.1400585
train,2429,O=C1CC(Cc2ccccc2)NC(=O)C1C(=O)Nc1ccc(C(F)(F)F)nc1,6.5,6.4264507
train,2430,CN(C)c1c[nH+]c2c(=O)n(C)c(=O)n(C)c2n1,-0.47,-0.20238066
train,2431,CCCCNC(=O)c1cccc2c(=Nc3ccc(NS(C)(=O)=O)cc3OC)c3ccccc3[nH]c12,6.36,6.3682985
train,2432,C[C@]1(c2cc(NC(=O)c3cnc(Cl)cn3)ccc2F)[NH+]=C(N)CO[C@@]1(F)C(F)(F)F,6.8,7.011361
train,2433,O=c1cc(O)[nH]c2ccccc12,5.9,5.823018
train,2434,COc1ccc([NH3+])cc1Br,4.08,4.0011053
train,2435,O=c1[nH]cc(Br)cc1Br,8.43,8.256598
train,2436,Cc1cc2[nH]c[nH+]c2cc1C,5.96,5.942437
train,2437,CCOC(=O)c1ccc(O)cc1,8.5,8.233888
train,2438,COc1ccc(-c2nnc(C(=O)N3CCC(Oc4ccc(CN5CC[NH+](C)CC5)cc4)CC3)o2)cc1,8.5,8.707502
train,2439,Cn1cnc2c(Cl)[nH+]cnc21,0.2,0.45936722
train,2440,COC(=O)CCc1ccc(OCC(O)C[NH2+]C(C)C)cc1,9.5,9.651957
train,2441,c1ccc(-c2cccc(-c3cccc[nH+]3)[nH+]2)nc1,3.28,3.308884
train,2442,O=C1CC(=O)NC(=O)N1,4.505,4.490115
train,2443,Cc1c(Br)c[nH+]n1C,0.91,0.8635644
train,2444,Nc1cc(O)cc2ccccc12,9.84,9.696939
train,2445,C=CC[NH+](C)CCOC(=O)C(=C)C,7.39,7.266568
train,2446,C/[NH+]=C(/SC)c1ccccc1,6.42,6.350176
train,2447,CCCCCCCC(O)=NO,9.19,9.23805
train,2448,CC(=O)N(C)c1nc2nc(C)[nH+]cc2cc1-c1c(Cl)cccc1Cl,4.2,4.047905
train,2449,NC(=O)CC(=O)O,3.64,3.725479
train,2450,O=c1[n-]c2[n-]c(=S)[nH]c(=O)c2[nH]c1=O,11.88,11.7034445
train,2451,COc1ccc(NC(=O)c2cccc(S(=O)(=O)N3CCOCC3)c2)c(C(=O)O)c1,3.12,2.934931
train,2452,N#CC(C#N)Cc1ccc(Cl)cc1,11.49,11.423069
train,2453,CC(=O)Nc1ccc(S(=O)(=O)N=c2[nH]ccs2)cc1,5.87,5.7123966
train,2454,C/C(=C\c1ccc(Cl)cc1)C(=O)O,4.86,4.843974
train,2455,O=C(O)c1ccccn1,5.32,5.485258
train,2456,OC(O)(C(F)(F)Cl)C(F)(F)Cl,6.67,6.585088
train,2457,Cn1c(=O)c2c([nH]c(=O)n2C)n(C)c1=O,6.0,5.8851566
train,2458,CCNC(=O)NS(=O)(=O)c1ccc([N+](=O)[O-])cc1,4.03,3.9402707
train,2459,c1c[nH]nn1,9.26,9.190441
train,2460,CC1CC(C)C(=O)CC1=O,5.62,5.709647
train,2461,C[NH+]1C2=CCCC1CCC2,8.8,8.718711
train,2462,COc1cc(N)c(Cl)cc1C(=O)NC1CC[NH+](Cc2ccccc2)CC1,8.59,8.555618
train,2463,COC(=O)c1ccc([N+](=O)[O-])c(O)c1,6.15,6.25451
train,2464,OCc1cccc(CO)c1O,9.66,9.659332
train,2465,CCC(=O)NO,9.46,9.244701
train,2466,CC(=O)CC(=O)Nc1ccc([N+](=O)[O-])cc1,9.65,9.451382
train,2467,O=c1[nH]cc(S)c(=O)[nH]1,5.3,5.321349
train,2468,O=C1CC2(C(=O)N1)c1ccccc1-c1ccccc12,7.72,7.689149
train,2469,Cc1cccc(C)c1NN=C(C#N)C#N,6.6,6.7537518
train,2470,Cc1ccc2ccccc2[nH+]1,5.7,5.446517
train,2471,COc1cccc(-c2cn(Cc3c(F)cccc3C(F)(F)F)c(=O)n(C[C@H]([NH2+]CCCC(N)=O)c3ccccc3)c2=O)c1F,7.65,7.5563154
train,2472,CC(C)[NH+](CC1CO1)CC1CO1,7.07,7.3323126
train,2473,O=C([O-])CC1(CC(=O)O)CCCC1,6.77,7.1113567
train,2474,CCCCCCCCc1c(-c2ccccc2)[nH]n(-c2ccccc2)c1=O,7.5,7.6607933
train,2475,C[NH2+]C(C)Cc1ccccc1,9.87,9.877911
train,2476,Cn1c(=O)nc2sc(S(N)(=O)=O)nn2c1=O,7.3,7.275652
train,2477,O=[N+]([O-])Cc1ccc([N+](=O)[O-])cc1,5.89,5.8785467
train,2478,COc1ccccc1OCC[NH2+]CC(O)COc1cccc2[nH]c3ccccc3c12,8.635,8.810786
train,2479,Nc1ccc(S(N)(=O)=O)cc1,10.455,10.356099
train,2480,C[NH+](C)Cc1ccccc1C(=O)N(CCc1ccc(Cl)cc1)C1CCC2(CC1)OCCO2,8.4,8.412136
train,2481,OP(O)O,1.8,1.7499745
train,2482,ClC12CC[NH+](CC1)CC2,8.78,8.589607
train,2483,CCOC(=O)c1ccc(O)c(O)c1,8.08,8.0868635
train,2484,Cc1ccc(C(=O)N(C)O)cc1,8.46,8.645811
train,2485,Cn1cnc(=S)c2[nH]c[nH+]c21,1.69,1.79826
train,2486,C[NH+](c1ccccc1)C1CCCC1,6.71,6.4982224
train,2487,CC(=O)N(C)c1ccc[nH+]c1,3.52,3.4491842
train,2488,COc1ccc(O)c(C(C)=O)c1,10.5,10.294435
train,2489,O=C(c1nnc(-c2ccccc2)o1)N1CCC(Oc2ccc(C[NH+]3CCC(O)C3)cc2)CC1,8.9,8.994805
train,2490,COc1cc(NS(C)(=O)=O)ccc1N=c1c2ccccc2[nH]c2cc(C(C)C)ccc12,7.66,7.7315845
train,2491,O=C(O)Cn1cccc1,3.3,3.1812794
train,2492,Cc1c(Cl)nc[nH+]c1O,-1.11,-0.85118496
train,2493,Brc1nccc[nH+]1,-1.63,-1.3882626
train,2494,O=C(c1cccc([O-])c1)c1ccc([O-])cc1O,12.2,12.273125
train,2495,C/C=C/C=C/C(=O)O,4.5625,4.846531
train,2496,Nc1nc(O)ncc1NC=O,10.87,10.73228
train,2497,C[C@@H]1[NH+]=CNc2ccccc21,9.15,9.031125
train,2498,OC(O)(C(F)(Cl)Cl)C(F)(Cl)Cl,6.42,6.3336163
train,2499,O=C(O)c1ccncc1C(=O)O,2.69,2.490894
train,2500,CC(C)(O)CCSc1ccc(S(N)(=O)=O)cc1,10.0,10.023405
train,2501,O=C(O)CCC(=O)O,4.13,4.010907
train,2502,CS(=O)(=O)c1cc(C(=O)O)cs1,3.53,3.5901113
train,2503,CCOC(O)OCC,11.48,11.237734
train,2504,Cc1csc(S(N)(=O)=O)n1,8.35,8.278895
train,2505,Sc1cnnc2ccccc12,7.09,6.9401064
train,2506,O=C(O)[C@]12CC[C@](Br)(CC1)C2,4.356,4.4569073
train,2507,O=C(O)/C=C\c1cccc(Cl)c1,3.71,3.8067317
train,2508,Cn1ccc[nH+]c1=S,1.66,1.7733786
train,2509,Cc1cc([N+](=O)[O-])c(C(C)C)c(O)c1[N+](=O)[O-],4.1,3.9686604
train,2510,CP(=O)(O)NCc1ccccc1,2.7,2.417081
train,2511,Cn1c(=O)cn[nH]c1=S,8.12,8.079072
train,2512,CCC(C)(CC(C)C)OO,12.8,12.711171
train,2513,CC(C)c1csc(C(=O)O)c1,3.62,3.604647
train,2514,COc1ccc(C(=O)N(O)c2ccccc2)cc1,8.15,8.265352
train,2515,COc1ccc2c3c1OC1C(=O)CC[C@H]4[C@@H](C2)[NH+](C)CC[C@]314,8.05,8.162244
train,2516,O=C(O)CCCC(=O)NO,4.6,4.736909
train,2517,Cn1c(=O)c(=O)[nH]c2c(=O)[nH]c(=S)[nH]c21,2.0,2.016322
train,2518,C[NH+]1[C@@H]2CC[C@H]1C[C@@H](OC(=O)c1c[nH]c3ccccc13)C2,8.4,8.357605
train,2519,Brc1ncc[nH]1,11.03,10.90533
train,2520,[NH2+]=C1C=CC(=C2C=CN(O)C=C2)C=C1,3.64,3.350744
train,2521,CC(C)[NH2+]CC(O)COc1ccc(CC(N)=O)cc1,9.555,9.574749
train,2522,Cc1ccc2ccc3ccc(C)[nH+]c3c2n1,6.17,6.1218224
train,2523,C1C[NH2+]C1,11.29,11.176458
train,2524,O=C(NO)c1ccc(Cl)cc1,8.58,8.580723
train,2525,COc1ccc2c3c1O[C@H]1CCC[C@H]4[C@@H]([C@H]2O)[NH+](C)CC[C@]314,7.71,7.8575573
train,2526,O=C(O)CCCC1CCOC1=O,4.75,4.8229704
train,2527,O=C1CCC(c2ccccc2)=[NH+]N1,1.41,1.4723877
train,2528,C[NH+]1CC1,7.86,7.507744
train,2529,O=CNCC(=O)O,3.43,3.4572735
train,2530,Cn1c([O-])c2ncnc-2[nH]c1=O,12.0,11.7031975
train,2531,CN1CC[NH+](C(c2ccccc2)c2ccccc2)CC1,8.16,8.282572
train,2532,O=C(O)CN(CC(=O)O)c1ccccc1,2.34,2.380176
train,2533,CCCCCCCCOCC[NH+](C)C,8.87,8.828934
train,2534,N#Cc1ccc(NS(=O)(=O)c2ccccc2)cc1,6.7,6.932784
train,2535,CC(=O)N1CCN=C1[NH3+],9.06,8.868933
train,2536,CC(C)C(O)=C1C(=O)c2ccccc2C1=O,3.2,3.0072448
train,2537,O=C(O)CCCCBr,4.72,4.676757
train,2538,COc1cc(NS(C)(=O)=O)ccc1N=c1c2ccccc2[nH]c2cc(CCC(N)=O)ccc12,7.5,7.5396757
train,2539,O=C(O)/C=C/c1ccccc1F,4.28,4.3443336
train,2540,CCc1c(-c2ccccc2)[nH][nH]c1=O,7.8,7.6538305
train,2541,O/N=C/c1ccc(Br)cc1,10.59,10.438902
train,2542,O=C(O)C(S)Cc1ccccc1,3.56,3.5333831
train,2543,CC([NH2+]C(C)(C)C)C(=O)c1cccc(Cl)c1,8.6,8.626549
train,2544,Cn1c(CO)[nH+]c2ccccc21,4.36,4.405551
train,2545,CC(=O)c1cccc(NS(=O)(=O)C(F)(F)F)c1,3.75,3.75754
train,2546,Cc1cc2[nH+]cn(C)c2cc1C,6.0,6.00749
train,2547,Cn1ncc(=O)[nH]c1=O,6.99,6.86353
train,2548,CC(C)Oc1cccc2c1[NH+]=C(NCC(F)F)NC2C,10.2,10.266211
train,2549,CCn1c[nH+]cn1,2.39,2.398211
train,2550,ON=Cc1ccns1,8.6,8.484641
train,2551,CCC[NH+]1CCN(c2cccc(OC)c2)CC1,7.86,7.8328753
train,2552,c1ccc(-c2nc3c[nH]cnc-3[nH+]2)cc1,2.66,2.7488854
train,2553,COc1c([NH3+])ccccc1=O,2.89,2.8205585
train,2554,Oc1ccccc1,9.99,9.714979
train,2555,CC(=O)c1cc(C(C)=O)[nH]n1,8.98,8.857741
train,2556,Clc1cc2[nH]cnc2c[nH+]1,2.7,2.8850102
train,2557,Cc1oc2c(O)ccc(C)c2c1C,9.37,9.13677
train,2558,CC(C)(C)c1ccc(C(O)CCC[NH+]2CCC(C(O)(c3ccccc3)c3ccccc3)CC2)cc1,8.6,8.358182
train,2559,C[NH+](C)CC(F)(F)F,4.75,4.5178394
train,2560,Cc1cc2[nH]c(C(=O)N(C)C)cc(=[NH+]Cc3c(C)cccc3C)c2[nH]1,7.3,7.4528017
train,2561,COC(=O)c1ccc(O)cc1,8.346666,8.34931
train,2562,O=C(O)CS(=O)(=O)c1ccccc1,2.4765,2.5484006
train,2563,Nc1ccc2[nH+]c3cc(N)ccc3cc2c1,8.06,8.247723
train,2564,Cc1cccc2ccc[nH+]c12,4.91,4.7193584
train,2565,Clc1[nH]c2ccccc2[nH+]1,2.1,2.0233753
train,2566,O=C(O)[C@H](O)[C@@H](O)[C@H](O)[C@H](O)CO,3.64,3.626891
train,2567,O=C(O)c1cccc(C(=O)O)[n+]1[O-],2.02,2.1032553
train,2568,CC(NC(=O)c1[nH]ccc(=O)c1O)C(=O)NCc1ccccc1,6.0,6.0040855
train,2569,CC[NH+](c1ccccc1)C(C)(C)C,8.02,8.021336
train,2570,Fc1cc(F)c2[nH]cnc2c1F,9.9,9.728786
train,2571,S=CNc1ccccc1Cl,10.03,9.969997
train,2572,CCC[NH3+],10.675,10.375666
train,2573,Cc1ccc(C(O)(O)C(F)(F)F)cc1,10.15,10.139759
train,2574,CNC(=O)CNC(=O)c1cccc2c(=Nc3ccc(NS(C)(=O)=O)cc3OC)c3ccccc3[nH]c12,6.2,6.0415525
train,2575,CS(=O)(=O)c1ccc(C(=O)O)cc1,3.52,3.5562265
train,2576,Cc1ccc(OCC(=O)O)cc1,3.185,3.223447
train,2577,Cc1ccc(C)c(P(=O)(O)O)c1,2.1,2.3489437
train,2578,O=c1cccccc1S,5.89,5.7759275
train,2579,Cc1cc(NC(=O)C2CCOC2)no1,11.05,11.2689
train,2580,Nc1nn[nH]c1C(=O)O,4.23,4.265205
train,2581,Oc1ccc2[nH+]ccnc2c1,1.4,1.5607287
train,2582,Cc1[nH][nH+]cc1Cl,1.42,1.5824142
train,2583,[NH3+]Nc1c[nH+]c2ccccc2c1,2.47,2.5687792
train,2584,c1ncc2n[nH]nc2n1,4.89,4.818287
train,2585,[H]/[NH+]=C(N)\N=C(\N)O,8.0,7.9642916
train,2586,ClC(Cl)(Cl)c1[nH]c2ccccc2[nH+]1,0.3,0.19495931
train,2587,CC1C2c3ccccc3C(c3ccccc32)C1C[NH+](C)C,8.99,9.048139
train,2588,CC1=C/C(=N\c2cc(Cl)c(O)c(Cl)c2)C=C(Cl)C1=O,5.5,5.622182
train,2589,CCc1ccc(C(C)C)cc1O,10.61,10.505074
train,2590,O=C([O-])/C=C\C(=O)O,6.23,6.7758503
train,2591,O=C(NCCCC[NH+]1CCN(c2cccc(OCCF)c2)CC1)c1ccc2nonc2c1,7.47,7.616702
train,2592,c1ccc(CSc2c[nH]nn2)cc1,8.2,8.128107
train,2593,O=C1CCc2ccccc2N1CCC[NH+]1CCC(n2c(=O)[nH]c3ccccc32)CC1,7.6,7.5058126
train,2594,Cc1c(O)ncnc1Cl,7.79,7.6628637
train,2595,O=C1C[C@@H](C(=O)O)[C@H](C(=O)[O-])O1,3.95,4.075979
train,2596,Cc1cc(N=C2C=C(Br)C(=O)C(Br)=C2)cc(C)c1O,5.4,5.2997684
train,2597,C[C@H]1[C@](Cl)(C(=O)O)[C@]1(C)C(=O)O,2.91,2.9618294
train,2598,O=C(O)CCC1CCCC1=O,4.71,4.7431297
train,2599,O=C(Cc1ccncc1)c1cccc(Cl)c1,11.73,11.717466
train,2600,Cc1cc(O)c(O)c(C)c1O,10.3,10.075071
train,2601,CCCC(CC)(C(=O)O)C(=O)O,2.15,1.9887447
train,2602,Nc1cccc2c1C(O)(OO)N=NC2=O,10.4,10.380148
train,2603,Nc1cccc2[nH+]cccc12,5.46,5.147832
train,2604,Cn1c(Br)nc2c(=O)[nH]c(=O)[nH]c21,5.45,5.4756136
train,2605,CC(C)[C@H]([NH3+])C(N)=O,8.0,8.092944
train,2606,CCOC(=O)N1CCC(=C2c3ccc(Cl)cc3CCc3ccc[nH+]c32)CC1,4.58,4.543475
train,2607,O=Cc1ccc(O)c(O)c1,7.21,7.250901
train,2608,CC(C)(C)OC(=O)NC(CCC(N)=O)C(=O)O,3.66,3.609092
train,2609,CC(C)=CCC1C(=O)C(C(=O)CC(C)C)C(=O)C(CC=C(C)C)(CC=C(C)C)C1=O,6.18,6.405287
train,2610,C[NH+]1CCC(=C2c3ccccc3CC(=O)c3sccc32)CC1,8.24,8.083253
train,2611,Nc1c(C(=O)O)[nH]c(=O)[nH]c1=O,2.63,2.666692
train,2612,O=C(/C=N/O)c1ccncc1,7.8,7.803236
train,2613,CCOC(=O)c1ccc(OS(N)(=O)=O)cc1,8.22,8.007245
train,2614,Cc1noc(C2=CCC[NH2+]C2)n1,8.24,8.099172
train,2615,CN(C(=O)c1ccccc1)c1cccc[nH+]1,1.44,1.4265164
train,2616,CN(O)C(=O)c1cc([N+](=O)[O-])cc([N+](=O)[O-])c1,7.41,7.250983
train,2617,NS(=O)(=O)c1ccc(SCCCO)c(F)c1,9.64,9.515982
train,2618,O=C(O)c1nccc[nH+]1,-1.13,-1.039712
train,2619,Cc1cc(O)c(O)cc1O,10.0,9.930566
train,2620,Oc1cc(F)c(F)cc1F,7.37,7.213752
train,2621,O=[N+]([O-])c1c(O)c([N+](=O)[O-])c(Cl)c([N+](=O)[O-])c1O,1.13,1.28078
train,2622,Clc1cc2[nH]cnc2cn1,10.19,10.019411
train,2623,CCC(=O)c1ccc(O)cc1,7.95,7.8063126
train,2624,CC(C)=CC(=O)C=NO,8.9,8.696112
train,2625,CCCCCCCCCCCCCCC[NH3+],10.61,10.500544
train,2626,O=C1CCCC(=O)C1,5.15,5.158456
train,2627,Nc1cc(O)ccc1O,10.05,10.021883
train,2628,Fc1cccc(CN(Cc2nn[nH]n2)c2ccccc2)c1,4.19,4.1857157
train,2629,Nc1nc(N)c(Br)c(N)[nH+]1,5.17,5.1778803
train,2630,O=C(O)c1cccc[n+]1[O-],3.545,3.64821
train,2631,Cc1nc2cnc(O)nc2n(C)c1=O,7.41,7.3018923
train,2632,O=C(O)c1cc(Br)c[nH]1,4.06,3.9467204
train,2633,COc1ccc2c3c1OC1C(=O)CC[C@@]4(O)[C@@H](C2)[NH+](C)CC[C@]314,8.815,8.641597
train,2634,O=C(O)CCSSCCC(=O)O,3.9,4.0243044
train,2635,Cc1cc(C)c(CO)c(C)[nH+]1,7.1,7.1536274
train,2636,NS(=O)(=O)Oc1ccc(Br)cc1,7.92,7.808443
train,2637,CC1(c2cc(NC(=O)c3ccc(Cl)cn3)ccc2F)[NH+]=C(N)c2ccccc2O1,7.3,7.5262337
train,2638,NS(=O)(=O)c1cnc2ccccc2c1,9.39,9.336648
train,2639,Cc1ccc(C(C)(C)C)c(O)c1,11.52,10.921616
train,2640,Cc1cc2nc[nH]c2cc1C,12.52,12.384224
train,2641,On1nnc2ccc(Cl)cc21,4.15,4.0403147
train,2642,CC(C)Cc1ccc(C(C)C(=O)O)cc1,4.812857,4.559867
train,2643,NC(=O)c1cnc2[nH]c(=O)[nH]c(=O)c2n1,7.0,6.966717
train,2644,CCCCCCCC[NH+](CC(C)O)CC(O)CC,8.1,8.219406
train,2645,CC1=N[NH2+]C(C)=C1C,4.63,4.763793
train,2646,C[C@H]([C@H](O)c1ccccc1)[NH+](C)C,9.76,9.594566
train,2647,COc1ccc(I)cc1C(=O)N[C@@H]1C[C@H]2CC[C@@H](C1)[NH+]2Cc1ccccc1,8.79,8.9328985
train,2648,CCOc1cc(C)nc(-n2[nH]c(C)cc2=O)n1,7.35,7.3226004
train,2649,C[NH2+]c1ccc(C(=O)OC)cc1,2.32,2.2728271
train,2650,COc1ccc(C([NH3+])=O)cc1,-1.15,-1.0112941
train,2651,CN(C)c1ccc(C(=O)NN)cc1,13.05,12.908359
train,2652,CC(=O)NC(CSc1ccc(Br)cc1)C(=O)O,3.81,3.7366748
train,2653,Cc1cnc2c(cc(C)c3ccc[nH+]c32)c1C,5.91,5.810585
train,2654,CC1C[C@H](C)CC([C@H](O)CC2CC(=O)NC(=O)C2)C1=O,11.2,11.345222
train,2655,Cc1c[nH+]cc(C)n1,2.2,2.1755085
train,2656,Oc1ccc2c(C(F)(F)F)cccc2c1,9.08,9.041616
train,2657,C[NH+](C)CC(CSCc1ccccc1)SCc1ccccc1,7.3,7.0482864
train,2658,Cc1c[nH+]ccn1,1.46,1.490586
train,2659,O=C1C=C(O)C(=O)c2ccccc21,4.0,3.970291
train,2660,C=CCN(CC)C(=O)[C@@]1(c2ccsc2)C[C@H]1C[NH3+],9.5,9.363685
train,2661,Cc1[nH]ccc2c1[nH]c1cc(=O)ccc12,9.51,9.194217
train,2662,[NH3+]c1cccc(S(=O)(=O)C(F)(F)F)c1,1.79,1.7778316
train,2663,c1cc2c(cc1C[NH+]1CCCC1)OCO2,9.7,9.713951
train,2664,O=C(c1cccc([N+](=O)[O-])c1)N(O)c1ccccc1,7.67,7.6154356
train,2665,Cc1ccc(C(=O)S)cc1,2.6,2.5138292
train,2666,COc1cc(Cl)[nH+]c(Cl)c1,-1.36,-1.1533833
train,2667,O=C(O)C1CC(C(=O)O)C1,4.03,4.092231
train,2668,O=C(O)CSc1cccc(F)c1,3.513,3.4459126
train,2669,Oc1ccc2ccc3ccccc3c2c1,9.28,9.275894
train,2670,Fc1ccc(S)cc1,6.2,6.069254
train,2671,CC(C)c1cc[nH+]cc1,6.02,6.0617485
train,2672,c1ccc2c(c1)C1c3ccccc3C2C2C[NH2+]CC12,10.18,10.212723
train,2673,Cc1ccc(C(=O)O)c([NH3+])c1,2.35,2.3224313
train,2674,NC(=O)c1cccc(O)c1,9.3,9.059889
train,2675,Nc1cccc2c(O)cccc12,9.7,9.458085
train,2676,Nc1[nH]cc[nH+]1,8.46,8.342982
train,2677,CSc1[nH+]cnc2nccnc12,2.53,2.6873398
train,2678,c1cc(C2CCC3(CC2)CCC2(OC3)C3CC4CC(C3)CC2C4)ccc1OCC[NH+]1CCOCC1,6.82,6.696844
train,2679,O=C([O-])c1ccc(P(=O)(O)O)cc1,4.37,4.5259514
train,2680,Cc1ccc(/N=N/c2ccc([NH+](C)C)cc2)cc1,2.31,2.4558184
train,2681,Cc1noc(C2=CCC(C)[NH2+]C2)n1,8.2,8.031214
train,2682,CC(=O)N(O)c1ccc([N+](=O)[O-])cc1,8.37,8.350047
train,2683,CC(=O)O[C@H]1C=C[C@H]2[C@H]3Cc4ccc(O)c5c4[C@@]2(CC[NH+]3C)[C@H]1O5,8.19,8.380828
train,2684,COc1nc(NC(C)=O)nc2[nH+]ccnc12,1.95,2.027434
train,2685,C1=NCc2[nH+][nH]nc2N1,5.6,5.7564383
train,2686,O[C@H](c1ccccc1)[C@@H]1CCCC[NH2+]1,9.77,9.810926
train,2687,Cn1c(=S)nc(O)c2nc(O)cnc21,4.93,4.9924765
train,2688,O=C([O-])c1cc(C(=O)[O-])c(C(=O)[O-])c(C(=O)O)c1,5.81,5.7792416
train,2689,O=c1[nH]c2ccccc2c(=O)o1,8.25,8.081853
train,2690,O=C(O)CSc1ccc(C(=O)O)cc1,3.19,3.226733
train,2691,O=C(O)C([N+](=O)[O-])([N+](=O)[O-])[N+](=O)[O-],-2.7,-2.2246006
train,2692,O=C1C(=NS(=O)(=O)c2ccccc2)C(c2ccccc2Cl)C(=O)c2ccccc21,4.9,4.710555
train,2693,Nc1cnc2nc[nH+]cc2n1,4.13,3.9732296
train,2694,C[C@@H](O)C[NH2+]C(C)(C)C,10.0,10.094204
train,2695,C[NH+]1CCN(C(=O)c2ccccc2)CC1,6.78,6.86405
train,2696,CC[NH+]1CCCC=C1C,11.57,11.709585
train,2697,CCOC(=O)C1C(CN2CCOCC2C(=O)O)=NC(c2nccs2)=N[C@H]1c1cccc(F)c1Cl,5.7,5.5459547
train,2698,Cc1nc2cc[nH+]cc2nc1C,3.28,3.148987
train,2699,O=C(O)c1cc(Cl)co1,2.69,2.755407
train,2700,O=[N+]([O-])c1ccc(S)cc1,4.5,4.4033194
train,2701,OCCS,9.61,9.390423
train,2702,NNS(=O)(=O)c1ccc(Br)cc1,10.36,10.3695545
train,2703,Cc1[nH+]c(C)c(C)s1,4.55,4.5191746
train,2704,[NH3+][C@H]1CCc2ccccc21,9.21,8.974848
train,2705,Cc1cc(=S)[nH]c[nH+]1,1.8,1.7026851
train,2706,CCC(Br)C(=O)O,2.97,2.9641874
train,2707,Nc1[nH]c2n[nH]nc2c(=O)[nH+]1,1.04,1.1167274
train,2708,N#Cc1ccc(Cc2c3ccccc3[nH+]c3ccccc23)cc1,5.93,6.184222
train,2709,O=C(O)CC1=CCCCC1,4.6,4.6012964
train,2710,O=C1CCCN1,14.7,14.390188
train,2711,O=C(Nc1ccccc1C(F)(F)F)c1cn(-c2ccccc2)c(O)c1O,5.87,5.9129505
train,2712,COC(=O)N1CCc2c(s[nH]c2=O)C1,7.3,7.3305902
train,2713,O=C(O)[C@H]1CC[C@H]1C(=O)O,4.18,4.016678
train,2714,O=c1ccc(S(=O)(=O)c2ccccc2)n[nH]1,7.1,7.020545
train,2715,[NH3+]S(=O)(=O)c1n[nH]c(=NS(=O)(=O)c2ccccc2)s1,3.2,3.3724315
train,2716,CNc1cc[nH+]cc1C,9.81,9.94726
train,2717,CC(=O)c1ccc(CC(=O)O)s1,3.8,3.7485905
train,2718,[NH2+]=CN1C2CC(OC(=O)C(CO)c3ccccc3)CC1C1OC12,9.78,9.871243
train,2719,NC(=O)c1ccccc1C(=O)O,3.75,3.8499339
train,2720,COc1ccc([S+]([O-])CC(=O)O)cc1,2.754,2.8464937
train,2721,N#CC(=NO)c1ccc(Sc2cc(F)cc(C3CCOCC3)c2)cc1,6.2,6.0532703
train,2722,O=C(C=Cc1c[nH]c[nH+]1)OCCCl,4.8,4.7587996
train,2723,COc1ccc(-c2nnc(C(=O)N3CCC(Oc4ccc(C[NH+]5CCOCC5)cc4)CC3)o2)cc1,6.5,6.812401
train,2724,Cc1nsnc1C=NO,9.61,9.495028
train,2725,Cc1cn2nc(-c3ccccc3)cc(C)c2[nH+]1,5.3,5.39357
train,2726,CCn1nnc(CC(=O)O)n1,3.45,3.3819547
train,2727,CCC[NH+](CCC)CCC,10.47,10.612534
train,2728,COc1ccc(C(C#N)[NH+]2CCCC2)cc1OC,4.3,4.0308113
train,2729,Cc1nc2ccccc2[nH]c1=O,9.9,9.612932
train,2730,Oc1coc(CCl)cc1=[OH+],-1.71,-1.6689975
train,2731,C#CC(C)(C)[NH+](C)C(C)(C)C#C,6.65,6.490262
train,2732,O=C(c1cccc(O)c1)c1ccc(O)cc1O,7.02,7.226823
train,2733,Oc1c(I)cc(Cl)c2cccnc12,8.16,8.001059
train,2734,O=C(O)CN(CC(=O)O)c1ccccc1C(=O)O,2.34,2.171973
train,2735,CC/C(C)=N/O,12.45,12.20328
train,2736,Oc1ccc2cn[nH]c2c1,9.35,9.25556
train,2737,c1ccc(N=C2NCCN2)[nH+]c1,9.45,9.53879
train,2738,CC(C)(C)n1ccc[nH+]1,2.0,1.9224123
train,2739,CN(C)c1nc2cncnc2[nH]1,9.73,9.536324
train,2740,O=S(=O)(O)c1cccc2c(S(=O)(=O)O)cccc12,-3.58,-3.2789938
train,2741,FC(F)(F)c1[nH]c2ccccc2[nH+]1,0.6,0.35803935
train,2742,C[NH2+]C(C)=O,-0.46,-0.8949584
train,2743,O=C1[NH2+]C(Cl)=CC2=C1CCC2,0.13,0.16635585
train,2744,CC(C)C1=C(O)C(=O)CC1=O,3.5,3.5921657
train,2745,Oc1cccc2c1Nc1ccccc1N2,10.88,10.960869
train,2746,Nc1ccc(S(=O)(=O)N=c2cncc[nH]2)cc1,6.04,5.9225435
train,2747,C1CC[C@H]([C@@H]2CCCC[NH2+]2)NC1,10.16,10.107794
train,2748,CCC1C(=O)C(CC)C1=O,3.5,3.4465778
train,2749,Nc1ccc(S(=O)(=O)Nc2cc(Cl)cc(Cl)c2)cc1,7.54,7.6783123
train,2750,Cc1nnc(C)n1O,6.5,6.486969
train,2751,CC1=Nc2nccnc2C(O)N1,11.96,11.96364
train,2752,CC(C)c1cccc(C(C)C)c1NC1=[NH+]CCN1,10.65,10.6924
train,2753,O=C(O)Cc1ccoc1,4.07,4.0406075
train,2754,CCNC(=O)C1CCCC[NH2+]1,8.6,8.55766
train,2755,CCCCC[NH2+]Cc1ccc(C)cc1,10.08,10.045299
train,2756,c1c[nH+]cc(-c2cccs2)c1,4.62,4.471985
train,2757,Cc1cc(N[NH3+])[nH+]c2ccccc12,2.8,2.8801103
train,2758,c1cc2c(cc1C[NH+]1CCOCC1)OCO2,7.0,6.9942675
train,2759,C(=C/c1ccccc1)\CN1CC[NH+](C(c2ccccc2)c2ccccc2)CC1,7.47,7.552189
train,2760,O=C(O)c1ccccc1Oc1ccccc1,3.53,3.4689312
train,2761,O[C@H]1NC(=S)Nc2nccnc21,9.72,9.661874
train,2762,Cc1cc(F)ccc1-c1c(Oc2ccc(/C=C/C(=O)O)cc2)c2ccccc2oc1=O,5.3,5.391363
train,2763,O=C1CC(Cc2ccccc2)NC(=O)C1C(=O)Nc1ccc(Nc2ccccc2)cc1,6.5,6.320386
train,2764,CCCCCCCCCCCC[NH+]1CCOCC1,7.6,7.747513
train,2765,COc1cc(S(C)(=O)=O)cc(C(=O)N[C@@H]2C[C@H]3CC[C@@H](C2)[NH+]3Cc2ccccc2)c1OC,8.92,8.98073
train,2766,Cc1nnc(NS(=O)(=O)c2ccc(N)cc2)[nH]1,5.45,5.3125343
train,2767,[NH2+]=c1[nH]cc[nH]1,8.46,8.377978
train,2768,O=[N+]([O-])C(F)[N+](=O)[O-],7.7,7.811078
train,2769,CCNC(=O)NS(=O)(=O)c1ccc(Cl)cc1,4.49,4.5852423
train,2770,CC(=NO)C(CO)=NO,10.1,9.96069
train,2771,Cc1[nH]n(C)c(=O)c1Cc1ccccc1,10.9,10.867387
train,2772,O=C(O)Cc1c(-c2ccccc2)ccc2ccccc12,6.9,6.873995
train,2773,C1C[NH2+]CCN1,9.73,9.522405
train,2774,O[C@H]1NC=[NH+]c2ccc(Cl)cc21,7.15,7.150399
train,2775,CN(C)c1nccc(S)n1,8.02,7.896405
train,2776,N#Cc1ccc(/C=N/O)cc1,10.07,9.9324665
train,2777,COC(O)(c1ccccc1)n1ccnc1,10.18,10.07762
train,2778,CNc1nc(N)cc(Cl)[nH+]1,3.79,3.8110769
train,2779,C=CCC(C)(C[NH+](CC)CC)OC(=O)CC(C)C,8.1,8.252664
train,2780,Cc1ccc2nc3ccc([NH3+])cc3nc2c1,4.8,4.8588066
train,2781,C[NH+]1C=CC=C2C(=O)C=CC=C21,6.09,5.9980965
train,2782,Cn1c(C(=O)[O-])cc(=O)[nH]c1=O,9.82,9.6345005
train,2783,COc1cc(C(C#N)N2CC[NH+](C)CC2)cc(OC)c1OC,7.6,7.609741
train,2784,C[C@@H](O)C(=O)NO,9.35,9.265902
train,2785,C[C@@]1(C(=O)O)C[C@@]1(C(=O)O)c1ccccc1,3.84,3.879258
train,2786,CC1[NH2+]CNc2nccnc21,6.74,6.630622
train,2787,O[C@H]1[C@H](O)[C@@H](n2c[nH+]c3ccccc32)OC[C@@H]1O,3.92,3.951811
train,2788,O=C(O)/C=C/c1ccc2c(c1)OCO2,4.6,4.7715015
train,2789,[H]/N=c1/[nH+]cc(OC)cn1C,11.44,11.2129135
train,2790,Cn1c(=O)c[nH+]c2cnc(N)nc21,2.05,2.1928263
train,2791,CNC(=O)COc1cccc2c(=Nc3ccc(NS(C)(=O)=O)cc3OC)c3ccccc3[nH]c12,7.35,7.3671465
train,2792,CO[C@H]1CC1C(=O)O,4.615,4.591523
train,2793,Clc1cc2[nH+]c(Cl)nc-2c[nH]1,1.35,1.6029364
train,2794,CC(C)(C)C(=O)O,5.03,5.238247
train,2795,O=c1c(O)c(-c2ccc(O)cc2)c1=O,1.85,2.0338454
train,2796,CC(C)(C(=O)O)C(=O)C(=O)[O-],4.62,4.6189537
train,2797,Oc1ccc(O)n1O,6.04,5.999591
train,2798,CCCCCCCCCC(=O)O,4.895,4.876836
train,2799,CC(C)C(C(C)C)[NH+](C)C,10.06,10.065583
train,2800,CC(=O)C(=NO)c1ccccc1,8.85,8.653821
train,2801,O=C(CCC[NH+]1CCC(O)(c2ccccc2)CC1)c1ccccc1,8.4,8.329664
train,2802,Oc1cnc2ccccc2c1,8.06,8.1043415
train,2803,CC[N+](=O)[O-],8.62,8.281924
train,2804,Nc1[nH+]c(N)c(Br)c(N)[nH+]1,-0.3,-0.099139094
train,2805,COc1cc[nH+]c(N)n1,5.53,5.5673695
train,2806,O=C(NO)c1cccc2ccccc12,7.7,7.7664404
train,2807,CS(=O)(=O)Nc1cc[nH+]cc1,3.64,3.6711817
train,2808,C[NH+]1C2COCC1CC(NC(=O)N1CC(C)(C)c3ccccc31)C2,7.1,7.0997953
train,2809,Cc1cc(O)cc(C)c1Cl,9.706,9.56131
train,2810,CN(C)c1nc(N)c2ncc(S)nc2n1,7.42,7.212514
train,2811,Nc1cc(O)cc(O)c1,9.23,9.20531
train,2812,CC(C)[NH2+][C@H](c1ccccc1)[C@H](O)c1ccccc1,11.79,12.010111
train,2813,C[NH+](C)c1cccc(C(F)(F)F)c1,3.27,3.2163458
train,2814,[NH2+]=c1cc[nH]c(-c2cccc(Cl)n2)c1,7.7,7.487793
train,2815,CC1(C)O[C@H]2CC(=O)OC[C@@]23[C@H]1CC(=NOCC[NH+]1CCOCC1)[C@@]1(C)C2=CC(=O)O[C@@H](c4ccoc4)[C@]2(C)CC[C@@H]13,6.84,6.7932644
train,2816,CSc1cccc2c(C)cc(C)[nH+]c12,4.88,4.6785097
train,2817,O=C(Oc1ccc(Cl)cc1)C1c2ccccc2-c2ccccc21,10.32,10.240175
train,2818,C/C(=N\O)C(=O)NCC(=O)O,3.49,3.439298
train,2819,COc1ccc[nH+]c1C=O,3.89,3.9960158
train,2820,CNc1nc2[n-]cnc2c(=O)[nH]1,12.8,12.725279
train,2821,Cc1cc(N)c2ccccc2[nH+]1,9.42,9.589848
train,2822,c1c[nH+]c2c(c1)NCCC2,6.96,6.932287
train,2823,Cc1ccc(-c2cnc(O)[nH+]c2)cc1,1.96,1.8970225
train,2824,[NH3+]Nc1ccccc1Br,4.54,4.5184994
train,2825,Cn1c(=O)[nH]c2nc[nH]c2c1=S,6.7,6.5065184
train,2826,CCCCCCCCCCCCCc1cccc[nH+]1,5.6,5.5614605
train,2827,Cn1[nH+]c(-c2ccccc2)s/c1=N\c1ccccc1,4.14,4.1951466
train,2828,O=C(O)C12CCC(C(=O)O)(CC1)CC2,4.47,4.5344296
train,2829,[H]/N=C1\[NH2+]N=CN1C,5.38,5.315111
train,2830,Cc1ccc(P(=O)([O-])O)cc1,7.33,7.3387985
train,2831,COc1c(C)[nH+]cc(CO)c1C=O,4.75,4.8651342
train,2832,COC(=O)N1CCc2c(o[nH]c2=O)C1,5.3,5.267047
train,2833,Cc1nc([O-])nc2[nH]cnc12,12.46,12.325354
train,2834,CC(C)[C@@H]1CC[C@@H](C)C[C@H]1[NH3+],10.48,10.441095
train,2835,Cn1cnc2cc[nH+]cc21,5.77,5.856822
train,2836,Cc1ccc(S(=O)(=O)CC(=O)O)cc1,2.542,2.647554
train,2837,[O-]c1ccc(/N=N/c2ccccc2)cc1O,11.45,11.448853
train,2838,CN(C)[NH3+],7.12,6.894765
train,2839,COC(O)(O)C(F)(F)F,8.36,8.233062
train,2840,S=c1cc[nH]cc1,8.86,8.658259
train,2841,O=C1NCNC(=O)N1,10.7,10.436972
train,2842,COc1ccc(C=O)cc1O,8.89,8.846585
train,2843,Clc1ccc2[nH]c[nH+]c2c1,4.86,4.8959093
train,2844,CC(C)(C)C[NH3+],10.24,10.032801
train,2845,Cc1cccc2c1CCC21CCc2c(C(=O)N(C)C)cn3c(C)c(C)[nH+]c3c2O1,6.87,7.119955
train,2846,Cc1cccc(O)c1C(=O)O,3.3,2.8861318
train,2847,Cc1nc(C)c(C(=O)O)c(C)c1C(=O)[O-],6.54,6.716091
train,2848,COc1ccc(C(C[NH+](C)C)C2(O)CCCCC2)cc1,9.671429,9.8240795
train,2849,COC(=O)C12CC(C(=O)O)(C1)C2,3.51,3.5494082
train,2850,COC(=O)/C(=N/O)c1ccccc1,8.87,8.69775
train,2851,Cc1cc2ccccc2[nH+]c1C,4.94,4.8464746
train,2852,CC(C)(C)c1[nH+]ccs1,3.0,3.1664436
train,2853,COC(=O)C1[C@H]2C[C@@H]3c4[nH]c5cc(OC)ccc5c4CC[NH+]3C[C@H]2C[C@@H](OC(=O)c2cc(OC)c(OC)c(OC)c2)[C@@H]1OC,6.925,6.7397175
train,2854,C/C=C(/C)C(=O)O,4.245,4.227945
train,2855,CS(=O)(=O)c1csc(C(=O)O)c1,2.87,2.8628259
train,2856,Cc1cc(-c2ccc([NH3+])c(C)c2)ccc1[NH3+],3.4,3.3817503
train,2857,C[NH+]1CCc2cccc3c2[C@H]1Cc1ccc(O)c(O)c1-3,7.0,6.8452177
train,2858,C[C@H]1[C@@H](C(=O)O)[C@@]1(C)C(=O)O,3.09,3.4242475
train,2859,CCOC(=O)C(Br)C#N,6.0,6.0315332
train,2860,O=C(CNC(=O)c1[nH]ccc(=O)c1O)NCc1ccccc1,6.2,5.995701
train,2861,CCN[NH3+],7.99,7.819538
train,2862,Oc1ccc(Br)cc1-c1cc(Br)ccc1O,8.6,8.576679
train,2863,O=C(O)/C=C/c1ccc(Cl)cc1,4.41,4.3455076
train,2864,CS(=O)(=O)N(Cc1ccccc1-c1ccccc1)[C@H]1CC[NH2+]C1,8.9,8.981045
train,2865,CC(=O)NC(=O)c1ccccc1O,6.5,6.4420967
train,2866,CCOC(=O)C1C[NH+]2CCC1CC2,9.64,9.526009
train,2867,Nc1ncc(-c2ccc(Br)cc2)c[nH+]1,3.06,3.0860794
train,2868,CCc1ccc([NH3+])cc1,5.0,4.9957914
train,2869,CSc1nc2c(O)[nH+]c(SC)nc2[nH]1,1.4,1.5942125
train,2870,Nc1nc(N)c2ncc(S)nc2n1,7.02,6.854491
train,2871,N[C@@H]1C[C@H](N)C[C@H]([NH3+])C1,10.4,10.259545
train,2872,CNC(=O)c1[nH+]cnc2nc[nH]c12,1.0,1.025359
train,2873,Cc1cc[nH][nH+]1,3.66,3.7682924
train,2874,CC1(c2ccccc2)C(=O)NC(=O)C1C(=O)O,3.02,2.99197
train,2875,C[NH+]1CCN([C@H](c2ccccc2)c2ccc(F)cc2)CC1,8.23,8.20732
train,2876,O=C(O)COCC(=O)O,2.96,2.8903434
train,2877,O=C(NO)c1cccc(Br)c1,7.43,8.1130495
train,2878,S=c1[nH]ncc2ccccc12,9.99,10.086487
train,2879,OC1=Nc2cncnc2NC1,10.55,10.372058
train,2880,[NH2+]=C(c1ccccc1)c1ccccc1,6.82,6.94279
train,2881,N#Cc1cn([C@@H]2O[C@H](CO)[C@@H](O)[C@@H]2O)c(=O)[nH]c1=O,6.8,6.682702
train,2882,Cc1cc[nH+]c(N2CCc3ccccc3C2)c1,6.6,6.7170496
train,2883,Cc1cc(Br)n(C)[nH+]1,1.2,1.244822
train,2884,CC(=O)c1ccc(NN=C(C#N)C#N)cc1,5.85,5.8715944
train,2885,CCOC(=O)Cc1cccc[nH+]1,4.25,4.1277075
train,2886,Cc1c(I)cccc1C(=O)O,3.26,3.190007
train,2887,COC(=O)CC(C(=O)O)c1ccccc1,4.05,4.0831833
train,2888,[H]/N=C(/N)[C@@H](O)c1ccccc1,12.52,12.547995
train,2889,CC(C(=O)O)c1cccc2nc(-c3ccc(Cl)cc3)oc12,6.25,6.2488194
train,2890,C[C@]12CC[C@@H]3c4ccc(O)cc4CC[C@H]3[C@@H]1C[C@@H](O)[C@@H]2O,10.8,10.765142
train,2891,C1C[NH2+]CC[NH2+]1,5.33,5.5459557
train,2892,Cc1nc2[nH+]c(N)n(C)c(=O)c2nc1C,2.34,2.399848
train,2893,Cn1c(=O)c(O)nc2ncncc21,7.02,6.821087
train,2894,c1ccc2[nH+]c3ccccc3nc2c1,1.2,1.2762984
train,2895,Fc1cc2[nH]c[nH+]c2cc1F,4.5,4.4703093
train,2896,Cc1cc(=[NH2+])cc(N2CCc3ccccc3C2)[nH]1,9.0,8.863991
train,2897,CCCCCC(=O)NO,9.7,9.677778
train,2898,Nc1nc(O)[nH+]cc1F,2.83,2.842715
train,2899,CONC(=O)Oc1cccc(Cl)c1,8.6,8.717228
train,2900,Cc1ccc2[nH+]c(C)[nH]c2c1,6.0,6.1552925
train,2901,O=C(O)c1cccccc1=O,3.73,3.6680977
train,2902,CCCC[NH+]1CCCCC1C,10.7,10.614018
train,2903,Oc1c(Cl)ccc(Cl)c1Cl,5.8,5.78808
train,2904,O=C1C(O)=C([N+](=O)[O-])C(=O)C([N+](=O)[O-])=C1O,0.0,0.281952
train,2905,O=C1NC(=O)/C(=C\c2ccc(-c3ccc(Cl)c(Cl)c3)o2)S1,7.9,8.020523
train,2906,CCCCn1cc[nH+]c1,7.14,7.3249197
train,2907,Cc1ccc(C)c([NH3+])c1,4.53,4.6189117
train,2908,C1CCC2=[NH+]CCCN2CC1,13.5,13.242222
train,2909,O=C(O)C(=O)Nc1ccc(Cl)cc1,2.0,2.1182168
train,2910,O=P(O)(O)CCCCP(=O)(O)O,2.0,2.0862005
train,2911,C=C(C)C(=O)OCC[NH+](CC)CC,8.66,8.667623
train,2912,CC1CC[NH2+]1,10.96,10.640131
train,2913,c1c[nH+]cc(-c2ccc[nH+]c2)c1,3.0,2.9743845
train,2914,C[NH+](C)CCCC(=O)Oc1ccccc1,9.7,9.593327
train,2915,CN1C(=O)NC(=O)C(C)(C2=CCCCC2)C1=O,7.83,7.8813334
train,2916,CN(C)c1[nH]c2ccc3c(c2[nH+]1)CCCC3,7.54,7.5555916
train,2917,O=C(O)C(c1ccc(-c2ccccc2)cc1)C1(O)CCCC1,3.65,3.4503262
train,2918,COC(N)=[NH2+],9.72,9.346865
train,2919,NS(=O)(=O)c1ccc2ncccc2c1,9.79,9.6808605
train,2920,CN(C)c1[nH+]cc(Br)s1,3.66,3.842855
train,2921,Clc1cccc2[nH]c[nH+]c12,4.73,4.7593546
train,2922,Nc1cc(Cl)cc(C(=O)O)c1Cl,3.4,3.345463
train,2923,Cc1noc(C2=CCC(C)[NH+](C)C2)n1,7.35,7.3042755
train,2924,CSc1ccc(=S)[nH]n1,8.19,8.059889
train,2925,[NH3+]c1ccc(O)cc1,5.48,5.6253185
train,2926,O=C(NO)c1ccc(I)cc1,8.81,8.527113
train,2927,NC(=O)C#CC#C/C=C/C(=O)O,3.52,3.6564429
train,2928,C[C@]1(C2CCCC2)Cc2cc(OCC(=O)O)c(Cl)c(Cl)c2C1=O,3.9,4.2277303
train,2929,CC(O)O,13.54,13.027442
train,2930,COCCn1cc(C(=O)c2cccc3ccccc23)c2cc[nH+]cc21,5.8,5.866002
train,2931,C/C(CCC(=O)O)=N\O,4.64,4.77411
train,2932,C1=NC(c2ccccc2)[NH2+]C1,6.48,6.5576267
train,2933,Cc1cc[nH]c(=NS(=O)(=O)c2ccc(Cl)cc2)n1,5.37,5.355384
train,2934,Oc1ccc2cncnc2c1,7.37,7.264022
train,2935,COc1nc(N)c2c[nH+]n(C)c2n1,3.62,3.5280154
train,2936,O=C(O)[C@H]1[C@H](C(=O)O)[C@H]2C=C[C@@H]1CC2,3.98,4.195734
train,2937,[NH3+]c1cccc(F)c1,3.58,3.6694355
train,2938,CC(=O)Oc1ccccc1O,9.01,9.072332
train,2939,Sc1ccc(Cl)c(Cl)c1,5.48,5.330434
train,2940,Nc1ccccc1[NH3+],4.47,4.4979563
train,2941,NNC(=O)COc1ccc(Cl)cc1,12.19,12.096828
train,2942,O=S(=O)(O)CC[NH+]1CCOCC1,6.16,6.3213634
train,2943,O=C1Nc2ccc(Cl)cc2C(c2ccccc2)=N[C@@H]1O,11.1,11.20079
train,2944,c1cc(-c2ccoc2)cc[nH+]1,5.72,5.6175604
train,2945,COc1ccc(C(=O)N(C)O)cc1,8.715,8.565136
train,2946,O=C1NC(=O)C(Br)(Br)C(=O)N1,5.68,5.6943216
train,2947,COc1cc2c(cc1OC)-c1c(-c3cnc(C(=O)N(C)C(C)(C)C)s3)[nH+]cn1CC2,4.0,3.9809968
train,2948,O=C(O)c1cc2occc2[nH]1,4.045,3.9974303
train,2949,[NH3+]C1CCN(OCc2ccccc2)C1=O,6.4,6.1809454
train,2950,CN1CC(O)c2cc(N=O)c(O)cc21,8.6,8.601879
train,2951,CSc1nc(O)c2nc(SC)[nH]c2n1,7.5,7.3610153
train,2952,Nc1c([NH3+])cc[nH+]c1O,-0.87,-0.70906043
train,2953,OC(O)=C1C=Cc2ccccc21,1.9,1.6644399
train,2954,O=C(O)Cc1cccc(F)c1,4.13,4.1411905
train,2955,COc1nccc[nH+]1,1.05,0.90864766
train,2956,CC(OC1CCCC1)C(=O)O,3.64,3.6449873
train,2957,Clc1cccc(NC2=[NH+]CCN2)c1Cl,8.55,8.423467
train,2958,CSc1ccc([NH3+])cc1I,3.44,3.4378173
train,2959,CC1NCC=[NH+]1,7.86,7.758154
train,2960,O=C(O)[C@]1(Cl)[C@@H]2CCC[C@@H]21,2.82,2.8360918
train,2961,CN(C)/C=[NH+]/c1ccccc1Br,6.71,6.816307
train,2962,CCCCc1c(O)n(-c2ccccc2)n(-c2ccccc2)c1=O,4.5,4.3408365
train,2963,N#Cc1c[nH+]cc(C#N)c1,1.31,1.4078703
train,2964,CC1(C)[C@H](C(=O)[O-])[C@@H]1C(=O)O,8.25,8.268936
train,2965,c1nc2c(c[nH+]1)NCCN2,6.63,6.6903076
train,2966,O=[N+]([O-])c1cccc(S)c1,5.24,5.1346397
train,2967,c1ccc(-c2c[nH+]c(-c3ccncc3)o2)cc1,4.18,4.227462
train,2968,c1[nH][nH+]c2c1CCCC2,4.01,4.0402937
train,2969,O=c1nc[nH]cc1O,7.52,7.2683125
train,2970,COc1cc(C)nc[nH+]1,3.56,3.6332176
train,2971,CNc1cc[nH]c(=S)[nH+]1,3.07,3.1676435
train,2972,CSCC(=O)/C=N/O,8.16,8.041193
train,2973,O=C(O)C(Cl)=C(Cl)Cl,1.15,1.1933382
train,2974,COC(=O)C12CC[NH+](CC1)CC2,9.42,9.303029
train,2975,Cn1c2c(s/c1=[NH+]\N)CCCC2,8.2,8.030367
train,2976,O/N=C/c1ccno1,9.3,9.21329
train,2977,CC1=N[SH](=O)(c2cccc(-c3ccc(C)cc3)c2)NC1=O,6.0,6.0104904
train,2978,CC(=O)c1cc(C)c(C)cc1O,11.56,11.224221
train,2979,Cc1[nH]c2ccccc2c1CC(=O)O,4.67,4.423869
train,2980,O=C(O)/C=C/c1cccc(C(F)(F)F)c1,4.6,4.52022
train,2981,COCCC[NH3+],9.92,9.639843
train,2982,O=C([O-])c1ccccc1-c1ccccc1C(=O)O,5.06,5.27133
train,2983,Clc1cccc(Cl)c1N(CC1CC1)C1=[NH+]CCN1,10.9,10.921982
train,2984,[NH3+]C1=NNC(=O)C1,2.9,2.9291518
train,2985,Cc1cc(C)cc(P(=O)([O-])O)c1,7.73,7.6440945
train,2986,Nc1nc(O)c2ncc(O)[nH+]c2n1,-0.5,-0.29967642
train,2987,O=C(C[NH+]1CCC(S(=O)(=O)c2ccccc2)CC1)c1ccc(F)cc1F,6.3,6.2764177
train,2988,NNC(=O)c1cccc(Cl)c1,11.96,11.946069
train,2989,CC(C)c1ccccc1C(=O)O,3.63,3.4621456
train,2990,CC(=O)Nc1cccc(OC(=O)Nc2cc(Cl)ccc2O)c1,9.38,9.404688
train,2991,COc1ccc(C#Cc2cc[nH+]cc2)cc1,4.8,4.8191223
train,2992,O=P(O)(O)c1ccc(Br)cc1,1.59,1.9076426
train,2993,CC(C)(C)[NH+]1CCCC(=O)C(O)CCC1,7.6,7.235981
train,2994,Cc1ccc(NC(=N)N[N+](=O)[O-])cc1,10.85,10.827666
train,2995,Oc1cccc2c(C(F)(F)F)cccc12,0.7,0.265687
train,2996,Cc1oc2ccccc2c(=O)c1C(=O)c1ccc(O)cc1,7.74,7.5610867
train,2997,COc1[nH+]ccc(N)c1N,5.68,5.5989676
train,2998,Nc1ccc2cc3ccc(N)cc3[nH+]c2c1,9.65,9.946186
train,2999,C=CC12C=c3cc(OCC(=O)O)c(Cl)c(Cl)c3=C1CC(=O)CC2,3.5,3.4351482
train,3000,Cc1ccccc1NC1=[NH+]CCN1,10.23,10.17515
train,3001,[NH3+]c1ccc2c(c1)Cc1c(F)cccc1-2,3.54,3.6535988
train,3002,O=C([O-])[C@H]1C[C@H](C(=O)O)C1,5.28,5.2886524
train,3003,OCCCCCc1cccc[nH+]1,5.93,5.7516155
train,3004,Nc1nc2ncc(C(=O)[O-])nc2c(=O)[nH]1,7.9,7.725522
train,3005,Nc1ccc([N+](=O)[O-])cc1O,8.25,8.040641
train,3006,CC/C(=C\c1ccc(OC)cc1)C(=O)O,5.15,5.2858486
train,3007,Cn1c[nH+]c2cccc([NH3+])c21,2.36,2.403192
train,3008,C=C(C)[C@@H]1CN(C(C)=O)C(C(=O)OC)[C@@H]1CC(=O)O,4.6,4.77882
train,3009,COc1c[nH]c[nH+]c1=O,1.75,1.8049917
train,3010,O=c1ccn([C@H]2C[C@H](O)[C@@H](CO)O2)c(=O)[nH]1,9.3,9.349042
train,3011,Nc1c[nH+]nc2ccccc12,6.83,7.081341
train,3012,O=C(Nc1ccccc1)c1ccc(O)cc1O,6.8,6.831169
train,3013,CCSC(C)C(=O)O,3.8,3.7778652
train,3014,NC(=O)C(CCCCC(=O)O)c1ccccc1,4.79,4.8692904
train,3015,CNC(=O)NC(C)=O,13.15,12.95569
train,3016,CCC(O)C[NH+](CCO)C(C)(C)C,9.4,9.475836
train,3017,O=S(=O)([O-])c1c(O)ccc2ccccc12,11.38,11.238593
train,3018,[H]/N=c1\[nH+]cc(Br)cn1C,9.97,9.892531
train,3019,CC(C)/C(=N/O)C(=O)O,2.84,2.87919
train,3020,Oc1ccccc1O,9.364,9.146656
train,3021,CO[As](O)O,8.58,8.684137
train,3022,[NH2+]=C1NC2(CCc3ccc(NC(=O)c4ccc(Cl)cn4)cc32)CS1,8.3,8.363233
train,3023,[NH3+]c1ccccc1-c1nc2ccccc2s1,2.6,2.5703127
train,3024,Oc1c(Br)cccc1Br,6.67,6.655699
train,3025,CC(O)(C(=O)O)c1ccccc1,3.53,3.5422153
train,3026,Cc1cc(=S)[nH]cn1,7.3,7.1398497
train,3027,CNc1nc[nH+]c(N)c1N,5.9,5.907607
train,3028,Cc1ccc(CC[NH3+])cc1,9.78,9.773496
train,3029,O=C(O)COc1ccccc1Br,3.155,3.0489347
train,3030,Cc1ccc(C2CCC[NH2+]2)cc1,9.99,9.769823
train,3031,CC(=O)CC(N)=O,10.41,10.122017
train,3032,Cc1cc([N+](=O)[O-])cc(C)c1O,7.19,7.201026
train,3033,Cn1cnc2[nH+]cccc21,4.1,4.1832123
train,3034,Cc1[nH+]c2c(/C=C/Cc3ccccc3)cccn2c1CC#N,5.7,5.8637266
train,3035,C/C(=N\O)c1ccccn1,11.22,11.014183
train,3036,[NH2+]=c1[nH]cc2n1CC(Cc1cccc3c1OCO3)CC2,9.2,9.238083
train,3037,CC/C(=C\c1cccc([N+](=O)[O-])c1)C(=O)O,4.7,4.7233067
train,3038,O/C=C/c1ccccc1,9.46,9.321941
train,3039,OCC(F)(F)C(F)(F)CO,12.1,12.03653
train,3040,CC(=O)OCCCc1ccc(S(N)(=O)=O)cc1,10.22,10.3997555
train,3041,Cn1cc(-c2ccccc2)c[nH+]c1=O,2.01,1.9523892
train,3042,CC(=O)NCC[NH3+],9.05,8.975159
train,3043,O=c1c2ccccc2nnn1O,3.97,3.998047
train,3044,O=C1CCCC1,16.7,16.759169
train,3045,CC1(C)C[NH+](Cc2ccc3c(c2)OCO3)C1,9.6,9.732098
train,3046,Cn1nnnc1Cc1ncc(Cl)cc1NS(=O)(=O)c1ccc(Cl)c(Cl)c1,4.7,4.562084
train,3047,CNC[C@H](O)c1cccc(O)c1,9.84,10.009283
train,3048,CON(C)C(=O)c1cn2c(C)c(C)[nH+]c2c2c1CCC(c1ccccc1)O2,6.49,6.636904
train,3049,CC(O)(O)C(=O)O,3.0,2.9517334
train,3050,Cc1cc([O-])ccc1O,11.62,11.325573
train,3051,NC(=O)CN1CC[NH+]([C@@H](COCc2cc(C(F)(F)F)cc(C(F)(F)F)c2)c2ccccc2)CC1,6.2,6.201127
train,3052,O=S(=O)(c1ccc(F)cc1)C1(F)CC[NH+](CCc2ccc(F)cc2F)CC1,6.3,6.301586
train,3053,CC1C(=O)CCC1=O,4.59,4.5538006
train,3054,Nc1ccc(S(=O)(=O)NC(=O)CCl)cc1,3.79,4.028818
train,3055,CC(C)CC(=O)O,4.78,4.736354
train,3056,Oc1ccc2c(c1)CCCC2,10.33,10.136194
train,3057,O=C(O)c1cccc([N+](=O)[O-])c1[N+](=O)[O-],1.85,1.9131404
train,3058,CC12C[NH2+]CCC[NH+]1CCC[NH2+]C2,1.71,1.7073057
train,3059,O=C(O)c1cccc(CO)c1,4.14,4.1409183
train,3060,CN1CCCN(C)CCC[NH+](C)CCC1,12.8,12.73661
train,3061,O=P(O)(O)CO,1.91,1.9528863
train,3062,Cc1[nH]c2ncccc2[nH+]1,4.6,4.596587
train,3063,CCCCCCCCCCCC[NH+](CC(C)O)CC(O)CC,6.2,6.157317
train,3064,[H]/[NH+]=C(\c1ccccc1)c1ccccc1O,5.0,4.8993044
train,3065,CC1=CC(=O)[NH+](C)C2=C1CCO2,1.52,1.5590043
train,3066,CC1=CC(=O)N(c2ccccc2)[NH2+]1,1.42,1.4790927
train,3067,Oc1cnnc2ccccc12,9.27,9.185319
train,3068,O=C(O)CC(c1ccccc1)c1ccccc1Cl,4.7,4.673954
train,3069,CCc1ccc(P(=O)(O)O)cc1,1.99,2.153172
train,3070,c1ccc2sc[nH+]c2c1,1.2,1.2840238
train,3071,O=C(Nc1ncccn1)c1ccccc1,11.2,11.203684
train,3072,O=c1[nH]c2cc(Cl)ccc2c(O)c1-c1ccccc1,5.4,5.3688765
train,3073,O=C(O)/C=C/SC1CCCCC1,4.7,4.771145
train,3074,Brc1cccc(N(CC2CC2)C2=[NH+]CCN2)c1Br,11.1,10.953655
train,3075,O=C(O)CS(=O)(=O)c1ccc(Br)cc1,2.519,2.5330107
train,3076,CC(=O)NCc1cccc(Cn2[nH]c(=NS(=O)(=O)c3ccc(Cl)s3)c3ccccc32)c1,5.93,5.949156
train,3077,CC(=O)c1c[nH]c2ccccc12,12.99,12.389344
train,3078,[NH3+][C@H]1C[C@]1(F)c1ccccc1,7.35,7.2367754
train,3079,CN(C)c1cc(N(C)C)[nH+]cn1,6.34,6.4000864
train,3080,Cc1cnc(C)c(C)[nH+]1,2.65,2.6510806
train,3081,Oc1cccc2cn[nH]c12,8.6,8.519461
train,3082,COc1ccc(N)c(C(=O)O)c1,5.57,5.514703
train,3083,O=C(O)Cc1cc2ccccc2cc1-c1ccccc1,7.1,6.937045
train,3084,Cc1[nH]nc2[nH]c[nH+]c(=N)c12,4.61,4.5941353
train,3085,O=C(N1CCC(c2cc[nH+]cc2)CC1)N1CCN(S(=O)(=O)c2ccc(Cl)cc2)CC1,5.8,5.751686
train,3086,CCCC[C@]1(C2CCCC2)Cc2cc(OCCCC(=O)O)c(Cl)c(Cl)c2C1=O,4.4,4.432666
train,3087,O=C1C(=O)C(Cc2ccccc2)C(=O)c2ccccc21,4.9,4.594654
train,3088,COc1ccc2ccc(S(=O)(=O)N(C)C3CCN(Cc4ccc5[nH]c[nH+]c(=N)c5c4)C3=O)cc2c1,5.3,5.230443
train,3089,NS(=O)(=O)Oc1ccccc1,8.24,8.097761
train,3090,Cc1c(-c2ccccc2)sc2[nH+]c(N)nc(N)c12,4.9,4.817004
train,3091,Brc1ccc(C2[NH2+]CCS2)cc1,5.05,4.9932146
train,3092,CC(=O)CC(C)(C)C(=O)O,4.99,5.0729265
train,3093,O=C(O)C1C[C@H](Oc2cccc(Cl)c2)C[NH2+]1,8.9,9.1886425
train,3094,Cc1ccc2ccccc2c1C(=O)O,3.03,3.1155384
train,3095,COc1ccc(-c2c(O)c(=O)c2=O)cc1,2.05,1.8864963
train,3096,CCCC(=O)NO,9.48,9.482181
train,3097,C[C@@H]1[NH2+][C@@H]1C,8.72,8.46381
train,3098,CSC(=[NH2+])c1ccccc1,5.84,5.480736
train,3099,CCSC(C)(O)O,12.13,11.967297
train,3100,O=S(=O)(Nc1ccc(Cl)cc1)c1ccccc1,7.95,8.0547695
train,3101,CC(C)c1cc(=O)c(O)ccc1Br,6.53,6.3759165
train,3102,CCc1cccc(C)c1C[NH+]=c1cc(C(=O)N(C)C)[nH]c2cc(C)[nH]c12,7.39,7.4607143
train,3103,Cc1cc[nH+]c(=O)n1C,3.33,3.3039005
train,3104,CC(=O)c1c(O)cccc1O,7.94,8.197741
train,3105,Cc1cc([NH3+])ccc1Br,4.05,3.8655322
train,3106,C[NH+](C)CCCC1(c2ccc(F)cc2)OCc2cc(C#N)ccc21,9.5,9.324291
train,3107,C[C@]1(c2cc(NC(=O)c3ccc(Cl)cn3)ccc2F)[NH+]=C(N)CO[C@@H]1F,7.9,8.052035
train,3108,[NH3+][C@@H]1C[C@@H]1c1ccccc1,8.47,8.220422
train,3109,Cn1cc(-c2noc(C[NH+](C)C)n2)c2ccccc21,5.6,5.2734385
train,3110,CCCS(=O)O,2.35,2.3800406
train,3111,O=S(=O)(CF)Nc1ccccc1,7.57,7.546034
train,3112,F[C@@H]1CC[NH2+]C1,9.4,9.159287
train,3113,[H]/[NH+]=C1\N(C)c2ccccc2C1(C)C,9.25,9.056022
train,3114,[NH3+]c1ccc(-c2ccccc2)cc1,4.27,4.3201427
train,3115,C1CCN2CCN=C2[NH2+]C1,11.26,11.024006
train,3116,CC(Cl)(Cl)C(=O)O,2.06,2.1134665
train,3117,C#C[C@]1(O)C[C@H](C)[NH2+][C@@H]2CCCC[C@H]21,9.63,9.624096
train,3118,O=[N+]([O-])c1ccc(O)c(Cl)c1,5.42,5.268523
train,3119,O=[N+]([O-])C(F)C(F)(F)F,9.1,8.914036
train,3120,C[NH+]1C(C)(C)CCCC1(C)C,11.25,11.23396
train,3121,[NH3+]CCS,8.23,8.046181
train,3122,Fc1ccc2[nH+]c[nH]c2c1,5.0,4.9740763
train,3123,CN(C)c1cc[nH+]c(N2CCc3ccccc3C2)c1,8.8,9.059557
train,3124,N#CC(=NO)C(=O)Nc1ccccc1F,4.87,5.008542
train,3125,CC(C)(C)c1cc(C(N)=O)cc(C(C)(C)C)c1O,9.53,9.141556
train,3126,CC(C)C(=NO)c1ccc(Sc2cc(F)cc(C3CCOCC3)c2)cc1,10.8,10.811065
train,3127,Nc1ccc2[nH]c(CCc3ccccc3)[nH+]c2c1,7.2,7.150342
train,3128,CSc1ccsc1C(=O)O,3.86,3.743664
train,3129,O=C(NCO)c1ccc(Cl)c(Cl)c1,12.9,12.946776
train,3130,CCC12CCC(=O)C=C1c1c(cc(OCCCC(=O)O)c(Cl)c1Cl)C2,3.7,4.0100427
train,3131,Oc1ccc(Br)c2cccnc12,9.02,8.847664
train,3132,O=c1cc(Cl)[nH]c(=O)[nH]1,5.67,5.7066154
train,3133,Sc1[nH+]ccc2ccccc12,-1.9,-1.6627905
train,3134,CCC[NH+]1CCN(c2cccc(C(N)=O)c2)CC1,7.76,7.712434
train,3135,O=C1CCCC2CCCC(=O)C12,11.13,11.230966
train,3136,COc1ccc(Cc2[nH+]ccc3cc(OC)c(OC)cc23)cc1OC,6.25,6.220806
train,3137,O=C(O)/C=C\c1c[nH]cn1,2.71,2.590179
train,3138,[NH3+]N1CCCC1,7.75,7.65491
train,3139,CC(C(=O)O)C(C#N)c1ccccc1,3.7,3.7865217
train,3140,c1ccc2[nH]nnc2c1,8.495,8.3110285
train,3141,C[C@]1(c2cc(NC(=O)c3ccc(C#N)cn3)ccc2F)[NH+]=C(N)OC[C@@H]1F,8.1,8.303939
train,3142,CC(=O)c1ccc(O)c(Cl)c1,6.39,6.2185507
train,3143,O=C(O)[C@H](O)C(Cl)(Cl)Cl,2.34,2.3498406
train,3144,Cc1nc2nc(N)[nH]c(=O)c2nc1C(=O)[O-],8.42,8.233849
train,3145,C[NH2+]C1CCCC1,10.85,10.69865
train,3146,CC1=C(C)C(=O)C(O)=C(C)C1=O,6.26,6.3778753
train,3147,CC(=O)CC(=O)CC(C)C,9.07,9.109268
train,3148,Oc1ccc2nccnc2c1,7.92,7.853779
train,3149,Cc1cccc(C[NH3+])c1,9.45,9.190842
train,3150,COC(=O)[C@H]1[C@@H](OC(=O)c2ccccc2)C[C@@H]2CC[C@H]1[NH+]2C,8.7,8.849318
train,3151,[NH3+]c1ccc2c[nH]nc2c1,4.355,4.251054
train,3152,CN1C=C([N+](=O)[O-])c2ccccc2C1O,11.15,10.95121
train,3153,Nc1cc(Sc2ccc(Cl)cc2)[nH+]c(N)n1,5.02,5.0460424
train,3154,C[C@@H]1CCCC[C@H]1C(=O)O,4.73,4.899988
train,3155,Sc1nc2cc(Cl)ncc2[nH]1,7.76,7.7749224
train,3156,CCCCCCC([N+](=O)[O-])[N+](=O)[O-],5.46,5.575305
train,3157,COc1cc(C(=O)O[C@@H]2CCC[C@@H]3CC[NH+](C)C[C@H]32)cc(OC)c1OC,8.82,8.852781
train,3158,O=S1(=O)N=CNc2[nH]cnc21,8.295,8.226859
train,3159,CC1(C)C(=O)NC(=O)[C@]12CCC(=O)O2,7.9,8.116086
train,3160,O=S(=O)(c1ccccc1)C1CC[NH+](CCc2ccc(F)cc2F)CC1,7.3,7.218668
train,3161,COc1cc(C(=O)O)c(OC)c([N+](=O)[O-])c1,2.77,2.7723777
train,3162,CC(CC(C#N)(c1ccccc1)c1ccccc1)[NH+]1CCOCC1,6.1,6.219182
train,3163,CO[C@@H]1[C@@H](OC(=O)c2ccc(C)[nH]2)[C@@H](O)[C@H](Oc2ccc3c(N4CCC([NH+](C)C)CC4)cc(=O)oc3c2C)OC1(C)C,9.0,8.882067
train,3164,Cc1nc2nc(N)[nH]c(=O)c2nc1C(=O)O,3.2,3.1934917
train,3165,O=C(O)c1c(F)c(F)cc(F)c1F,1.87,1.8146827
train,3166,CC(O)C[NH+](CCO)C(C)(C)C,9.2,9.375947
train,3167,C[NH+](C)CCCC(C)(C)c1ccc(C(C)(C)C)cc1,9.8,9.718653
train,3168,Cn1cnc2[nH]c(=N)[nH]c(=O)c21,8.43,8.313436
train,3169,COc1ccc(Cc2cc(=O)c3ccc(O)cc3o2)cc1,7.35,7.3700867
train,3170,CC(C)[NH2+]C(C)C,11.12,11.132279
train,3171,Cn1ncc(=O)[nH]c1=S,6.24,6.200941
train,3172,CC(=O)N[C@@H](Cc1cc(F)cc(F)c1)[C@H](O)C[NH2+]C1(c2cccc(-n3cccn3)c2)CC1,6.7,6.5469313
train,3173,COc1noc2c1CC[NH2+]C2,7.1,7.095296
train,3174,Fc1cccc2[nH]ccc12,16.3,15.948567
train,3175,COc1ccc2sc(N)[nH+]c2c1,4.29,4.475152
train,3176,Cc1nc2nc(=O)[nH]c(N)c2nc1C,10.73,10.487337
train,3177,CC(C)[NH+]1CCC(Oc2ccc3c(c2)cc(C(=O)N2CCC(F)(F)CC2)n3CC(F)(F)F)CC1,9.7,9.838204
train,3178,O=C(O)c1cc2ccccc2oc1=O,3.6,3.603476
train,3179,Cc1c[nH]c[nH+]c1=O,2.29,2.4213104
train,3180,Cc1[nH+]c(O)nc2[nH]cnc12,2.24,2.2012193
train,3181,CC(=O)c1cc(Cl)ccc1O,9.85,9.754884
train,3182,CCCCCCS(=O)(=O)Nc1ccc(N=c2c3ccccc3[nH]c3ccccc23)c(OC)c1,7.42,7.5641136
train,3183,Cc1cccc2nc[nH+]cc12,2.31,2.1859646
train,3184,COc1ccccc1N1CC[NH+](CCCn2c(-c3ccccc3)cn3c4c(=O)n(C)c(=O)n(C)c4nc23)CC1,8.44,9.087101
train,3185,C[NH+]1CC[NH+](C)CC[NH+](C)CC1,0.6,0.70235634
train,3186,O=C(O)c1nnc(C(=O)O)nn1,2.8,3.1719272
train,3187,c1ncc2[nH]nnc2n1,4.88,4.7187815
train,3188,CCc1[nH]c2cc(F)ccc2c1C1CC[NH+](CCCSc2ccc(F)cc2)CC1,9.8,10.002129
train,3189,[NH3+]c1ccc(O)cc1C(=O)O,2.72,2.6485932
train,3190,O=C(O)[C@H]1CC[C@H](O)CC1,4.68,4.7996883
train,3191,O=[N+]([O-])c1ccc(O)c(/C=N/O)c1,6.7,6.586396
train,3192,COc1cc(NS(C)(=O)=O)ccc1N=c1c2ccccc2[nH]c2cc(NC(C)=O)ccc12,7.63,7.7092543
train,3193,Cn1nc2nc[nH+]c(N)c2n1,3.49,3.5919187
train,3194,CCOC(=O)C(=NO)c1ccc(Sc2cc(F)cc(C3CCOCC3)c2)cc1,9.3,9.292773
train,3195,CC(C)(C)[C@@]1(O)CC[NH+]2C[C@@H]3c4ccccc4CCc4cccc(c43)[C@H]2C1,5.9,5.800459
train,3196,COc1cc[nH+]cc1N,7.3,7.4352884
train,3197,O=C(O)C(=O)Nc1ccc(F)cc1,2.43,2.1937904
train,3198,Cc1ccc(Br)c(=O)c(O)c1,6.3,6.1205263
train,3199,CN1CC=CC[NH+]1C,5.7,5.7133427
train,3200,O=C(Cc1ccccc1)NO,9.19,9.202414
train,3201,O=C(Nc1ccccc1C(=O)O)c1cccc(S(=O)(=O)N2CCOCC2)c1,3.18,2.8761356
train,3202,Oc1ccccc1I,8.46,8.190296
train,3203,N#C[C@]12CC[C@](C(=O)O)(CC1)C2,4.227,4.3910794
train,3204,Cc1cnc2c(ccc3c(C)cc[nH+]c32)c1,5.55,5.500573
train,3205,CC(C)[NH+]1CCCCC1,10.96,10.777058
train,3206,COc1ncc2[nH]cnc2n1,9.2,9.270838
train,3207,[NH2+]=c1cc(/C=C/c2ccccc2)[nH]c(/C=C/c2ccccc2)c1,8.6,8.424257
train,3208,COc1ccc(CCC[NH+](C)C)cc1,10.91,10.888895
train,3209,CCCCCCCC/C=C\CCCCCCCC(=O)O,4.95,4.7890873
train,3210,O=C(c1cc2cc(OC3CC[NH+](C4COC4)CC3)ccc2n1CC(F)(F)F)N1CCOCC1,6.4,6.1179953
train,3211,C[NH+]1CCC=C(C#N)C1,6.35,6.5602274
train,3212,NS(=O)(=O)c1cc2c(s1)CC(O)CS2(=O)=O,8.52,8.390711
train,3213,O=C([O-])c1ccc(O)c(Cl)c1,7.52,7.3045473
train,3214,OC1=NCC=CN1,11.22,10.869128
train,3215,O=C(O)c1nsc2ccccc12,2.76,2.734442
train,3216,Oc1cncnc1O,7.48,7.3129196
train,3217,Cc1nc2ccccc2cc1O,10.16,9.951041
train,3218,Nc1nc(N)[nH+]c(Cc2ccc(Cl)cc2)n1,3.97,3.9653323
train,3219,C[C@@]1(c2cccc(NC(=O)c3ccc(Cl)cn3)c2)COC(=[NH2+])N1,8.3,8.51675
train,3220,O=C1C=C(c2ccccc2)C(=O)C=C1O,4.7,4.68734
train,3221,Nc1nc(O)c2c(n1)NC(O)C(O)=N2,8.65,8.734241
train,3222,Cc1[nH]c2cc3ccccc3cc2[nH+]1,6.02,6.031763
train,3223,CC(C)n1c(C(=O)N2CCC(F)(F)CC2)cc2cc(OC3CC[NH+](C(C)C)CC3)ccc21,9.9,10.082947
train,3224,c1c(N2CCCCCC2)[nH]c(C2CC2)[nH+]c1=NC1CC1,8.03,8.013963
train,3225,NC(=O)CCCCC(=O)O,4.63,4.7793407
train,3226,Cc1ccccc1[NH3+],4.45,4.486767
train,3227,O=C(O)/C=C/c1cccc(F)c1,4.12,4.228009
train,3228,COc1ccc2c(c1)NC=[NH+][C@@H]2O,7.35,7.654582
train,3229,O=P(O)(O)c1ccccc1,1.845,2.0938592
train,3230,Cc1nc(-c2ccccc2)oc1O,8.94,9.007803
train,3231,O=Cc1cc[nH+]c2ccccc12,4.25,4.1877413
train,3232,NC(=O)CCCCc1cccc[nH+]1,5.73,5.5908995
train,3233,Nc1cc(N)[nH+]cn1,6.01,5.9094696
train,3234,COC(C)(O)O,11.8,11.649355
train,3235,N#C[C@H]1CC2CC[NH+]1CC2,5.85,5.6455317
train,3236,Cc1ccc(NC(=O)C(C#N)=NO)cc1,5.07,5.149152
train,3237,Cc1n[nH]c(=O)[nH]1,9.43,9.241167
train,3238,CSc1nc2ccccc2c(C)[nH+]1,1.86,1.9874109
train,3239,C/C(=N\O)c1cc(Cl)ccc1O,8.8,8.751321
train,3240,CCC(C)[NH3+],10.56,10.277204
train,3241,O=C(O)Cc1ccc(Br)cc1,4.18,4.1672444
train,3242,c1ccc2c(c1)ccc1ccc3ccc4ccc5cc[nH+]cc5c4c3c12,5.28,5.2690163
train,3243,Nc1ccc(C(=O)O)c(Br)c1,4.05,4.087578
train,3244,O=C([O-])c1ccccc1O,12.38,12.354944
train,3245,O=c1cc(-c2ccccc2)cc(Cl)[nH]1,7.32,7.107542
train,3246,COc1ccc(CC(=O)O)cc1OC,4.32,4.4357796
train,3247,C=NC(=O)CCc1cccc2c(=Nc3ccc(NS(C)(=O)=O)cc3OC)c3ccccc3[nH]c12,7.15,7.108471
train,3248,CC(=NO)c1ccccc1N=[N+]=[N-],10.1,10.0568695
train,3249,Nc1c[nH+]c2c(N)nc(N)nc2n1,6.29,6.233243
train,3250,O=S(=O)(NCc1ccccc1)c1ncccn1,9.75,9.677792
train,3251,CC(C)(C)c1cc[nH+]c(N)n1,4.58,4.4822025
train,3252,O=C(O)c1sccc1Br,3.24,3.2116466
train,3253,CC(C)c1ccc(O)cc1,10.25,10.107647
train,3254,Cc1cc(=O)oc2cc(O)c(F)cc12,6.4,6.39915
train,3255,CC(C)CCOc1ccccc1/C=C\C(=O)O,4.38,4.5508184
train,3256,O=c1ccc(Br)cc(Br)c1O,5.18,5.1343737
train,3257,C[NH+]1C=CC=CC1=S,-1.22,-0.9619646
train,3258,COC(=O)c1ccc([NH+](C)C)cc1,2.52,2.4445512
train,3259,COc1ccccc1SCC(=O)O,3.665,3.6366477
train,3260,Nc1nnc(Cc2ccc(Cl)cc2)c(N)[nH+]1,6.47,6.56423
train,3261,O=C(O)c1ccc2cccccc1-2,5.5,5.8483877
train,3262,N#Cc1ccnc2c1ccc1ccc[nH+]c12,3.56,3.6271265
train,3263,CONC(=O)Oc1ccccc1,9.15,9.182953
train,3264,[O-]/[N+](O)=C\CO,3.44,3.4543366
train,3265,CC[NH2+]CCC[C@@]1(c2ccccc2)C=C(c2cc(F)ccc2F)CN1C(=O)N(C)C,10.7,10.686577
train,3266,Cc1cc(C(C)(C)C)cc(C)c1CC1=[NH+]CCN1,10.2,10.245758
train,3267,CC(C)[NH+]1[C@@H]2CC(Oc3ccc4nc(C(=O)N5CCOCC5)ccc4c3)CC[C@H]1C2,8.97,9.13888
train,3268,OCC[NH2+]CCO,9.04,9.050222
train,3269,O=c1c(O)c(O)c1=O,0.775,0.80490917
train,3270,[NH3+]c1ccc(O)cc1O,5.7,5.720871
train,3271,N#CSc1ccc([NH3+])cc1,2.9,2.8257384
train,3272,CC1C(=O)c2ccccc2C1=O,6.15,5.9690857
train,3273,Clc1ccc2nsnc2c1NC1=[NH+]CCN1,8.0,7.7603464
train,3274,C/C=C/CC(=O)O,4.51,4.578128
train,3275,Cn1c(=S)c[nH+]c2ccccc21,-1.01,-0.94894457
train,3276,Cn1c2c[nH]ccc-2[nH+]c1=S,5.05,5.4123316
train,3277,Oc1ccccc1Cl,8.52,8.274042
train,3278,O=Cc1csc(C(=O)O)c1,2.97,3.0447023
train,3279,Cn1c(Cl)nc2c(N)nc(Cl)nc21,15.2,15.112751
train,3280,N#Cc1ccc(NC(=O)c2ccc(S(=O)(=O)N3CCOCC3)cc2)c(C(=O)O)c1,2.56,2.516369
train,3281,CCCCCS(=O)(=O)Nc1ccc(N=c2c3ccccc3[nH]c3ccccc23)c(OC)c1,7.39,7.5582094
train,3282,CCC(CC)[C@@H](CO)NS(=O)(=O)c1ccc(Cl)s1,9.6,9.827605
train,3283,O=CN1CC[NH2+]CC1,7.98,7.872094
train,3284,O=C(O)c1ccccc1I,2.86,2.990296
train,3285,Cc1c(-c2ccccc2)oc2c(C(=O)OCC[NH+]3CCCCC3)cccc2c1=O,7.3,6.9625807
train,3286,Cc1cc(N[NH3+])ccc1Br,5.2,5.0454216
train,3287,CC(=O)OCC[NH+](C)C,8.3,8.291363
train,3288,Cc1ccc(OC(=O)CCCC[NH+](C)C)cc1,9.87,9.954949
train,3289,CC(=O)CC(=O)/C=C(/C)O,7.42,7.3714743
train,3290,Cc1cc(Cl)cnc1C(=O)Nc1ccc(F)c([C@@]2(C)[NH+]=C(N)CO[C@@H]2F)c1,7.4,7.6271725
train,3291,Cc1cc([NH+](C)C)cc[n+]1O,4.37,4.319869
train,3292,Cn1cc(-c2noc(C3=CCC[NH+](C)C3)n2)c2ccccc21,7.2,6.935523
train,3293,Cc1ccc2[nH+]cccc2c1,5.1,5.1311064
train,3294,CN(C)c1ccc[nH+]c1,6.45,6.475507
train,3295,Oc1cccc(Cl)c1Cl,7.705,7.512169
train,3296,CCCC12C=c3cc(O)c(Cl)c(Cl)c3=C1CC(=O)CC2,6.18,5.8791018
train,3297,COc1c(O)ccc(O)c1OC,9.6,9.672628
train,3298,O=C(O)c1c(Br)c(O)c(O)c(O)c1Br,1.92,1.9173789
train,3299,C=C(C)C(=O)OC(C)C[NH+](CC)CC,8.65,8.724882
train,3300,NS(=O)(=O)Oc1cccc([N+](=O)[O-])c1,7.4,7.2163944
train,3301,O=C(O)C1CCCCC1,4.88,4.984331
train,3302,CC(=O)c1cccc(O)c1,9.155,8.920995
train,3303,Oc1cc(Cl)c(O)c(Cl)c1,7.33,7.493373
train,3304,O=P(O)(O)c1cnc(O)nc1,1.52,1.5250026
train,3305,CC1=CC=C(C)[NH2+]1,-0.71,-1.0646257
train,3306,O=C(NCCS)NCCS,9.26,9.463431
train,3307,C[NH2+]CC1CC2c3ccccc3C1c1ccccc12,10.18,10.124554
train,3308,Cc1ccn(C)c2[nH+]c3ccccc3c1-2,8.35,8.422122
train,3309,CC=C(C)C=C(C)C(=O)C[C@@H](O)CC1CC(=O)NC(=O)C1,11.2,11.239187
train,3310,Clc1nc2[nH]cnc2c[nH+]1,0.69,1.0256557
train,3311,OCC(S)CS,8.605,8.626875
train,3312,Cc1cccc(O)c1C(=O)Oc1ccccc1,8.63,8.507913
train,3313,[O-][n+]1ccc(S)cc1,3.82,3.649975
train,3314,Nc1nn[nH+]n1-c1ccc(Cl)cc1,0.78,0.94659483
train,3315,O=C(O)C[S+]([O-])c1ccc([N+](=O)[O-])cc1,2.586,2.5532396
train,3316,O=C1Nc2ccccc2C1=O,11.9,11.552894
train,3317,CCC1(C)CC(=O)NC1=O,9.5,9.324865
train,3318,Cc1cc([NH3+])c(O)cc1C,5.26,5.361163
train,3319,C1C[NH2+]CC[NH2+]CC[NH2+]1,0.7,0.9058611
train,3320,CCOC(=O)C(CC)C(=O)OCC,15.0,14.943007
train,3321,Cn1cc(N)cc1C(=O)O,7.0,6.958618
train,3322,CC(C)[NH+]1CCC(Oc2ccc3cc(C(=O)N4CCOCC4)[nH]c3c2)CC1,9.7,9.722652
train,3323,Nc1nc(N)c2[nH+]cc(-c3ccccc3)nc2n1,5.36,5.378809
train,3324,O=C(O)c1coc(C(=O)[O-])c1,3.77,3.629769
train,3325,CC(O)C[NH+](C)CC(C)O,8.7,8.787275
train,3326,Nc1nc(N)c2[nH]cnc2n1,10.81,10.696219
train,3327,COc1ccc(OCC(=O)O)cc1,3.21,3.162585
train,3328,O=C([O-])c1cnc2c(=O)[nH]c(=O)[nH]c2n1,8.33,8.118484
train,3329,Cc1[nH]c(C(=O)NC2CCN(c3ncc(C(=O)O)s3)CC2)c(Cl)c1Cl,3.4,3.188883
train,3330,CC1(C)C(=O)NC(=O)C1(C)C,9.7,9.744706
train,3331,O=C([O-])[C@@H]1CCC[C@H]1C(=O)O,5.85,5.8790436
train,3332,CC(=O)N[C@@H](Cc1cc(F)cc(F)c1)[C@H](O)[C@H]1C[C@@H](OCC2CCCCC2)C[NH2+]1,8.2,8.289629
train,3333,O=C(O)[C@]12CC[C@H](CC1)C2,4.876,4.945774
train,3334,Cn1c(=O)nc(N)c2nccnc21,12.0,11.545171
train,3335,Oc1ccc(SSc2ccc(O)cc2)cc1,10.0,10.253643
train,3336,Fc1cccc2[nH+]cccc12,3.68,3.6063623
train,3337,Cc1cccc([NH+]=c2cc[nH]cc2S(=O)(=O)N=C(NC#N)N2CCCCCC2)c1,6.0,5.920945
train,3338,Cc1ncc2[nH]c(=S)n(C)c2n1,7.66,7.455044
train,3339,O=C1CC(=O)C(Cc2ccc(Br)cc2)C1,3.96,3.9346237
train,3340,O=C(O)[C@@H](S)[C@@H](S)C(=O)[O-],3.46,3.447562
train,3341,C1CSCC[NH2+]1,9.0,8.882318
train,3342,NC(=O)C1CCN(c2c(S(=O)(=O)c3ccccc3)c[nH+]c3ccc(Cl)cc23)CC1,3.05,3.0826218
train,3343,Cn1nc2[nH]c[nH+]c(=O)c2n1,-0.6,-0.49821162
train,3344,CC(=O)N(C)O,8.73,8.691429
train,3345,[NH3+]c1ccc2c(c1)C(c1ccccc1)=[NH+]CC(=O)N2,2.5,2.575537
train,3346,c1ccc(-c2[nH]c3ccccc3[nH+]2)cc1,4.98,5.0806913
train,3347,CCCCCCCC[NH2+]Cc1ccc(C)cc1,9.47,9.563702
train,3348,O=C(Cc1ccc(Cl)cc1)c1ccncc1,11.84,11.592052
train,3349,CCOC(=O)c1ccc[nH+]c1,3.2,3.2766664
train,3350,O=C(O)C(Br)(Br)C(=O)O,0.0,0.22878769
train,3351,Nc1[nH]c2[nH]c(=O)[nH]c(=O)c2[nH+]1,2.0,1.967859
train,3352,N#Cc1cccc(-c2nn[nH]n2)c1,3.45,3.4688013
train,3353,[NH3+]c1cccc2c(Cl)cccc12,3.34,3.3010657
train,3354,O=C(O)c1cnc2[nH]c(=O)[nH]c(=O)c2n1,2.71,2.9372966
train,3355,Cc1nc(N)[nH+]c(C)c1C#N,1.67,1.6179059
train,3356,NS(=O)(=O)c1ccc(S(=O)(=O)CCCCO)c(F)c1,9.18,9.154833
train,3357,CC#C[C@@H](CC(=O)O)c1ccc(OCc2ccc(CN3CCCc4cccc(OC)c43)s2)cc1,3.4,3.2986603
train,3358,CC(C)(C)CCCC(=O)O,4.88,4.977112
train,3359,O=C(c1ccc2cc(OCCC[NH+]3CCCCC3)ccc2c1)N1CCC(CO)CC1,9.6,9.794245
train,3360,OOC(Cl)C(F)(F)F,8.9,8.866376
train,3361,CCCN(CCC)C(=O)c1cc(C)cc(C(=O)NC(Cc2cc(F)cc(F)c2)C(=O)C2[NH2+]CCN(Cc3ccccc3)C2O)c1,6.0,5.7429247
train,3362,CC1CN(OCc2ccccc2)C(=O)C1[NH3+],6.1,6.0398617
train,3363,O=C([O-])[C@]12CC[C@](C(=O)O)(CC1)CC2,5.457,5.444214
train,3364,C1=C(c2ccccc2)C2CC[NH+]1CC2,9.1,9.135443
train,3365,CC[NH+](CC)CC#N,4.18,4.0041795
train,3366,CCCCC[NH+](CCO)CC(O)CC,9.1,9.072783
train,3367,O=c1[nH]c2cccc(Cl)c2cc1O,7.6,7.420643
train,3368,CNc1c(C)nc[nH+]c1N,6.07,6.174547
train,3369,CC(C)(C)N1[NH2+]C2CCC1C2,9.12,9.171896
train,3370,O=C(O)CNC(=O)c1ccc([N+](=O)[O-])cc1,3.5,3.787933
train,3371,COc1cccc(O)c1O,9.32,9.297754
train,3372,O=C(O)C(C(=O)O)c1ccccc1,2.52,2.6227863
train,3373,CON(C)C(=O)c1cn2c(C)c(C)[nH+]c2c2c1CCC1(CCc3ccccc31)O2,6.63,6.7939377
train,3374,Cc1cccc(C(=O)O)c1C,3.77,3.7188091
train,3375,O=[N+]([O-])c1cccc(S(=O)(=O)Nc2cccc(Cl)c2)c1,6.85,6.9183054
train,3376,Nc1nc(O)ncc1[N+](=O)[O-],7.34,7.175765
train,3377,Cn1c(=O)[nH]c2nc(C(=O)O)cnc2c1=O,1.57,1.6396177
train,3378,N#C[C@@H]1C(=O)NC(=O)C1(c1ccccc1)c1ccccc1,5.18,5.3154087
train,3379,CC(C)c1ccc(CC(=O)O)cc1,4.39,4.4409447
train,3380,COc1cc(NS(=O)(=O)C(F)(F)F)cc(OC)c1Oc1ccc(C#N)c(Cl)c1,4.5,4.58883
train,3381,CCc1oc2ccccc2c(=O)c1C(=O)c1ccc(O)cc1,7.74,7.6449003
train,3382,N#Cc1ccc(N2CC[NH+](CCNC(=O)c3ccc(F)cc3)CC2)cc1,6.43,6.4251213
train,3383,C/N=c1\ccn(C)c(N)[nH+]1,13.14,12.943823
train,3384,O/N=C/c1ccc(F)cc1,10.72,10.594213
train,3385,NC(=O)Nc1[nH]cnc1C(=O)O,4.9,4.735237
train,3386,c1ccc(C2=NCCN2)[nH+]c1,8.93,9.057595
train,3387,O=C([O-])c1cccc(O)c1,9.85,9.591726
train,3388,Cn1c(=S)[nH]c2cc3c(cc21)CCCC3,10.78,10.748355
train,3389,O=[N+]([O-])c1ccc(COO)cc1,10.9,10.754953
train,3390,CN(C)c1c[nH+]c2c(n1)c(=O)n(C)c(=O)n2C,-0.47,-0.043471396
train,3391,N=c1[nH]c(=O)c2[nH]cnc2[nH]1,9.3,9.246124
train,3392,O=C(O)[C@@H]1C[C@@H]1c1ccccc1,4.95,4.7735405
train,3393,CNc1[nH+]cnc2c1cnn2C,4.2,4.1311865
train,3394,CN(C)c1ccnc(S)n1,11.18,11.230845
train,3395,Cc1[nH]c2ccccc2[nH+]1,6.1,6.068424
train,3396,COc1cccc(C2[NH2+]CCS2)c1,5.12,5.116432
train,3397,C=CC12CC[NH+](CC1)CC2,10.56,10.425558
train,3398,C[C@]1(C(=O)O)O[C@H]1C(=O)O,2.38,2.3333583
train,3399,O=C(O)c1cccc(=O)cc1,3.2,3.290789
train,3400,C[C@@H]1CCCC(C)(C)[NH2+]1,11.21,11.051067
train,3401,[NH3+]c1ccc2ccc(O)cc2c1,4.25,4.2574353
train,3402,C[C@]1(c2cc(NC(=O)c3ccc(C#N)cn3)ccc2F)[NH+]=C(N)CO[C@@H]1F,7.9,8.090864
train,3403,Sc1ccc(Cl)cc1,5.9,5.801753
train,3404,CCC(=O)C(CC(C)[NH+](C)C)(c1ccccc1)c1ccccc1,8.723333,8.735718
train,3405,Cc1ccc(C)c(C(=O)C(=O)O)c1,1.45,1.5009212
train,3406,NC(=O)N=c1[nH]cnc2[nH]cnc12,9.95,9.88074
train,3407,CC1=CSC2=[NH+]CCN12,9.81,9.757716
train,3408,O=c1nc2[nH]c(=O)[nH]c2c[nH]1,7.4,7.278306
train,3409,CCCCCCCCCCCC[NH+](CCO)CC(C)O,6.5,6.362755
train,3410,C[C@]1(c2cc(NC(=O)c3ccc(C#N)cn3)ccc2F)[NH+]=C(N)OC[C@H]1F,7.4,7.788435
train,3411,CC(=N\O)/C(=N/O)C(=O)O,1.86,2.0896835
train,3412,Nc1cc(N)[nH]c(=S)n1,10.53,10.404552
train,3413,Brc1cc2cccnc2c2[nH+]cccc12,4.2,4.120015
train,3414,O=C(C[NH+]1CCOCC1)NCc1ccccc1,4.98,5.159706
train,3415,Fc1ccc2c(c1)N(CCC[NH+]1CCCCC1)c1cc(F)ccc1CC2,7.6,7.3074036
train,3416,CC(=O)NO,9.4,9.227219
train,3417,O=C(O)c1ccc(F)c([N+](=O)[O-])c1,3.54,3.4735858
train,3418,Oc1c(C(F)(F)F)ccc2cccnc12,9.08,9.23361
train,3419,O=C1C(=NS(=O)(=O)c2ccccc2)C(c2ccc(Cl)cc2)C(=O)c2ccccc21,5.0,4.849407
train,3420,O=c1cc(I)n([C@@H]2O[C@H](CO)[C@@H](O)[C@H]2O)c(=O)[nH]1,8.42,8.516566
train,3421,CCCOC(=O)c1ccc([NH3+])cc1,2.49,2.4403255
train,3422,On1nnc2cc(Cl)ccc21,4.18,4.1774673
train,3423,Cc1cc(O)c2oc(C)c(C)c2c1,9.11,9.121326
train,3424,N#Cc1ccc(C(=O)O)cc1Br,3.28,3.3796346
train,3425,[H]/N=c1\[nH+]c2n(C)ccnc-2c(=O)n1C,8.71,8.698017
train,3426,CC[C@]1(C(=O)O)C[C@]1(CC)C(=O)O,3.53,3.5768025
train,3427,Oc1ncc(-c2ccc(Cl)cc2)c[nH+]1,1.62,1.5794377
train,3428,O=C(O)[C@H]1O[C@H]1C(=O)O,1.93,2.0791824
train,3429,O=C(NCO)c1ccccc1,13.05,12.952202
train,3430,COc1[nH+]cccc1N,3.35,3.194693
train,3431,Nc1ncc2[nH]c(-c3ccccc3)[nH+]c2n1,3.97,4.0968914
train,3432,O=C1[NH2+]C=CC2=NCCN12,6.99,6.88138
train,3433,Nc1ccc(S(=O)(=O)N=c2[nH]ncs2)cc1,3.46,3.226176
train,3434,CSc1nc2nc[nH+]cc2[nH]1,2.92,2.9063106
train,3435,Cc1cnc2c(ccc3c(C)cc[nH+]c32)c1C,5.97,5.935032
train,3436,CC1C(=O)NC(=O)NS1(=O)=O,2.89,2.7980235
train,3437,CCN(CC)c1nn[nH]n1,6.33,6.407302
train,3438,CCOCC[NH2+]c1ccc(Cl)cc1,3.28,3.3538132
train,3439,N#CNc1nc(N)[nH+]c(N)n1,1.1,1.0534811
train,3440,COC(=O)c1cc[nH+]cc1,3.26,3.2374203
train,3441,O=C1CCCCN1O,9.15,9.047328
train,3442,FC(F)C1Cc2ccccc2C[NH2+]1,6.42,6.20364
train,3443,CC1(c2cccc(-c3cncnc3)c2)[NH+]=C(N)c2c(F)cccc2O1,6.9,7.09814
train,3444,CC1=CCCC[C@@H]1[NH3+],10.37,10.196459
train,3445,O=C1NC(=O)[C@@H]2CC[C@H]12,9.63,9.348178
train,3446,O=c1ccc2ccccc2cc1O,10.0,10.078798
train,3447,CCC12CC[NH+](CC1)CC2,11.09,10.965757
train,3448,Oc1c(F)cc(Cc2ccccc2)cc1F,7.19,6.912983
train,3449,Clc1ccc(N2CCCCC2)n[nH+]1,3.51,3.552416
train,3450,COC(=O)C1CCC[NH+](C)C1,8.45,8.363394
train,3451,Nc1cc[nH+]c(N)n1,7.4,7.4081764
train,3452,Cn1c(=S)[n-]c2[n-]c(=O)c(=O)[nH]c2c1=O,12.1,11.764717
train,3453,O=c1[nH]c(CCc2ccccc2)no1,5.73,5.695407
train,3454,COC(=O)c1occc1C(=O)O,3.09,3.1052918
train,3455,C=CC1C[NH+]2CCC1CC2C(=O)O,10.6,10.770023
train,3456,Cc1[nH]nc2nc[nH+]c(N)c12,4.61,4.4727526
train,3457,Cc1cc(C)cc(N=C2C(=O)c3ccccc3C(=O)C2NS(=O)(=O)c2ccc(F)cc2)c1,9.9,9.955273
train,3458,COc1cc(NS(C)(=O)=O)ccc1N=c1c2ccccc2[nH]c2cc(C(F)(F)F)ccc12,6.24,6.2002525
train,3459,Cc1cc(=O)[nH]cn1,9.1,8.800052
train,3460,Cc1ccc2ccc[nH+]c2c1,5.29,5.117611
train,3461,COCc1cccc(COC)[nH+]1,3.43,3.3964226
train,3462,O=C([O-])c1cc(=O)c(O)c(C(=O)[O-])o1,11.25,11.328754
train,3463,[NH3+][C@H]1CCCCC[C@@H]1O,9.35,9.400438
train,3464,Cn1cc2[nH]c(=O)nc-2[nH]c1=O,7.94,7.9175434
train,3465,CCOCC[NH2+]c1cccc(C)c1,4.24,4.2194285
train,3466,Brc1cccc2[nH+]c[nH]c12,4.7,4.7663584
train,3467,Cn1c(CO)nc2ccccc21,11.45,11.141612
train,3468,CS(=O)(=O)CC(=O)O,2.44,2.463172
train,3469,COc1c(O)cccc1CN,10.54,10.47089
train,3470,Cn1c2c[nH]c(=O)[nH]c-2nc1=O,7.7,7.4823704
train,3471,CO[As](O)OC,7.99,7.971156
train,3472,O=C(O)C(F)(F)F,0.5,0.70497185
train,3473,COc1[nH+]cnc2[nH]cnc12,2.17,2.3049333
train,3474,Cc1ccc2c(c1)[nH+]cn2[C@H]1OC[C@H](O)[C@@H](O)[C@@H]1O,4.17,4.2930565
train,3475,O=C(O)C(O)O,3.13,3.1237638
train,3476,CS(=O)(=O)c1cc[nH+]nc1,-1.06,-0.895501
train,3477,CNc1cc[nH+]cc1Br,7.37,7.443269
train,3478,N#CC(Cl)(Cl)OO,8.9,8.899023
train,3479,C/C(O)=C/C(=O)C(C)C,8.66,8.566579
train,3480,CC(C)CNC(=O)CNC(=O)c1[nH]ccc(=O)c1O,6.2,6.1092243
train,3481,CC1(C)OC(=O)CC(=O)O1,4.8,4.9538755
train,3482,O=C([O-])C1(C(=O)O)CC1,7.22,7.5609016
train,3483,O=C(O)[C@@H](O)[C@H](O)C(=O)O,3.03,3.1933062
train,3484,CCCCOc1ccc2c(=Nc3ccc(NS(C)(=O)=O)cc3OC)c3ccccc3[nH]c2c1,7.34,7.506919
train,3485,[H]/[NH+]=C(/N)c1ccccc1,11.6,11.438807
train,3486,COc1cc([N+](=O)[O-])cc(C(=O)O)c1O,2.05,1.9300334
train,3487,Cc1cc(C)c2cccc(C)c2[nH+]1,4.48,4.3052797
train,3488,C[NH+](C)c1cccc([N+](C)(C)C)c1,2.269,2.2406898
train,3489,CCC1=C(O)C(=O)CC1=O,3.5,3.5092351
train,3490,O=Cc1ccc2cccc(O)c2c1O,4.5,4.2603855
train,3491,[NH3+][C@H]1CCC[C@@H]1O,9.28,9.215576
train,3492,CNc1cc(N)[nH+]c(N)n1,7.21,7.2570887
train,3493,O=[N+]([O-])c1n[nH]c(O)n1,3.63,3.4863966
train,3494,Cc1cccc(C)c1NC(=O)C[NH3+],7.42,7.4244165
train,3495,c1ccc(-c2ccncc2)[nH+]c1,4.77,4.7360897
train,3496,C/C(=C\c1cccc(Cl)c1)C(=O)O,4.79,4.7820377
train,3497,CC[NH+](CC)C(C)O,10.2,10.243849
train,3498,O=C([O-])C1=CC=CC[C@H]1C(=O)O,5.02,5.0450335
train,3499,CC(C)(C)P(=O)(O)O,2.79,2.7253253
train,3500,COc1cccc(-c2[nH]cc(-c3ccccc3)[nH+]2)c1,5.57,5.6844864
train,3501,Cn1c(=O)[n-]c2nc(-c3ccccc3)c(=O)[nH]c2c1=O,10.21,10.172701
train,3502,Cc1[nH+]c2c3c(c(C(=O)N4CCOCC4)cn2c1C)CCC(c1ccccc1)C3,7.05,6.99654
train,3503,CCCOc1cccc2c(=Nc3ccc(NS(C)(=O)=O)cc3OC)c3ccccc3[nH]c12,7.36,7.45156
train,3504,c1ccc(-n2ccc[nH+]2)cc1,0.44,0.6056886
train,3505,C=C(C)c1ccc(O)cc1,10.49,10.239414
train,3506,COc1ccccc1NC(=O)c1cn(C)c(O)c1O,6.08,5.982109
train,3507,Cc1cc(C)cc(C(=O)O)c1,4.335,4.398699
train,3508,CCC(CC(=O)O)CC(=O)O,4.29,4.45088
train,3509,COC(=O)CCS,9.33,9.209394
train,3510,COc1ccc(C[NH3+])cc1,9.51,9.334344
train,3511,Brc1ccc2[nH]c[nH+]c2c1,4.89,4.9027996
train,3512,[NH3+]c1ccc2c(c1)Cc1ccc(O)cc1-2,4.63,4.5486517
train,3513,CC(C)C12CCC(=O)C=C1c1c(cc(OCC(=O)O)c(Cl)c1Cl)C2,3.83,3.7517524
train,3514,CC1CCN(C(=O)c2ccc3cc(OC4CC[NH+](C(C)C)C4)ccc3c2)CC1,9.4,9.522846
train,3515,CO[C@@H]1[C@@H](OC(=O)c2ccc(C)[nH]2)[C@@H](O)[C@H](Oc2ccc3c(N4CC[NH+](C)CC4)cc(=O)oc3c2C)OC1(C)C,7.3,7.3586864
train,3516,COc1cnc2c[nH+]cnc2n1,1.64,1.7256459
train,3517,Cc1ccccc1C(=O)c1ccc2n1CCC2C(=O)O,3.44,3.354448
train,3518,CNC(=O)NS(=O)(=O)c1ccc([N+](=O)[O-])cc1,3.94,3.811029
train,3519,Nc1cc[n+]([O-])cc1C(=O)O,3.98,3.9167426
train,3520,CC(=O)Oc1ccc2c3c1O[C@H]1[C@@H](OC(C)=O)C=C[C@H]4[C@@H](C2)[NH+](C)CC[C@@]341,7.6,7.590826
train,3521,COc1cccc(/[NH+]=C/N(C)C)c1,8.6,8.811331
train,3522,O=C(O)C12CCC(CC1)CC2,5.08,5.1395016
train,3523,Cc1cc([C@H]2C[C@H]3[C@@H](C)SC(=[NH2+])N[C@@]3(c3ccc(F)cc3F)CO2)on1,7.7,7.820306
train,3524,Cn1cnc(=S)c2[nH]cnc21,7.51,7.301241
train,3525,Cc1ccc(N(C)[NH3+])cc1Br,4.62,4.658103
train,3526,CC1=Nc2cnc(O)nc2NC1(C)O,11.15,11.211134
train,3527,Cc1ccccc1C(=O)NO,8.55,8.66106
train,3528,Cc1cccc(C)c1NC(=O)C[NH+](C)C,7.36,7.308757
train,3529,O=C([O-])C1=C(C(=O)O)CC=CC1,4.9,4.744569
train,3530,CC(=O)N(C)c1ccccc1O,8.6,8.53649
train,3531,O=C1NC(=O)C2(CC2)C(=O)N1,8.73,8.742805
train,3532,COc1ccc(NC(=O)C(=O)O)cc1,2.65,2.4496212
train,3533,O[C@@H]1[C@@H](O)[C@H](O)[C@@H]([NH2+]Cc2cn(CCc3ccccc3)nn2)[C@H](O)[C@H]1O,7.8,7.967416
train,3534,[NH3+]CCCl,8.56,8.376168
train,3535,Nc1nc2[nH]c(-c3ccccc3)c(-c3ccccc3)nc-2c(=O)n1,8.6,8.545851
train,3536,Cc1ccccc1-c1nc2cn(-c3ccc(C#N)cc3)nc2c(=O)n1CC1CCC[NH+](C(C)C)C1,10.0,10.125277
train,3537,O=[N+]([O-])c1c(O)cccc1O,6.37,6.4516277
train,3538,O=c1cnc2[n-]c(=S)[n-]c(=O)c2[nH]1,13.11,12.792835
train,3539,Nc1nc(N)c(NC=O)c(O)[nH+]1,2.5,2.4275036
train,3540,Cc1c(Cc2ccccc2S(=O)(=O)c2cccc(Cl)c2)c2c(n1CC(=O)O)CCNC2=O,3.1,2.9163952
train,3541,Cn1nnc2nc[nH+]c(N)c21,2.4,2.317163
train,3542,Cc1nc(N)[nH+]cc1C#N,1.14,1.1891298
train,3543,CC1(C)CC(=O)C(C=O)C(=O)C1,3.65,3.4860752
train,3544,COc1cccc2c[nH+]cnc12,1.93,1.9844404
train,3545,COc1ccc(S(=O)(=O)Nc2ccc(F)cc2)cc1,9.32,9.511251
train,3546,O=C(O)c1cnc2ccccc2n1,2.875,2.6935804
train,3547,CSc1nc2nc(N)ncc2[nH]1,8.53,8.443201
train,3548,N#Cc1ccc(-c2ccc(C[C@@H](C#N)NC(=O)C3([NH3+])CCOCC3)cc2)cc1,5.8,5.643326
train,3549,CCC12CCC(=O)C=C1c1c(cc(OCC(=O)O)c(Cl)c1Cl)C2,3.6,3.708381
train,3550,O=c1nc2[n-]nnc2c[nH]1,10.21,9.942917
train,3551,Nc1c[nH+]c(Cl)cc1N,4.79,4.908985
train,3552,O=C([O-])[C@H]1CCCC[C@H]1C(=O)O,6.76,6.724942
train,3553,COc1cc(NS(C)(=O)=O)ccc1N=c1c2ccc(Cl)cc2[nH]c2c(C(N)=O)cccc12,5.68,5.769368
train,3554,Cc1nc(O)nc2[nH]cnc12,8.9,8.740562
train,3555,Cc1cccc(O)c(=O)c1,7.26,6.991166
train,3556,O=C(O)C[C@]1(O)C[C@@H]2C=C[C@H]1C2,4.36,4.3169565
train,3557,COc1cccc(N)[nH+]1,4.64,4.839778
train,3558,CCN(CC)C(=O)c1cn2c(C)c(C)[nH+]c2c2c1CCC(c1ccccc1)O2,6.75,6.949688
train,3559,Clc1ccc2[nH]nnc2c1,7.7,7.6666784
train,3560,[NH2+]=c1cc[nH]c2cc(Cl)ccc12,8.22,8.075527
train,3561,CSc1ccccc1C(=O)O,3.78,3.877615
train,3562,CN1CCNS1(=O)=O,10.39,10.295639
train,3563,CSc1nc2cc[nH+]cc2n1C,6.28,6.265497
train,3564,COc1cc([C@H]2C[NH+]=C(c3ccc4c(ccn4C)c3)O2)cc(OC)c1OC,5.0,4.781148
train,3565,O=P(O)(O)c1ccc(F)cc1,1.59,1.8048193
train,3566,Nc1[nH]c(=O)ncc1Cl,10.36,10.297571
train,3567,Nc1cc(C(=O)O)ccc1Cl,4.115,4.259203
train,3568,CC1=CC(=O)[NH+](c2ccccc2)N1C,1.45,1.562165
train,3569,CC(=O)[NH2+]C1=NCCCN1,8.34,8.184654
train,3570,C[NH2+]C(CO)CO,9.12,9.0726385
train,3571,N#CC(=NO)C(=O)Nc1cc(C(F)(F)F)cc(C(F)(F)F)c1,4.73,4.6874466
train,3572,NC(=[NH2+])c1ccccc1,11.8,11.643682
train,3573,CC1[NH+]=C(N)Nc2cccc(Cl)c21,9.9,9.688858
train,3574,Cc1ccc(C(=O)Oc2ccccc2)c(O)c1,9.44,9.2717705
train,3575,CC1([NH3+])CCCCC1,10.36,10.344204
train,3576,O=c1ccc([N+](=O)[O-])ccc1O,2.97,2.882453
train,3577,CC(=O)Nc1ccc(S)cc1,6.08,6.0378847
train,3578,[NH3+]c1cccc(-c2ccccc2)c1,4.18,4.134818
train,3579,Cc1ccccc1[NH2+]C(C)(C)C,6.49,6.6772633
train,3580,c1cc2c(n[nH+]1)CCC2,4.12,4.1833005
train,3581,C=Cc1cc[nH+]cc1,5.62,5.568595
train,3582,CCOc1cccc(C(=O)O)c1C,3.73,3.781513
train,3583,O=C(O)Cc1cccc2ccccc12,4.24,4.335433
train,3584,C1=[NH+]CCC1,6.7,6.553277
train,3585,COc1ccccc1-c1c[nH]nn1,8.99,8.852585
train,3586,Brc1nn[nH]n1,2.13,2.2229185
train,3587,Cc1ccccc1N[NH3+],5.32,5.357401
train,3588,CC(=S)S,2.57,2.633377
train,3589,Cc1[nH+]ccn1C,7.64,7.7395477
train,3590,O=C1[NH2+]C(Cl)=C(Cl)C(Cl)=C1Cl,-1.2,-0.8402257
train,3591,Cc1[nH+]c2ccccc2cc1O,5.61,5.7928677
train,3592,O=C(O)CN(CC(=O)O)[N+](=O)[O-],2.21,2.235331
train,3593,[NH3+]C1=CC(=O)C(=O)c2ccccc21,1.57,1.6730847
train,3594,COc1nc2cncnc2[nH]1,7.76,7.6849403
train,3595,c1cncc(-c2ccc[nH+]c2)c1,4.6,4.497822
train,3596,Cn1cnc2c[nH+]cnc21,2.27,2.308258
train,3597,CNc1cc(=S)[nH]c[nH+]1,-0.27,-0.17895198
train,3598,[O-]c1ccccc1-c1ccccc1O,11.8,11.648447
train,3599,CS(=O)(=O)c1ccc[nH+]n1,-1.01,-0.73446155
train,3600,CC(C)(Cc1ccccc1)OO,12.8,12.7966795
train,3601,O=P(O)(O)c1ccc(C(F)(F)F)cc1,1.28,1.2788866
train,3602,C[NH+]1CCN(C(c2ccccc2)c2ccc(Cl)cc2)CC1,7.81,7.9876146
train,3603,Cc1ncnc2c(O)cccc12,8.75,8.573149
train,3604,O/N=C/c1ncccc1O,8.1,7.973444
train,3605,O=C1Nc2ccccc2[NH2+]1,-1.7,-2.0748746
train,3606,[O-][n+]1ccccc1O,5.975,5.898756
train,3607,C[NH+]1[C@@H]2CC[C@H]1C[C@@H](O)C2,10.33,10.271561
train,3608,O=C(O)c1cc[nH]c1,5.01,5.0392113
train,3609,CCOc1ccc2[nH]c(C(C)C)[nH+]c2c1,6.17,6.3125973
train,3610,CNc1cc(NC)[nH+]cn1,6.32,6.3200626
train,3611,[NH3+]c1cc([NH3+])c(O)c([NH3+])c1,1.0,0.9915546
train,3612,Cn1[nH+]cc2ccccc21,0.4,0.6911684
train,3613,Nc1[nH+]cnc2c1cnn2-c1ccccc1,3.89,3.8177073
train,3614,C/[NH+]=C1\CC(=O)C=CC1=O,3.9,3.8745964
train,3615,CCC1=C(O)CCC1=O,4.7,4.733185
train,3616,c1nc2cc3c(cc2[nH]1)CCCC3,13.33,13.207723
train,3617,Nc1cc[nH]c(=O)[nH+]1,4.58,4.707243
train,3618,CCOP(=O)(OCC)C(C)([NH3+])CCC[P+](c1ccccc1)(c1ccccc1)c1ccccc1,5.13,5.1363363
train,3619,Cn1nc(S(N)(=O)=O)s/c1=N\C(=O)C(F)(F)F,6.6,6.7650614
train,3620,COc1cc(C(C)=O)ccc1O,7.65,7.7563114
train,3621,Cc1nnn(CC(=O)O)n1,2.23,2.2808652
train,3622,O=C(O)[C@H]1CSCN1,6.08,6.0931387
train,3623,[NH3+]Cc1cccc(F)c1,9.04,8.930066
train,3624,O=C(Nc1n[nH]c(NC(=O)c2ccccc2)n1)c1ccccc1,10.21,10.313562
train,3625,[NH3+]c1cccc2cc3ccccc3cc12,4.1,3.9638543
train,3626,C[NH+]1CCc2cccc(c2)CCc2ccc1cc2,6.76,6.6657257
train,3627,O=C(O)CC(C(=O)O)c1ccccc1,3.78,3.7512627
train,3628,Cc1nc2[nH]c(=NC(=O)c3ccco3)c(-c3c(Cl)cccc3Cl)cc2c[nH+]1,4.3,4.312166
train,3629,Cc1[nH+]n(C)c2c1C(c1ccccc1F)=NCC(=O)N2C,4.69,4.726842
train,3630,CNc1nccc(O)n1,9.82,9.660071
train,3631,COc1cc[nH+]c(Cl)c1,1.93,1.8804082
train,3632,COc1ccc(C(=O)O)c([N+](=O)[O-])c1OC,3.1,3.0582922
train,3633,N#Cc1ccc(P(=O)([O-])O)cc1,6.79,6.651601
train,3634,CCc1ccc(NS(=O)(=O)C(F)(F)F)cc1,4.82,4.9084387
train,3635,CC[NH+](CC)CCON=C1C[C@H]2C(C)(C)O[C@H]3CC(=O)OC[C@]32[C@H]2CC[C@@]3(C)[C@H](c4ccoc4)OC(=O)C4O[C@]43[C@]12C,9.17,9.274134
train,3636,Oc1cc(I)cc2ccccc12,8.36,8.267681
train,3637,O=C(c1nnc(-c2ccccc2)o1)N1CC(Oc2ccc(C[NH+]3CC4(CCOC4)C3)cc2)C1,8.6,8.631034
train,3638,COc1ccc(C(=O)NCC(=O)O)cc1,4.77,4.418842
train,3639,CC1=[NH+]CCS1,5.22,5.2781544
train,3640,C=C(C(=O)O)c1ccc([N+](=O)[O-])cc1,4.05,4.1460857
train,3641,Nc1ncc(-c2ccc(F)cc2)c[nH+]1,3.25,3.1654766
train,3642,COc1nc[nH+]cc1-c1ccccc1,2.94,2.9405167
train,3643,CC(=O)/N=c1\sc(S(N)(=O)=O)nn1C,7.3,7.279665
train,3644,CNC(=S)N(C)CC[NH+]=c1c2ccccc2[nH]c2ccccc12,9.0,9.0012245
train,3645,Cn1c(=S)cn[nH]c1=O,8.57,8.517703
train,3646,O=C(O)/C=C/CC(=O)O,4.25,4.175909
train,3647,Cc1cc(C)[nH]c(=N)n1,4.93,4.8234577
train,3648,O=C1NCC(c2ccc(F)cc2)C12CC[NH+](C1CCCCC1(O)c1ccccc1)CC2,6.89,7.0147953
train,3649,O=[N+]([O-])c1ccc(Nc2cccc([N+](=O)[O-])c2)cc1,14.66,14.586128
train,3650,COc1cc(N)c(Cl)cc1C(=O)NC1CC[NH+]2C(C)CCCC2C1,9.2,9.290502
train,3651,c1[nH]c2ccc3c(c2[nH+]1)CCCC3,5.99,5.999322
train,3652,O=C(c1ccccc1O)n1cccc1,8.59,8.377333
train,3653,C1CC[C@@H]2[NH2+]CCC[C@H]2C1,11.29,11.163744
train,3654,CCCCCCCCn1cc(CCC[NH2+][C@H]2[C@H](O)[C@@H](O)[C@H](O)[C@@H](O)[C@@H]2O)nn1,9.4,9.847166
train,3655,Cc1nsc(=S)[nH]1,5.18,5.1544046
train,3656,CC(C)(C)P(=O)([O-])O,8.88,8.897886
train,3657,NS(=O)(=O)c1ccc(Cl)c([N+](=O)[O-])c1,9.34,9.214113
train,3658,Sc1cnccn1,6.75,6.560363
train,3659,CS(=O)(=O)CS(=O)(=O)Oc1cccc(Cl)c1,9.59,9.502707
train,3660,COC(=O)c1cccc(NC=S)c1,10.81,10.6946535
train,3661,FC(F)(F)c1nc2ccccc2[nH]1,10.1,10.101222
train,3662,O=C(O)CCCCCl,4.69,4.6977205
train,3663,CC(=O)c1cccc(P(=O)(O)O)c1,1.36,1.3250701
train,3664,C[NH+](C)CCON=C1C[C@H]2C(C)(C)O[C@H]3CC(=O)OC[C@]32[C@H]2CC[C@@]3(C)[C@H](c4ccoc4)OC(=O)C4O[C@]43[C@]12C,8.78,8.847301
train,3665,O=c1[nH]c(CCc2ccccc2)ns1,6.5,6.4672327
train,3666,C[NH+]1[C@@H]2CC[C@H]1C[C@@H](OC(=O)C(CO)c1ccccc1)C2,9.76125,9.790188
train,3667,O=C1C=C(O)C[C@H](c2ccco2)C1,4.73,4.7406254
train,3668,CC1CCC[C@H](C(C)C(=O)O)C1,4.59,4.794119
train,3669,Nc1cc(F)[nH+]c(O)n1,1.5,1.7243714
train,3670,CCC(CC)[NH+]=c1cc(C)[nH]c(Oc2c(C)cc(C)cc2C)c1C,6.9,6.7088356
train,3671,c1csc(C2CCC[NH2+]2)c1,9.35,9.235147
train,3672,O=C(O)c1cc(C(=O)O)[nH]n1,1.0,0.96472454
train,3673,CC(C)c1cccc(=O)c(O)c1Br,6.68,6.60194
train,3674,BrC1=N[NH2+]C2(CCC2)C1,2.7,2.5376966
train,3675,O=C(O)c1c(Cl)ccc(Cl)c1Cl,1.5,1.6270437
train,3676,Oc1ccc(I)cn1,9.93,9.765294
train,3677,O=C(Nc1ccccc1)C(F)(F)F,9.54,9.405877
train,3678,c1cc(-c2cc[nH+]cc2)ccn1,4.82,4.7176895
train,3679,O=C(O)c1cc(C(=O)O)c(C(=O)O)cc1C(=O)O,1.92,2.03471
train,3680,Cc1cnc2c(C(=O)O)c(Cl)ccc2c1,3.96,3.756087
train,3681,CC(=O)C(C)=NO,9.4,9.210483
train,3682,Cc1ccc(O)c([N+](=O)[O-])c1,7.4,7.4083614
train,3683,CN(O)C(=O)c1ccc([N+](=O)[O-])cc1,8.01,7.840025
train,3684,C[NH2+]C12CCN(CC1)CC2,10.32,10.23355
train,3685,COC(=O)c1cc(Br)c(=O)n([NH3+])c1,2.4,2.4063387
train,3686,C[C@H](C(=O)[O-])[C@H](C)C(=O)O,6.0,5.9864435
train,3687,CSc1nc(O)cc(O)n1,5.09,5.0178366
train,3688,Cc1nnc2[nH]c(N)[nH+]c(=O)c2n1,1.14,1.1176977
train,3689,COc1cc(NS(C)(=O)=O)ccc1N=c1c2ccc(I)cc2[nH]c2c(OCC(O)CO)cccc12,6.7,6.7544994
train,3690,COC1=C(O)C(=O)SC1,8.3,8.325865
train,3691,COc1ccc(CO[NH3+])cc1,4.42,4.3964577
train,3692,[O-]c1ncc2nc(C(F)(F)F)[nH]c2n1,10.92,10.860792
train,3693,CO[C@@H]1[C@@H](OC(=O)c2ccc(C)[nH]2)[C@@H](O)[C@H](Oc2ccc3c(N4CC[NH2+]C(C)C4)cc(=O)oc3c2C)OC1(C)C,8.3,8.044745
train,3694,Cc1nc2cc3ccccc3cc2[nH]1,12.73,12.752882
train,3695,CC(=O)Nc1ccc(C)cc1C(=O)O,3.73,3.6481001
train,3696,CC1=C[NH2+]C(C)=C1,2.55,2.4708571
train,3697,COn1c(C)cc(C)[nH+]c1=O,3.1,3.0834048
train,3698,C/C=C(\Cl)CC(=O)O,3.22,3.325927
train,3699,COc1ccc(O)cc1C,10.31,10.136369
train,3700,O=C(O)Cc1cc(O)ccc1O,4.4,4.358863
train,3701,CCc1cc(C(=O)O)cs1,4.19,4.1710134
train,3702,O=C(O)COc1cc2c(c(Cl)c1Cl)C(=O)C(C1CCCC1)C2,3.9,3.867774
train,3703,COc1cccc2c1c(=NS(=O)(=O)c1cccc(Cl)c1Cl)[nH]n2Cc1cccc(CNC(=O)C(C)(C)O)c1,6.82,7.015334
train,3704,COc1[nH+]ccc2ccccc12,3.05,2.903664
train,3705,COc1cccc(-c2c[nH]c(-c3ccccc3)[nH+]2)c1,5.58,5.7269287
train,3706,Oc1cc2ccccc2cc1C(F)(F)F,8.42,8.405904
train,3707,CCOC(=O)C([NH3+])CCC(=O)NCCSC(=O)c1ccccc1,8.85,8.884333
train,3708,O=C(O)[C@]12CC[C@](Br)(CC1)CC2,4.619,4.6727343
train,3709,COc1ccc(NC=S)cc1,11.74,11.645149
train,3710,N#Cc1ccc2c(c1)CC[NH2+]2,2.8,2.5983403
train,3711,CCP(=O)(O)O,2.45,2.517183
train,3712,O=C(O)CCP,4.23,4.328985
train,3713,Cc1[nH][nH+]c2cc(N)ccc12,4.0,3.9545019
train,3714,CC(=O)C(C)C(C)=O,10.87,10.651548
train,3715,CC=CCOC(=O)c1ccc(O)cc1,8.41,8.355247
train,3716,N#CC[NH+]1CCCCC1,4.55,4.4304647
train,3717,[NH3+]c1cc(O)c2ccccc2c1O,4.04,4.01165
train,3718,CNc1[nH]c(=O)cc[nH+]1,3.9,3.959492
train,3719,CC(=O)c1ccc(NS(=O)(=O)C(F)(F)F)cc1,3.29,3.4011252
train,3720,CCc1[nH]nc[nH+]1,3.2,3.2459943
train,3721,CSc1nc2[n-]c(=O)c(=O)[nH]c2c(=O)[n-]1,12.75,12.526851
train,3722,Cn1cnc2c(=S)[n-]c(=O)[nH]c21,12.6,12.588301
train,3723,Cc1ccc(C(=O)O)[nH]1,4.88,4.7870092
train,3724,C=CC[N+](=O)[O-],5.22,5.1628313
train,3725,Oc1cccc(O)c1O,9.12,9.0340185
train,3726,Oc1c(Br)cc(I)c2nc3cc(Cl)c(Cl)cc3nc12,6.95,6.841835
train,3727,O=P(O)(O)c1ccccc1Br,1.585,1.605263
train,3728,Cc1cc(O)ccc1C(C)C,10.31,10.243751
train,3729,COc1ccc(C(=O)O)cc1O,4.49,4.4579144
train,3730,Cc1c(O)cccc1C(=O)O,3.78,3.7052405
train,3731,CCCCCCCCS,10.72,10.618076
train,3732,CC[NH+](CC)CC(=O)Nc1c(C)cccc1C,7.873636,7.9697285
train,3733,COC(=O)c1cc([N+](=O)[O-])cc([N+](=O)[O-])c1O,2.45,2.3698971
train,3734,CC[NH+](CC)CCNC(=O)c1cc(Cl)c(N)cc1OC,9.471667,9.409238
train,3735,Nc1nc2c[nH+]cnc2[nH]1,4.64,4.5835104
train,3736,[NH3+]c1ccccc1C(=O)O,2.09,2.0706139
train,3737,Cc1[nH+]c(C)c(C)c(N)c1C,10.45,10.532534
train,3738,c1c[nH+]c2c(n1)C[NH2+]CN2,0.1,0.1876148
train,3739,Cn1ccc2ccc3ccc[nH+]c3c21,4.36,4.2860146
train,3740,Nc1cc(S(N)(=O)=O)ccc1S(=O)(=O)CCCO,9.15,9.317879
train,3741,O=C(O)c1ccc(Oc2ccccc2)cc1,4.52,4.4761252
train,3742,c1ccc(-c2ncc[nH]2)cc1,13.32,13.082118
train,3743,NS(=O)(=O)c1cc2c(cc1Cl)N=CNS2(=O)=O,6.7,6.7982016
train,3744,O=C(O)C1CCC1,4.78,4.927208
train,3745,CC(=O)N[C@@H](CS)C(=O)O,3.08,3.1485212
train,3746,c1cnc2c(ccc3[nH+]ccnc32)n1,0.5,0.38364023
train,3747,Sc1ccc2ncccc2c1,6.5,6.1920557
train,3748,[NH3+]c1ccccc1O,4.66,4.600746
train,3749,Cn1cc(Br)c[nH+]c1=O,0.55,0.6952648
train,3750,C[NH+](C)CCCc1ccc2ccccc2c1,10.27,10.223476
train,3751,C/C(=N/O)c1ccc(N(C)C)cc1,11.25,11.253957
train,3752,CCCCCCCCCOC(=O)c1ccc(OS(N)(=O)=O)cc1,8.39,8.240905
train,3753,O=C(O)c1ccccc1N=c1c2ccccc2[nH]c2ccccc12,7.28,6.7814445
train,3754,Cc1ccc(C)c(C(=[NH2+])c2ccccc2)c1,6.79,7.016947
train,3755,[H]/[NH+]=C(/c1ccccc1)c1ccc(O)cc1,7.55,7.7030525
train,3756,CC=C(Cl)C(=O)O,2.88,2.9790602
train,3757,C[NH+](CC(N)=O)[C@@H]1CC[C@H](OCc2cc(C(F)(F)F)cc(C(F)(F)F)c2)[C@H]1c1ccccc1,5.8,5.733527
train,3758,Cc1ccc(N=Nc2ccc([NH3+])cc2)cc1,3.04,2.9113867
train,3759,Oc1ccc2c([nH+]1)CSC2,0.69,0.78798944
train,3760,O=C(O)c1c[nH]c2cc(Cl)c(-c3ccc(OCCO)cc3)cc12,4.8,4.657441
train,3761,O=C(Cc1cccc([N+](=O)[O-])c1)c1cccnc1,11.96,11.851466
train,3762,CCOC(=O)c1c(O)nnn1Cc1ccccc1,5.38,5.416196
train,3763,C=C[C@]1(O)C[C@@H](C)[NH2+][C@@H]2CCCC[C@H]21,9.98,10.067987
train,3764,Cn1cnc2c(=O)[nH]cnc21,9.21,9.218234
train,3765,CCNC1=[NH+]C(C)c2ccccc2N1,10.8,10.420841
train,3766,[O-]c1ccc(O)cc1,12.04,11.620663
train,3767,C[C@@H]1CC[NH+]2CC=C[C@H]12,10.59,10.634431
train,3768,Cn1c(=O)c2c(nc3n(CCC[NH+]4CCc5ccccc5C4)c(-c4ccccc4)cn23)n(C)c1=O,10.41,10.747644
train,3769,Cc1cc(N=O)cc(C)c1O,7.58,7.4568634
train,3770,Cc1cc[nH]c(=O)[nH+]1,3.06,3.0262592
train,3771,C[Si](C)(C)c1cccc2c1C(=O)NC2=O,11.15,10.979727
train,3772,CC(C=C(c1cccs1)c1cccs1)[NH+]1CCCCCC1,7.96,8.052274
train,3773,O=C([O-])[C@]12[C@@H]3[C@@H]4[C@H]1[C@@H]1[C@H]2[C@H]3[C@]41C(=O)O,4.76,4.8596067
train,3774,Nc1nc[nH+]c(N)n1,3.91,3.8650453
train,3775,O=c1ccc(O)ccc1O,6.47,6.2312813
train,3776,COc1ccc(Cl)c[nH+]1,1.18,1.3082998
train,3777,Cc1cc(=[OH+])cc(-c2ccccc2)o1,0.26,0.21673149
train,3778,c1ccc(Cc2ncc3c(n2)CC[NH2+]CC3)cc1,8.5,8.301406
train,3779,C[NH+]1[C@@H]2C[C@H](OC(=O)C(CO)c3ccccc3)C[C@H]1[C@H]1O[C@H]12,7.55,7.460163
train,3780,Cc1cccc(C)c1O,10.573334,10.275494
train,3781,O=c1[nH]cnc2c1CCCC2,9.64,9.625278
train,3782,Cc1[nH+]c2c(OCc3ccccc3)cccn2c1C,7.0,7.1054535
train,3783,O=C(O)[C@@H]1CCNO1,4.77,4.6927147
train,3784,C=C(C)C(=O)OCC[NH+](C)C,8.06,7.9160023
train,3785,O=C(c1ccccc1)N1CC[NH2+]CC1,7.75,7.728961
train,3786,Sc1[nH]c2cnc(Cl)cc2[nH+]1,0.81,0.8313241
train,3787,CC(=O)C(C)C(=O)c1ccccc1,11.13,10.984909
train,3788,CC1CC(=O)CC(=O)O1,5.1,5.1348906
train,3789,Cc1ccc(N[NH3+])cc1Br,5.14,4.9255342
train,3790,CC1(C)CC(=O)C=C(O)C1,5.253,5.0818796
train,3791,O=C(NO)c1ccc(Br)cc1,8.655,8.470109
train,3792,COc1cccc(C(=O)O)c1,4.09,4.240467
train,3793,C[C@]1(C(=O)O)C[C@@H]1C(=O)O,3.93,3.9286363
train,3794,C1C[NH2+][C@H]2C[NH2+]CC[C@@H]2C1,7.07,6.99693
train,3795,Cc1c[nH]c(C(=O)O)c1,4.6,4.472618
train,3796,O=C([O-])CS,10.2,9.995807
train,3797,Cc1c[nH+]ccc1N,9.43,9.531395
train,3798,O[C@@H]1C[NH+]2CCC1CC2,9.91,9.913736
train,3799,CS(=O)(=O)c1ccc(O)cc1,7.83,7.8617144
train,3800,NC(=O)Cc1ccc(C(=O)O)cc1,4.06,4.1588755
train,3801,O=C(O)/C=C\c1cccc([N+](=O)[O-])c1,3.61,3.597832
train,3802,C[NH+]=c1cc[nH]c(N2CCc3ccccc3C2)c1,8.85,8.784507
train,3803,COc1cc(S(C)=O)ccc1-c1nc2nccnc2[nH]1,8.94,8.818106
train,3804,O=c1[nH]ccc2ccc[nH+]c12,2.53,2.5774477
train,3805,c1c[nH+]ccn1,0.6,0.75426555
train,3806,Cc1nc2n[nH]cc2[nH+]c1C,0.73,0.68489885
train,3807,CN1CC[NH+](C)CC1,8.54,8.63985
train,3808,CCCC[NH2+]Cc1ccc(C)cc1,9.98,10.041462
train,3809,Nc1[nH+]cc[nH+]c1N,0.76,0.72151405
train,3810,O=C1C(O)=C(Br)C(=O)C(Br)=C1Br,1.1,1.1106966
train,3811,Oc1cccc(O)c1,9.2725,9.13718
train,3812,Cn1cnc(=O)c2nc[nH]c21,8.34,8.209652
train,3813,O=Cc1ccc[nH+]c1,3.73,3.8693676
train,3814,C[C@H](N)[C@H](C)[NH3+],10.0,9.805865
train,3815,Nc1ccc[nH+]c1,6.03,5.8597736
train,3816,COc1ccc2c(c1)C=NOC=[NH+]2,1.44,1.3070436
train,3817,COc1ccc2c3c1O[C@H]1C[C@@H](O)C=C[C@@]31CC[NH+](C)C2,8.32,8.349536
train,3818,CSc1c[nH+]c2c(N)nc(N(C)C)nc2n1,5.33,5.4135466
train,3819,CNc1cc(Cl)[nH]c(=O)n1,9.05,8.797319
train,3820,CCOC(=O)C1(c2ccccc2)CC[NH+](CC(F)(F)F)CC1,3.13,3.1540573
train,3821,COc1ccc(C(=O)O)c(N)c1,4.88,5.1703777
train,3822,CNC(=O)c1cccc2c(=Nc3ccc(NS(C)(=O)=O)cc3OC)c3ccc(Cl)cc3[nH]c12,5.68,5.816718
train,3823,C[NH+]1C2CCC1CC(=NOC(c1ccccc1)c1ccc(Cl)cc1)C2,8.34,8.321795
train,3824,Sc1cccc2cccnc12,8.29,7.994302
train,3825,CC1=N[SH](=O)(c2cccc(-c3cccc(C#N)c3)c2)NC1=O,5.8,5.811901
train,3826,O=P(O)(O)C#Cc1ccccc1,1.14,1.1811152
train,3827,N#Cc1cccc(C(=O)O)c1,3.6,3.5469897
train,3828,CN(C)c1cccc(O)c1,9.84,9.815993
train,3829,N#Cc1cc(Cl)ccc1O,6.4,6.2956934
train,3830,[NH2+]=c1cc(N2CCc3ccccc3C2)[nH]c2c1CCC2,9.4,9.210684
train,3831,S=c1cc2ccccc2c[nH]1,8.58,8.498268
train,3832,CC(=O)[NH+](C)C,-0.19,-0.7980652
train,3833,CN1C=[NH+]Cc2ccccc21,9.41,9.168106
train,3834,CC(=O)NS(=O)(=O)c1ccc(C)cc1,4.92,4.874014
train,3835,OCCSC(=S)Nc1ccccc1,9.2,8.963541
train,3836,Cc1cccc(C)c1NC(=O)C(C)[NH+](C)C,7.33,7.3035975
train,3837,C=CC(Cl)C(=O)O,2.54,2.6779084
train,3838,COc1cc(=O)nc2sc(S(N)(=O)=O)nn12,7.1,7.10349
train,3839,O=S(O)CCCc1ccccc1,2.05,2.1162958
train,3840,O=C(C1CCN(c2cc[nH+]cc2F)CC1)N1CCN(S(=O)(=O)c2ccc(C(F)(F)F)cc2)CC1,6.7,6.7972136
train,3841,Cc1ccc(CO[NH3+])cc1,4.4,4.383609
train,3842,c1ccc2cc3nc4c(ccn5cc[nH+]c45)cc3cc2c1,2.43,2.3110838
train,3843,[NH3+]CC1CCCCC1,10.52,10.385484
train,3844,Cc1cc[nH+]nc1C,4.1,4.043973
train,3845,O=C(O)C[S+]([O-])c1cccc(Cl)c1,2.663,2.705224
train,3846,c1ccc2[nH+]c3ccccc3cc2c1,5.6,5.656806
train,3847,COc1[nH+]c(C)cs1,2.22,2.2930844
train,3848,c1cc([C@H]2CC[C@]3(CC2)OO[C@]2(O3)C3CC4CC(C3)CC2C4)ccc1OCC[NH+]1CCOCC1,6.81,6.725519
train,3849,N#Cc1cc2n[nH]nc2[nH+]c1N,-0.06,0.12661481
train,3850,CS(=O)(=O)CC(=O)/C=N/O,7.46,7.3633747
train,3851,O=Nc1ccc(O)cc1Br,5.7,5.5926714
train,3852,CC(=O)NCc1cccc(Cn2[nH]c(=NS(=O)(=O)c3ccc(Cl)s3)c3c(C#N)cccc32)c1,5.4,5.4575157
train,3853,O=C(O)C1C(=O)NC(=O)C1c1ccccc1,2.9,2.8866534
train,3854,CCCC(CC(=O)O)CC(=O)O,4.315,4.4139137
train,3855,C[n+]1ccc(N[NH3+])c2ccccc21,2.61,2.489983
train,3856,CN(C)c1ccc(C2C[NH+]3CCC2CC3)cc1,10.29,10.2971
train,3857,CC(=O)Nc1cccc2[nH+]c3ccccc3cc12,4.4,4.3495755
train,3858,Nc1nonc1/C(=N/O)Nc1ccccc1,10.1,10.127066
train,3859,O=C(O)C1CCC[NH2+]1,10.585,10.578732
train,3860,O=C(O)c1cncc(C(=O)O)c1,2.56,2.4978588
train,3861,Cn1cnc2c(O)ncnc21,9.11,8.908232
train,3862,CC(SC#N)C(=O)O,2.44,2.548731
train,3863,COc1ccc(C(=O)O)cc1-c1ccc(C#CCO)s1,4.2,4.2150526
train,3864,O=c1cn[nH]c(O)n1,7.0,7.0704985
train,3865,N#CCCC(C(=O)O)c1ccccc1,3.92,4.117961
train,3866,CC[C@]1(C)NC(=O)c2cc(S(=O)(=O)Nc3ccc(OC(F)F)cc3)ccc2NC1=O,7.9,8.232116
train,3867,CCC[NH+]1CCN(c2ccccc2)CC1,7.96,8.006121
train,3868,Cc1cc(=[OH+])cc(C)o1,0.44,0.4569179
train,3869,O=C(NO)C1CCCCC1,9.7,9.680449
train,3870,Cc1cc(O)ccc1N=Nc1ccc2c(c1)Cc1ccccc1-2,10.3,10.506656
train,3871,O=C(Nc1ccc(O)cc1)c1ccc(Cl)cc1,9.5,9.564007
train,3872,CC1=Cc2cc(C)ccc2[NH2+]1,0.26,0.24304807
train,3873,Nc1ccc(-c2cccc[nH+]2)cc1,5.7,5.7030773
train,3874,O=C(O)c1c(Cl)cccc1Cl,1.82,1.8364464
train,3875,CC(=O)c1cc(C(=O)c2ccccc2)[nH]n1,9.01,8.948828
train,3876,Oc1c(Cl)c(Cl)cc(Cl)c1Cl,5.03,4.9912148
train,3877,CCS(=O)(=O)Nc1ccc(N=c2c3ccccc3[nH]c3c(C(N)=O)cccc23)c(OC)c1,6.35,6.3023844
train,3878,FC(F)(F)c1ncnc2nc[nH]c12,7.35,7.271557
train,3879,O=C([O-])c1cnc2[nH]c(=O)[nH]c(=O)c2n1,8.0,7.9597006
train,3880,O=C(O)[C@@H]1[C@H](C(=O)O)[C@H]2C=C[C@@H]1CC2,4.56,4.5194073
train,3881,O=C(O)Cn1c(=O)sc2cccc(Cl)c21,3.6,3.5939696
train,3882,Nc1ncc(C(=O)O)c(N)n1,6.79,6.9220247
train,3883,Cc1cc(C)cc(N=c2c(=O)c3c(c(=O)c2=NS(=O)(=O)c2ccccc2)C(=[NH2+])CCC3)c1,8.4,8.834352
train,3884,CC1[NH+]=C(NCC(F)F)Nc2c(Cl)ccc(Cl)c21,7.8,7.834428
train,3885,CC[NH+](CC)CC(O)CO,9.77,9.8994465
train,3886,CN(C)c1cc[nH+]c(=O)n1C,6.02,6.046955
train,3887,O=[N+]([O-])c1ccc(NS(=O)(=O)c2ccccc2)cc1,6.2,6.6024065
train,3888,O=C1C[C@@H]2[C@@H](C(=O)[O-])[C@H](C(=O)O)C[C@@H]2O1,5.51,5.6183434
train,3889,CC([NH3+])=O,-1.4,-1.3965223
train,3890,COc1cc2ccc(=O)oc2cc1O,7.37,7.31618
train,3891,Cc1nc([O-])ncc1P(=O)([O-])O,10.03,9.898318
train,3892,N[NH2+]CCc1ccccc1,7.25,7.0634747
train,3893,CN([NH3+])c1ccccc1Cl,4.78,4.744733
train,3894,C#CC12CC[NH+](CC1)CC2,9.48,9.354237
train,3895,O=C(O)c1nc2ccccc2nc1C(=O)O,1.62,1.6061144
train,3896,[NH3+]C12CC(C1)C2,8.58,8.366884
train,3897,Cc1[nH+]n(C)c(C)c1C,4.27,4.126494
train,3898,CCn1cc(C(=O)OCN(C)C(=O)OC)c(=O)c2ccc(C)[nH+]c21,6.0,5.9679594
train,3899,OC1OCCO1,11.48,11.266115
train,3900,O=C(c1ccccc1Cl)N(O)c1ccccc1,7.6,7.6209
train,3901,[H]/[NH+]=C(\c1ccccc1)c1ccc(OC)cc1OC,8.3,8.378196
train,3902,C[C@H]1[C@@H](C(=O)[O-])[C@@]1(Cl)C(=O)O,5.41,5.6466637
train,3903,c1ccc(N2CC[NH2+]CC2)cc1,9.02,8.951437
train,3904,c1c[nH+]cc(-c2cc[nH+]cc2)c1,3.0,3.0459287
train,3905,CC1(C)[C@H](C(=O)O)[C@@H]1C(=O)O,2.38,2.4707663
train,3906,O=Cc1cc(C(=O)O)cc([N+](=O)[O-])c1,3.03,3.1369598
train,3907,C[NH+](C)C(C)(C)C,10.52,10.414301
train,3908,COC(C(=O)O)c1ccccc1,3.17,3.2164671
train,3909,Oc1cnc2c(O)nc(O)nc2n1,3.61,3.627701
train,3910,CC(C)(C[NH3+])C[NH3+],8.18,8.13967
train,3911,CCOC(=O)C(C)[NH3+],7.8,7.764945
train,3912,O=C([O-])C1(C(=O)O)CCCCC1,5.73,5.8213196
train,3913,CC1CCCC(CC(=O)O)C1,4.8,4.9554043
train,3914,O=[N+]([O-])c1cc(O)ccc1Cl,7.82,7.874592
train,3915,Nc1cccc2nc[nH+]cc12,3.56,3.4510393
train,3916,Nc1cccc([As](=O)(O)O)c1,4.05,4.117065
train,3917,O=C(O)c1cc([N+](=O)[O-])ccc1O,2.0933332,2.0642095
train,3918,O=[N+]([O-])c1cccc([As](=O)(O)O)c1,2.86,2.129428
train,3919,CCCCCC(O)CCC1CCC(=O)N1CCCCCCC(=O)O,5.25,5.2388077
train,3920,Cc1nc2nc[nH+]cc2[nH]1,2.76,2.7645967
train,3921,CN(C)c1ccc([C@H]2C[NH+]3CCC2CC3)cc1,7.81,7.580595
train,3922,c1ccc2[nH+]scc2c1,-0.1,0.11299273
train,3923,CCn1cc(C(=O)O)c(=O)c2ccc(C)nc21,5.95,6.0482216
train,3924,Nc1nc(N)c(-c2cccc(Cl)c2)c[nH+]1,6.7,6.746478
train,3925,c1ccc(-c2c[nH+]c(-c3ccccc3)o2)cc1,0.84,0.7769188
train,3926,O=C1CS(=O)(=O)c2ccccc21,7.65,7.3547754
train,3927,CC1CCC[NH+]1C,10.24,9.980023
train,3928,Nc1c2ccccc2[nH+]c2cc(Cl)ccc12,8.9,9.135626
train,3929,COc1cccc(NS(=O)(=O)c2ccccc2)c1,7.95,8.119157
train,3930,Cc1nc2cnc(O)nc2nc1C,7.95,7.8955317
train,3931,O=C1CCC(C2CCCCC2)C(=O)C1,5.5,5.3391695
train,3932,COc1ccc(CNP(C)(=S)S)cc1,2.31,2.2301924
train,3933,OCc1cc(CO)c(O)c(CO)c1,9.66,9.774389
train,3934,CNc1ccc(SC)[nH+]n1,5.94,6.1316442
train,3935,Cc1ccc(C(=O)Nc2ccc(O)cc2)cc1,9.54,9.637901
train,3936,CC(c1cccc(C(F)(F)F)c1)[N+](=O)[O-],6.96,6.8936996
train,3937,ON=Cc1nc(-c2ccccc2)no1,8.0,8.197981
train,3938,Cc1c(F)cccc1[C@H]1COC(=[NH2+])N1,8.07,7.988559
train,3939,C=CO,10.5,10.004269
train,3940,c1ccc(-c2cccc[nH+]2)cc1,4.48,4.5220137
train,3941,O=C(O)C12CCC(C1)C2,4.46,4.5358696
train,3942,O=c1[nH]c(=O)c2c[nH]nc2[nH]1,7.7,7.598057
train,3943,C/C(O)=C/C(=O)O,4.05,4.097909
train,3944,NS(=O)(=O)c1cccc(Cl)c1,9.8,9.635578
train,3945,Oc1nc2cncnc2nc1O,6.87,6.791621
train,3946,CC[C@@]1(O)C(=O)OCc2c1cc1n(c2=O)Cc2cc3ccccc3[nH+]c2-1,1.18,0.8052894
train,3947,CC(=NO)C(=O)CO,9.16,9.0812645
train,3948,CCCOc1cc(N)ccc1C(=O)O,4.96,5.0247946
train,3949,O=C(O)/C=C/c1c[nH]cn1,5.92,5.92342
train,3950,COc1cc(NS(C)(=O)=O)ccc1N=c1c2ccccc2[nH]c2c(C(=O)NCCCO)cccc12,6.3,6.267749
train,3951,Cc1cccc(C)c1S,7.38,7.2147236
train,3952,Cc1cc(N=C2C=CC(=O)C=C2)ccc1O,8.4,8.406218
train,3953,COc1ccccc1-c1ccccc1O,10.4,10.227446
train,3954,CC(=O)c1cccc(C)c1O,9.14,8.920311
train,3955,Nc1nc(N)c2[nH+]csc2n1,3.89,3.8917377
train,3956,CC[NH+](CC)Cc1cn2nc(-c3ccccc3)cc(C)c2n1,8.79,8.950039
train,3957,Cc1ncnc2ncc(=O)[nH]c12,6.3,6.2204
train,3958,C#CC[NH3+],8.15,7.9581013
train,3959,C[C@@H]1[C@@H](C(=O)[O-])[C@]1(C)C(=O)O,5.51,5.380561
train,3960,N#CC(C#N)=C(Br)C(C#N)C#N,2.6,2.612961
train,3961,CC(=O)CC(=O)Nc1ccc(C)cc1,10.55,10.3580265
train,3962,O=C(Nc1ccc(F)cc1C(=O)O)c1cccc(S(=O)(=O)N2CCOCC2)c1,2.92,2.6539483
train,3963,Cc1c(-c2ccc(=O)n(Cc3ccccc3)n2)c2cccc(Br)c2n1CC(=O)O,3.98,4.1236486
train,3964,Cc1cc(Cl)ccc1C(=O)O,3.75,3.8953254
train,3965,Cc1cc(O)nc(Cl)c1,8.06,7.7389746
train,3966,[NH3+]NC(=O)c1cccnc1,3.29,3.2428455
train,3967,N#CCc1ccc([N+](=O)[O-])cc1[N+](=O)[O-],9.91,9.4420595
train,3968,FC(F)(F)c1ccc2[nH+]c[nH]c2c1,4.22,4.207531
train,3969,Cc1ccnc2c1cc(C)c1ccc[nH+]c12,5.69,5.6905813
train,3970,Cc1nc(C)c(C(=O)O)c(C)c1C(=O)O,1.77,1.6106079
train,3971,CC1=CC=C[NH2+]1,-0.21,-0.22115684
train,3972,c1ccc2[nH+]c3c(cc2c1)CCCC3,6.38,6.5688353
train,3973,COc1ccccc1/C=C/C(=O)O,4.46,4.5897455
train,3974,CC(C)(O)C[NH3+],9.25,9.124676
train,3975,c1ccc2c(c1)ccc1nc[nH]c12,12.58,12.302698
train,3976,CN1CCC(=O)NC1=O,11.86,11.57749
train,3977,O=C(O)CCCBr,4.59,4.557515
train,3978,CC(O)C[NH2+]CCO,8.81,8.907882
train,3979,C[C@@H](S)C(=O)[O-],10.21,10.027552
train,3980,CO/C(O)=C(/O)c1ccccc1,6.55,6.4794235
train,3981,NS(=O)(=O)c1nnc(NS(=O)(=O)c2ccccc2)s1,3.2,3.3723152
train,3982,Cc1cccc2c1[C@H](Oc1cc(C(=O)N(C)C)cn3c(C)c(C)[nH+]c13)[C@@H](O)C2,6.22,6.40979
train,3983,COc1ccc2c(c1)C(O)[NH+](C)C=C2,2.15,1.9386697
train,3984,CCSO,6.18,6.090947
train,3985,COc1cccc(S(N)(=O)=O)c1,9.39,9.712671
train,3986,Cc1[nH]ccc1C(=O)O,5.75,5.828087
train,3987,Nc1ccc(O)c(N)c1,10.5,10.288889
train,3988,CS(=O)(=O)Nc1cccnc1,7.02,6.9899282
train,3989,O=S(O)CCc1ccccc1,2.1,2.0359206
train,3990,Oc1cncc2ccccc12,8.68,8.432951
train,3991,c1ccn2[nH+]ccc2c1,1.43,1.2856493
train,3992,Cn1c(=O)c2c(nc3n(CCC[NH+]4CCN(c5cccc(Cl)c5)CC4)c(-c4ccccc4)cn23)n(C)c1=O,10.61,11.201217
train,3993,Nc1nc2ccccc2[nH+]c1N,4.7,4.723878
train,3994,CCN(CCC[NH+]1CCc2cc(OC)ccc2C1)S(=O)(=O)c1ccc(C)cc1,7.4,7.500449
train,3995,CC[NH+](CC)CC,10.72,10.876579
train,3996,NC([NH3+])=S,-1.58,-1.331255
train,3997,COC(=O)[C@@H]1[C@H]2CC[C@@H](C[C@@H]1O)[NH+]2C,9.16,9.0724125
train,3998,Oc1c(Cl)ccc2cccnc12,7.7,7.6289215
train,3999,CC(C)(C)c1cccc(C(C)(C)C)[nH+]1,5.02,4.973071
train,4000,O=c1nc(O)c2ccccc2[nH]1,9.82,9.900835
train,4001,C[C@@H]1CC[NH+](O)C1(C)C,5.9,5.9703007
train,4002,CS(=O)(=O)NCc1ccccc1N=c1c2ccccc2[nH]c2ccccc12,7.17,7.204116
train,4003,COc1cc(OC)c(-c2ccc(C#CCO)s2)cc1C(=O)NS(=O)(=O)c1ccccc1,4.8,4.2600403
train,4004,Nc1ccc(=S)[nH][nH+]1,-0.14,0.12544954
train,4005,CC(=O)S,3.555,3.5220053
train,4006,Nc1c[nH]c(=O)[nH]c1=O,9.52,9.520589
train,4007,Cc1c[nH]c(C)[nH+]1,8.38,8.436253
train,4008,Cc1[nH+][nH]c(-c2ccccc2)c1Br,1.2,1.310118
train,4009,COc1ccc(-c2nnc(C(=O)N3CC(Oc4ccc(C[NH+]5CC6(CCOC6)C5)cc4)C3)o2)cc1,8.6,8.664773
train,4010,COc1ccc(NC(=O)C(C#N)=NO)cc1,5.08,5.1413517
train,4011,C[C@H](C1CC1C(=O)O)[C@H]1CC[C@H]2[C@@H]3[C@@H](O)C[C@@H]4C[C@H](O)CC[C@]4(C)[C@H]3CC[C@]12C,5.01,5.0924873
train,4012,Nc1nc(N)c2c[nH+]n(-c3ccccc3)c2n1,4.49,4.531597
train,4013,CCCCCCCCCCCCCCCCCC[NH3+],10.6,10.575179
train,4014,O=C(c1ccc(Cl)cc1)c1ccc2n1CCC2C(=O)O,3.4,3.420176
train,4015,CNc1ncc(-c2ccccc2)c[nH+]1,3.42,3.3937695
train,4016,[NH3+]c1c(Br)cccc1Br,0.168,0.26985314
train,4017,Cc1ccc(-c2[nH+]c3ccc(C)cn3c2CC(=O)N(C)C)cc1,6.02,6.189003
train,4018,O=C(O)[C@@H]1[C@@H]2CC[C@@H](C2)[C@@H]1C(=O)O,2.09,2.6049397
train,4019,N#CCC(=O)NN,11.095,10.835235
train,4020,CC(C)c1cccc[nH+]1,5.83,5.8399534
train,4021,NC(=O)CCCCc1ccc[nH+]c1,5.6,5.488056
train,4022,Cc1nc(O)cc(=O)[nH]1,6.35,6.1925306
train,4023,Nc1cccc2c1=N[NH2+]C=2,3.02,2.750806
train,4024,NC1=CC(=O)NC(=S)[NH2+]1,0.3,0.429314
train,4025,O=C(O)c1cccc(F)c1,3.87,3.9416203
train,4026,C(=[NH+]/c1ccccc1)\c1ccccc1,4.55,4.6612597
train,4027,[H]/N=c1\ccn(C)c(N(C)C)[nH+]1,13.51,13.50211
train,4028,O=C(O)CCc1ccc(O)cc1,4.5,4.652995
train,4029,Nc1nc(O)nc(O)n1,6.9,6.735524
train,4030,COc1ccccc1C(=[NH2+])c1ccccc1,7.29,7.17684
train,4031,Cc1c[nH+]cc(C)c1N(C)C,8.02,7.987335
train,4032,Nc1nc(N)c2nc(Cl)c[nH+]c2n1,4.36,4.3689556
train,4033,Cc1cccc(C(N)=S)n1,12.62,12.290918
train,4034,Clc1ccc(C/C(=C\C[NH+]2CCCC2)c2ccccc2)cc1,8.77,8.66393
train,4035,c1ccc(-c2cc[nH][nH+]2)cc1,2.13,2.2714915
train,4036,O=C1C[C@H]2OCC(S(=O)(=O)O)=C3C[NH+]4CC[C@@]56c7ccccc7N1[C@@H]5[C@@H]2[C@@H]3C[C@@H]46,7.54,7.817457
train,4037,CC(O)CC(=O)O,4.39,4.518793
train,4038,Clc1cc[nH+]c2ccccc12,3.68,3.5653079
train,4039,COC(=O)c1ccccc1C(=O)O,3.18,3.1427577
train,4040,CC(=O)CC1NC(O)=Nc2nccnc21,12.38,12.501051
train,4041,Nc1cc(N)c(O)c(N)c1,10.5,10.35915
train,4042,O=[PH](O)c1ccccc1,1.7,3.3041878
train,4043,O=c1ccc2cc3ccccc3[nH]c-2c1,9.72,9.564516
train,4044,O=C(O)[C@@H]1CCC[C@H]1C(=O)O,4.015,4.07207
train,4045,CN1c2ccccc2N=CC1O,12.62,12.487681
train,4046,C/C=C(\C)C(=O)O,4.96,5.052698
train,4047,Cc1[nH]cnc2[nH+]cnc1-2,2.5,2.5255866
train,4048,O=C(O)C1Cc2ccccc2O1,3.25,3.3354313
train,4049,Cc1ncc(CO)c(/C=N/O)c1O,8.1,7.929825
train,4050,COc1cc(=O)n(C)c[nH+]1,-0.44,-0.38730943
train,4051,O=c1cc(CSc2cccc(F)c2F)[nH]c2nc(Cc3ccccc3)nn12,6.5,6.277218
train,4052,NS(=O)(=O)c1cc2c(s1)S(=O)(=O)CC[C@@H]2O,8.3,8.330411
train,4053,CSc1cccc2ccc(-c3ccccc3)[nH+]c12,2.11,2.061888
train,4054,CCOc1noc2c1C[NH+](C)CC2,6.6,6.5130844
train,4055,C[NH2+]c1cccc2ccccc12,3.67,3.5042155
train,4056,Cc1ccc(NC(=O)c2cccc(S(=O)(=O)N3CCOCC3)c2)c(C(=O)O)c1,3.36,3.1231513
train,4057,Cn1c(=O)[nH]c2[n-]c(N)nc2c1=O,12.44,12.171535
train,4058,Cn1ncc2[nH+]ccnc21,-0.45,-0.25577456
train,4059,Cc1[nH]c(CO)c(-c2ccc(Oc3ccc(OC(F)(F)F)cc3)cc2)c(=O)c1Cl,9.73,9.87558
train,4060,Oc1cccc2sc[nH+]c12,1.2,1.2131526
train,4061,C[NH+](C)CCC(C)(C)Cc1ccc(C(C)(C)C)cc1,9.5,9.48983
train,4062,O=C(O)C[Se]c1ccccc1Br,3.58,3.4018512
train,4063,O=[N+]([O-])C(c1ccccc1)[N+](=O)[O-],3.71,3.7438428
train,4064,Cc1cccc(O)c1C,10.48,10.247738
train,4065,O=c1[nH]c2nc[n-]c(=O)c2[nH]c1=O,9.36,9.136304
train,4066,Cc1cccc(C)c1OCC(=O)O,3.36,3.2962916
train,4067,[NH3+]NC(=O)c1ccncc1,3.52,3.4020793
train,4068,CC(=O)c1cc(Cl)c(O)c(Cl)c1,4.5,4.2312613
train,4069,O=C([O-])c1ccc(Br)cc1C(=O)O,4.6,4.613057
train,4070,O=C(Nc1ccccc1)c1c(O)cccc1O,6.3,6.280102
train,4071,CC([NH2+]CCC(c1ccccc1)c1ccccc1)c1ccccc1,9.04,9.043852
train,4072,N#C[C@@H]1C(=O)NC(=O)C12CCCCC2,7.09,7.130727
train,4073,N#CCCCC(=O)O,4.44,4.515479
train,4074,CCOC(=O)c1cc(C#N)c(N2CC(C(=O)NS(=O)(=O)Cc3ccc(C)cc3)C2)nc1C,3.4,3.446257
train,4075,Cc1ccc(NC(=S)c2cccc(Br)c2)cc1,10.89,10.7585945
train,4076,c1nc[nH]n1,10.26,10.184839
train,4077,CC1(C)C(=O)NC(=O)NC1=O,8.51,8.577214
train,4078,CCOC(C)=NO,11.37,11.323029
train,4079,CN1CCO/C1=[NH+]\c1ccccc1,7.22,7.2916307
train,4080,COc1ccc(C(=O)O)cc1,4.47,4.5507107
train,4081,O=C(NO)c1ccccc1,8.81,8.738424
train,4082,O=C([O-])c1cccc(=O)c(O)c1,7.03,6.819433
train,4083,O=C(O)Cc1ccc([N+](=O)[O-])cc1,3.85,3.9542377
train,4084,O=C([O-])c1cc(C(=O)[O-])c(C(=O)O)cc1C(=O)[O-],5.63,5.701827
train,4085,C1=c2ccccc2=N[NH2+]1,1.25,1.3712709
train,4086,[NH3+]C[C@@H]1C[C@@]1(C(=O)N1Cc2ccccc2C1)c1cccs1,9.5,9.3109665
train,4087,CN1C(=O)CC(=O)N(C)C1=O,4.4,4.1922464
train,4088,O=C1CCON1,6.7,6.4360027
train,4089,NC(N)=NC(=O)c1[nH+]c(Cl)c(N)nc1N,8.7,8.906374
train,4090,CN(C)C(=O)n1nc(C(C)(C)C)nc1SCC(=O)O,3.49,3.6705
train,4091,COC(=O)N=c1[nH]cnc2[nH]cnc12,9.68,9.760961
train,4092,CC(C)N1C(=O)c2ccccc2NS1(=O)=O,3.02,2.9465742
train,4093,COc1ccc(/C=C\C(=O)O)cc1,4.03,4.121228
train,4094,CNc1nc(C)nc2n[nH]cc12,11.31,11.166449
train,4095,Nc1nc(N)c(Sc2ccccc2)c(N)[nH+]1,5.66,5.8186464
train,4096,Cc1cc(C)[nH]c(=NS(=O)(=O)c2ccc(N)cc2)n1,7.55,7.5149393
train,4097,CC(C)[NH+]1CCC(Oc2ccc3c(c2)cc(C(=O)N2CCC(F)(F)CC2)n3S(C)(=O)=O)CC1,9.6,9.699058
train,4098,N#C/C(=C\C(=O)O)c1ccccc1,3.07,3.081998
train,4099,Cc1c(O)[nH]c(=O)[nH]c1=O,4.4,4.497184
train,4100,O=C(O)c1cc(F)ccc1O,2.7,2.631263
train,4101,Cc1ccc(C2[NH2+]CCS2)cc1,5.35,5.2820263
train,4102,COC(=O)c1cc(C(=O)O)ccc1C(=O)O,2.59,2.67044
train,4103,Cn1c[nH+]ccc1=O,1.79,1.6868722
train,4104,CC[NH2+]N(C)C,6.58,6.5459595
train,4105,Cc1ccccc1OC(C)C(=O)O,3.37,3.2969358
train,4106,Nc1cccc(O)c1O,10.5,10.188255
train,4107,Cc1ccc(NC=S)cc1,11.64,11.307621
train,4108,CC(C)C1=[NH+]C[C@@H](C)S1,5.164,5.0568275
train,4109,Cc1ncc(CO)c(C)c1O,9.1,8.984304
train,4110,[NH3+]c1cc(O)c2ccccc2c1,4.08,3.8695698
train,4111,C[NH+]1CCN(CCONc2c(C3=c4ccc(Br)cc4=NC3=O)[nH]c3ccccc23)CC1,7.65,7.6530724
train,4112,CCCCCCCCCCCC(=O)NC(CCCC[NH3+])C(=O)OC,10.0,10.071232
train,4113,CCN(CC)[NH+]=C(C)N,10.6,10.466246
train,4114,Cc1ccc(S(=O)(=O)NCCC(=N)N(C)C)cc1,11.4,11.553299
train,4115,Cc1cc(O)cc(C(C)C)c1,10.12,10.036887
train,4116,[NH2+]=C1Nc2c(F)cccc2[C@H]2CCCC12,8.5,8.174834
train,4117,O=C(O)c1ccc(O)c(Br)c1,4.24,4.2316384
train,4118,Cc1cc(N(C)C)[nH+]c(C)n1,7.72,7.713045
train,4119,CCCC(=O)OC(C)C[NH+](C)C,8.27,8.164715
train,4120,Oc1ccccc1C1=[NH+]CCN1,6.63,6.5096188
train,4121,O=C(O)C(c1ccc(-c2ccccc2)cc1)C(O)C1CCCCC1,4.19,4.1382246
train,4122,Nc1cccnc1O,12.57,12.328928
train,4123,C/C=C/O,10.8,10.521094
train,4124,O=C(O)c1nc(Cl)ccc1Cl,2.32,2.2883532
train,4125,CC(=O)Nc1ccc2nc(SCC[NH+](C)C)ccc2c1,11.55,11.7653
train,4126,C[NH+]1CCC2(CC[NH2+]2)CC1,7.24,7.263357
train,4127,Cn1n[nH+]cc1N,2.27,2.1909375
train,4128,NS(=O)(=O)Oc1ccc(Cl)cc1,7.88,7.8097343
train,4129,CCOC(=O)CC(=O)O,3.4,3.4101708
train,4130,CCc1cn[nH+]c(C)c1,4.17,4.2541065
train,4131,O=C(O)CNC(=O)Cc1ccccc1,3.67,3.741412
train,4132,Cn1c(C(F)(F)F)nc2nc(N)[nH]c(=O)c21,8.8,8.742346
train,4133,Cn1c(=O)cn[nH]c1=O,9.25,9.22019
train,4134,Cc1csc(NS(=O)(=O)c2ccc(N)cc2)n1,7.79,7.784337
train,4135,NC(=O)Cc1cc[nH+]cc1,5.08,5.059943
train,4136,Oc1cncc2cccnc12,8.33,7.966625
train,4137,O=CC(=O)O,3.055,3.154869
train,4138,CCC1(c2ccccc2)C(=O)NC(=O)C1C#N,5.97,6.03841
train,4139,CC(C)(C)CC[NH+]1CC[C@@H](CNC(=O)c2cc(Cl)cc(Cl)c2)[C@H](F)C1,6.7,6.6901426
train,4140,Cn1cccnc1=[NH2+],10.75,10.687618
train,4141,Nc1ccc(S(=O)(=O)N=c2ccc(O)c[nH]2)cc1,7.5,7.5305204
train,4142,O=C(NCO)c1ccc(Cl)cc1,13.05,12.95791
train,4143,O=C(O)c1cc(C(=O)O)c(C(=O)O)c(C(=O)O)c1,2.38,2.4651647
train,4144,Oc1cc(Cl)nc(Cl)n1,5.3,5.081812
train,4145,CC(CN1c2ccccc2Sc2ccccc21)C[NH+](C)C,9.235,9.215507
train,4146,CCC[NH2+]CC(O)COc1ccccc1C(=O)CCc1ccccc1,9.27,9.274795
train,4147,Cn1cnc2c1c(=O)[nH]c(=O)n2C,9.97,9.793076
train,4148,Cc1cccc(Cl)c1NC1=[NH+]CCN1,9.333333,9.111755
train,4149,COc1ccc(O)c2c(=O)c3cc(O)ccc3oc12,9.13,9.292643
train,4150,CCCOP(=O)(O)O,1.88,1.8149683
train,4151,CC(=CC(=O)O)Cc1ccccc1,5.35,5.6719923
train,4152,C[C@H](O)C(=O)NO,9.3,9.218222
train,4153,[NH2+]=C(c1ccccc1)c1ccccc1Cl,5.59,5.548977
train,4154,COC(=O)c1c2ccccc2[nH+]c2ccccc12,3.43,3.3733108
train,4155,Cc1cc(=O)oc2ccc(O)cc12,9.14,9.160323
train,4156,Cn1nnc2c[nH+]cnc21,0.32,0.41526195
train,4157,Nc1ncnc2n[nH]nc12,6.29,6.218027
train,4158,Nc1cccc[nH+]1,6.71,6.6370153
train,4159,C=C(CC)C(=O)c1ccc(OCC(=O)O)c(Cl)c1Cl,3.5,3.4163983
train,4160,Fc1ccc(CN(Cc2nn[nH]n2)c2ccccc2)cc1,4.2,4.281023
train,4161,N#CCC([NH3+])c1ccccc1,6.7,6.524929
train,4162,[NH2+]=C1NC2CCC(NC(=O)c3cccc(Cl)c3)CC2CS1,9.7,9.642615
train,4163,COc1cc(=O)[nH]cn1,8.47,8.27182
train,4164,Cc1noc(C2=CCC[NH+](C)C2)n1,7.16,7.022805
train,4165,Cc1[nH]c(=NS(=O)(=O)c2ccc(N)cc2)sc1C,6.97,6.8253107
train,4166,CCCCP(=O)(O)O,2.59,2.4986894
train,4167,OC(O)C(F)(F)F,10.12,9.883649
train,4168,CC(C)COc1ccc(C(=O)O)cc1,4.48,4.6013355
train,4169,[O-][n+]1ccccc1S,4.635,4.7118206
train,4170,Sc1ccccn1,10.0,9.7446
train,4171,Nc1cc(N)c(O)c(N)c1O,10.1,9.89294
train,4172,CCC([NH3+])(CC)CC,10.87,10.767757
train,4173,O=C(O)CCC(=O)NOCc1ccccc1,4.6,4.654498
train,4174,O=c1[nH]ncc(=S)[nH]1,6.33,6.341441
train,4175,CC(C)(C)Nc1nc[nH+]cc1Br,4.64,4.6752777
train,4176,C/[NH+]=c1\oc2c(n1C)CCCC2,10.27,10.12839
train,4177,O=C1NC[C@@H](c2ccccc2)C12CC[NH+](C1CCCCC1c1ccccc1)CC2,8.85,8.839491
train,4178,Nc1ccc2c(Cl)c3ccccc3[nH+]c2c1,6.4,6.503914
train,4179,C#CC[NH2+]CC#C,6.08,5.9802647
train,4180,COc1nc2nnn(C)c2c(=O)[nH]1,7.17,7.149679
train,4181,CCCCCCCC(=O)O,4.89,4.872119
train,4182,CN1C(=O)CC[C@H]1c1ccc[nH+]c1,4.5,4.3765574
train,4183,O=Cc1cc([N+](=O)[O-])ccc1O,5.51,5.30534
train,4184,O=C(O)c1ccoc1C(=O)[O-],7.25,7.555727
train,4185,CC(CC(C#N)(c1ccccc1)c1ccccc1)[NH+]1CCCCC1,7.73,7.555358
train,4186,O/N=C/c1ccc(O)c(O)c1,8.68,8.643904
train,4187,N[C@@H]1CONC1=O,7.31,7.1964464
train,4188,CC1(C)CC(=O)C(NC(=O)C(F)(F)F)C(=O)C1,3.38,3.4670796
train,4189,Cc1ccc(C(=S)Nc2cccc(F)c2)cc1,10.63,10.581429
train,4190,COc1ccc(F)cc1S(=O)(=O)NC(=O)NC(C)C,5.52,5.6524734
train,4191,CC(=O)Nc1ccc2c(=Nc3ccc(C(=O)O)cc3)c3ccccc3[nH]c2c1,7.42,7.505123
train,4192,CC1(C)CCC[NH+]1Cc1ccc2c(c1)OCO2,10.0,10.260207
train,4193,Cn1cc[nH+]c1-c1ccccn1,5.7,5.668088
train,4194,O=S(=O)(Nc1ccccc1)c1ccc(F)cc1,8.9,8.827953
train,4195,COC(=O)c1cc(Cl)c(O)c(C(=O)O)c1,1.84,1.8732653
train,4196,CC(C)([NH3+])C[NH3+],6.79,6.707513
train,4197,Nc1[nH+]ncc2ccccc12,6.58,6.9153976
train,4198,O=C(NO)C(=O)NO,6.55,6.7632627
train,4199,O=c1[nH]sc2ccccc12,7.01,6.860092
train,4200,Cn1cnc2c(N)[nH+]cnc21,4.1,4.1092386
train,4201,CC(=O)c1ccc(O)cc1O,8.0,8.095446
train,4202,NC1=[NH+][C@@H](C(=O)O)CS1,2.03,2.1313488
train,4203,CNc1ncc(I)c[nH+]1,2.39,2.539875
train,4204,CCOC(=O)CCCCC(=O)O,4.6,4.7204494
train,4205,CC[NH+](CC)CCCCC#N,10.08,10.13359
train,4206,CC(O)C(O)c1cnc2[nH]c(=N)[nH]c(=O)c2n1,10.06,10.329505
train,4207,Oc1ccc2c(c1)Cc1ccccc1-2,9.53,9.460759
train,4208,[NH3+]Nc1[nH+]ncc2ccccc12,2.9,3.117839
train,4209,O=[N+]([O-])c1ccc([N+](=O)[O-])c(O)c1,5.095,5.1554365
train,4210,O=C(O)c1ccc(/N=C/c2ccccc2)cc1,4.47,4.372406
train,4211,O=C([O-])[C@@H]1CC[C@@H](C(=O)O)C1,5.42,5.4365263
train,4212,CC1(C)NC(=S)NC1=O,8.71,8.520997
train,4213,OOC(c1ccccc1)c1ccccc1,10.5,10.524777
train,4214,Nc1cnccc1O,11.27,11.081287
train,4215,Cn1c2c[nH+]c[nH]c-2nc1=O,2.66,2.5524561
train,4216,CSCC(=O)C=NO,8.16,8.051688
train,4217,C=CCCCC(=O)O,4.72,4.718704
train,4218,Cc1ccc2c(c1)[nH+]cn2[C@H]1O[C@@H](CO)[C@H](O)[C@@H](O)[C@@H]1O,4.32,4.3294935
train,4219,CN(C)c1nc(N)cc[nH+]1,7.62,7.8126698
train,4220,[H]/N=c1/[nH+]c(C)c(Cl)c(C)n1C,11.01,10.759886
train,4221,COC(=O)c1nc2nc(N)[nH+]c(O)c2nc1C,2.1,2.108449
train,4222,c1ccc([NH+]=C2NCCCO2)cc1,9.33,9.490856
train,4223,c1ccc2c(c1)cnc1[nH+]cccc12,5.2,5.3325777
train,4224,Sc1c(Cl)c(Cl)c(Cl)c(Cl)c1Cl,2.88,2.9461792
train,4225,Cc1[nH]c2ccccc2c1C=O,12.47,12.040208
train,4226,O=C(c1cccc(Cl)c1)c1ccc2n1CCC2C(=O)O,3.44,3.4296255
train,4227,Cc1cc(C)[nH+]c(C)c1,7.43,7.3375883
train,4228,Oc1ccccc1C1=NCCN1,12.58,12.444387
train,4229,Clc1ncnc2[nH]cnc12,7.75,7.6761417
train,4230,COc1c[nH+]c2ccccc2n1,0.28,0.46646237
train,4231,Cc1nc2c(=O)[nH+]cn(C)c2nc1C,1.73,1.7732892
train,4232,CSc1[nH]c2nc[nH]c2c(=N)[nH+]1,3.1,3.0387137
train,4233,C/N=C\c1c(CO)cnc(C)c1O,10.5,10.286543
train,4234,CN1C(=O)Nc2nccnc2C1O,11.01,11.106637
train,4235,Cc1[nH]c2ccc(OC3CC[NH+](C(C)C)CC3)cc2c1C(=O)N1CCOCC1,9.8,9.775279
train,4236,N#CNC(=O)c1ccccc1,2.93,2.896117
train,4237,N=c1cc[nH][nH]1,4.11,3.9785511
train,4238,O=Cc1cnn[nH]1,6.63,6.6115637
train,4239,Cc1ccc(N(C)[NH3+])c(Br)c1,4.95,4.9310865
train,4240,O=C(O)n1cccn1,3.31,3.2796829
train,4241,Nc1nc2[nH]c(C(F)(F)F)nc2c(N)[nH+]1,3.68,3.4837515
train,4242,[NH3+]c1ccc(Br)c2ccccc12,3.21,3.2097762
train,4243,CS(=[NH2+])(=O)c1ccccc1,2.7,2.622014
train,4244,Cc1c(P(=O)([O-])O)cnn1C,7.15,7.0980453
train,4245,CC(=O)Nc1ccc(O)c(Cl)c1,8.2,8.112868
train,4246,CC1=Nc2n[nH]nc2CN1,9.47,9.470694
train,4247,O=C(O)CC#Cc1ccccc1,3.43,3.3644967
train,4248,Cc1cc[nH+]c2[nH]ccc12,5.18,5.0419893
train,4249,CC(CN1c2ccccc2Sc2ccccc21)[NH+](C)C,9.07,8.9367695
train,4250,Oc1ccc2nc3ccccc3nc2c1,7.5,7.331403
train,4251,Cc1[nH+]ccs1,3.59,3.7001417
train,4252,C=C(O)O,7.3,7.141427
train,4253,CCOC(=O)/C(C)=N/O,9.64,9.547837
train,4254,C[Si](C)(CC(=O)O)c1ccccc1,5.268,5.2578726
train,4255,CC(=O)OCCCS(=O)(=O)c1ccc(S(N)(=O)=O)s1,8.05,8.327222
train,4256,CCCc1nn[nH]n1,5.61,5.5198174
train,4257,Oc1ncc2nc(C(F)(F)F)[nH]c2n1,5.35,5.235422
train,4258,CCCCc1[nH+]c(Cl)c(CC(=O)OC)n1Cc1ccc(NC(=O)c2ccc(Cl)cc2)cc1,4.5,4.565235
train,4259,CN(C)c1ccc2c(c1)C(O)(OO)N=NC2=O,10.5,10.5245285
train,4260,CCC(Nc1ccccc1)C(=O)O,4.51,4.6554203
train,4261,Cn1cnc2c[nH+]c(Cl)cc21,2.46,2.6890914
train,4262,CC(C)C1C(=O)CC(=O)C1=O,3.5,3.623307
train,4263,Oc1c2cc(F)ccc2nc2sc(Cl)nc12,11.2,11.085384
train,4264,N#CC(C#N)c1ccccc1,5.8,5.606703
train,4265,Cc1cc(-c2cccc(Cl)c2)[nH+]cc1C1CCCN1C(=O)c1cncs1,4.2,4.254916
train,4266,O=C(O)c1cccc([N+](=O)[O-])c1C(=O)O,1.91,1.9537954
train,4267,N#Cc1cccc(O)c1,8.59,8.465152
train,4268,COc1cc(C)[nH+]cn1,3.65,3.6255612
train,4269,O=C(O)C1=C(C(=O)O)CC1,1.12,1.030778
train,4270,CC(=O)N[C@@H](Cc1cc(F)cc(F)c1)[C@H](O)C[NH2+]C1(c2cc(CC(C)(C)C)no2)CCCCC1,6.4,6.3300276
train,4271,Nc1cccc2[nH][nH+]cc12,3.26,2.9768512
train,4272,CN(C)c1ccc(Cl)[nH+]n1,2.82,2.9356873
train,4273,CCCCN(CCCC)c1[nH+]nc(-c2ccccc2)cc1C,4.88,4.9677296
train,4274,OC[C@H]1CCC[NH+]2CCCC[C@@H]12,10.16,10.408155
train,4275,[NH3+]c1ccc2c(c1Br)CCCC2,3.05,2.822376
train,4276,O=C(O)c1ncc(-c2ccccc2)o1,1.78,1.8119028
train,4277,O=C([O-])C1=CC[C@H](C(=O)O)C1,5.1,5.1781797
train,4278,CCc1ccccc1C(=O)N(C1CCC2(CC1)OCCO2)C(Cc1ccc(Cl)cc1)C[NH+](C)C,7.4,7.2053614
train,4279,N#CC(C#N)=NNc1cccc(Cl)c1,6.0,6.1121044
train,4280,CCC1(c2ccccc2)CC(=O)NC1=O,7.71,8.083315
train,4281,CSc1[nH+]c(C)c(C)s1,3.1,3.0326536
train,4282,C#CC(C)[NH2+]c1ccccc1,3.25,3.0349314
train,4283,O=[N+]([O-])c1cc([N+](=O)[O-])c(Cl)c([N+](=O)[O-])c1O,-0.2,-0.042577088
train,4284,N#Cc1ccc(C(=O)O)cc1,3.55,3.6598542
train,4285,O=C(O)C1C2CC1C2,4.27,4.29018
train,4286,Nc1nc(N)c(-c2ccccc2Br)c[nH+]1,6.7,6.7242813
train,4287,O=C([O-])c1ccc(C(=O)[O-])c(C(=O)O)c1C(=O)[O-],6.21,6.3739443
train,4288,O=C(O)[C@@H]1CCC[C@H](C(=O)O)C1,4.1,4.324893
train,4289,C=CC[NH+]1CCOCC1,7.02,6.956705
train,4290,CC(=O)CCN1N=C(O)CCC1=O,8.0,7.9003563
train,4291,Cc1cccc([Se]CC(=O)O)c1,3.78,3.6756108
train,4292,O=C(NCO)c1ccccc1Cl,13.14,13.006276
train,4293,N#Cc1cc(O)cc2ccccc12,8.41,8.4908285
train,4294,c1ccc(-c2cc[nH+]cc2)cc1,5.55,5.523859
train,4295,OC1=CCCCC1,11.3,11.102308
train,4296,Cc1cccc(C(=O)NO)c1,8.93,8.823591
train,4297,CC[NH+](CC)CCSCC(C)C,8.83,8.760088
train,4298,[H]/N=c1/c2[nH+][nH]nc2ncn1C,3.25,3.3356974
train,4299,N=C(N)N[N+](=O)[O-],12.2,12.026192
train,4300,Cc1ccc2[nH]c(CF)nc(=O)c2c1,8.5,8.369672
train,4301,O=C(O)c1ccc(F)cc1F,3.29,3.16919
train,4302,O=C(O)c1ccccc1CO,3.84,3.9051754
train,4303,O=C(O)c1cssc1=S,2.8,2.7965884
train,4304,Cc1[nH+]c2cc([NH3+])ccc2n1C,3.38,3.3128884
train,4305,Nc1ccc(S(=O)(=O)Nc2ccc(Br)nc2)cc1,7.12,7.1710615
train,4306,CC1=NC2=C(CCCC2)C(=O)[NH2+]1,3.73,3.7914114
train,4307,[H]/[NH+]=C/OCc1ccccc1,5.8,5.9193964
train,4308,CCCC(=O)c1cc(C(C)=O)[nH]n1,9.28,9.12818
train,4309,O=C([O-])c1cc(Cl)ccc1O,13.0,13.091978
train,4310,Nc1cc(O)nc(N)n1,10.78,10.563755
train,4311,Brc1ccccc1N(CC1CC1)C1=[NH+]CCN1,11.2,11.133371
train,4312,Oc1ccc(Cl)cc1O,8.525,8.475594
train,4313,O=C(O)/C=C\SC1CCCCC1,4.95,5.082053
train,4314,O/N=C1C=CC=CC/1=N/O,6.93,6.734267
train,4315,CC(C)(C)c1cc[nH+]cc1,5.99,6.1467667
train,4316,O=C(O)C(F)F,1.34,1.3419406
train,4317,CC(C)c1[nH+]ccs1,3.283,3.3315904
train,4318,CCN(CCC[NH+]1CCc2cc(OC)ccc2C1)S(=O)(=O)c1cccc2ccccc12,7.4,7.290351
train,4319,c1ccc2c(c1)[nH]c1c[nH+]ccc12,7.2,7.187258
train,4320,COc1ccc([NH+]=C(N)c2cccs2)cc1CSC1CCCC1,8.1,8.280512
train,4321,CN1N=Cc2ccccc2C1O,13.0,12.739857
train,4322,Cc1c[nH]c[nH+]1,7.51,7.616559
train,4323,Cc1ccc(NC2=[NH+]CCN2)c(Cl)c1,9.456667,9.312962
train,4324,NC(=O)[C@H]1CC2CC[NH+]1CC2,9.04,8.903482
train,4325,O=C(O)/C=C\c1ccccc1,3.88,3.96718
train,4326,Clc1ccccc1N=P(N1CCCC1)(N1CCCC1)[NH+]1CCCC1,9.98,9.885958
train,4327,CCOc1ccc(NC(=O)c2cn3c(C)c(C)[nH+]c3c3c2CCC(c2ccccc2)O3)cc1,6.57,6.7820272
train,4328,C[C@H]1CC[NH+]2CCC[C@@H]12,11.4,11.399607
train,4329,Nc1ccc2[nH+]c3cc(N)ccc3nc2c1,4.59,4.485504
train,4330,c1ccc(-c2[nH+]ccs2)nc1,2.17,2.02829
train,4331,Oc1c(Cl)cc(Cl)c(Cl)c1Cl,5.22,5.298727
train,4332,C[C@H]1CCC2CC[C@H](C)[NH+]21,11.74,11.855372
train,4333,Cn1c(=O)nc(N)c2[nH+]ccnc21,2.94,3.042318
train,4334,Cc1nc(C)c2nc(C)[nH]c2n1,9.9,9.667861
train,4335,Nc1nc(N)c2c(-c3ccc(Br)cc3)csc2[nH+]1,4.47,4.5675116
train,4336,O=C(O)Cc1ccc(-c2ccccc2)c2ccccc12,6.8,6.9394274
train,4337,C/C(=N\O)c1ccccc1,11.48,11.369194
train,4338,N#Cc1cccc([NH3+])c1,2.75,2.5994952
train,4339,CN(C)C(=O)N1CC(c2cc(F)ccc2F)=C[C@@]1(CCC[NH2+]CCF)c1ccccc1,8.8,8.773136
train,4340,O=C([O-])c1cccc(C(=O)O)c1C(=O)O,4.2,4.2810016
train,4341,c1c[nH+]c2c(c1)CCCN2,7.61,7.6416492
train,4342,COC1CCN(C(=O)c2ccc3cc(OCCC[NH+]4CCCCC4)ccc3c2)CC1,9.57,9.813585
train,4343,O=C(O)C#COc1ccccc1,3.09,3.1877835
train,4344,Clc1ccc(CN(Cc2nn[nH]n2)c2ccccc2)cc1Cl,4.49,4.352566
train,4345,Cc1nc2cnc(S)nc2n(C)c1=O,6.15,6.0602703
train,4346,c1ccc(N2CCc3ccccc3C2)[nH+]c1,6.4,6.4724436
train,4347,N#CCC([N+](=O)[O-])[N+](=O)[O-],2.27,2.3578868
train,4348,C#CCCCC[NH+](C)C,9.24,9.20779
train,4349,COc1cc(NS(C)(=O)=O)ccc1N=c1c2ccccc2[nH]c2cc(C(N)=O)ccc12,6.66,6.7279387
train,4350,Cc1c[nH+]c2c(c1)c(C)cc1c(C)c(C)cnc12,6.05,6.0383005
train,4351,O=S1(=O)NCN(CC(F)(F)F)c2ccc(Cl)cc21,9.01,9.044991
train,4352,COc1c(C)cc(C2(c3cccc(-c4cncnc4)c3)N=C(C)C(=[NH2+])N2)cc1C,5.3,5.1640654
train,4353,NC(=[NH2+])N(CC1CC1)c1c(Br)cccc1Br,11.9,11.684782
train,4354,O=NN(O)N=O,3.1,3.0490658
train,4355,CCCCCC[NH2+]c1ccccc1,5.21,5.172023
train,4356,Cn1c(=S)nc(O)c2nc([O-])cnc21,9.32,8.997742
train,4357,O=CC(c1ccccc1)c1ccccc1,10.42,10.304767
train,4358,C[C@@]1(c2cc(NC(=O)c3ccc(C#N)cn3)ccc2F)CCOC(=[NH2+])N1,9.7,9.644571
train,4359,[H]/N=c1\[nH+]cc(Cl)cn1C,10.19,9.933419
train,4360,CN(C)C(=O)CC(=O)c1ccncc1,7.75,7.7126102
train,4361,C=C(N)O,9.2,8.843363
train,4362,c1cc2cc[nH+]c-2c[nH]1,7.9,7.9264975
train,4363,COc1c2ccccc2[nH+]c2ccccc12,7.0,7.3605213
train,4364,C[NH+](C)c1ccc(/C=C/c2nnnn2-c2ccccc2)cc1,3.47,3.2660096
train,4365,CCOC(=O)CCCCC[NH3+],10.37,10.302338
train,4366,CCC(=NO)C(C)=O,9.38,9.227787
train,4367,CC#CCn1c(N2CCC[C@@H]([NH3+])C2)nc2c1c(=O)n(Cc1nc(C)c3ccccc3n1)c(=O)n2C,8.6,8.5866165
train,4368,COc1ccc2c3c1O[C@H]1CCC[C@H]4[C@@H](C2)[NH+](C)CC[C@]314,8.83,8.957665
train,4369,OC(c1ccccc1)(C(F)(F)F)C(F)(F)F,8.8,8.824945
train,4370,Cc1[nH+]c(N(C)C)nc(OC(=O)N(C)C)c1C,4.54,4.542845
train,4371,Cc1sc2cc(O)ccc2c1C,9.84,9.761354
train,4372,CSc1nc(C)c2c(n1)N(C)C(=O)[NH2+]2,2.62,2.7007039
train,4373,COc1cc([NH3+])cc2ccccc12,4.05,4.0279694
train,4374,COc1[nH+]cc(Cl)cc1Cl,-1.4,-1.4068967
train,4375,O=C(NO)c1ccc(F)cc1,8.71,8.7357235
train,4376,CCc1ccc[nH+]n1,3.58,3.5545294
train,4377,O=C(O)c1csc2ccccc12,4.24,4.089822
train,4378,CCOCC[NH2+]c1cccc(OC)c1,3.67,3.6506789
train,4379,CCOC(=O)C/C=C(/C)O,12.1,12.214826
train,4380,O=Cc1cc(Br)ccc1O,7.4,7.0600443
train,4381,O=S(=O)(Nc1cc(Cl)ccc1Cn1ccnn1)c1ccc(Cl)c(Cl)c1,5.9,5.758357
train,4382,CC1(C)CC[NH+]1Cc1ccc2c(c1)OCO2,10.1,10.0717745
train,4383,CS(=O)(=O)CS(=O)(=O)Oc1ccc(Cl)cc1[N+](=O)[O-],8.16,8.148885
train,4384,CCCCCCCCCn1cc(C[NH2+][C@H]2[C@H](O)[C@@H](O)[C@H](O)[C@@H](O)[C@@H]2O)nn1,7.1,7.366783
train,4385,O=C(O)c1ccc([N+](=O)[O-])cc1C(=O)O,2.22,2.2761736
train,4386,N#CCc1ccc(C#N)cc1[N+](=O)[O-],11.43,11.09985
train,4387,O=C1CNc2nc(=O)[nH]c(C(=O)[O-])c2N1,12.04,12.143279
train,4388,Oc1ccc(/N=N/c2ccccc2)cc1,8.396667,8.352603
train,4389,CC1=C(O)C(C)C1=O,2.8,2.6852973
train,4390,CC(C)(C)N[N+](=O)[O-],6.59,6.4915943
train,4391,C1=C(c2nc3ccccc3s2)C2CC[NH+]1CC2,7.4,7.1237993
train,4392,CN([NH3+])c1ccc(Br)cc1,4.62,4.528758
train,4393,Cc1c[nH+]c2c(O)cccc2c1,4.94,5.063198
train,4394,O=C(O)CSc1ccccc1C(=O)O,3.01,3.0474265
train,4395,C[Si](C)(C)CC[NH3+],10.97,10.720409
train,4396,Cn1c(=O)[nH]c(=O)c2ncc(C(=O)O)nc21,1.51,1.65779
train,4397,O=C(O)C#CC(=O)O,0.8906,1.061143
train,4398,C=CP(=O)([O-])O,7.34,7.256071
train,4399,O=C(CC(=O)NO)NO,8.14,8.257712
train,4400,COCCNC(=S)S,2.85,2.9052389
train,4401,CC(C)C=O,15.53,15.19884
train,4402,COC(=O)c1ccccc1S,6.8,6.620718
train,4403,O=c1[nH+]ccc2n1CCCN2,7.97,8.044474
train,4404,Cc1cn2ccc3c(c2[nH+]1)CC(c1ccccc1)CC3,7.63,7.7873936
train,4405,S=c1[nH]c[nH+]c2c1CCCC2,1.95,1.9034323
train,4406,CC[NH+](CC)CC(=O)NC1CCc2ccccc21,8.19,8.22646
train,4407,CCC(C)[NH+](C)c1ccccc1,6.03,6.1442194
train,4408,COc1cccc(=O)c(O)c1,8.0,7.8043365
train,4409,CC(=O)Nc1cccc(O)c1,9.44,9.340832
train,4410,C1CNCC[NH2+]CCN1,10.4,10.306202
train,4411,O=C(c1ccccc1)C(c1ccccc1)[N+](=O)[O-],5.04,5.006049
train,4412,Cc1cccc(C)c1OCC(C)[NH3+],9.153333,8.996934
train,4413,CN[N+](=O)[O-],6.3333335,6.174306
train,4414,O=C(O)c1ccc(C(F)(F)F)cc1,3.67,3.7590957
train,4415,[O-][n+]1cccc(O)c1,6.425,6.236473
train,4416,COc1cccc2c1[NH+]=C(NCC(F)F)NC2C,10.2,10.246586
train,4417,CCCCCc1cccn[nH+]1,3.7,3.6922643
train,4418,Nc1ccc(S(=O)(=O)N=c2[nH]cco2)cc1,6.5,6.4798546
train,4419,[NH3+]c1cc(O)c(O)c2ccccc12,4.41,4.361535
train,4420,Clc1[nH]cc[nH+]1,3.55,3.6602027
train,4421,Cc1nn(-c2ccccc2)cc1C(=O)O,4.58,4.5304756
train,4422,Nc1ncc(Cl)c[nH+]1,1.73,1.9072338
train,4423,CCCCN(C1=[NH+]CCN1)c1c(Br)cccc1Br,10.97,11.002167
train,4424,Cc1ccc(C2=[NH+]CCC2)cc1,6.41,6.2611704
train,4425,Nc1ccc(S(=O)(=O)Nc2ncco2)cc1,6.5,6.581867
train,4426,O=C(O)c1c[n+]([O-])ccc1[N+](=O)[O-],0.5,0.6096783
train,4427,COc1cc(NS(C)(=O)=O)ccc1N=c1c2ccccc2[nH]c2cc(Cl)ccc12,6.84,6.7718296
train,4428,O=C([O-])c1ccc2ccccc2c1O,12.9,12.904751
train,4429,COc1ccc(C(=O)c2ccccc2)c(O)c1,9.385,9.26594
train,4430,CC(O)(S)CS,9.04,9.010038
train,4431,CN(C)/C=[NH+]/c1cccc(Cl)c1,7.97,8.0307865
train,4432,[NH3+]CCC[NH3+],8.49,8.434764
train,4433,CCC(C)c1cc([N+](=O)[O-])cc([N+](=O)[O-])c1O,4.62,4.610265
train,4434,C/N=C(\[NH2+]C)N(C)C(C)=O,8.93,8.876997
train,4435,Cc1c(N)[nH+]c(N)[nH]c1=O,3.58,3.396759
train,4436,CSCc1cccc[nH+]1,5.4,5.1951885
train,4437,CC(C)C(C(=O)[O-])C(=O)O,5.88,6.0710506
train,4438,Nc1cccc2cc3cccc([NH3+])c3[nH+]c12,2.68,2.741626
train,4439,OCC[NH+](CCO)CCO,7.76,7.960183
train,4440,C=[N+]([O-])O,3.25,3.2199857
train,4441,NNC(=O)COc1ccccc1,12.23,12.277834
train,4442,O=c1[nH]c(=O)c2nc[n-]c2[nH]1,11.84,11.576124
train,4443,c1ccc([NH2+]c2ccccc2)cc1,0.9,0.65436333
train,4444,C[C@@H]1C[NH2+]1,8.5,8.032605
train,4445,N#Cc1ccc(C[N+](=O)[O-])cc1,6.17,6.1515713
train,4446,CC(C)=CCC(=O)O,4.6,4.8130703
train,4447,C1=NCc2n[nH]nc2N1,8.97,8.826813
train,4448,CCC1CSC(C(C)C)=[NH+]1,5.28,5.197709
train,4449,O/N=C1/c2ccccc2/C(=N/O)c2c(O)cccc21,8.0,7.805108
train,4450,CC(C)[NH+](CCNC(=O)C1C[C@@H]1c1ccccc1)C(C)C,9.7,9.576665
train,4451,Cn1nc[nH+]c1N,4.29,4.282031
train,4452,CCc1ccc(C(=O)/C=C/C(=O)O)cc1,3.38,3.387624
train,4453,COC(=O)C1[C@H](O)C[C@@H]2CC[C@H]1[NH+]2C,8.85,8.877887
train,4454,CC1C(=O)CC(Cc2ccc(Br)cc2)C1=O,4.24,4.1902895
train,4455,O=C1C=C/C(=N/O)C=C1Cl,5.6,5.5126
train,4456,COc1ccc(P(=O)(O)O)cc1,2.0266666,2.9426286
train,4457,[NH3+]c1ccc(Br)cc1,3.88,3.8386154
train,4458,O=C(O)c1cccc([N+](=O)[O-])c1Cl,2.04,1.9339383
train,4459,COc1ccc2c(c1)C(=O)N(CCc1ccc(S(=O)(=O)NC(=O)NC3CCCCC3)cc1)C(=O)C2(C)C,5.0,4.877466
train,4460,C[NH+](CCCCCCOc1ccc(C(=O)c2ccc(Br)cc2)cc1)C1CC1,7.48,7.364852
train,4461,NC(=O)NCCCC(=O)O,4.68,4.6910295
train,4462,C[NH+]1C(=O)C=CC=C1O,0.61,0.6973752
train,4463,C[C@@]1(C(=O)[O-])C[C@H]1C(=O)O,5.3,5.2091236
train,4464,Cn1cc2[nH+]c[nH]c2nc1=O,1.8,1.9267806
train,4465,SCCCCS,9.98,10.369895
train,4466,NS(=O)(=O)c1cccc(S(N)(=O)=O)c1,9.39,9.329374
train,4467,Cn1c(N)nc2[nH]c[nH+]c2c1=O,3.13,3.137668
train,4468,O=C(O)C(c1ccccc1)c1ccccc1,3.92,3.959142
train,4469,CC(O)c1cccc(O)c1CO,9.9,9.820211
train,4470,NC(=O)Nc1[nH]c[nH+]c1C(=O)O,2.0,2.0264726
train,4471,CC[NH+]1CCCC[C@H]1C,10.66,10.575783
train,4472,O=C1C(c2ccc(Cl)cc2)=C(O)c2ccccc21,4.0,3.9483736
train,4473,CS(=O)(=O)NC(=O)Nc1ccc(C(F)(F)F)cc1,4.2,3.9382718
train,4474,Cc1cnc2cnc(=O)[nH]c2n1,8.07,7.9884768
train,4475,Nc1ncnc(O)c1N,9.88,9.671349
train,4476,CC(=O)NCCS,9.92,9.618831
train,4477,CCCCCCCc1c(-c2ccccc2)[nH][nH]c1=O,9.2,9.199516
train,4478,Cc1ncc2nc(S)n(C)c2n1,7.61,7.5001554
train,4479,CSc1ccc(C(=O)O)s1,3.51,3.5166833
train,4480,Clc1c[nH+]cc(Cl)c1,0.67,0.7029358
train,4481,CCCCCCCCCCC[NH2+]Cc1ccc(C)cc1,9.46,9.37882
train,4482,Oc1cccc2c1-c1ccccc1-2,8.64,8.365143
train,4483,CS(=O)(=O)NC(=O)CCc1ccccc1,4.94,4.8505964
train,4484,O=S(=O)(Nc1ccccc1)c1ccccc1,8.4,8.131658
train,4485,CCCCCCCCCn1cc(CC[NH2+][C@H]2[C@H](O)[C@@H](O)[C@H](O)[C@@H](O)[C@@H]2O)nn1,9.1,9.397013
train,4486,CC(C)(C)c1ccnc(=O)[nH]1,10.29,10.042683
train,4487,Oc1cccc2cnccc12,8.45,8.288339
train,4488,N#CC(c1ccc2c(c1)OCO2)[NH+]1CCCC1,4.3,4.2433434
train,4489,CC(=O)N1CC[NH+](C)CC1,7.1,6.9144344
train,4490,CCc1cc(C)c(O)cc1C,10.51,10.509166
train,4491,Cn1cc(C(=O)O)c(C(F)(F)F)n1,3.79,3.8688617
train,4492,CCCCCC[NH+](CCO)CC(C)O,9.0,8.988034
train,4493,Cn1c([NH3+])cc2ccccc21,9.6,9.523403
train,4494,O=P(O)(O)CCBr,2.25,2.2455974
train,4495,O=C(O)C1=CC[C@H](C(=O)O)C1,4.27,4.3318253
train,4496,Cc1c(CC#N)[nH+]c2c(OCc3ccccc3)cccn12,5.5,5.5393076
train,4497,CSc1[nH+]cnc2ccccc12,3.01,2.7843268
train,4498,[NH3+]c1cc([NH3+])c2ccccc2c1O,3.14,3.180596
train,4499,Cc1cc(C)[nH+]c(N)n1,4.86,4.5920515
train,4500,c1ccc2cc3[nH]cnc3cc2c1,12.36,12.223622
train,4501,NS(=O)(=O)C(F)F,8.06,7.8396244
train,4502,CC(O)C(C)(O)C(=O)O,3.51,3.4258518
train,4503,O=C(O)c1cnncc1C(=O)O,3.3,3.278952
train,4504,COC(=O)c1cc(O)c2ccccc2c1,8.75,8.732239
train,4505,c1ccc2c(c1)CC[NH2+]C2,9.41,9.151721
train,4506,Cc1c[nH+]c2ccccc2n1,0.95,1.1044148
train,4507,C[C@]1(c2cc(NC(=O)c3cnc(Cl)cn3)ccc2F)[NH+]=C(N)CO[C@]1(F)C(F)(F)F,6.9,7.014407
train,4508,Cc1nc2ncncc2nc1O,7.09,7.053858
train,4509,O=[N+]([O-])c1ccc(Nc2ccc([N+](=O)[O-])cc2)cc1,14.08,14.498277
train,4510,CC(C)c1ccc(C(=O)O)cc1[N+](=O)[O-],3.67,3.722326
train,4511,C/C(Cl)=C/C(=O)O,4.0866666,3.9811985
train,4512,CC(C)C[NH2+]CC(C)C,10.59,10.501301
train,4513,CC[NH2+]N(CC)CC,7.08,7.0634537
train,4514,Oc1cccc2ccc(O[C@@H]3OC[C@@H](O)[C@H](O)[C@H]3O)cc12,9.29,9.440897
train,4515,CSc1nc2ncncc2[nH]1,7.7,7.560233
train,4516,O=C(O)C1(O)c2ccccc2-c2ccccc21,2.92,2.8244514
train,4517,CC(C)Cc1ccc(O)cc1,10.2,10.249821
train,4518,Clc1ncc2nc[nH]c2n1,8.21,7.900242
train,4519,Oc1ncc(Br)cn1,7.36,7.151368
train,4520,ClC[C@@H]1CC2CC[NH+]1CC2,9.68,9.717693
train,4521,Cc1cccc(SCC(=O)O)c1,3.518,3.6106546
train,4522,c1ccc2[nH+]c3c(cc2c1)[nH]c1ccccc13,4.2,4.1999445
train,4523,CSc1ccc(SC)[nH+]n1,1.95,1.9865406
train,4524,[NH3+]CCCCOc1c2ccccc2cc2ccccc12,9.94,9.96302
train,4525,O=C(O)c1nc(=O)[nH]c2c1CCCC2,3.36,3.2081468
train,4526,[NH3+]CCCC(F)(F)F,9.7,9.559837
train,4527,C/C=C\C(=O)O,4.425,4.4556804
train,4528,O=C(O)COc1cccc([N+](=O)[O-])c1,2.93,2.9161236
train,4529,Cc1cc2nc3ccc(N(C)C)cc3[nH+]c2cc1N,6.75,6.9608965
train,4530,CCC[NH2+]c1ccccc1,5.12,5.089471
train,4531,O=C(O)c1ccccc1[N+](=O)[O-],2.19,2.1949253
train,4532,C/C(=C\c1cccc([N+](=O)[O-])c1)C(=O)O,4.63,4.563855
train,4533,C1[NH2+]C[C@H]2C[NH2+]C[C@@H]1C2,5.75,5.708949
train,4534,C[C@]1(c2cc(NC(=O)c3ccc(C#N)cn3)ccc2F)[NH+]=C(N)O[C@@H](C(F)(F)F)[C@@H]1F,5.8,5.887151
train,4535,O=c1[nH]c(=O)n(-c2ccccc2)[nH]1,4.9,4.711793
train,4536,OCC1CC2CC[NH+]1CC2,10.85,10.694744
train,4537,Cc1[nH+]c(-c2ccccc2)co1,1.1,1.2751124
train,4538,NS(=O)(=O)c1cc2c(s1)S(=O)(=O)CCC2O,8.275,8.3785515
train,4539,CC(C)(C)N1[NH2+]C2CCC1CC2,9.54,9.646915
train,4540,CCCCCCCCCC[NH+](CC(C)O)CC(C)O,7.6,7.447255
train,4541,CC1=Cc2ccccc2[NH2+]1,-0.2,-0.19353247
train,4542,c1ccc(Nc2n[nH+]co2)cc1,0.63,0.6905473
train,4543,Nc1ncc2[nH]c(C(F)(F)F)nc2n1,6.19,6.042555
train,4544,C[Si](C)(C)C[NH2+][Si](C)(C)C,11.4,11.393129
train,4545,CC(CO)C[NH+](C)C,9.75,9.5944195
train,4546,Clc1cccc(Br)c1N(CC1CC1)C1=[NH+]CCN1,10.8,10.950611
train,4547,CNc1ncnc(O)c1NCC#N,9.9,9.916334
train,4548,C[C@@H]1C(=O)C=C2[C@H]1C[NH+](C)C[C@@H]2C,7.2,7.0160847
train,4549,COc1cn[nH+]c2ccccc12,3.21,3.205801
train,4550,O=C1CNc2cncnc2N1,9.96,9.590025
train,4551,N#Cc1cnc(N)[nH+]c1,0.66,0.71144414
train,4552,O=S(=O)(c1ccc(F)cc1)C1CC[NH+](CCc2ccc(F)cc2F)CC1,7.2,7.04103
train,4553,CCC(=O)/C=N/O,8.37,8.231759
train,4554,Nc1cccc(C(=O)O)c1,4.79,4.6756763
train,4555,CC(=O)C(C)C(=O)C(C)C,11.8,11.608999
train,4556,NC(=O)C(c1ccccc1)c1cccc[nH+]1,3.8,3.7765458
train,4557,CSc1ccc(SCC(=O)O)cc1,3.63,3.571417
train,4558,SCc1ccccn1,8.82,8.584431
train,4559,C[C@@]1(c2ccc3ccccc3c2)C(=O)NC(=O)[C@H]1C(N)=O,7.7,7.7626286
train,4560,O=[N+]([O-])c1ccccc1O,7.2,7.0555096
train,4561,C[C@H]1[C@H](C(=O)O)[C@@]1(C)C(=O)O,3.93,4.110798
train,4562,Fc1cccc(NC=S)c1,10.89,10.69803
train,4563,O=[N+]([O-])c1cccc2c1nnn2O,3.33,3.302306
train,4564,N#CC(C#N)=C(N)/C(C#N)=N/Nc1ccc(Br)cc1,6.39,6.498064
train,4565,CCOC(=O)N1CCc2[nH]oc(=O)c2CC1,4.7,4.6496897
train,4566,Cc1n[nH]c(=S)o1,5.01,5.0379314
train,4567,CCC(Oc1ccccc1)C(=O)O,3.17,3.3533957
train,4568,Cc1cc(C)o[nH+]1,-1.26,-1.1080976
train,4569,O=C(O)c1cc([N+](=O)[O-])c[nH]1,3.37,3.1869361
train,4570,CCCSC(=O)CCCc1c[nH]c[nH+]1,7.55,7.6414137
train,4571,CSc1[nH+]cnc2[nH]ncc12,1.0,1.0677497
train,4572,Cn1cc(C(=O)Nc2ccc(F)cc2)c(O)c1O,5.55,5.571666
train,4573,Oc1ccc2[nH+]nccc2c1,3.65,3.7856243
train,4574,CCOC(=O)N1CC[NH2+]CC1,8.28,8.064263
train,4575,O=[N+]([O-])c1ccc(P(=O)(O)O)c(O)c1,1.22,1.1593062
train,4576,Nc1nc(O)cnc1C=O,6.61,6.2600117
train,4577,O=C(Cc1ccncc1)c1ccc(Cl)cc1,12.06,11.872833
train,4578,Cc1ncc2c(c1O)C(=O)OC2,7.05,6.753151
train,4579,Nc1nc(O)nc2[nH]c(O)nc12,8.12,7.9260235
train,4580,O=c1cc[nH]c2c1ccc1ccc[nH+]c12,2.17,2.0446548
train,4581,O=C1C=C(O)CC1,4.36,4.3874025
train,4582,O[C@H]1[C@H](O)[C@@H](n2c[nH+]c3ccccc32)OC[C@H]1O,4.15,4.0984273
train,4583,O=C(N=c1[nH]nc(-c2ccccc2)s1)c1ccccc1,6.8,6.849684
train,4584,CSC1NCC=[NH+]1,5.95,6.013894
train,4585,O=C(O)c1c[nH]c2ccccc12,5.27,5.123555
train,4586,CC(C)CP(=O)(O)O,2.7,2.7289145
train,4587,O=C(O)CNC(=O)CCl,3.38,3.5349128
train,4588,CNC(=O)c1ncnc2nc[nH]c12,8.9,8.728001
train,4589,Cn1cc[nH+]c1,7.31,7.2710447
train,4590,CC(C)c1cccc(=O)c(O)c1,7.21,7.166811
train,4591,CCc1c(O)ccc(C(C)C)c1C,10.85,10.76594
train,4592,COc1cc[nH+]c(N(C)C)n1,5.87,5.9205933
train,4593,O=C1CN=C(c2ccccn2)c2cc(Br)ccc2N1,11.0,11.109547
train,4594,O=C(O)[C@@H](Br)[C@@H](Br)C(=O)[O-],2.97,2.9863644
train,4595,Clc1nc(Cl)c2[nH]c(Cl)nc2n1,3.96,3.8295913
train,4596,C[C@@]1(c2cc(NC(=O)c3ccc(Cl)cn3)ccc2F)CCSC(=[NH2+])N1,9.0,9.170363
train,4597,Cc1c[nH+]c2c(c1)c(C)c(C)c1cccnc12,5.34,5.3524027
train,4598,Cn1nc2nc(S(C)(=O)=O)[nH]c(=O)c2n1,3.54,3.3775406
train,4599,O=C(Nc1ccc(O)cc1)c1ccccc1,9.54,9.558517
train,4600,COC(=O)c1cccc(OC)c1O,10.3,10.194217
train,4601,O=c1c2ccccc2n(CCC[NH+]2CCOCC2)c2ccc(Cl)cc12,4.87,4.6236086
train,4602,CSc1c[nH+]c2ccccc2c1,3.88,3.7798634
train,4603,Cc1c[nH+]c(N(C)C)s1,6.08,6.1694756
train,4604,Nc1nc(F)cc(=O)[nH]1,8.38,8.12792
train,4605,Cc1ccccc1OCC(=O)O,3.2,3.220006
train,4606,CCCCSCC[NH+](CC)CC,8.43,8.498927
train,4607,COC(C(=O)O)C(OC)C(=O)O,2.76,2.8162465
train,4608,CCCCCn1cc(C(=O)c2cccc3ccccc23)c2cc[nH+]cc21,5.83,6.043025
train,4609,Nc1ccc(SCC(=O)O)cc1,4.59,4.5711737
train,4610,O=C1C=CC=C(O)[NH2+]1,1.0,1.0454912
train,4611,CS(=O)(=O)c1ccsc1C(=O)O,2.56,2.7442186
train,4612,Cc1ccc(C)c(O)c1,10.315,10.074588
train,4613,CC(=O)NC1C(=O)CC(C)(C)CC1=O,3.7,3.5498888
train,4614,CNc1[nH+]c(Cl)nc(C)c1N,3.4,3.4317472
train,4615,Cn1c(O)nc2c(O)ncnc21,8.31,8.198282
train,4616,CNCC(O)c1cccc(O)c1,10.45,10.063894
train,4617,Oc1ccc2cnc3ccccc3c2c1,8.43,8.3389225
train,4618,CN1CCC[NH+]1C,6.67,6.679735
train,4619,CC(=O)c1ccc([NH+]=C2NCCN2)cc1,9.11,9.096852
train,4620,Fc1cccc2[nH]c[nH+]c12,4.2,4.4375134
train,4621,C[NH2+][C@]1(c2ccccc2Cl)CCCCC1=O,7.5,7.5400753
train,4622,O=C(Nc1cc(Cl)ccc1O)Oc1cccc(C(F)(F)F)c1,8.97,9.164972
train,4623,O=C(O)C1(C(=O)O)CC1,1.68,2.1481218
train,4624,CCCCCC(C)[NH2+]C,10.99,10.863219
train,4625,O=C([O-])c1cccc(Br)c1C(=O)O,4.35,4.431839
train,4626,C[NH2+]CCCN1c2ccccc2CCc2ccccc21,10.245,10.252958
train,4627,CCC(C)(C(=O)O)C(=O)O,2.86,2.9503543
train,4628,O=C(N[O-])C(=O)NO,9.0,8.8396
train,4629,O=NN(CC(=O)O)CC(=O)O,2.28,2.2742076
train,4630,Cn1c[nH+]c2ccccc2c1=S,1.22,1.3175533
train,4631,CN1C(C(=O)[NH+]=c2cccc[nH]2)C(=O)c2sccc2S1(=O)=O,5.025,5.106887
train,4632,CN(C)c1cc[nH+]c(S)n1,2.4,2.5023549
train,4633,O=c1cc2ccccc2c[nH]1,9.62,9.124596
train,4634,N#Cc1cccc(-c2cccc(-c3nn[nH]n3)c2)c1,4.0,3.9077225
train,4635,Cc1cc(C)n(C)c(=O)[nH+]1,3.9,3.8359735
train,4636,Cc1c2c(cc3c1=Nc1ccncc1-3)=C[NH2+]C=C2,7.5,7.4967384
train,4637,CNc1c2ccccc2[nH+]c2ccccc12,10.43,10.703005
train,4638,Fc1ccc(N2CC[NH+](Cc3ccn4c(CC5CC5)nnc4c3C(F)(F)F)CC2)c(F)c1,5.0,5.0468826
train,4639,C[C@@H]1CCCCC1C(=O)O,5.04,4.978097
train,4640,Cc1ccc(C)[nH+]n1,3.99,4.0412464
train,4641,O=C(NO)c1cccc(Cl)c1,8.36,8.21725
train,4642,Nc1ccc2cc3ccc4ccccc4c3[nH+]c2c1,6.72,6.829687
train,4643,O=C(NC(Cc1ccc(C#CCCN=c2cccc[nH]2)cc1)C(=O)O)c1c(Cl)cccc1Cl,6.7,6.893779
train,4644,Cc1c[nH+]c2c(cc(C)c3cccnc32)c1C,5.93,5.8467903
train,4645,C[NH+]=C(N)N=C(N)Nc1ccc(Cl)cc1,10.6,10.594705
train,4646,[H]/[NH+]=c1/sccn1C,9.61,9.377268
train,4647,CC(C)(C)C1=C[NH+]2C=CC=CC2=C1,5.6,5.622858
train,4648,CSc1nc2cc[nH]cc-2n1,9.95,9.552782
train,4649,CSc1nc2nc(C)[nH]c2c[nH+]1,2.83,2.7662323
train,4650,CC(C)(C)COCC(O)C[NH2+]C(C)(C)C,9.68,9.785731
train,4651,CCC[NH2+]Cc1ccc(C)cc1,9.98,9.886406
train,4652,CCCCCC(=O)CC(C)=O,9.2,8.983663
train,4653,CC(=NO)C(C)=NO,11.25,11.184425
train,4654,O=C(O)c1ccc(Cl)cc1Cl,2.74,2.6836905
train,4655,Cc1ncc(CO)c(C=O)c1O,8.7,8.67528
train,4656,OCc1ccc[nH+]c1,5.0,5.0339966
train,4657,ClCC[NH+]1CCOCC1,6.27,6.2212524
train,4658,Cn1c2ccccc2c(=[NH2+])c2ccccc21,11.01,11.241357
train,4659,O=C(O)[C@@H]1CCCC[C@H]1C(=O)O,4.24,4.136015
train,4660,CCCc1ccc(O)c(-c2cc(CCC)ccc2O)c1,9.3,9.299681
train,4661,Oc1cc(C(F)(F)F)cc2ccc[nH+]c12,2.6,2.5624645
train,4662,CC(=O)Oc1c(C(=O)O)cccc1C(=O)O,2.85,2.7951024
train,4663,C[C@@H]([C@H](O)c1ccccc1)[NH+](C)C,9.22,9.126053
train,4664,Cc1cc(C)[nH+]c(NS(=O)(=O)c2ccc(N)cc2)n1,2.65,2.5980368
train,4665,C[C@@H]1CN(C(=O)C2C[NH+](C(C)(C)C)C[C@H]2c2ccc(F)cc2F)C[C@H](C)[C@@]1(O)c1ccccc1,8.95,8.896973
train,4666,COc1cccc2c1c(=NS(=O)(=O)c1ccc(Cl)s1)[nH]n2Cc1cccc(CNC(=O)C(C)(C)O)c1,6.54,6.7012796
train,4667,ON=CC=NO,9.02,9.122236
train,4668,Nc1[nH+]cnc2ccccc12,5.76,6.0574903
train,4669,C[NH2+]C(C)Cc1ccc(OC)c(OC)c1,9.8,9.770763
train,4670,O=C(O)[C@@H]1CC[C@H](C(=O)O)C1,4.23,4.244177
train,4671,Cc1c[nH+]c(C)s1,3.91,3.9648135
train,4672,COC(=O)[C@@H](N)CS,9.17,9.080643
train,4673,Cn1c(=O)c2[nH]c(Br)nc2n(C)c1=O,5.45,5.3358164
train,4674,COC(=O)C(=NO)c1ccccc1,8.87,8.779821
train,4675,c1ccc2c(c1)CCC[C@H]2C1=[NH+]CCN1,10.51,10.427784
train,4676,CC(=O)C(=NO)C(C)=O,7.38,7.3351364
train,4677,CC1=Cc2ccccc2[NH+]1C,0.33,0.22132522
train,4678,O=C([O-])[C@@H](S)[C@@H]([S-])C(=O)[O-],11.82,11.553747
train,4679,COc1ccc[nH+]n1,2.5,2.4866123
train,4680,O=C(O)CN1C(=O)c2cccc3cccc(c23)C1=O,4.8,4.9509373
train,4681,Oc1ccc2cc(Cl)ccc2c1,9.31,9.154641
train,4682,COc1ccc2c(c1OC(C)=O)[C@]13CC[NH+](C)[C@H](C2)[C@@H]1CC[C@H](OC)C3,9.31,9.508637
train,4683,Nc1ccc2cc3cc(C(=O)O)ccc3[nH+]c2c1,2.3,2.223876
train,4684,COCC(COC)NC(=O)c1nc(N2CC[C@@H](NC(=O)c3[nH]c(C)c(Cl)c3Cl)[C@@H](OC)C2)sc1C(=O)O,4.5,4.39107
train,4685,N#Cc1ccc(S(=O)(=O)Nc2ccc3cc[nH]c(=O)c3c2)cc1,6.93,6.9335423
train,4686,CN(C(=O)N1CC(c2cc(F)ccc2F)=C[C@@]1(CO)c1ccccc1)C1CC[NH+](C)CC1,8.8,8.751707
train,4687,Clc1ccc2[nH+]cccc2c1,4.0,3.8865469
train,4688,COC(=O)CC(=O)c1ccccc1,10.28,10.335836
train,4689,CCNC(=O)NS(=O)(=O)c1ccccc1,5.11,5.053692
train,4690,CCCCCCCCCC[NH+](CCO)CC(O)CC,7.2,7.2213774
train,4691,O=c1cc(O)[nH]c(=O)[nH]1,4.98,4.8726206
train,4692,C1=CC[NH2+]CC1,10.43,10.339989
train,4693,CC(CC(=O)O)C(N)=O,4.59,4.7185555
train,4694,COc1ncc(-c2ccc(C)cc2)c[nH+]1,0.77,1.0910797
train,4695,O=S(=O)(NCc1ccccc1)c1ccncc1,10.05,10.162985
train,4696,CC(C)C([NH3+])C(N)=O,8.0,7.960861
train,4697,[NH3+]C1CCCCC1,10.64,10.412786
train,4698,C[NH2+]OC,4.75,4.7506933
train,4699,O=C1C=C(O)C(=O)C=C1[O-],5.18,5.282078
train,4700,O=C(O)CSCC(=O)O,3.31,3.2880125
train,4701,CN(C)/C=[NH+]/c1cccc(Br)c1,8.08,8.0057745
train,4702,COc1ccc(N(C)[NH3+])cc1,5.6,5.56598
train,4703,Nc1n[nH]c(=O)[nH]c1=O,7.35,7.379059
train,4704,O=C(c1ccccc1)c1cc(Cl)ccc1O,9.61,9.398417
train,4705,N#CC(c1ccc2c(c1)OCO2)[NH+]1CCCCC1,4.0,4.123974
train,4706,CC(C)(P(=O)([O-])O)[P@](=O)([O-])O,8.04,8.192902
train,4707,Nc1nc2nc(N)[nH+]c(N)c2[nH]1,6.17,6.1835403
train,4708,Cc1cccc(/C=C/C(=O)O)c1,4.44,4.548395
train,4709,CCOC(=O)C(CC)(CC)C(=O)O,3.7,3.845147
train,4710,Cn1cnc(=O)[nH]c1=O,8.15,8.0092
train,4711,CN1CCCC[NH+]1C,6.66,6.5216103
train,4712,NC(=O)c1c[nH+]cnc1N,4.13,4.088272
train,4713,C[NH+](C)[C@H]1CC[C@@H](C)CC1,10.46,10.481122
train,4714,CCN(CCC[NH+]1CCc2cc(OC)ccc2C1)S(=O)(=O)c1ccc(OC)cc1,7.4,7.317689
train,4715,Nc1ncccc1O,9.51,9.20826
train,4716,C[NH+]1CCC(=C(c2ccc(Cl)cc2)c2cccc[nH+]2)CC1,3.64,3.5947635
train,4717,S=c1[nH]c2cncnc2[nH]1,8.9,8.874895
train,4718,O=[N+]([O-])c1ccc(/C(=N\O)c2ccccc2)cc1,10.47,10.55311
train,4719,Cn1c(=S)[n-]c2c[nH]c(=O)nc21,11.21,11.041824
train,4720,Cc1[nH]c2cccc(N)c2[nH+]1,8.1,7.9021034
train,4721,O=C1CC(c2ccccc2)NC(=O)C1C(=O)Nc1ccc(C2CCCCC2)cc1,6.5,6.35091
train,4722,COc1cc(/C=C/C(=O)CC(C)=O)ccc1O[C@@H]1O[C@H](CO)[C@@H](O)[C@H](O)[C@H]1O,8.74,8.855314
train,4723,Cc1cccc(NS(=O)(=O)c2ccccc2)c1,8.48,8.325543
train,4724,Cc1ccc(-c2cc[nH+]cc2)o1,5.7,5.5445137
train,4725,COc1cc(=O)[nH]c[nH+]1,-0.22,-0.2819172
train,4726,CCCC12CCC(=O)C=C1c1ccc(OCC(=O)O)cc1C2,4.05,4.179165
train,4727,Cc1c(C(=O)O)[nH]c2ccccc12,4.33,4.1959915
train,4728,Nc1nnnn1NC(=O)c1ccco1,5.46,5.546218
train,4729,COc1cc(/C=C/C(=O)O)cc(OC)c1O,4.4,4.4426813
train,4730,Cc1cc(C)n(C(=O)O)n1,3.9,4.0538177
train,4731,COc1ccc(C(CCC[NH3+])(c2ccccc2)c2ccccc2)cc1,9.86,9.707016
train,4732,O=S(O)CCCCc1ccccc1,2.23,2.1607609
train,4733,COc1cc(OC)c(/C=C/S(=O)(=O)Cc2c[nH+]c(OC)c(N)c2)c(OC)c1,2.39,2.4268672
train,4734,COc1cc(C(=O)O)ccc1O,4.51,4.5319223
train,4735,[NH3+]c1ccc(C(=O)O)c(Br)c1,1.45,1.3425488
train,4736,Cc1cc[nH+]cn1,1.95,2.0382056
train,4737,C[C@]1(c2ccccc2)CC(=O)NC1=O,8.8,8.785521
train,4738,Cc1[nH+]c(C(=O)O)co1,-0.66,-0.57370067
train,4739,CCCCCCCCCCCC[NH2+]c1ccccc1,4.12,3.7509384
train,4740,CC(=O)c1cc(C#N)ccc1O,7.54,7.5589895
train,4741,CN(C)c1ccc(/N=[NH+]/c2ccc(I)cc2)cc1,2.06,2.0717316
train,4742,COc1ccc2c3c1O[C@H]1[C@@H](O)C=C[C@H]4[C@@H](C2)[NH+](CCC#N)CC[C@@]341,5.68,5.527152
train,4743,Clc1ccc(C(Cn2cc[nH+]c2)OCc2ccc(Sc3ccccc3)cc2)c(Cl)c1,6.54,6.8728743
train,4744,CC1(c2ccccc2)Cc2cc(OCC(=O)O)c(Cl)c(Cl)c2C1=O,3.7,3.666837
train,4745,S=c1cn[nH]c(=S)[nH]1,5.66,5.7878284
train,4746,O=CN(O)c1ccccc1,7.92,7.918827
train,4747,Cc1cc(C(=O)O)ccc1Cl,4.07,4.1110163
train,4748,C[NH2+]C(C)CC1CCCCC1,10.52,10.546288
train,4749,Cc1nc2[nH+]c(N)[nH]c(=O)c2[nH]1,4.03,4.033138
train,4750,O=C1NC(=O)c2ccccc21,8.3,8.209895
train,4751,Nc1cc(C(=O)O)c2ccccc2c1,4.39,4.320402
train,4752,CC(=O)NCC(=O)c1ccccc1,14.45,14.332729
train,4753,COc1nc2ccccc2[nH+]c1OC,-1.15,-1.1021183
train,4754,CCNC(=S)OC(C)C,11.52,11.400553
train,4755,CNc1c[nH+]c2c(n1)c(=O)n(C)c(=O)n2C,-0.24,0.0150977075
train,4756,c1ccc2c(c1)[NH+]1CC[NH+]2CC1,2.5,2.629699
train,4757,CN(O)C(N)=O,9.79,9.610331
train,4758,SCCCCCS,11.82,11.628973
train,4759,CCO,15.9,15.748382
train,4760,Cc1[nH]c2c(cnn2-c2ccccc2)c(=N)[nH+]1,4.52,4.4975224
train,4761,Nc1cc[nH+]c(C(F)(F)F)n1,1.39,1.2147012
train,4762,Cn1cc[nH]c1=[NH2+],8.54,8.362284
train,4763,COc1nc2nc[nH]c2c[nH+]1,2.43,2.4152775
train,4764,O=C(O)Cc1ccc(O)c(O)c1,4.22,4.2256937
train,4765,Nc1c2ccccc2nc2ccccc12,15.9,15.570751
train,4766,NS(=O)(=O)c1ccc(CCCO)cc1,10.23,10.218308
train,4767,CNC(=O)c1cc2c([nH+]c(C)n2C)c2c1CC[C@@H](c1ccc(Cl)cc1C)O2,5.6,5.519226
train,4768,COC(=O)C([NH3+])Cc1ccccc1,7.0,6.944605
train,4769,CNc1nc(N(C)C)c(Br)c[nH+]1,6.1,6.195863
train,4770,CC(c1cccc([N+](=O)[O-])c1)[N+](=O)[O-],6.67,6.52392
train,4771,CCC(C)(C)[NH2+]C(C)(C)CC,11.6,11.7018795
train,4772,CC[C@]1(O)C[C@@H](C)[NH2+][C@@H]2CCCC[C@H]21,10.31,10.323835
train,4773,N#Cc1cc(C(F)(F)F)ccc1N1CCOc2cc(S(=O)(=O)N=c3[nH]ccs3)ccc21,7.0,6.957388
train,4774,CC(=O)c1ccc(S(N)(=O)=O)cc1,9.66,9.482925
train,4775,c1ccc(C(OCC[NH+]2CCCCC2)c2ccccc2)cc1,8.03,8.027922
train,4776,Cc1c[nH+]c2c(ccc3cccnc32)c1C,5.62,5.6806793
train,4777,Cn1cnc2c(=O)[nH]c(=O)n(C)c21,10.14,10.138652
train,4778,O/N=C/c1ccc(O)cc1,8.93,8.812584
train,4779,Cc1cccc(C)c1NC1=[NH+]CCN1,10.52,10.43102
train,4780,CNC(=N)N[N+](=O)[O-],12.4,12.378957
train,4781,Clc1ccc(CN(Cc2nn[nH]n2)c2ccccc2)c(Cl)c1,4.54,4.32689
train,4782,Oc1ccnc2nccnc12,8.76,8.889225
train,4783,Nc1cc(O)c2ccccc2c1,9.36,9.115628
train,4784,C[C@H](CCC[NH2+]Cc1ccccc1)[C@H]1CC[C@H]2[C@@H]3CC[C@@H]4C[C@H](O)CC[C@]4(C)[C@H]3C[C@H](O)[C@]12C,9.07,9.149225
train,4785,FC(Cc1c[nH]c2ccc(-n3cnnc3)cc12)C[NH+]1CCC(Cc2ccccc2)CC1,8.7,8.574327
train,4786,O=C(O)/C=C\Br,3.32,3.502297
train,4787,Cc1nc(O)ncc1P(=O)(O)O,2.51,2.7805693
train,4788,N#CC(=C(O)O)c1ccccc1,0.99,1.0360258
train,4789,Cn1c[nH+]c(=S)c2ccccc21,3.0,3.0488603
train,4790,O=C(O)[C@H]1CCC[C@H]1C(=O)O,4.395,4.140545
train,4791,COc1ccc(C(=O)C(=O)O)cc1C,1.78,1.7537398
train,4792,O=c1c2ccccc2ncn1O,5.1,4.962488
train,4793,O=C(NO)c1cccc([N+](=O)[O-])c1,8.135,7.973463
train,4794,CCCCCC[NH+](CCO)CC(O)CC,9.1,9.004003
train,4795,S=c1[nH]cnc2c1CCCC2,8.13,7.9361486
train,4796,CC1(C(=O)O)CCCCC1,5.16,5.2170076
train,4797,OCC[NH2+]c1ccccc1,4.09,3.9643228
train,4798,Cc1cccc(P(=O)(O)O)c1,1.915,2.3327894
train,4799,CC(C)(C[NH3+])c1ccccc1,10.03,9.851661
train,4800,CC1=[NH+]NC[C@@H]1c1ccccc1,4.62,4.596856
train,4801,Cc1ccc(C2=CCC[NH2+]2)cc1,7.55,7.7036123
train,4802,CC1=CC(=Nc2ccc(O)cc2)C=C(C)C1=O,8.7,8.439441
train,4803,Oc1nc2ncncc2nc1S,5.59,5.5725975
train,4804,S=C(Nc1ccc(Cl)cc1)c1ccccc1,10.85,10.586054
train,4805,CC(=O)C(C)C#N,6.83,6.6894226
train,4806,O=c1cc[nH]c(Cl)c1,6.84,6.6606207
train,4807,CCc1c[nH+]ccc1N,9.39,9.402726
train,4808,C[C@@H](Cc1ccccc1)[NH+](C)C,9.4,9.377753
train,4809,O=C(Cc1ccccc1)NC1CC[NH+](CCCN2C(=O)COc3ccccc32)CC1,7.9,7.7921076
train,4810,S=c1[nH]cnc2[nH][nH+]cc12,-0.66,-0.5282645
train,4811,CC1=C(O)C(=O)C(C(C)C)=CC1=O,5.92,5.9256544
train,4812,O=P([O-])(O)C(Cl)Cl,5.58,5.6447954
train,4813,O=C(O)[C@]12[C@@H]3[C@H]1CCC[C@@H]32,4.6,4.641906
train,4814,CC[NH2+]N,7.95,7.9896297
train,4815,NC(=O)NC(Cc1ccccc1)C(=O)O,3.44,3.6333072
train,4816,CC(=O)c1cccc([NH3+])c1,3.58,3.388213
train,4817,O=C1C=CC(=O)N1,9.62,9.563013
train,4818,CC[NH+](CC)CCCC(=O)Nc1c(C)cccc1C,9.52,9.643105
train,4819,[NH3+]NCCOc1ccccc1,6.8,6.8006124
train,4820,[NH3+]Cc1cccs1,8.92,8.75285
train,4821,[H]/[NH+]=C(/N)N/C(N)=N/c1ccccc1,10.76,10.7225685
train,4822,O=C(O)CNC(=O)c1ccccc1Cl,3.79,3.9835842
train,4823,O=C(O)c1cc(=O)c(O)c(C(=O)O)o1,1.83,2.0233884
train,4824,S=c1cc[nH]c2ccccc12,8.83,8.577211
train,4825,CC1CC(C)CC(C(=O)O)C1,5.2,5.1987715
train,4826,CC1(c2cccc(-c3cncnc3)c2)[NH+]=C(N)c2ccccc2O1,8.1,8.168917
train,4827,CSc1cc(C)cc2c(C)cc[nH+]c12,4.54,4.4502945
train,4828,CCc1cccc2c3c([nH]c12)C(CC)(CC(=O)O)OCC3,4.7,4.6118317
train,4829,CC(C)c1c[nH+]ccc1N(C)C,8.16,8.135378
train,4830,CCC[N+](=O)[O-],8.98,8.665169
train,4831,O=C(O)[C@]12[C@@H]3[C@@H]4[C@H]1[C@@H]1[C@H]2[C@H]3[C@]41C(=O)O,3.63,3.8062375
train,4832,COc1c(O)ccc(O)c1C,10.3,10.281949
train,4833,CC(=O)Sc1ccc(O)cc1,8.88,8.856812
train,4834,NC(=O)CCc1ccc[nH+]c1,5.21,5.178314
train,4835,[NH3+]c1ccc(O)c(=O)cc1,2.62,2.5526211
train,4836,C[C@]1(O)CCCC[C@@H]1[NH3+],9.49,9.351919
train,4837,CC(=O)Nc1ccc([NH3+])cc1,4.46,4.3738594
train,4838,Oc1cccc(F)c1,9.26,8.990572
train,4839,Cn1cnc2[nH]c(=O)[n-]c(=S)c21,12.1,12.006658
train,4840,Cn1[nH]c(=NN=O)nc1Cl,5.17,4.9852304
train,4841,c1ccc(-c2c[nH+]cs2)nc1,2.79,2.6670315
train,4842,CN(C)c1cccc2cccc([NH+](C)C)c12,12.1,12.332685
train,4843,Cn1c[nH+]c2ncncc21,2.29,2.2950668
train,4844,CCCCOC(=O)N[N+](=O)[O-],3.31,3.4204056
train,4845,Cc1cc(C)c(O)c(C(C)C)c1,11.18,11.113508
train,4846,C[C@H]1CC2CC[NH+]1CC2,11.33,11.308162
train,4847,O=C([O-])C[P@@](=O)([O-])O,8.69,8.494326
train,4848,CCOC(=O)C(=NO)C(C)=O,7.2,7.0488033
train,4849,CC(C)C(C(=O)O)C(=O)O,2.935,3.0272818
train,4850,Cc1cc(C)cc(N=C2C(=O)c3ccccc3C(=O)C2NS(=O)(=O)c2ccco2)c1,8.3,8.286911
train,4851,Cc1cc(O)ccc1Cl,9.52,9.344328
train,4852,O=C(O)c1ccc(O)c([N+](=O)[O-])c1,3.8,3.8701553
train,4853,CCN(O)CC,12.88,12.58474
train,4854,O=C(O)CCCCCCC(=O)O,4.52,4.6408243
train,4855,CC(=O)CCCC(=O)O,4.66,4.726985
train,4856,CNc1cc[nH+]cc1C(C)C,9.84,9.995983
train,4857,O=P([O-])(O)c1ccc(-c2ccccc2)cc1,6.93,6.8700523
train,4858,CNS(=O)(=O)c1ccc(C(F)(F)F)cc1,10.7,10.571807
train,4859,CC[NH+](CC)CCN1C(=O)Nc2ccccc2C1c1ccccc1,10.23,10.514379
train,4860,Clc1[nH+]cnc2nc[nH]c12,0.45,0.6810052
train,4861,[NH3+]Cc1ccc(C=O)o1,8.1,7.8950796
train,4862,FC(F)(Cc1c[nH]c2ccc(-n3cnnc3)cc12)C[NH+]1CCC(OCc2ccccc2)CC1,5.9,5.683962
train,4863,COc1c(C)cccc1C(=O)O,3.84,3.9718182
train,4864,N#CC[NH+]1CCCC1,4.8,4.523484
train,4865,Cc1cn(C)[nH+]c1C,3.56,3.479678
train,4866,O=S(=O)(Nc1ccc(C(F)(F)F)nc1)c1ccccc1C(F)(F)F,5.1,5.0692043
train,4867,Cc1ccccc1-c1nc2cn(-c3cccc(Cl)c3)nc2c(=O)n1CC1CCC[NH+](C(C)C)C1,9.8,10.160614
train,4868,CC(C)[NH+]1CCC(Oc2ccc3cc(C(=O)N4CCOCC4)ccc3c2)CC1,9.3,9.446848
train,4869,O=Cc1cccc([N+](=O)[O-])c1O,5.41,5.3940945
train,4870,O=C(O)c1cc(Cl)ccc1O,2.6875,2.6755402
train,4871,CCCS(=O)(=O)Nc1ccc(N=c2c3ccccc3[nH]c3c(C(N)=O)cccc23)c(OC)c1,6.35,6.3621387
train,4872,Cc1[nH+]c2c3c(c(C(=O)N(C)C)cn2c1C)CCC(c1cccs1)O3,6.64,6.909813
train,4873,NC(=O)CCCCc1cc[nH+]cc1,5.92,5.8082094
train,4874,CC(C)C1C(=O)N(S(C)(=O)=O)[C@@H]2CN(C(=O)C=CC[NH+]3CCCCC3)C[C@@H]12,8.44,8.605114
train,4875,C[C@@]1(c2cccc3ccccc23)C(=O)NC(=O)[C@H]1C(=O)[O-],8.93,9.040658
train,4876,Nc1[nH]c(=O)c2[nH]c(C(F)(F)F)nc2[nH+]1,1.23,1.3037999
train,4877,O=C1NC(=O)C2(CCCC2)C(=O)N1,8.83,9.010929
train,4878,O=C([O-])c1oc(C(=O)[O-])c(C(=O)O)c1C(=O)O,3.73,3.7106242
train,4879,Oc1cccc2c[nH]nc12,8.6,8.397481
train,4880,Oc1ncnc2cccnc12,8.95,8.745479
train,4881,Oc1ccc(Cl)c2cccnc12,9.34,8.913466
train,4882,COc1ccc2[nH+]c(N)sc2c1,4.5,4.4479895
train,4883,O=C(O)/C(O)=C(/O)C(=O)O,1.52,1.5978634
train,4884,CCOCC[NH+](C)c1ccccc1,4.8,4.66969
train,4885,Cn1c[nH+]c(N)cc1=S,0.98,1.0615773
train,4886,O=[N+]([O-])c1ccc(/C=N/O)cc1,10.03,9.976749
train,4887,C[NH+]1C(=O)C=CC=C1Cl,-0.33,-0.12256205
train,4888,Oc1ccc(I)c[nH+]1,0.0,0.1669814
train,4889,CNc1cc(N(C)C)nc[nH+]1,6.37,6.4035206
train,4890,Cc1ccc2c(c[nH+]c3ccccc32)c1,4.93,4.8020086
train,4891,NS(=O)(=O)c1ccc(S(=O)(=O)CCO)c(F)c1,9.0,9.037781
train,4892,Cn1cc[nH+]c1Br,3.85,3.7921684
train,4893,CC1(C)CCC(O)=CC1=O,5.19,5.2510624
train,4894,O=[N+]([O-])c1cccc(O)c1[N+](=O)[O-],5.23,5.196618
train,4895,OC(c1ccccc1)C(F)(F)F,11.9,11.652176
train,4896,C[NH+]1[C@@H]2C[C@@H]3C[C@H]1[C@@H](O)[C@H]2O3,8.2,8.179215
train,4897,[NH3+]c1ccc2nc3ccccc3nc2c1,4.52,4.480586
train,4898,Cc1cccc2[nH+]oc(C)c12,-1.22,-0.9261806
train,4899,C[NH2+]Cc1nc(-c2cn(C)c3ccccc23)no1,6.5,6.4208717
train,4900,Sc1ccc(S)nn1,2.06,1.965818
train,4901,Cc1cc(O)[nH+]n1-c1ccccc1,1.79,1.8231701
train,4902,C[C@]1(c2cc(NC(=O)c3ccc(C#N)cn3)ccc2F)[NH+]=C(N)OCC1(F)F,5.8,5.99203
train,4903,CCC(C)(CC(=O)O)CC(=O)O,3.62,3.6067803
train,4904,CC(C)CS(=O)O,2.75,2.6408904
train,4905,CC(C)(C)CC(C)(C)[NH3+],10.84,10.767376
train,4906,O=C1C=C(O)[NH2+]c2ccccc21,0.76,0.764781
train,4907,CC(N)=[NH+]O,5.9,5.886012
train,4908,CC(C)N(c1ccc(Oc2ccccc2C(F)(F)F)cc1C(=O)O)C(=O)[C@H]1CC[C@H](C)CC1,5.5,5.549857
train,4909,[H]/[NH+]=C(/c1ccccc1)c1cccc(O)c1,7.08,7.264884
train,4910,CN(C)c1cc(N)[nH+]c(N)[nH+]1,0.68,0.7353494
train,4911,Cn1c[nH+]cn1,3.2,3.2138076
train,4912,CN(C)c1cnc[nH+]c1,2.96,2.9501588
train,4913,Cc1c([NH3+])ccc2c1-c1ccccc1C2,4.83,4.6511793
train,4914,C[NH+]1CCC[C@@H]2c3cccc4[nH]cc(c34)C[C@H]21,8.87,8.803147
train,4915,O=C(O)CO,3.865,3.8155499
train,4916,C[NH2+]CCC(=O)c1ccccc1,9.0,9.036848
train,4917,CCCCC#CC(=O)O,2.6,2.59919
train,4918,Nc1c[nH+]c(Cl)cc1Cl,0.73,0.76637435
train,4919,COC(=O)C1=C(C(=O)O)CCC1,2.94,2.9794173
train,4920,CC1[C@@](C)(C(=O)O)[C@]1(C)C(=O)O,3.77,3.8254533
train,4921,Cc1ccc(C)c(C(=O)O)c1O,3.23,3.130239
train,4922,CCS(=O)(=O)Nc1ccc(N=c2c3ccccc3[nH]c3cc(OC)ccc23)c(OC)c1,7.36,7.5854683
train,4923,CC(=O)N1CS(=O)CC1C(=O)O,2.5,2.5198548
train,4924,O=S(=O)(Nc1ccccc1)C(F)F,6.19,6.292779
train,4925,[NH3+]CC(O)c1ccccc1,8.94,9.078337
train,4926,C[C@@]1(c2cc(NC(=O)c3ccc(C#N)cn3)ccc2F)C[C@H](C(F)(F)F)OC(=[NH2+])N1,7.3,7.1873827
train,4927,[NH3+]c1cccc(=O)cc1,3.61,3.6348207
train,4928,[NH3+]Cc1ccccc1Cl,8.8,8.685836
train,4929,N#CCNC(=N)N[N+](=O)[O-],9.3,9.148136
train,4930,CC(=O)NCC(=O)O,3.655,3.7666147
train,4931,NC(=O)c1cc([N+](=O)[O-])ccc1O,5.4,5.2842016
train,4932,CCC[NH+]1CCN(c2cccc(C#N)c2)CC1,7.67,7.7978487
train,4933,O/N=C(Cl)/C(=N/O)c1ccccc1,4.92,4.5337744
train,4934,C=CCC(C)(O)C[NH+](CC)CC,9.71,9.765963
train,4935,COc1cc(C(=O)N(C)O)ccc1C,8.41,8.477215
train,4936,O=[N+]([O-])Nc1ccc(Br)cc1,4.27,4.2700605
train,4937,CC[NH+](CC)C(C)C=C(c1cccs1)c1cccs1,8.9,9.080464
train,4938,O=C(O)c1cc(Br)c(O)cc1O,3.0,2.8764215
train,4939,O=C(O)C1=C(C(=O)O)[C@H]2CC[C@@H]1C2,1.32,1.2174468
train,4940,O=C(O)CC(CC(=O)O)C(=O)O,3.67,3.7431996
train,4941,O=C(O)C1CCc2ccccc2C1,4.6,4.7158146
train,4942,NC(=O)/C=C(\O)c1ccccc1,8.89,8.867893
train,4943,CS[C@H]1CCC[C@@H]1[NH+](C)C,8.85,8.78856
train,4944,C[NH2+]CCS(=O)(=O)CC[C@@H]1OCC[C@@]2(S(=O)(=O)c3ccc(Cl)cc3)c3c(F)ccc(F)c3OC[C@@H]12,7.7,7.6938562
train,4945,N#CC(C#N)=NNc1c(Cl)cccc1Cl,4.7,4.6535187
train,4946,O=C(NO)c1ccccc1Cl,7.85,7.9714785
train,4947,CC1(C)CCc2cc(S(=O)(=O)N(CC(=O)O)Cc3cccc(-c4ccccc4)c3)ccc2O1,3.4,3.2898498
train,4948,Cc1cc2c(C)cc[nH+]c2c2ncccc12,5.71,5.627097
train,4949,O=C(Cc1ccc(Cl)cc1)c1cccnc1,12.74,12.594726
train,4950,Oc1nc(O)c2nccnc2n1,7.91,7.9067383
train,4951,C/C(Cl)=C\C(=O)O,3.93,3.934573
train,4952,C[C@H]1C[C@H]2CC[NH+]1C(C)(C)C2,11.3,11.321963
train,4953,COc1ccc(NC(=O)CC(C)=O)cc1,10.62,10.506891
train,4954,COC(=O)c1ccc(C(=O)O)c(C(=O)O)c1,2.54,2.46799
train,4955,Cc1ccccc1N(C)[NH3+],5.29,5.3175697
train,4956,Nc1nccnc1C(=O)O,3.7,3.6455762
train,4957,CCNc1nc(N)nc(O)n1,9.93,9.845953
train,4958,Ic1cc[nH+]cc1,4.02,3.9431932
train,4959,Nc1ccc2cccc(O)c2c1,10.0,9.592748
train,4960,Nc1nc(-c2ccccc2)[nH+]o1,-0.25,-0.12802678
train,4961,COc1cc(C)c(-c2nc(=O)o[nH]2)cc1-c1ccc(C#CCO)s1,5.5,5.668872
train,4962,O=C(O)c1ccc(CO)o1,3.18,3.1201055
train,4963,O=C(O)Cc1ccsc1,4.07,4.0173573
train,4964,Cn1cc[nH+]cc1=S,-0.18,-0.06940138
train,4965,O=C(O)CCCc1ccccc1,4.76,4.830782
train,4966,Cn1c(=O)c2c([nH+]cn2C)n(C)c1=O,0.6,0.6573424
train,4967,CC[NH+](CCC#N)CCC#N,4.55,4.410899
train,4968,Oc1cc(I)c2ccccc2c1,8.81,8.649309
train,4969,CCc1ccc2c(=Nc3ccc(NS(C)(=O)=O)cc3OC)c3ccccc3[nH]c2c1,7.65,7.785634
train,4970,N#Cc1ccc(C(=O)Nc2ccc(F)c([C@@]3(CF)[NH+]=C(N)OC[C@@H]3F)c2)nc1,6.7,6.7407913
train,4971,Ic1ccc2[nH+]c[nH]c2c1,5.03,4.877639
train,4972,NNC(=O)c1ccccc1,12.52,12.385987
train,4973,C=C(C(=O)O)c1ccccc1,4.44,4.535228
train,4974,C1N2CN3CN1C[NH+](C2)C3,6.3,6.3565416
train,4975,CNc1ccc(=S)[nH][nH+]1,-0.04,0.21052799
train,4976,Cn1cnc2c[nH+]c(Cl)nc21,0.65,0.8949177
train,4977,CC(=O)c1cc(C(=O)O)cs1,3.69,3.7154806
train,4978,O=[N+]([O-])c1ccc([As](=O)(O)O)cc1,2.9,2.100338
train,4979,O=C(O)c1ccc(C(=O)O)c(C(=O)O)c1,2.52,2.5242488
train,4980,C=C[C@H]1C[NH+]2CC[C@H]1C[C@H]2[C@H](O)c1ccnc2ccc(OC)cc12,8.59,8.504355
train,4981,O=C(O)c1cccc(C2CC2)c1,4.28,4.2945757
train,4982,Cc1ccc([NH2+]CO)cc1,3.42,3.2932212
train,4983,Cc1n[nH]c(=O)n(C)c1=O,10.1,10.046103
train,4984,C/C(O)=C1\CCCCC1=O,9.8,9.508268
train,4985,O=S(=O)(Nc1ccc(Br)cc1)c1ccccc1,7.8,7.9883957
train,4986,CC(C)c1ccc(Br)c(=O)c(O)c1,6.28,6.193494
train,4987,Oc1cc(Cl)[nH+]c(Cl)c1,-1.15,-1.1043074
train,4988,Nc1cc([N+](=O)[O-])cc([N+](=O)[O-])c1O,4.37,4.3792114
train,4989,Cc1cc(C)c(C(C)C)cc1O,10.76,10.694872
train,4990,O=C(O)c1sccc1F,3.11,3.2019322
train,4991,Nc1ccc(S(=O)(=O)NC(=O)c2ccccc2)cc1,4.57,4.462137
train,4992,COc1cc2[nH]c(N3CCN(C(=O)C4COc5ccccc5O4)CC3)[nH+]c(=N)c2cc1OC,6.9,6.8373203
train,4993,O=c1cc(C(F)(F)F)[n-]c(=O)[nH]1,13.0,13.124922
train,4994,Nc1nc2nc[nH+]c(N)c2nc1N,5.56,5.647523
train,4995,Cc1nc(C(=O)Nc2ccc(N3CC[C@H]([NH+]4CCC[C@@H]4C)C3)cc2C)co1,10.1,10.268627
train,4996,C=C(C)C(=O)OC(C)C[NH+](C)C,7.96,7.897313
train,4997,Cn1c(O)c2nc(-c3ccccc3)c(=O)[nH]c2nc1=O,3.65,3.6126778
train,4998,COc1c(O)cccc1[N+](=O)[O-],7.83,7.748657
train,4999,Oc1ccc2ccc(Cl)cc2c1,9.09,9.131636
train,5000,Cc1cc(OCCC=N[NH+]=C(N)N)cc(OS(=O)(=O)c2ccccc2C#N)c1,8.84,9.074783
train,5001,O=S(=O)(Nc1ccc(Cl)cc1)C(F)(F)F,3.9,3.9904997
train,5002,[S-]CCS,10.54,10.356456
train,5003,O=C(O)C1C=Cc2ccccc2C1,4.24,4.2195206
train,5004,CC(C(=O)O)=C1CC(=O)C(C)C1C,4.4,4.405816
train,5005,Cn1c(N)nc(=O)c2ncc(O)[nH+]c21,2.22,2.2429068
train,5006,Cn1nnc2[nH]c(=S)[nH]c(=O)c21,6.73,6.801386
train,5007,O=C(O)C1=CCc2ccccc21,4.5,4.56227
train,5008,Nc1nc(Cl)cc(O)[nH+]1,0.5,0.67759407
train,5009,CC1CC2CC[NH+]1CC2,11.33,11.23424
train,5010,C=CC(C)[NH2+]c1ccccc1,4.57,4.455217
train,5011,O=C(O)CCS,4.325,4.331579
train,5012,c1ccc(-c2nc3c[nH]cnc-3n2)cc1,8.1,7.6557045
train,5013,O=P(O)(O)CBr,1.14,1.2475095
train,5014,O=Cc1cc(Cl)c(O)c(Cl)c1,4.32,3.965667
train,5015,OC(O)=C1C=CC=C1,1.3,1.2690719
train,5016,CN=c1cccc(CCOc2ccc(CC(NC(=O)c3c(Cl)cccc3Cl)C(=O)O)cc2)[nH]1,7.0,7.061822
train,5017,CSc1ncc(Br)c[nH+]1,-0.9,-0.6143372
train,5018,[NH3+]CCC(F)(F)F,8.7,8.706486
train,5019,c1ccc(-c2ncn[nH]2)cc1,9.59,9.3808
train,5020,ON/C=C/c1cnsc1,10.3,10.25527
train,5021,CCCO,16.1,15.916511
train,5022,Oc1ccc2cccc(Br)c2c1,8.94,8.849838
train,5023,c1ccc2[nH+]c3ccc4ccccc4c3cc2c1,4.7,4.7996187
train,5024,[NH3+]c1ccc2c(c1)Cc1cc(O)ccc1-2,4.88,4.605876
train,5025,O=C1CCCc2ccc([N+](=O)[O-])c(O)c21,7.95,8.292755
train,5026,CNc1nc(C)nc2sc[nH+]c12,3.66,3.626531
train,5027,CCn1ncc(=O)[nH]c1=O,7.07,7.040332
train,5028,S=C(S)c1ccccc1,1.92,1.9751822
train,5029,Cc1cc(C)cc(OCC(=O)O)c1,3.2,3.2319076
train,5030,CCC(Cl)C(=O)O,2.92,2.9238634
train,5031,O=c1cc[nH]c2ccccc12,11.25,10.923047
train,5032,C=C(C(=O)O)c1cccc([N+](=O)[O-])c1,4.12,4.1600704
train,5033,CCc1ccc(CCCC[NH+](C)C)cc1,9.9,10.341579
train,5034,O=C(O)c1ccccc1Cl,3.085,2.9467664
train,5035,SCCN1CCOCC1,9.8,9.685006
train,5036,Cc1cc(C)c(C)c(C(=O)O)c1C,3.47,3.3761775
train,5037,Brc1cnc2c(ccc3cc(Br)c[nH+]c32)c1,3.9,4.037698
train,5038,Cc1cc(C)[nH+][nH]1,4.25,4.302535
train,5039,CC(=O)N[C@@H](Cc1cc(F)cc(F)c1)[C@H](O)C[NH2+]C1(c2cccc(C(C)(C)C(F)F)c2)CC1,6.7,6.6258097
train,5040,CC(C)/C=C/C(=O)O,4.7,4.8790445
train,5041,c1nc2c[nH+]ccc2[nH]1,6.1,6.1440706
train,5042,ON=C1CCCC1=NO,10.71,10.699743
train,5043,O=C(O)c1ccc(=O)[nH]c1,3.82,3.7135732
train,5044,Cc1cc(O)nc2c1CCO2,8.92,8.6378765
train,5045,Cc1ccc([NH3+])c(C)c1,4.89,4.9316034
train,5046,CC[NH+](CC)Cc1ccccc1,9.44,9.530839
train,5047,CC1=[NH+][C@H](O)c2cc(F)ccc2N1,8.06,8.097489
train,5048,O=C(O)CCSCc1ccccc1,4.46,4.4340887
train,5049,O=c1[nH]c(=S)c2[nH]cnc2[nH]1,6.2,6.168804
train,5050,CC1=C[NH+]2C=CC=CC2=C1C,7.32,7.543276
train,5051,CC(CC(=O)O)c1cccc(Br)c1,4.56,4.6237364
train,5052,O=C(O)/C=C/S(=O)(=O)c1ccccc1,3.69,3.814236
train,5053,C#CCCC[NH+](C)C,8.88,8.627773
train,5054,CC(P)C(=O)O,4.15,4.14196
train,5055,Cn1cc[nH+]c2c(=O)nc(N)nc1-2,5.4,5.45475
train,5056,Nc1ccc2[nH]c[nH+]c2c1,6.11,6.0198164
train,5057,Cc1nnc(NS(=O)(=O)c2ccc(N)cc2)s1,5.29,5.2006235
train,5058,OCc1ccc(-c2[nH+]ccc3c2[nH]c2ccccc23)o1,5.7,5.86471
train,5059,O=C(O)CC1NC(=O)c2ccccc2O1,4.9,4.974209
train,5060,CNc1ncc(C#N)c[nH+]1,0.76,1.0295544
train,5061,CCP(=O)([O-])O,8.05,8.032286
train,5062,COc1ccc([NH3+])c(C(=O)O)c1,2.37,2.2004886
train,5063,O=C(O)COc1cccc(F)c1,3.08,3.012892
train,5064,Cn1cnc2cc(Cl)[nH+]cc21,2.74,2.8151674
train,5065,COc1ccc(OC)[nH+]n1,1.61,1.746309
train,5066,S=c1[nH]c2ccccc2[nH]1,10.24,10.034603
train,5067,Nc1[nH+]c(N)c(Cl)c(N)[nH+]1,-0.35,-0.09361601
train,5068,NS(=O)(=O)c1ccc(CCCCO)cc1,10.32,10.295914
train,5069,COC(=O)c1cccc[nH+]1,2.21,2.3820963
train,5070,c1ccc(-c2cc3c(-c4ccccc4)cc[nH+]c3c3ncccc23)cc1,4.69,4.6360865
train,5071,Nc1cccc2cc3ccccc3[nH+]c12,4.2,4.1878815
train,5072,Cn1ccc[nH+]c1=O,2.5,2.4220896
train,5073,O=C(O)[C@@H](O)[C@@H](O)C(=O)[O-],4.37,4.3500295
train,5074,C=C(C)C(=O)OCC[NH3+],8.7,8.494617
train,5075,[NH3+]Cc1ccc(F)cc1,9.3,8.992578
train,5076,Cc1ccccc1-c1nc2cn(-c3cccc(C#N)c3)nc2c(=O)n1CC1CCC[NH+](C(C)C)C1,9.9,10.028635
train,5077,O[NH2+]c1ccccc1,2.19,2.1825013
train,5078,C[NH+](C)CCCN1c2ccccc2Sc2ccc(C(F)(F)F)cc21,9.216,9.219618
train,5079,COCOc1c(C(=O)O)cccc1[N+](=O)[O-],2.8,2.796193
train,5080,Nc1ccc([O-])c(N)c1O,11.5,11.209728
train,5081,OCC[NH+]1CCOCC1,7.18,7.124199
train,5082,O/N=C\c1ccncc1,9.3,8.85391
train,5083,O=C(O)c1nc(-c2ccccc2)oc1-c1ccccc1,3.4,3.3496153
train,5084,c1ccc2[nH+]ccnc2c1,0.72,0.8839348
train,5085,C[C@@H]1[C@@H](C(=O)O)[C@@]1(Cl)C(=O)O,2.66,2.6647484
train,5086,COc1ccc(C2(c3cccc(-c4cncnc4)c3)[NH+]=C(N)N3CC(F)(F)CN=C32)cc1,6.8,6.780588
train,5087,O=C1CCCCC1=O,10.3,10.154589
train,5088,Cc1cc(=O)oc2c(F)c(O)c(F)cc12,4.7,4.6186314
train,5089,OCC1C[NH+]2CCC1CC2,10.56,10.599812
train,5090,C[C@H]([NH3+])[C@H](C)[NH3+],6.91,6.8695517
train,5091,Nc1[nH]c(=O)ncc1Br,10.33,10.166445
train,5092,CCCC[C@@]1(C2CCCC2)Cc2cc(OCCCC(=O)O)c(Cl)c(Cl)c2C1=O,4.4,4.350342
train,5093,NS(=O)(=O)c1cccc([N+](=O)[O-])c1,9.3075,9.209465
train,5094,CCc1cccc(C)c1C[NH+]=c1cc(C(=O)N(C)C)[nH]c2c(Br)c(C)[nH]c12,5.84,5.808996
train,5095,O=CS,2.06,2.065629
train,5096,CC(=O)N(c1ccccc1)[C@@H](C)C(=O)O,3.9,3.9276283
train,5097,c1ccc2[nH+]c[nH]c2c1,5.55,5.4924755
train,5098,CN(C)c1nn[nH]n1,5.92,5.946987
train,5099,O=Nc1ccc(O)cc1,6.36,6.139949
train,5100,Cc1cccc(C)c1C[NH+]=c1cc(C(=O)N(C)C)[nH]c2c(C)c(C)n(Cc3ccccc3)c12,6.86,6.7861614
train,5101,O=C(O)CC(F)(F)F,3.06,3.114086
train,5102,Cc1cc2cc[nH]c2c(C(=O)[NH+]=c2[nH]cc(C)[nH]2)n1,7.6,7.7779493
train,5103,O=C(O)C(O)CCl,3.12,3.2803447
train,5104,CN1CCC2(CC1)C[NH2+]C2,10.71,10.594633
train,5105,CN(C)/C=[NH+]/c1ccc(Br)cc1,8.1,8.260604
train,5106,Nc1cc(Cl)[nH+]c(O)n1,3.26,3.3688867
train,5107,Cc1nnnn1CC(=O)O,2.16,2.2148085
train,5108,CCC(N)=[NH+]O,5.95,6.0596457
train,5109,CC(=O)CC(C)=O,8.9575,8.818452
train,5110,CCC(O)C[NH+](CC)CC(O)CC,9.2,9.351366
train,5111,NS(=O)(=O)c1ccc(SCCCCO)s1,9.5,9.660715
train,5112,C[NH+]=c1[nH]c2cncnc2[nH]1,7.17,7.140893
train,5113,O/N=C/c1ccc(C(F)(F)F)cc1,10.31,10.251148
train,5114,Cc1[nH+]cc(C2CCN(C(=O)CCS(=O)(=O)c3ccc4cc(Cl)ccc4c3)CC2)n1C,8.2,8.605126
train,5115,N#Cc1ccc(C(=O)Nc2ccc(F)c([C@@]3(CF)[NH+]=C(N)OCC3(F)F)c2)nc1,5.1,5.09709
train,5116,Brc1cccc(Br)c1N(CC1CCCC1)C1=[NH+]CCN1,10.9,11.010545
train,5117,Nc1ccc(S(=O)(=O)Nc2ccccc2)cc1,9.29,9.196999
train,5118,O/N=C/c1cc(Cl)ccc1O,8.8,8.758476
train,5119,ClCC1C[NH+]2CCC1CC2,10.15,9.999132
train,5120,Cc1c(-c2ccc(=O)n(Cc3ccccc3)n2)c2cc(F)cc(Cl)c2n1CC(=O)O,3.86,3.8571322
train,5121,C[NH+]1CCC2(CC1)C[NH2+]C2,8.02,8.150031
train,5122,CC[NH2+]N(C)CC,6.81,6.774911
train,5123,O=C1C[C@H]2OCC=C3C[NH+]4CC[C@@]56c7ccccc7N1[C@@H]5[C@@H]2[C@@H]3C[C@@H]46,8.18,8.403638
train,5124,O=C(O)C(O)C(=O)O,2.37,2.4053655
train,5125,Cn1c(N)nc(=O)c2nccnc21,11.5,11.11895
train,5126,NC(=O)C[N+](=O)[O-],5.18,5.0607996
train,5127,CC/C(=C\c1ccc(Cl)cc1)C(=O)O,4.92,5.0302715
train,5128,C=C(C)C(=O)O,4.46,4.4166355
train,5129,Oc1cccnc1O,8.62,8.3280115
train,5130,Nc1c[nH+]cnc1N,6.0,5.988966
train,5131,CC1=C(C)N(C)[NH+](c2ccccc2)C1=O,1.24,1.3620325
train,5132,COC1=CC=CC(=O)[NH2+]1,1.14,1.1511779
train,5133,Nc1ncnc2c[nH]nc12,10.15,9.951698
train,5134,COC(=O)c1ccc2[nH+]cccc2c1,3.8,3.643901
train,5135,[NH3+]c1cc(Br)c(C(=O)O)c(Br)c1,0.928,0.7963847
train,5136,O=[N+]([O-])NCCC([N+](=O)[O-])([N+](=O)[O-])[N+](=O)[O-],4.97,5.437729
train,5137,O=C(Cc1ccncc1)c1cccc([N+](=O)[O-])c1,11.02,10.704586
train,5138,O=C1C=C(O)CCC1,5.255,5.196555
train,5139,O=C([O-])CSCC(=O)O,4.29,4.228343
train,5140,CCN(CC)[NH+](CC)CC,7.31,7.3708076
train,5141,CCCCC1(C2CCCC2)Cc2cc(OCC(=O)O)c(Cl)c(Cl)c2C1=O,3.9,3.7422907
train,5142,CC(C)[NH2+]CC(O)COc1cccc2[nH]c3ccccc3c12,9.52,9.513973
train,5143,CCC=CCC(=O)O,4.615,4.6610565
train,5144,C=CCC(C)(C[NH+](CC)CC)OC(C)=O,9.85,10.014076
train,5145,CNC(=S)S,2.89,2.918226
train,5146,Cc1cc(C)c(C)[nH+]c1C,7.9,7.7954454
train,5147,O=[N+]([O-])c1cccc(O)c1O,6.6525,6.5820704
train,5148,N#CC1C=CC=C1,9.78,9.418873
train,5149,NC(=O)Nc1ccccc1,16.0,15.826245
train,5150,Nc1nc2nc(C(F)(F)F)[nH]c2c(C(F)(F)F)[nH+]1,0.3,0.16423962
train,5151,[H]/N=c1/[nH+]c(N)ccn1C,12.9,12.514491
train,5152,Cn1ccc(=S)[nH]c1=S,7.47,7.2852783
train,5153,O=C(O)CC(C(=O)O)C(O)C(=O)O,3.29,3.3568857
train,5154,Cc1n[n-]c(=O)[nH]c1=O,13.4,13.13872
train,5155,c1cc2c(cc1C[NH+]1CCCCC13COC3)OCO2,7.0,7.053109
train,5156,Cc1nc2c(=O)nc(N)[nH+]c-2n(C)c1C,6.08,6.3640385
train,5157,O=CNO,8.65,8.534684
train,5158,[NH3+]Nc1cc[nH+]c2ccccc12,0.8,0.9074195
train,5159,FC1(F)CC[NH2+]CC1,8.5,8.49031
train,5160,c1ccc(CSc2nc[nH]n2)cc1,9.5,9.342968
train,5161,CC(C)(Oc1ccccc1)C(=O)O,3.36,3.2965834
train,5162,CC(C)C(=O)N(Cc1ccccc1-c1ccccc1)[C@H]1CC[NH2+]C1,9.4,9.473357
train,5163,Cc1cccc2sc(N)[nH+]c12,4.7,4.522808
train,5164,O=C1NC(=O)C(c2ccccc2)(c2ccccc2)C(=O)N1,7.3,7.5575924
train,5165,CCN1c2ccc(C(C)=O)cc2NS1(=O)=O,3.96,3.6972039
train,5166,CO[C@H]1CN(c2ncc(C(=O)O)s2)CC[C@H]1NC(=O)c1[nH]c(C)c(Cl)c1Cl,3.6,3.3030028
train,5167,CC(C)(NC(N)=O)C(=O)O,4.07,4.1224127
train,5168,Cc1cccc2[nH+]c(N)c3ccccc3c12,7.49,7.5483437
train,5169,CCOP(=O)(OCC)c1ccc(-c2cc(=O)o[nH]2)o1,3.23,2.9747896
train,5170,[NH3+]C12CCC(C1)C2,9.3,9.141016
train,5171,Cc1cn2nc(-c3ccccc3)ccc2[nH+]1,5.09,5.1802473
train,5172,O=C([O-])c1cnccc1C(=O)O,5.07,5.0954304
train,5173,CC(C)(C)c1ccccc1[NH3+],5.03,4.8965406
train,5174,Nc1nc(Cl)ncc1[N+](=O)[O-],13.3,12.8898535
train,5175,CCCCCCCCCCc1c(-c2ccccc2)[nH][nH]c1=O,11.0,10.968113
train,5176,COc1cc(C)c2c([nH+]1)OCC2,1.85,2.0736675
train,5177,Oc1nccc[nH+]1,2.24,2.2727652
train,5178,CCCC[NH+]1CCCC1C,10.65,10.692545
train,5179,C#CC[NH2+]c1ccccc1,3.06,3.0107896
train,5180,COCc1ccc(C(=O)O)cc1,4.18,4.2919846
train,5181,CC1(C)C(=O)NNC1=O,6.0,5.937072
train,5182,Cc1c(-c2ccccc2)[nH]oc1=O,4.73,4.6294003
train,5183,O=C1C[NH2+]C2=NCCCN12,8.15,8.098091
train,5184,O=P(O)(O)CCCNc1ccccc1,2.1,2.1006808
train,5185,Clc1ccc[nH+]c1Cl,-0.85,-0.7819176
train,5186,Cc1ccc(C(=O)O)cc1,4.39,4.390724
train,5187,O=c1cccccc1O,6.81,6.584942
train,5188,Nc1ccc(S(=O)(=O)[NH2+]C(=O)c2ccccc2)cc1,1.78,1.7091532
train,5189,Clc1ccc(-c2[nH]cc(-c3ccccc3)[nH+]2)cc1,5.37,5.5089254
train,5190,CCOc1cccc(C(=O)O)c1,4.14,4.2468233
train,5191,COc1ccc(SCC(=O)O)cc1,3.6636667,3.5360394
train,5192,CC(C)C(=O)CC(=O)C(C)C,9.82,9.843588
train,5193,CNc1cc(N)[nH+]c(N)[nH+]1,1.05,1.2043595
train,5194,COc1ccc(SC)n[nH+]1,1.84,1.9327265
train,5195,O=C(NCC[NH+]1CCCC1)C1C[C@@H]1c1ccccc1,9.2,9.081219
train,5196,Cc1ncc2nc(O)cnc2n1,6.53,6.394225
train,5197,Cc1cc(C)c(C(=O)C(=O)O)c(C)c1,1.37,1.5036495
train,5198,CC(C)(C)N[NH2+]C(C)(C)C,8.31,8.289192
train,5199,CCCCNC(=O)C(C)C[C@H](O)[C@@H]([NH3+])C[C@H](Cc1ccc(OC)c(OCCCOC)c1)C(C)C,9.13,9.274256
train,5200,Cc1c[nH+]c(=O)n(C)c1,2.57,2.6557677
train,5201,COC(=O)c1ccc([NH3+])cc1,2.45,2.3229318
train,5202,Cc1cccc(NC(=O)C(=O)O)c1,2.42,2.3936503
train,5203,COc1ccsc1C(=O)O,4.25,4.2119246
train,5204,Cc1c[nH+]cn(C)c1=O,2.2,2.2001972
train,5205,Cc1ccc2ccc3c(C)[nH+]ccc3c2n1,5.06,4.7913733
train,5206,Cc1ccc([NH2+]C(C)(C)C)cc1,7.3,7.3882656
train,5207,CC(=O)Nc1c(C)cccc1C(=O)O,4.05,3.9529111
train,5208,Oc1ccncc1Br,9.4,9.407917
train,5209,CN([NH3+])c1cccc(Cl)c1,4.43,4.41393
train,5210,CC1=C/C(=N/c2cc(Cl)c(O)c(Cl)c2)C=CC1=O,5.7,5.799465
train,5211,[H]/N=c1/[nH+]c(C)c(Br)cn1C,10.28,10.200451
train,5212,CCc1c[nH+]c2c(ccc3cccnc32)c1,4.98,5.0295324
train,5213,CC(=S)Nc1ccc(Cl)cc1,11.06,10.83606
train,5214,CSc1nc(C)c2nn[nH]c2n1,5.45,5.4072504
train,5215,C1CC[NH2+]C1,11.31,11.101276
train,5216,CC(C)(C)[NH2+]CC(O)COC(C1CC1)C1CC1,9.63,9.7628975
train,5217,Cc1cc(Cl)c(NC2=[NH+]CCN2)c(Cl)c1,8.29,8.107078
train,5218,CCC(O)C[NH+](CC(O)CC)C(C)(C)C,9.6,9.631231
train,5219,Cn1c(Cl)nc2c[nH+]cnc21,2.0,2.0442996
train,5220,O=C(N1CCN(c2cc[nH+]cc2Cl)CC1)N1CCN(S(=O)(=O)c2ccc(Cl)cc2)CC1,5.8,5.4880247
train,5221,Nc1ccc[nH+]c1N,7.0,6.947753
train,5222,COc1nc(N(C)C)nc2nc(SC)c[nH+]c12,3.55,3.5283039
train,5223,O=C(O)CS(=O)(=O)c1cccc(Cl)c1,2.454,2.5259955
train,5224,CC(C)(C)[NH2+]CC(O)COCC1CC1,9.73,9.780464
train,5225,Oc1ccc(Cl)cc1,9.38,9.2529335
train,5226,CCCCCCCC(=O)NC1C(=O)N2C(C(=O)O)C(C)(C)S[C@@H]12,2.66,2.7413955
train,5227,Cc1cc2[nH+]cn([C@H]3O[C@@H](CO)[C@H](O)[C@@H](O)[C@@H]3O)c2cc1C,4.63,4.5456448
train,5228,CC(C)(C)SC(=[NH2+])c1ccccc1,9.24,9.209662
train,5229,COc1cccc2ccc(C)[nH+]c12,5.7,5.9012995
train,5230,[NH3+]CCNC(=O)c1ccccc1,9.13,9.044702
train,5231,CN(C)c1[nH+]c[nH+]c2c1ncn2C,-0.77,-0.6789551
train,5232,CC(C)NC(=O)NCCc1ccc(OCC(O)C[NH2+]C(C)C)cc1,9.18,9.4729
train,5233,O=S(=O)(NO)c1ccccc1,9.34,9.298849
train,5234,CCC([NH3+])CCCl,8.53,8.33475
train,5235,Cc1n[nH+]c(N)[nH]c1=O,2.19,2.2823381
train,5236,c1cnc2c(c1)c1c(c3ccc[nH+]c32)CCCC1,5.3,5.355527
train,5237,CC1(C)CCc2cc(O)c(Cl)cc2O1,9.1,8.964415
train,5238,C[NH2+]CCCC12CCC(c3ccccc31)c1ccccc12,10.533333,10.434462
train,5239,Cn1c(=S)[nH]c2c[nH+]ccc21,5.03,5.171418
train,5240,COc1ccc(S(=O)(=O)CC[NH+]2CCCCC2)c(OC)c1OC,7.24,7.0134544
train,5241,NS(=O)(=O)c1cccc2cccnc12,10.4,10.291091
train,5242,Nc1nc(N)c(N)c(N)[nH+]1,6.82,6.7801676
train,5243,O=S(=O)(O)c1ccc(Br)cc1,-3.1,-2.9255815
train,5244,CN1CC=[NH+]C1,7.12,7.068775
train,5245,Cc1ccc2cccc(O)c2n1,10.185,10.056995
train,5246,CC([NH3+])CO,9.43,9.430051
train,5247,O=C1C(=O)C(F)=C(O)C(O)=C1F,1.4,1.4060031
train,5248,CN1C(=O)C[NH+]=C(c2ccccc2)c2cc(Cl)ccc21,3.3,2.9977844
train,5249,O=c1ccc([O-])n[nH]1,13.0,12.659567
train,5250,Cc1cccc(Br)c1C(=O)O,2.71,2.6714942
train,5251,Cc1ccccc1N(O)C(=O)Cc1ccccc1,8.46,8.643729
train,5252,S=c1[nH]cnc2[nH]ncc12,8.34,8.237067
train,5253,CCCCCC[NH3+],10.68,10.595669
train,5254,Oc1cccccc1=[OH+],-0.5,-0.34457827
train,5255,O=S(=O)([O-])c1ccc2ccccc2c1O,9.47,9.22162
train,5256,CCOC(=O)C1CCCC1=O,10.52,10.675184
train,5257,O=C(/C(Cl)=N/O)c1ccccc1,3.64,3.3613675
train,5258,COC(=O)C([NH3+])CCCCNC(=O)OC(C)(C)C,8.9,9.063646
train,5259,[O-][Cl+]O,2.0,1.9445782
train,5260,O=C(O)c1c(F)c(F)c(F)c(F)c1F,1.52,1.7120492
train,5261,C[N+](C)(C)CCOC(=O)C=Cc1c[nH]c[nH+]1,4.6,4.565154
train,5262,OC[C@@H]1O[C@@H]2NC(=S)O[C@@H]2[C@H]1O,9.48,9.346629
train,5263,COc1cccc(-c2cccc(C3(C)CCSC(=[NH2+])N3)c2)c1,7.0,6.8815928
train,5264,O=c1ccc(Cl)c[nH]1,10.03,9.633078
train,5265,C[NH+](C)CCC#N,7.0,6.701067
train,5266,CC[NH+](O)CC,5.62,5.698941
train,5267,CC1C(=O)C(C)C1=O,2.8,2.7163808
train,5268,COc1nc(C)cc(C)[nH+]1,2.7,2.6138995
train,5269,CCCCSCC[NH3+],8.37,8.312716
train,5270,CC(F)[N+](=O)[O-],9.15,8.892918
train,5271,[H]/[NH+]=C(\c1ccccc1)c1ccccc1Cl,5.59,5.627404
train,5272,O=P([O-])(O)c1ccccc1F,6.8,6.872199
train,5273,CC(C(N)=O)S(=O)(=O)NC(N)=O,5.21,5.3023214
train,5274,COc1ccc2[nH+]c3c(c(N4CCOCC4)c2c1)CCC3,7.14,7.3296995
train,5275,CC(C)C([NH3+])=O,-0.42,-0.32062864
train,5276,CNc1cc(=O)n(C)c[nH+]1,0.82,0.856446
train,5277,CNc1ccc[nH+]c1,6.41,6.3614063
train,5278,Cc1ccc([NH+](C)C)cc1,5.5,5.50677
train,5279,O=C([O-])c1cc(C(=O)[O-])c(C(=O)[O-])c(C(=O)O)c1C(=O)[O-],6.46,6.498662
train,5280,Cc1cc(C)c([N+](=O)[O-])c(C)c1O,8.98,8.911813
train,5281,COc1cccc(-c2cccc(C3(C)[NH+]=C(N)CCS3)c2)c1,9.3,9.616437
train,5282,O=C(O)Cc1c[nH]c2ccc(O)cc12,4.5,4.3396206
train,5283,O=C1Nc2ccc(Cl)cc2C(c2ccccc2Cl)=[NH+][C@@H]1O,1.3,1.2381197
train,5284,Cc1n[nH]c(N[N+](=O)[O-])n1,4.75,4.71803
train,5285,S=C1C=c2ccccc2=C[NH2+]1,0.39,0.38264507
train,5286,O=C(O)CS(=O)(=O)c1cccc(Br)c1,2.523,2.5110059
train,5287,Nc1[nH+]c2ccccc2c2ccccc12,7.07,7.2056894
train,5288,Clc1ccnc2c1ccc1ccc[nH+]c12,4.3,4.045722
train,5289,CC(=O)[NH2+]S(=O)(=O)c1ccc(N)cc1,1.76,1.833556
train,5290,[NH3+][C@H]1C[C@@H]([NH3+])C[C@@H]([NH3+])C1,6.9,6.8661423
train,5291,CCC1CCC[NH+]1C,9.78,9.822956
train,5292,C#CC(=O)O,1.89,1.927485
train,5293,Cn1c(O)c2ncnc-2[nH]c1=O,7.7,7.7393
train,5294,O=c1[nH]c(O)cn2c1cc1ccccc12,9.3,9.347544
train,5295,C[N+](C)(C)c1ccc([NH3+])cc1,2.146,2.1819336
train,5296,CC(=O)[NH2+]CC(C)C,0.01,-0.37674487
train,5297,O=C([O-])c1cc(Br)ccc1O,12.8,12.958857
train,5298,CCOC(=O)C1CC2CC[NH+]1CC2,8.8,8.806004
train,5299,COc1cc(C(=O)N[C@@H]2CCC[C@@H]3CC[NH+](C)C[C@@H]32)cc(OC)c1OC,9.02,9.068981
train,5300,COc1cc(NS(C)(=O)=O)ccc1N=c1c2ccccc2[nH]c2cccc(C)c12,6.71,7.2260284
train,5301,Cc1oc2ccccc2c1C(=O)c1ccc(O)cc1,8.4,8.062649
train,5302,O=C(O)c1cccc(C(=O)O)c1C(=O)O,2.8,2.9671237
train,5303,CNc1cc(=S)n(C)c[nH+]1,-0.48,-0.083877206
train,5304,C[NH+]1CCC(OC(c2ccccc2)c2ccccc2)CC1,8.9,8.923715
train,5305,O=Nc1c(O)ccc2cc(S(=O)(=O)[O-])ccc12,7.6,7.5668974
train,5306,[H]/[NH+]=C(\c1ccccc1)c1c(C)cccc1C,6.29,6.450018
train,5307,O=C(Nc1ccc([N+](=O)[O-])cc1)c1ccc(O)cc1,9.5,9.483164
train,5308,Cc1c[nH]c(=NS(=O)(=O)c2ccc(N)cc2)nc1C,6.0,5.7536154
train,5309,N#CC(=Nc1ccc(C(=O)O)cc1)C(C#N)C#N,4.2,4.3201227
train,5310,Oc1c(F)c(F)c(F)c(F)c1F,5.505,5.305293
train,5311,CC(C)c1ccc(/C=C/C(=O)O)cc1,4.52,4.580453
train,5312,CS(=O)(=O)c1ccc([NH3+])cc1,1.48,1.4411204
train,5313,Clc1ccc(Cl)[nH+]n1,-1.5,-1.3557198
train,5314,Sc1nc2cncnc2n1Cc1ccccc1,7.11,7.130536
train,5315,O=c1[nH]c2ccccc2[nH]c1=O,9.52,9.543803
train,5316,Brc1ccc(N=P(N2CCCC2)(N2CCCC2)[NH+]2CCCC2)cc1,11.23,11.096671
train,5317,CC(=O)C1=C(O)CCCC1=O,5.47,5.493778
train,5318,C1=[NH+]NC2(C1)CCCC2,4.16,4.1145916
train,5319,CC(Cl)C(O)C(=O)O,3.08,3.349888
train,5320,Nc1ncc(Br)c(=O)[nH]1,8.05,7.9917173
train,5321,COc1cc(NS(C)(=O)=O)ccc1N=c1c2ccccc2[nH]c2cc(OCCCC(N)=O)ccc12,7.36,7.4767475
train,5322,CC(=O)c1ccc(O)c(C)c1,8.24,8.004575
train,5323,C[NH+]1CCCCC1,10.19,9.969156
train,5324,C[C@H]1CCCC[NH2+]1,11.08,10.830395
train,5325,Cc1cccc2[nH+]c[nH]c12,5.65,5.711359
train,5326,O=C1C=C/C(=N\O)C=C1Br,5.55,5.4393253
train,5327,Cc1ccccc1OCC(O)C[NH2+]CCOc1ccc(C(N)=O)cc1,7.9,7.9457016
train,5328,O=c1cnc2[n-]c(=S)[nH]c(=O)c2[nH]1,8.43,8.133887
train,5329,[NH2+]=c1cc[nH]c(N2CCc3ccccc3C2)c1,8.5,8.345591
train,5330,CSc1cc[nH+]cn1,2.41,2.4025624
train,5331,Cc1nc2c(=O)[nH]c(=O)[nH]c2nc1C(=O)O,1.25,1.4379785
train,5332,Nc1ccncc1[N+](=O)[O-],15.9,15.699655
train,5333,O=C(O)[C@H]1C(=O)NC(=O)[C@@H]1c1ccccc1,2.9,2.8015273
train,5334,CP(=O)(O)O,2.35,2.4227948
train,5335,CSc1nc(C)c2[nH]c(C)nc2n1,9.7,9.621216
train,5336,CC(=O)N/C=C(\O)c1ccc(C)cc1,9.12,8.860597
train,5337,O=C(O)CCc1ccccc1,4.67,4.682085
train,5338,CCOC(=O)CCC[NH3+],9.71,9.759474
train,5339,O=c1c2ccccc2n(CCC[NH+]2CCCCC2)c2ccc(Cl)cc12,5.39,5.0589457
train,5340,CCO[C@H]1CC1C(=O)O,4.645,4.692131
train,5341,CCC[NH+](C)c1ccccc1,5.67,5.577079
train,5342,CCc1nc2cc3ccccc3cc2[nH]1,12.9,12.807184
train,5343,CN(C)c1ccn(C)c(=S)[nH+]1,2.62,2.497751
train,5344,Nn1nn[nH+]c1-c1ccccc1,-0.62,-0.4718969
train,5345,CN1CC[NH+]=C(c2ccccc2)c2cc(Cl)ccc21,6.19,6.2819767
train,5346,Nc1cc(Br)c(C(=O)O)c(Br)c1,2.95,2.9512105
train,5347,Cc1cccc2c[nH+]c3cccc(C)c3c12,4.96,4.9117737
train,5348,COc1cc(OC)cc(C(=O)O)c1,3.97,4.1980953
train,5349,COc1ccc2c3c1OC1C(=O)CC[C@]4(O)[C@H](C2)[NH+](C)CC[C@@]314,8.6,8.742719
train,5350,Nc1nc2n[nH]nc2c[nH+]1,1.32,1.258605
train,5351,C[C@@H](O)[C@H](CCC=O)O[C@H]1O[C@H](C)[C@@H]([NH+](C)C)[C@H](O)[C@H]1O,7.0,7.0259
train,5352,c1ccc(-c2c[nH+]c(-c3cccnc3)o2)cc1,3.27,3.286907
train,5353,CC1(C)O[C@H]2CC(=O)OC[C@]23[C@H]2CC[C@@]4(C)[C@H](c5ccoc5)OC(=O)C5O[C@]54[C@]2(C)C(=NOCC[NH+]2CCCCC2)C[C@@H]13,8.87,8.902605
train,5354,C/C(=N\O)c1ccncc1,10.82,10.74435
train,5355,C=C[C@H]1C[NH+]2CC[C@H]1C[C@@H]2[C@@H](O)c1ccnc2ccccc12,8.15,8.241195
train,5356,Oc1ccc(Br)c2ccc[nH+]c12,3.67,3.6597998
train,5357,CNc1ncc[nH+]c1C(N)=O,2.09,2.2511299
train,5358,COc1ccc(O)cc1Br,9.09,8.998085
train,5359,O=C([O-])c1ccncc1O,11.3,11.170856
train,5360,O=CC1CCCCC1=O,6.35,6.4357405
train,5361,CC1(C)SC(=O)NC1=O,6.64,6.5921087
train,5362,N#CC(CCCCC(=O)O)c1ccccc1,4.75,4.8667946
train,5363,Cc1cc2sccc2c(C)[nH+]1,6.75,6.7979937
train,5364,CSc1[nH+]ccn1C,5.95,6.0339556
train,5365,Oc1ccnnc1,8.68,8.579028
train,5366,O=C(O)[C@H]1CCCCC[C@@H]1C(=O)O,4.3,4.338027
train,5367,COc1cc(C(F)(F)F)ccc1-c1cccc2cc(S(=O)(=O)N=c3[nH]cns3)ccc12,3.7,3.648794
train,5368,COc1cc(NS(C)(=O)=O)ccc1N=c1c2ccccc2[nH]c2cc(C)ccc12,7.7,7.805331
train,5369,c1cnc2ccc3[nH+]cccc3c2c1,4.0,3.6990082
train,5370,C1=C(c2nc3ccccc3o2)C2CC[NH+]1CC2,7.23,7.097809
train,5371,COc1ccccc1C[NH3+],9.7,9.402327
train,5372,O=c1ccc2nccnc2[nH]1,9.52,9.343985
train,5373,[H]/[NH+]=c1/ccn(C)c(=O)n1C,9.4,9.132183
train,5374,CCCOC(=O)C([NH3+])CCC(=O)NCCSC(C)=O,8.8,9.053329
train,5375,CCCC[NH+](CC(C)O)CC(C)O,9.3,9.122478
train,5376,O=C(O)CCCCc1ccccc1,4.88,4.897258
train,5377,Cc1ccc(C(=O)N(O)c2ccccc2)cc1,8.31,8.487802
train,5378,N#Cc1cccc(N[NH3+])c1,5.57,5.4627514
train,5379,Cc1ccc([NH3+])cc1C,5.17,5.258848
train,5380,O=C(O)/C=C(/O)C(=O)O,2.15,2.0572217
train,5381,Nc1ccc(O)cc1O,9.16,9.07877
train,5382,Oc1cccc2ccc(C(F)(F)F)cc12,1.3,0.6089877
train,5383,CCOC(=O)CC([NH2+]C)c1ccccc1,8.23,8.117945
train,5384,COc1cc(-c2cccc(Cl)c2)[nH+]cc1C1CCCN1C(=O)c1cncs1,5.0,4.9727297
train,5385,CC1CCC(=O)C2C(=O)CCCC12,11.3,11.1767025
train,5386,Cn1nc(O)n(-c2ccccc2)c1=O,4.7,4.692939
train,5387,Nc1c[nH+]ccc1[NH3+],0.49,0.4468759
train,5388,C=CCOc1noc2c1C[NH2+]CC2,7.5,7.319537
train,5389,CN(C)c1ccc(O)cc1,10.21,9.92334
train,5390,[NH3+]Nc1ccccc1Cl,4.65,4.5971165
train,5391,Cc1[nH][nH+]c(C)c1Cl,2.23,2.277732
train,5392,Nc1nc(N)c(Cc2ccccc2)c[nH+]1,7.27,7.381363
train,5393,Cn1cc(-c2noc(C3=CCC[NH2+]C3)n2)c2ccccc21,7.9,7.759921
train,5394,Nc1nc(O)nc(Nc2ccccc2)n1,9.48,9.379489
train,5395,C=CC(=O)NC(C)(C)CC[NH+](CC)CC,10.09,10.006521
train,5396,CS(=O)(=O)Nc1ccccc1N=c1c2ccccc2[nH]c2ccccc12,6.86,6.8893957
train,5397,O/N=C1CCCCC\1=N/O,10.68,10.750447
train,5398,c1ccc(Nc2n[nH+]cs2)cc1,1.76,1.7353933
train,5399,CC1=N[C@@](Cc2ccccc2)(c2cccc(-c3cncnc3)c2)[NH+]=C1N,6.0,5.769869
train,5400,O=C(O)[C@H]1O[C@@H]1C(=O)O,1.93,2.0006876
train,5401,O=C1CCCC/C1=C/O,6.03,6.177742
train,5402,O=C(O)C1C[C@H]2CC[C@@H]1C2,5.08,5.1442757
train,5403,O=C(O)CCCC(F)(F)F,4.49,4.594285
train,5404,C[NH2+]Cc1cn(S(=O)(=O)c2cccnc2)c(-c2cccnc2F)c1F,8.54,8.582948
train,5405,O=C(O)/C=C(/Cl)C(=O)O,1.72,1.710969
train,5406,Cc1cc(C)n(C)[nH+]1,3.8,3.8365223
train,5407,N#Cc1c(O)cccc1Cl,6.1,6.025731
train,5408,O=C(Cc1ccc(Cl)c([N+](=O)[O-])c1)c1cccnc1,11.61,11.511335
train,5409,CC(C)[C@@H]1CC[C@H](C)C[C@H]1[NH3+],10.35,10.388607
train,5410,O=C(O)c1nc2ccccc2nc1Cl,1.83,1.9576712
train,5411,O=[As](O)(O)c1ccc(Cl)cc1,3.32,2.5092034
train,5412,CC(=O)Nc1cc[nH+]cc1,5.87,5.804055
train,5413,CC1(Cc2ccccc2)NNC(=O)NC1=O,7.43,7.506727
train,5414,COc1ccc(C[C@H](C)[NH3+])cc1,9.99,9.722074
train,5415,Cn1n[nH+]c2nc(=O)[nH]c(N)c21,2.94,3.0703058
train,5416,COc1ccc2c3c([nH]c2c1)C(C)=[NH+]CC3,9.72,9.493219
train,5417,O=C([O-])C1=C(C(=O)O)[C@H]2C=C[C@@H]1C2,7.77,7.7482786
train,5418,CCC#CC(=O)O,2.6,2.695637
train,5419,COc1ccc(C=O)cc1C(=O)N[C@@H]1C[C@H]2CC[C@@H](C1)[NH+]2Cc1ccccc1,8.74,8.877277
train,5420,CS(=O)c1cccc(O)c1,8.75,8.622822
train,5421,O=C(O)Cc1cccc(=O)c(O)c1C(=O)O,3.75,3.895737
train,5422,CN(C)c1cc(Cl)[nH+]c(N)n1,3.95,4.1077414
train,5423,Nc1ncc(-c2ccccc2)c[nH+]1,3.32,3.1841364
train,5424,Oc1ncc2c(n1)NCC=N2,12.0,11.782866
train,5425,COC(=O)c1ccc(C(=O)O)nc1,3.62,3.3894446
train,5426,O=[PH2]O,1.07,1.1531584
train,5427,[H]/[NH+]=C(\N)[C@@](C)(O)c1ccccc1,10.96,10.933679
train,5428,Oc1nc2ccccc2cc1C(F)(F)F,10.75,10.920937
train,5429,CCC(C)P(=O)(O)O,2.74,2.733392
train,5430,CN(C)P(=N)(N(C)C)[NH+](C)C,13.32,13.278044
train,5431,CCC(=O)O,4.88,4.6572895
train,5432,CC[NH+](CC)CCC(=O)Nc1c(C)cccc1C,8.895,8.926802
train,5433,Cc1ccc(C(=S)Nc2ccc(Br)cc2)cc1,10.81,10.842579
train,5434,O=C(O)c1ccno1,2.04,1.9879111
train,5435,NNC(=O)C(F)(F)C1(F)OC(F)(F)C(F)(F)C1(F)F,8.26,8.431778
train,5436,O=C1CCc2ccccc21,16.9,16.764711
train,5437,Oc1cccc2ccncc12,8.4,8.288714
train,5438,COc1ncnc(O)n1,6.92,6.7502985
train,5439,C[NH+]1C=C(C#N)CCC1,2.7,2.5894933
train,5440,CC(=O)c1ccc(O)nc1C,10.58,10.616844
train,5441,C[NH+]1CCN2c3ccccc3Cc3ccccc3C2C1,7.75,7.7476587
train,5442,Nc1[nH+]ccs1,5.36,5.5300875
train,5443,Clc1ccc2c(c1)C(N1CC[NH2+]CC1)=Nc1ccccc1O2,9.935,10.003298
train,5444,O=C(O)[C@@H]1C[C@H]2CC[C@@H]1C2,5.08,5.0288296
train,5445,Cc1ccc(N2CC[NH+](CCNC(=O)c3ccc(F)cc3)CC2)cc1,6.31,6.3553305
train,5446,O=C(O)C1O[C@H](Oc2ccc(-c3ccccc3)cc2)[C@@H](O)[C@H](O)[C@H]1O,3.1,3.1162195
train,5447,Nc1[nH]c(=O)c(Br)c[nH+]1,2.56,2.5530953
train,5448,O=C(O)Cc1cccc2oc(-c3ccccc3)nc12,6.3,6.470186
train,5449,NCCc1nc(I)[nH]c1I,10.11,9.996711
train,5450,Cc1c[nH+]nc2c(O)cccc12,3.16,3.0970385
train,5451,N#CCc1ccc[nH+]c1,3.78,3.8154335
train,5452,CC(C#N)C(C)(C)C(=O)O,3.97,4.0961266
train,5453,CSc1nc2[nH]c(=O)[nH]cc-2[nH+]1,2.25,2.5171573
train,5454,CCC12CCC(=O)C=C1c1c(cc(OCC(=O)OC(C)(C)C(=O)O)c(Cl)c1Cl)C2,3.8,3.7150297
train,5455,O=c1cc(O)cccc1O,7.64,7.5722046
train,5456,COc1cc(NS(C)(=O)=O)ccc1N=c1c2ccccc2[nH]c2c(Cl)cccc12,6.11,6.165558
train,5457,O=C(O)c1ccc(Br)s1,3.23,3.2403352
train,5458,CCc1ccccc1[NH3+],4.3,4.411419
train,5459,COc1ccc(OC)c([NH3+])c1,3.72,3.6373556
train,5460,Nc1cc(N)c(O)cc1O,9.8,9.699732
train,5461,Cc1cccc(Nc2ccccc2C(=O)O)c1C,4.2,4.1495204
train,5462,O=C(O)CNc1ccc2ccccc2c1,4.22,4.415888
train,5463,Cc1cc(N)[nH+]c2ccc3ccccc3c12,7.1,7.248934
train,5464,CC(C)(C)C#CC(=O)O,2.66,2.5995758
train,5465,COc1ccc(S(=O)(=O)c2csc(S(N)(=O)=O)c2)cc1,8.78,8.579488
train,5466,Cc1[nH+]c2c3c(c(C(=O)Nc4ccccc4)cn2c1C)CCC(c1ccccc1)O3,6.59,6.624053
train,5467,O=c1ncc2nccnc2[nH]1,7.7,7.6637278
train,5468,O=C(O)[C@@H](Br)[C@@H](Br)C(=O)O,1.48,1.5956469
train,5469,O=c1cc(Cl)nc[nH]1,7.43,7.2856083
train,5470,CC(=O)c1ccc([NH3+])cc1,2.19,2.0138373
train,5471,O=C(c1cccs1)N1CC[NH+](CCOc2ccc(Cl)cc2)CC1,6.35,6.450117
train,5472,O=C(O)c1cccc2ccc[nH+]c12,2.0,2.0522504
train,5473,CCCCCCCCCC[NH2+]c1ccccc1,4.56,4.0757008
train,5474,O=C(Oc1ccccc1)c1ccccc1O,8.8,8.658779
train,5475,CS(=O)(=O)c1cc(=O)[nH]c(=O)[nH]1,4.73,4.823696
train,5476,COc1ccc(-c2nnc(C(=O)N3CC(Oc4ccc(C[NH+](C)C)c(F)c4)C3)o2)cc1,8.6,8.72041
train,5477,Cc1c(CO)cc(O)c2c(O)cccc12,7.5,7.489951
train,5478,Cc1c(Cc2ccccc2S(=O)(=O)c2ccccc2)c2c(n1CC(=O)O)CCN(Cc1ccccc1)C2=O,3.3,3.0397832
train,5479,O=C(O)c1c(F)c(F)c(Cl)c(F)c1F,1.69,1.7275488
train,5480,CC(=O)c1c(O)oc(C)cc1=O,5.53,5.4512024
train,5481,O=C1NC(=O)[C@@]2(CCOc3ccc(Cl)cc32)O1,5.6,5.4224634
train,5482,CSc1nc2c[nH+]cnc2n1C,2.95,2.7709177
train,5483,O=C1OC2C3CC4C2C4(C(=O)O)C13Br,3.5,3.4166148
train,5484,CCc1oc2ccccc2c(=O)c1C(=O)c1cc(I)c(O)c(I)c1,4.89,4.6998568
train,5485,Cc1ccc(S(=O)(=O)NC(N)=O)cc1,5.8,5.878606
train,5486,CCc1nc2cnc(O)nc2nc1CC,8.04,7.9372787
train,5487,COC(=O)CC(C(=O)O)c1ccc([N+](=O)[O-])cc1,3.69,3.7824967
train,5488,O=c1sc2cc(CCCF)ccc2n1CC[NH+]1CCCCCC1,10.4,10.594415
train,5489,[NH3+]CCC=C(Cl)Cl,9.85,9.791206
train,5490,O=C([O-])c1ccc(O)cc1,9.23,8.958883
train,5491,COc1c(C(=O)O)cccc1C(=O)O,2.91,2.8846881
train,5492,c1ccc2c(c1)c[nH+]c1ccccc12,4.52,4.532233
train,5493,O=C(O)Cc1ccccc1C(=O)O,3.72,3.7010076
train,5494,CSc1ccc(N)n[nH+]1,5.61,5.9805107
train,5495,OCc1cccc(O)c1,9.83,9.700414
train,5496,O=C(O)c1cccc2ccccc12,3.645,3.6136093
train,5497,O=[N+]([O-])C([N+](=O)[O-])[N+](=O)[O-],0.17,0.30441248
train,5498,Cc1cc(N)c(O)cc1C,10.4,10.260717
train,5499,CC(=O)Nc1ccc(OC(=O)Nc2cc(Cl)ccc2O)cc1,9.49,9.58393
train,5500,CC[NH2+]c1ccccc1,5.29,5.157922
train,5501,Cc1ccc(=O)c(O)c(Br)c1,6.41,6.225132
train,5502,CN1CC(=O)C=C1O,7.05,7.057948
train,5503,OC[C@@H](O)[C@@H](O)[C@H](O)[C@@H](O)CS,9.5,9.574159
train,5504,COc1cc(NS(C)(=O)=O)ccc1N=c1c2ccccc2[nH]c2cc(S(C)(=O)=O)ccc12,5.87,6.040538
train,5505,Oc1ncc2ccccc2n1,10.69,10.70647
train,5506,CCC(=O)C(c1ccccc1)(c1ccccc1)[C@@H](C)C[NH+](C)C,8.07,8.242431
train,5507,Cc1ccc(O)cc1,10.28,10.145819
train,5508,Cc1[nH]c(=O)c(C#N)cc1C(=O)[O-],8.97,8.632765
train,5509,[NH3+]c1cc(F)ccc1C(=O)O,1.42,1.3645874
train,5510,c1ccc([NH2+]C2CCCC2)cc1,5.3,5.1981373
train,5511,CC(=O)CCN1NC(=O)CCC1=O,8.0,7.7720394
train,5512,CCCCS(=O)(=O)Nc1ccc(N=c2c3ccccc3[nH]c3ccccc23)c(OC)c1,7.41,7.556509
train,5513,NC(N)=[NH+]c1ccc2c(c1)OCO2,11.03,10.981083
train,5514,Cc1cc(O)nc(=S)[nH]1,7.73,7.715764
train,5515,Fc1cc2nc[nH]c2cc1F,11.7,11.555427
train,5516,Nc1cc(=O)[nH]c(=S)[nH]1,7.25,7.0253735
train,5517,CC(C)[NH2+]CC(O)COc1cccc2ccccc12,9.518824,9.619418
train,5518,O=c1ccc(Br)c[nH]1,10.03,9.690139
train,5519,[NH2+]=C1NC(c2ccnc(C(F)(F)F)c2)(c2ccc(F)c(-c3cncnc3)c2)c2cccc(F)c21,6.4,6.4095144
train,5520,Cc1ccc(O)c(Cl)c1,8.68,8.604386
train,5521,Cn1c(=O)n(C)c2c([NH3+])cccc21,3.06,2.9124322
train,5522,O=C(O)C[Se]c1cccc([N+](=O)[O-])c1,3.55,3.606214
train,5523,O=c1c(Cl)c[nH]c(Cl)c1Cl,3.97,3.6419332
train,5524,CN(C)c1ccc(C(=O)O)c(C(=O)O)c1,3.1,3.0334551
train,5525,O=C(O)Cc1ccco1,3.72,3.7715461
train,5526,COc1ccc(Cn2c(=O)n3ncnc3c3c4c(sc32)C[NH+](CC2CCOCC2)CC4)cc1,6.6,6.4817705
train,5527,C[NH2+]CCC#N,8.1,7.8973475
train,5528,Nc1cc(N)c(O)c([NH3+])c1,6.0,5.911537
train,5529,O=c1c(Br)cc(Br)cc(Br)c1O,4.27,4.128044
train,5530,F[C@@H]1CCC[NH2+]C1,9.3,9.196329
train,5531,Cc1ccc(-c2cnc(O)nc2)cc1,8.74,8.589531
train,5532,C[C@H]1[C@H](C(=O)O)[C@@]1(Cl)C(=O)O,2.61,2.590407
train,5533,COC(=O)CN=C(C)C,14.0,13.929117
train,5534,CC(C)[NH+]1CCC(N(C(=O)Cc2ccccc2)c2ccc(Cl)cc2)CC1,8.7,8.625691
train,5535,Cc1[nH+]c2c(OCc3ccccc3)nccn2c1C,4.8,4.766055
train,5536,CSC(C)C(=O)O,3.7,3.6785433
train,5537,O=C([O-])c1ccccc1C(=O)O,5.41,5.4709625
train,5538,CC[NH+](CC)C(C)CC(=O)Nc1c(C)cccc1C,9.03,9.065696
train,5539,O=C(O)Cc1ccc(Cl)cc1,4.19,4.235426
train,5540,Cn1cc2ccccc2[nH+]1,2.02,1.9143465
train,5541,CC(C)C(=O)CC=O,6.68,6.621544
train,5542,Sc1cc2ccccc2cn1,8.58,8.605484
train,5543,C[NH2+]c1cc[n+](O)cc1,3.85,3.820947
train,5544,O=C1C[C@@H](C(=O)O)[C@@H](C(=O)[O-])O1,4.5,4.428426
train,5545,c1ccc([NH2+]C2=NCCCO2)cc1,9.33,9.618996
train,5546,COC(=O)c1cnc(O)nc1,7.29,7.1920958
train,5547,N=c1[nH]c(=O)c2ncn([C@@H]3C=C[C@H](CO)C3)c2[nH]1,9.68,9.722473
train,5548,Nc1c(Br)cc([N+](=O)[O-])cc1[N+](=O)[O-],13.6,13.130581
train,5549,COc1ncc(Br)c[nH+]1,-0.77,-0.43431103
train,5550,O=C(O)C1CCc2ccccc2O1,3.38,3.454127
train,5551,Oc1cccc2ncncc12,7.39,7.168377
train,5552,Cc1cc(C)c(NC2=[NH+]CCN2)c(C)c1,10.78,10.583066
train,5553,COC(O)O,11.15,10.838995
train,5554,COCC[NH2+]c1cccc(OC)c1,3.7,3.6268396
train,5555,Oc1ncc(-c2ccc(Cl)cc2)cn1,8.57,8.470347
train,5556,C[NH+](C)CCCCc1ccc(C2COC2)cc1,9.9,9.742783
train,5557,O=C(Nc1cccc(OCc2ccc(F)cc2)c1)C1CCN(c2cccc[nH+]2)CC1,8.5,8.714169
train,5558,O=C(c1ccc(Cl)cc1)c1ccc(OC2C[NH+]3CCC2CC3)cc1,9.1,9.022989
train,5559,C[NH+](C)c1ccc(Cl)cc1,4.395,4.1151023
train,5560,Cc1ccc2sc(N)[nH+]c2c1,4.6,4.537819
train,5561,Cn1c(O)nc(O)c2ncnc1-2,8.1,8.002128
train,5562,COc1cc(NS(C)(=O)=O)ccc1N=c1c2ccccc2[nH]c2ccc(Cl)cc12,6.69,6.716584
train,5563,Cc1cc(Br)cc(C)c1[NH+](C)C,4.36,4.262454
train,5564,OC1(c2cc3ccccc3o2)C[NH+]2CCC1CC2,8.84,8.681389
train,5565,C=CC(C)(C)[NH2+]C(C)(C)CC,10.8,10.872414
train,5566,[OH+]=c1cccccc1,-0.6,-0.43552804
train,5567,Cc1c(Cl)ccc2c1nnn2O,4.09,4.1586246
train,5568,FC(F)(F)c1ccc2ccc[nH+]c2c1,3.16,3.039747
train,5569,CC1(C)C(=O)NC(=O)NS1(=O)=O,2.35,2.3094711
train,5570,O=C(O)CCCCl,4.52,4.584565
train,5571,Nc1[nH+]cnc2n[nH]nc12,2.65,2.6369808
train,5572,CN1CC[NH+]([C@H](c2ccccc2)c2ccc(Cl)cc2)CC1,8.15,8.224285
train,5573,CC(=O)C[C@@H](c1ccccc1)c1c(O)c2ccccc2oc1=O,6.655,6.8700695
train,5574,NC1=NC2NN=NC2C(N)=N1,7.58,7.380371
train,5575,Cc1ccc2[nH]c[nH+]c2c1,5.81,5.694516
train,5576,CN(C)c1[nH+]ccc(=O)n1C,3.49,3.3933825
train,5577,Cn1n[nH+]cc1Br,-0.47,-0.14274281
train,5578,COc1cc(O)c(OC)cc1O,9.8,10.120762
train,5579,NC(=O)C(=O)O,1.84,1.9173899
train,5580,C[NH+]1CC=CC1,9.88,9.759251
train,5581,Cc1c[nH+]c2nc(N)nc(N)c2n1,5.33,5.4296036
train,5582,[H]/[NH+]=C(/N)OC,9.72,9.6027155
train,5583,Nc1c(O)cccc1O,9.35,9.139438
train,5584,CC1(C)C[NH2+]CC(C)(C)C1,10.1,10.076048
train,5585,O=S(=O)(Nc1ccccc1)c1ccc(Br)cc1,8.5,8.183954
train,5586,CC(=O)N(CC(=O)O)c1ccccc1C,3.66,3.5510504
train,5587,C[C@H](CS)C(=O)N1CCC[C@H]1C(=O)O,3.7,3.6636975
train,5588,OCC[NH+]=c1cc[nH]c(N2CCc3ccccc3C2)c1,8.9,8.811565
train,5589,Cc1[nH+]c2c(N[C@H]3c4ccccc4C[C@@H]3O)cc(C(N)=O)cn2c1C,5.97,6.1044054
train,5590,O=C1NCC(c2ccccc2)C12CC[NH+](C1(c3ccccc3)CCOCC1)CC2,7.71,7.634428
train,5591,C[C@H]1CC[C@@H](C(=O)O)CC1,5.04,5.088992
train,5592,O=[N+]([O-])c1ccc(Nc2cccc(Cl)c2)c([N+](=O)[O-])c1,13.17,13.29542
train,5593,[NH3+]CCCCO,10.35,10.318317
train,5594,Oc1cccc(I)c1,8.88,8.698239
train,5595,O=C(O)c1ccc([N+](=O)[O-])c(O)c1,3.5,3.6796885
train,5596,CNc1[nH+]cnc(C)c1N,6.77,6.7185163
train,5597,O=C(O)c1cccc([N+](=O)[O-])c1,3.5166667,3.5290315
train,5598,c1ccc(C2=[NH+]CCN2)cc1,9.9,9.758628
train,5599,Cc1occc(=[OH+])c1O,-0.71,-0.6076617
train,5600,CCCCCC[NH2+]CCCCCC,11.01,11.040207
train,5601,O=C(NCO)c1cccc([N+](=O)[O-])c1,13.0,13.07307
train,5602,O=C(O)C(=O)C1CCCCC1C(=O)O,1.58,1.5199937
train,5603,COc1cc[nH+]c(N)c1,7.62,7.634925
train,5604,Cc1nc2c(c[nH+]1)[nH]c(=S)n2C,2.82,2.829863
train,5605,COC(=O)c1ccc(O)c(O)c1,8.18,8.201315
train,5606,Oc1ccc2ccnnc2c1,7.56,7.151823
train,5607,CSc1[nH+]cnc2nc[nH]c12,0.0,0.2554652
train,5608,O=C1C=C/C(=N\O)C=C1Cl,5.6,5.4965725
train,5609,COCCCC[NH2+]c1ccccc1,4.6,4.403241
train,5610,O=C(O)c1ccc(O)cc1,4.525,4.653508
train,5611,COc1cc(=S)[nH]c[nH+]1,-1.98,-1.7002332
train,5612,N#Cc1ccc(CC(=O)c2ccncc2)cc1,10.6,10.247822
train,5613,COc1ccc(-c2nnc(C(=O)N3CC(Oc4ccc(C[NH+]5CCOCC5)c(OC)c4)C3)o2)cc1,7.5,7.3078365
train,5614,O=Cc1ccc(C(=O)O)cc1,3.69,3.6841993
train,5615,Cn1cccc([NH3+])c1=O,2.94,2.894675
train,5616,CCc1ccc(O)cc1,10.21,10.037373
train,5617,O=C(c1ccccc1)c1c(-c2ccccc2)noc1O,1.3,1.0674276
train,5618,CC(=O)N1N=C(c2cc(F)ccc2F)C[C@@]1(CCC[NH+]1CC(F)C1)c1ccccc1,7.1,7.1034584
train,5619,C[NH2+]Cc1cc(-c2ccccc2)n(S(=O)(=O)c2ccc(C)cc2)c1,9.49,9.728406
train,5620,O=C(O)CCC(=O)NO,4.5,4.6263323
train,5621,CS(=O)(=O)CS(=O)(=O)Oc1cccc([N+](=O)[O-])c1,9.07,9.0390835
train,5622,Nc1cccc2n[nH+]ccc12,2.69,2.419663
train,5623,O=C(NC(Cc1ccccc1)C(=O)NCc1ccccc1)c1[nH]ccc(=O)c1O,6.0,5.9302387
train,5624,CC(C)=NNS(C)(=O)=O,8.5,8.558276
train,5625,CCC[NH+](CCC)CC(=O)Nc1c(C)cccc1C,7.68,7.7878866
train,5626,OC1=Nc2ncc(O)nc2C(O)N1,8.695,8.683757
train,5627,NNC(=O)c1cccc(F)c1,12.16,12.037587
train,5628,[H]/[NH+]=C1/S[C@@H](c2ccccc2)C(=O)N1C,4.07,4.087269
train,5629,O=c1cc[nH][nH+]c1,1.07,1.3320463
train,5630,Cn1nccc1C(=O)O,3.27,3.3440478
train,5631,CC/[NH+]=c1\sc(-c2ccccc2)nn1CC,6.7,6.7863083
train,5632,Cc1ccc2nc[nH+]cc2c1,2.16,2.0789785
train,5633,CC[NH+](CC)CCONc1c(C2=c3ccc(Br)cc3=NC2=O)[nH]c2ccccc12,9.38,9.763996
train,5634,CO[C@@H]1[C@@H](OC(=O)c2ccc(C)[nH]2)[C@@H](O)[C@H](Oc2ccc3c(N4CC[NH+](C)CC4)c(Cl)c(=O)oc3c2C)OC1(C)C,7.4,7.4491863
train,5635,C[C@@H]1[C@H](C(=O)O)[C@@]1(C)C(=O)O,4.23,3.9120612
train,5636,OCC(F)(F)CO,11.0,10.779814
train,5637,COC(=O)c1nccc[nH+]1,-0.68,-0.53242874
train,5638,CC(Br)(Br)C(=O)O,1.48,1.6180425
train,5639,COc1ccc(-c2nnc(C(=O)N3CC(Oc4ccc(C[NH+]5CCC(C)(O)C5)cc4)C3)o2)cc1,9.0,9.103666
train,5640,CCC1(CC)SC(=O)NC1=O,6.42,6.3250713
train,5641,O=C(O)/C=C/C(=O)NOCc1ccccc1,3.8,3.9108703
train,5642,Cc1ccc(C(=O)[NH+]=C(N)NCCCCc2ccccc2)cc1,7.09,7.25111
train,5643,CSc1cccc[nH+]1,3.62,3.621731
train,5644,C=CCC1(CC=C)C(=O)NC(=O)NC1=O,7.79,7.907708
train,5645,COc1cccc(CN)c1O,11.06,10.983942
train,5646,Oc1ccc2cccc(Cl)c2c1,8.69,8.880466
train,5647,Oc1nccc2c1cnc1ccccc12,11.35,11.193384
train,5648,CN(C)/C=[NH+]/c1ccc(Cl)cc1,8.46,8.294535
train,5649,C/[NH+]=c1/sc2c(n1C)CCCC2,10.0,9.886339
train,5650,CSc1nc2cnc(Cl)cc2[nH]1,8.75,8.563745
train,5651,O=C(c1cc2cc(OC3CC[NH+](C4CC4)CC3)ccc2n1CC(F)(F)F)N1CCOCC1,7.5,7.40442
train,5652,N#Cc1ccc(S(=O)(=O)C2(F)CC[NH+](CCc3ccc(F)cc3F)CC2)cc1,6.4,6.337742
train,5653,CCc1c(O)cc(C)oc1=O,5.3,5.2915735
train,5654,COC(=O)c1ccc(NC=S)cc1,10.95,10.675736
train,5655,O=C(O)C[N+](=O)[O-],1.63,1.8287667
train,5656,N#Cc1ccc([NH3+])cc1,1.74,1.5300969
train,5657,CC(C)(O)c1cccc(C(=O)O)c1,4.18,4.3010426
train,5658,Cc1nc(=O)[nH+]c(N)[nH]1,3.1,3.0709713
train,5659,CC[C@]12CCC[NH+]3CCc4c(n(c5ccccc45)CC1)[C@@H]32,6.9,6.779709
train,5660,N#Cc1ccc(-c2nn[nH]n2)cc1,3.53,3.440807
train,5661,O[C@@H]1CNC=[NH+]C1,10.9,10.522175
train,5662,COc1ccc(-c2nnc(C(=O)N3CC(Oc4ccc(C[NH+](C)CC5(C)COC5)cc4)C3)o2)cc1,8.0,8.3276415
train,5663,CCOC(=O)N1CC[NH+](C)CC1,7.31,7.1611233
train,5664,O=C(O)c1cc(Cl)c[nH]1,4.07,4.024667
train,5665,COc1cc(N)cc[nH+]1,7.05,7.2563753
train,5666,[H]/N=C(\N)c1[nH+]ccnc1NC,8.96,9.192017
train,5667,NC(=O)N1CCCC1C(=O)O,3.48,3.482354
train,5668,CCCCCC([N+](=O)[O-])[N+](=O)[O-],5.41,5.476493
train,5669,Nc1ccc2cc[nH+]cc2c1,6.19,6.055464
train,5670,Cc1ccc([C@@H](OCC[NH+](C)C)c2ccccc2)cc1,8.5,8.56489
train,5671,CC(C)C1CCC(=NO)C(=NO)C1,10.53,10.553735
train,5672,Nc1cccc2[nH+]c3ccccc3cc12,6.02,6.0104666
train,5673,CN1C(=O)C(C)(C)NC1=S,10.8,10.533848
train,5674,O=C1C(=NCc2ccccc2)C(NS(=O)(=O)c2ccccc2)C(=O)c2ccccc21,10.4,10.370849
train,5675,CC(=CC(=O)O)/C=C/C=C(C)/C=C/C1=C(C)CCCC1(C)C,4.51,4.4718084
train,5676,O=C(NOCCO)c1ccc2c[nH+]cn2c1Nc1ccc(I)cc1F,4.3,4.179552
train,5677,N#Cc1ccc(NS(=O)(=O)c2ccccc2C(F)(F)F)cc1Cl,5.1,5.3025913
train,5678,COc1cc(-n2c[nH+]cc2-c2ccc3ccccc3c2)cc(OC)c1OC,5.58,5.7108374
train,5679,COP(=O)([O-])O,6.31,6.326351
train,5680,COCCOc1ccc(-c2cc3c(C(=O)O)c[nH]c3cc2Cl)cc1,5.0,5.009387
train,5681,CC1(C2CCCC2)Cc2cc(OCC=CCC(=O)O)c(Cl)c(Cl)c2C1=O,5.1,5.2288713
train,5682,C[C@@H]1[C@@H](C(=O)[O-])[C@@]1(C)C(=O)O,6.82,6.7938576
train,5683,[NH2+]=c1[nH]c2cncnc2[nH]1,7.02,7.01707
train,5684,O=[N+]([O-])c1cc(Br)c(O)c([N+](=O)[O-])c1,2.35,2.3469114
train,5685,O=C(O)CSc1cccc(C(F)(F)F)c1,3.3,3.3052843
train,5686,Cc1nc2c(=O)nc(O)nc-2n(C)c1C,9.9,9.78196
train,5687,Clc1nc2c[nH+]c[nH]c-2n1,1.77,1.6617181
train,5688,C1=[NH+]CNC1,6.99,6.8106327
train,5689,O=C(O)CCOc1ccccc1,4.27,4.3764114
train,5690,CC(=O)CC(=O)Nc1ccc(Cl)cc1,10.25,10.192539
train,5691,Oc1[nH+]cncc1Br,0.43,0.6508707
train,5692,CCc1cc(C)[nH+]nc1C,4.73,4.6846666
train,5693,CNc1nc2nc(C)c(C)nc2c(=O)[nH]1,8.73,8.581054
train,5694,CNc1cc(Cl)[nH]c(=O)[nH+]1,3.15,3.2887342
train,5695,CC(C(=O)O)c1ccc(OS(=O)(=O)C(F)(F)F)cc1,4.0,4.204261
train,5696,C[C@H]1CC[C@H]([NH3+])CC1,10.48,10.348559
train,5697,CCC(C(=O)O)C(=O)O,2.9133334,3.0800698
train,5698,[NH3+]C1CCCc2ccccc21,9.66,9.525401
train,5699,CC(=O)NCCC(=O)O,4.45,4.5584106
train,5700,COc1ccc2c3c1O[C@H]1CCC[C@H]4[C@H]([NH2+]CC[C@]314)[C@H]2O,8.72,8.742346
train,5701,Cn1c(N)[nH+]ccc1=S,2.92,2.9685671
train,5702,O=C(O)C(=O)c1ccccc1,1.345,1.3691314
train,5703,Cc1ccc2ccc3cccnc3c2[nH+]1,5.36,5.486059
train,5704,C[NH+]1CC[C@]23c4c5ccc(O)c4O[C@H]2[C@@H](O)C=C[C@H]3[C@H]1C5,8.21,8.224597
train,5705,COc1cccc2c1[C@H](Oc1cc(C(=O)N(C)C)cn3c(C)c(C)[nH+]c13)[C@@H](O)C2,6.27,6.448103
train,5706,O=C(NCCC[NH+]1CCOCC1)c1ccc(Cl)cc1,6.81,6.7477818
train,5707,O=[N+]([O-])C(CC([N+](=O)[O-])[N+](=O)[O-])[N+](=O)[O-],1.09,1.1104407
train,5708,Cc1nc(N)c(C)c(=O)[nH]1,11.41,11.339331
train,5709,O=P(O)(O)C=Cc1ccccc1,2.0,1.8260758
train,5710,CC1=C(C)C(=O)C(O)=CC1=O,5.22,5.416216
train,5711,Cc1ccc(OC(O)(CBr)c2ccccc2)cc1,11.23,11.191025
train,5712,CC(C)n1c(/C=C/C(O)CC(O)CC(=O)O)c(-c2ccc(F)cc2)c2ccccc21,4.405,4.3905745
train,5713,Cc1nc2c(O)cccc2c(C)[nH+]1,3.79,3.7434475
train,5714,[NH3+]Cc1c(F)c(F)c(F)c(F)c1F,7.67,7.3753576
train,5715,O=C1N=C(Cc2ccccc2)C(=O)N1,8.6,8.386513
train,5716,CCc1ccc(N=Nc2ccc([NH+](C)C)cc2)cc1C,2.6,2.6396976
train,5717,O=C(c1ccc(Cl)cc1)c1cc[nH]n1,11.87,11.66376
train,5718,C/N=c1\o[nH+]c(-c2ccccc2)n1C,6.43,6.4874763
train,5719,C#CC[NH+](C)C,6.97,6.7352686
train,5720,CCCc1c(-c2ccccc2)[nH][nH]c1=O,8.0,7.88356
train,5721,Cc1ccc(C(=O)O)cc1O,4.32,4.450672
train,5722,CCOC(=O)Oc1cc([N+](=O)[O-])ccc1O,5.48,5.4936543
train,5723,OCCCO,15.1,14.941465
train,5724,Cc1n[nH]c(=S)[nH]c1=O,6.47,6.4891644
train,5725,[H]/N=c1\[nH+]c(C(C)(C)C)ccn1C,11.64,11.571676
train,5726,CCCCCCc1c(-c2ccccc2)[nH]n(-c2ccccc2)c1=O,7.4,7.381605
train,5727,O=S1(=O)NCN(CCF)c2ccc(Cl)cc21,9.35,9.2462015
train,5728,CC(C)(C)[C@@H]1NC=[NH+]c2ccccc21,9.36,9.223324
train,5729,CCc1c(O)c(=O)ccn1CC,9.93,9.820635
train,5730,Cn1nc2nc(N)[nH]c(=O)c2n1,8.64,8.473921
train,5731,O=C(O)c1c(F)cccc1Cl,1.95,2.0157044
train,5732,O[NH+]1C=CC(=S)C=C1,1.53,1.5707521
train,5733,O=C(c1cccs1)N1CC[NH+](CCOc2ccc(Cl)cc2Cl)CC1,5.23,5.1035852
train,5734,CS(=O)(=O)CS(=O)(=O)Oc1ccc(Cl)cc1Cl,9.14,9.1022835
train,5735,O=C(C=NO)c1ccccc1,8.31,8.278561
train,5736,N#Cc1ccc(C(=O)Nc2ccc(F)c([C@]3(CF)C[C@@H](C(F)(F)F)OC(=[NH2+])N3)c2)nc1,6.3,6.319417
train,5737,CC(C)n1ccc[nH+]c1=O,2.88,2.86584
train,5738,Fc1c(F)c(F)c2[nH+]c[nH]c2c1F,2.1,2.1942348
train,5739,O=C(O)/C=C\Cl,3.385,3.4425337
train,5740,COCC[NH+]1CCN(CCONc2c(C3=c4ccc(Br)cc4=NC3=O)[nH]c3ccccc23)CC1,7.47,7.6046114
train,5741,Cc1ccccc1N(O)C(=O)c1ccco1,7.77,7.7871103
train,5742,Cc1ccc2[nH+]c3c(c(N4CCOCC4)c2c1)CCC3,7.18,7.30758
train,5743,O/N=C/c1ccc[nH+]c1,4.1,4.0923033
train,5744,C=C(C(=O)O[C@H]1C[C@@H]2[C@@H]3O[C@@H]3[C@H](C1)[NH+]2C)c1ccccc1,7.72,7.602146
train,5745,CCCOC(=O)c1ccc(O)cc1,8.16,8.178999
train,5746,CC(C)C[NH2+]c1ccccc1,4.84,4.862911
train,5747,Cc1[nH]nc[nH+]1,3.28,3.2144215
train,5748,C[NH+]1CC[C@H]2CCC[C@@H](OC(=O)c3ccccc3)[C@H]2C1,9.05,9.010063
train,5749,CCCOc1noc2c1C[NH2+]CC2,7.6,7.444722
train,5750,CCC(C)(CC)[NH2+]c1ccccc1,6.32,6.3425264
train,5751,Cc1c([N+](=O)[O-])cc([N+](=O)[O-])c(O)c1[N+](=O)[O-],1.0,0.94797415
train,5752,CN(C)c1nc2ccccc2[nH]1,11.5,11.26783
train,5753,S=c1[nH]cnc2ccccc12,8.47,8.384193
train,5754,O=NN(O)c1cccc2ccccc12,3.91,3.6875153
train,5755,C[NH+](C)CCOC(c1ccccc1)c1ccc(Br)cc1,8.64,8.597815
train,5756,O=C(C[NH+]1CCOCC1)c1ccccc1,5.97,6.144535
train,5757,O=C1N=c2cc(Br)ccc2=C1c1[nH]c2ccccc2c1NOCCN1CC[NH+](CCOCCO)CC1,7.58,7.615883
train,5758,Cc1nc2c(c(C)c1C)c(C)c(C)c1c(C)[nH+]ccc12,6.98,7.0612173
train,5759,c1cnc2c(c1)ccc1c3c(c[nH+]c12)CCC3,5.78,5.855014
train,5760,C[C@@H]1CN(C(=O)C2C[NH+](C(C)(C)C)C[C@H]2c2ccc(F)cc2F)C[C@H](C)[C@@]1(O)c1ccc(F)cc1,8.74,8.708636
train,5761,CCOC(=O)CCC(=O)O,4.49,4.519762
train,5762,C[NH+](C)c1ccc(C#N)cc1,1.777,1.7345309
train,5763,COc1ccc([As](=O)(O)O)cc1,3.97,2.9426286
train,5764,COc1cc(C)c(C(=O)NS(=O)(=O)c2ccccc2)cc1-c1ccc(C#CCO)s1,3.8,3.8809302
train,5765,Cc1ccc(C(=O)C(=O)O)cc1,1.52,1.4882228
train,5766,Cc1ccc(-c2cc[nH+]cc2)s1,5.68,5.661268
train,5767,CNc1[nH]c(=O)c(N)c(N)[nH+]1,5.42,5.1995554
train,5768,C[C@@]1(c2ccccc2)C(=O)NC(=O)[C@H]1C(N)=O,7.69,7.9061995
train,5769,[O-]c1ccccc1/C=N/O,12.1,11.792589
train,5770,Cc1c(C)c(O)c(O)c(C)c1O,9.9,9.924316
train,5771,CC(=O)N1N=C(c2cc(F)ccc2F)C[C@@]1(CCC[NH+]1C[C@H]2C[C@@H]1CO2)c1ccccc1,8.0,7.997472
train,5772,Cc1ccc(C(C)CC(=O)O)cc1,4.71,4.8369207
train,5773,[NH3+]Cc1ccc2c(c1)OCO2,9.37,9.544424
train,5774,O=C(NC(=O)c1ccccc1)c1ccccc1,9.05,9.125399
train,5775,Cc1nc2n[nH]nc2c[nH+]1,1.08,1.1578426
train,5776,C[NH2+]CC(O)c1ccccc1,9.31,9.367555
train,5777,CC(=O)C1C(=O)c2ccccc2C1=O,2.88,2.729006
train,5778,NNC(=O)C[NH3+],7.69,7.493288
train,5779,[NH3+]c1cccc(N=c2c3ccccc3[nH]c3ccccc23)c1,7.58,7.622348
train,5780,NS(=O)(=O)c1ccc(CCCCCO)cc1,10.28,10.340862
train,5781,CC/C(C)=C\C(=O)O,5.15,5.319667
train,5782,Clc1nc(Cl)c2nc[nH]c2n1,7.06,6.795623
train,5783,Cc1noc(C[NH+](C)C)n1,5.6,5.423663
train,5784,CNc1n[nH+]c(-c2ccccc2)s1,2.8,2.8469334
train,5785,CC(C)(C)c1cccc[nH+]1,5.76,5.796976
train,5786,N#CCC[NH2+]C(CC(N)=O)C(=O)O,6.46,6.9611998
train,5787,[NH3+]C[C@H]1CC2(CC2)CO1,8.9,9.059702
train,5788,CC(C)N(/C=[NH+]\c1ccn(C2CC(F)C(CO)O2)c(=O)n1)C(C)C,5.13,5.0804586
train,5789,CCC(CC(=O)O)c1ccc(Cl)cc1,4.65,4.7253637
train,5790,C[C@@H]1C[C@H](OC(=O)c2ccccc2)CC(C)(C)[NH2+]1,9.35,9.369713
train,5791,O=S(=O)(C(S(=O)(=O)C(F)(F)F)S(=O)(=O)C(F)(F)F)C(F)(F)F,0.0,0.11662179
train,5792,Cc1cccc(S(N)(=O)=O)c1,10.06,9.828964
train,5793,Cc1nc2ccc(F)cc2c(C(N)=O)[nH+]1,1.03,1.060677
train,5794,Cc1nc(N)c2cn[nH]c2n1,11.3,11.199772
train,5795,[NH3+]CC[n+]1ccc2ccccc2c1,6.85,6.802084
train,5796,OCCCCc1ccc[nH+]c1,5.7,5.576866
train,5797,CSC(N)=[NH2+],9.83,9.570591
train,5798,O=S(=O)(c1cccc(F)c1)c1ccc2c3c(oc2c1)C1(CCOCC1)[NH2+]CC3,7.4,7.29366
train,5799,CC(=O)Nc1[nH+]cnc2nccnc12,1.21,1.1192572
train,5800,O=S(=O)(Cc1ccccc1)c1c[nH]nn1,5.15,5.225671
train,5801,COc1ccc(-c2nnc(C(=O)N3CC(Oc4ccc(C[NH+]5CC6(CCCO6)C5)cc4)C3)o2)cc1,8.4,8.536814
train,5802,Cn1cc(NC(=O)c2cc(NC(=O)c3cc(NC=O)cn3C)cn2C)cc1C(=O)NCCC[NH+](C)C,9.5,9.4714775
train,5803,NS(=O)(=O)c1cc2c(cc1Cl)NC(C(Cl)Cl)NS2(=O)=O,8.6,8.612089
train,5804,CCN1CNS(=O)(=O)c2cc(Cl)ccc21,9.33,9.368498
train,5805,CC(C)CN(CC(C)C)C(=S)S,3.4,3.3559957
train,5806,Cc1ccccc1CC(=O)O,4.3,4.378824
train,5807,COC(=O)Cc1ccccc1C(=O)O,4.12,4.1584263
train,5808,C1=CC2=CC=C[NH+]2C=C1,3.9,3.8691933
train,5809,OOc1ccccc1,8.9,8.708249
train,5810,COc1ccc([NH2+]CO)cc1,3.72,3.6085274
train,5811,N#CO,3.73,3.728673
train,5812,Oc1ccc(Br)cc1O,8.7,8.48348
train,5813,COc1ccc(O)c(C)c1,10.21,9.962666
train,5814,Cc1cc(=O)[nH]c2c1CCCO2,10.17,10.024334
train,5815,CCN(C)[NH+](C)CC,6.8,6.798444
train,5816,CC(C)(O)C(F)(F)F,11.6,11.288811
train,5817,Nc1ccc(C(=O)O)c([N+](=O)[O-])c1,3.42,3.310868
train,5818,O=C(O)CCCC(=O)c1ccccc1,4.77,4.7605734
train,5819,Nc1nc(N)c(C(=O)O)c[nH+]1,2.94,2.8107738
train,5820,O=C(O)c1c(Br)cc(Br)cc1Br,2.41,2.1885188
train,5821,Cn1c(=O)[nH]c2ncc(C(=O)O)nc2c1=O,2.9,2.767338
train,5822,O=C(O)C(=O)Nc1cccc(Cl)c1,1.91,2.005671
train,5823,Cc1ccc2c(c1)NC=[NH+][C@@H]2O,7.88,7.72841
train,5824,Cc1[nH]cnc2nnnc1-2,5.12,4.731694
train,5825,COc1ccc(CC[NH3+])cc1,9.79,9.853437
train,5826,[NH3+]c1cccccc1=O,2.24,2.2445536
train,5827,Cc1ccc(C)c(P(=O)([O-])O)c1,8.1,7.864333
train,5828,CCC(NC(N)=O)C(=O)O,3.89,3.7784455
train,5829,Cn1ccc(=S)c[nH+]1,-0.83,-0.58764553
train,5830,O=C(O)[C@@H]1CC[C@@H](C(=O)O)C1,4.4,4.3610697
train,5831,CCC(S)C(=O)O,3.53,3.5998764
train,5832,O=C([O-])C1(C(=O)O)CCCC1,5.8,5.8882713
train,5833,COc1cccc(C(=O)NCC[NH+]2CCN(c3noc4ccccc34)CC2)c1,6.24,6.208246
train,5834,CC[NH+]=C(N)N=C(N)Nc1ccc(Cl)cc1,10.82,10.735588
train,5835,c1ccc(-c2c[nH]c[nH+]2)cc1,6.05,6.0668964
train,5836,Cc1ccc(C(=O)NN)cc1,12.75,12.65946
train,5837,O=C(O)c1ccc(Cl)cc1,3.99,4.1030445
train,5838,CC1(C2=CCCCC2)C(=O)NC(=O)NC1=O,7.9,7.990735
train,5839,Oc1ccc(C2CCCC2)cc1,10.31,10.356501
train,5840,N#Cc1cccc[nH+]1,-0.26,-0.19624567
train,5841,C[C@@]1(c2cc(NC(=O)c3ccc(Cl)cn3)ccc2F)COCC(=[NH2+])N1,9.2,9.32324
train,5842,O=C(c1ccccc1)c1cccc(O)c1,9.0,8.922743
train,5843,O=C(O)CCc1nc(-c2ccccc2)c(-c2ccccc2)o1,5.05,5.1752663
train,5844,Cc1cc(Cl)ccc1O,9.71,9.402231
train,5845,[NH3+]c1ccccc1OC(F)(F)F,2.44,2.4786384
train,5846,[NH3+]c1ccc(N=Nc2ccccc2)cc1,2.82,2.8085494
train,5847,COc1cc(NS(C)(=O)=O)ccc1N=c1c2ccc(Cl)cc2[nH]c2cc(Cl)ccc12,6.18,6.214423
train,5848,CC(C)OO,11.913333,11.652608
train,5849,FC(F)(F)c1c(N2CCC(c3ccccc3)CC2)ccn2c(CC3CC3)[nH+]nc12,4.1,3.989015
train,5850,Brc1ccc2ccccc2[nH+]1,1.5,1.5378603
train,5851,Nc1ncc(-c2ccc(Cl)cc2)c[nH+]1,3.14,3.1489284
train,5852,COC(=O)c1cc(O)cc(O)c1,8.71,8.821784
train,5853,Cc1cc(C=O)cc(C)c1O,7.84,7.5530634
train,5854,O=S(=O)(Nc1ccc(Cl)cc1Cl)C(F)(F)F,2.96,2.977236
train,5855,CC(Cl)OO,9.6,9.410906
train,5856,COc1ccc2c(c1)CC[NH2+]2,6.1,6.3151674
train,5857,c1ccc(C[NH2+]C23OC4C5C6CC(C7C6C4C72)C53)cc1,7.07,7.264166
train,5858,Nc1nc[nH+]cn1,2.9,2.9651544
train,5859,Oc1ncccn1,9.17,8.899005
train,5860,CC(C[NH+](C)C)C(C#N)(c1ccccc1)c1ccccc1,7.9,7.662979
train,5861,Nc1nc(=O)c2n[nH]nc2[nH]1,6.59,6.670353
train,5862,Nc1c[nH+]cc2ccccc12,6.27,6.210553
train,5863,Nc1ccc2ccccc2[nH+]1,7.34,7.24697
train,5864,COc1ccc(-c2[nH]cc(-c3ccccc3)[nH+]2)cc1,6.03,5.95755
train,5865,CC(=O)N(C)CC(=O)O,3.16,3.2554824
train,5866,Cc1cccc(N)[nH+]1,7.41,7.340933
train,5867,C[C@@H]1CCC[NH+]1C,10.26,9.999695
train,5868,O=C(O)/C(Br)=C/c1ccccc1,3.03,3.0346372
train,5869,Cc1cc(C)cc(N=C2C(=O)c3ccccc3C(=O)C2NS(=O)(=O)c2ccccc2)c1,9.2,9.652046
train,5870,Oc1nc(Cl)n[nH]1,6.02,5.946351
train,5871,O=C(O)CCc1ccco1,4.36,4.337886
train,5872,O=C(O)Cc1ccc2cccc(-c3ccccc3)c2c1,6.8,6.7968893
train,5873,NC(=O)Nc1ccc([N+](=O)[O-])cc1,14.0,13.895987
train,5874,CSc1cccc2[nH+]cccc12,4.5,4.4151564
train,5875,O=C(O)C/C(=C/c1ccccc1)C(=O)O,3.86,3.9248977
train,5876,O=C(/C=N/O)c1cccs1,8.45,8.345255
train,5877,C1CN2CCC[NH+]2C1,7.91,7.863065
train,5878,CC(=O)[C@H]1C[C@@H]1C(=O)O,4.08,4.1257095
train,5879,NC(=[NH2+])N1C2CC(OC(=O)C(CO)c3ccccc3)CC1C1OC12,10.84,10.956081
train,5880,CSc1nc(C)cc[nH+]1,1.86,1.7827219
train,5881,COC(=O)CC(=O)c1ccccn1,8.4,8.407754
train,5882,CC(=O)Oc1cccc2cccc(O)c12,9.69,9.641527
train,5883,Cc1[nH+]c2c3c(c(C(=O)N(C)C)cn2c1C)CCC(c1ccccc1F)O3,6.78,6.9274187
train,5884,c1ccc(-c2coc(-c3ccccc3)[nH+]2)cc1,-0.04,0.053872377
train,5885,N#CCOO,9.8,9.67602
train,5886,OCCC[NH2+]c1ccccc1,4.53,4.3041534
train,5887,NS(=O)(=O)c1ccc(SCCCO)s1,9.32,9.548566
train,5888,O=C(NO)c1ccccn1,8.5,8.3266735
train,5889,CCCCCC[N+](=O)[O-],8.6,8.367769
train,5890,COc1cc(OC)[nH+]cn1,1.49,1.5783794
train,5891,CC#C/C=C/C(=O)O,4.2,4.2171507
train,5892,NC(=S)C(N)=S,10.62,10.451986
train,5893,O=C(O)C(=O)Nc1ccc([N+](=O)[O-])cc1,1.62,1.7809939
train,5894,CCSc1ccc2c(c1)NC=[NH+][C@@H]2O,7.47,7.523099
train,5895,Nc1[nH+]c2c(s1)CCCC2,6.11,6.242835
train,5896,CCCCCCC[NH2+]c1ccccc1,5.09,5.088974
train,5897,C[NH+](CCCO)CCCCCCOc1ccc(C(=O)c2ccc(Br)cc2)cc1,9.05,9.106741
train,5898,OCCOCC[NH+]1CCN(C(c2ccccc2)c2ccc(Cl)cc2)CC1,7.75,7.7419147
train,5899,COc1ccc2c(c1)N(CCC[NH+](C)C)c1ccccc1S2,9.41,9.231579
train,5900,CC(=O)c1cccc(O)c1O,9.0,9.00032
train,5901,NS(=O)(=O)c1ccc(P(=O)(O)O)cc1,1.42,1.3438423
train,5902,COC1=CC=C2[C@H]3Cc4ccc(OC)c5c4[C@@]2(CC[NH+]3C)[C@H]1O5,7.95,8.004276
train,5903,COC(=O)C1=CCC[NH2+]C1,8.7,8.507887
train,5904,COc1ccc(-c2[nH+]ccn2-c2cc(OC)c(OC)c(OC)c2)cc1F,6.63,6.814788
train,5905,O=C(O)CBr,2.905,2.8063772
train,5906,N#CC(C(=O)O)C1CCCCC1,2.37,2.3956206
train,5907,COc1ccccc1OCC(O)C[NH+]1CCN(CC(=O)Nc2c(C)cccc2C)CC1,9.59,9.871624
train,5908,[NH3+]Cc1ccccc1,9.38,9.120111
train,5909,COCC[NH2+]c1ccccc1,4.05,3.9095616
train,5910,O=C(O)[C@@H]1CCCC[C@H]1O,4.68,4.7248583
train,5911,O=C(CC(=O)C(F)(F)F)c1cccs1,6.315,6.339759
train,5912,NS(=O)(=O)c1ccc(C(F)(F)F)cc1,9.4,9.312295
train,5913,Cc1[nH+]c2c3c(c(C(=O)N(C)C)cn2c1C)CCC(c1ccc(F)cc1)O3,6.74,6.9133463
train,5914,O=c1cccc(O)cc1,5.64,5.3633347
train,5915,Cc1cnc(C(=O)O)s1,3.03,2.9997861
train,5916,COc1ccc(C(=S)Nc2ccc(Cl)c(Cl)c2)cc1,10.14,10.103162
train,5917,O=C1CC(c2ccccc2)NC(=O)C1Sc1ccccc1Cl,4.1,3.9053113
train,5918,Cc1ccc(Br)c(P(=O)(O)O)c1,1.81,1.7628322
train,5919,S=C(S)N1CCCC1,3.29,3.2705479
train,5920,CC(=O)OC1C[NH+]2CCC1CC2,9.27,9.258696
train,5921,O=C(O)[C@H]1C[C@@]1(C(=O)O)c1ccccc1,3.72,3.8292344
train,5922,CN(O)C(=O)c1ccc(Cl)cc1,8.17,8.262258
train,5923,[NH3+]CCc1ccc(O)cc1,9.74,9.48275
train,5924,O=[N+]([O-])c1ccc2nnn(O)c2c1,2.75,2.5813918
train,5925,CCCCCCCCCn1cc[nH+]c1,6.6,6.5679483
train,5926,CNc1nc(N)[nH+]cc1Br,6.21,6.187605
train,5927,CN(C)c1cc[nH+]cc1Br,6.45,6.405093
train,5928,Nc1nc2ccccc2c(N)[nH+]1,7.96,8.264905
train,5929,COc1nc[nH]c(=S)c1C,7.9,7.8162556
train,5930,O=C(O)Cc1cccc2ccc(-c3ccccc3)cc12,6.9,6.7668457
train,5931,Cn1c(=O)c2[nH]cnc2n(C)c1=O,7.71,7.5399075
train,5932,O=C(O)C1CCCC[C@@H]1O,4.74,4.678563
train,5933,CC(=S)Nc1ccccc1,11.6,11.316935
train,5934,CCOc1ccc(C(=O)c2ccc3n2CCC3C(=O)O)cc1,3.46,3.3954194
train,5935,CCC(P)C(=O)O,4.08,4.156659
train,5936,C[C@]1(C(=O)O)O[C@@H]1C(=O)O,2.1,2.2028084
train,5937,C[NH+]1C=CC=C2C=CC(=O)C=C21,5.53,5.674283
train,5938,Cc1cccc(C)c1OC[C@@H](C)[NH3+],9.2,9.071081
train,5939,CC(C)(C)[NH+]1C2CCCC21,9.22,9.0206995
train,5940,O=C(O)[C@@H]1C[C@]1(C(=O)[O-])c1ccccc1,5.14,5.2470245
train,5941,CONC(=O)CCc1ccccc1,9.47,9.475702
train,5942,Cc1cc(Cl)cc(Cl)c1NC1=[NH+]CCN1,9.03,8.702961
train,5943,C[NH+]1C=C(Cl)C(=O)C(Cl)=C1,-1.22,-0.9630847
train,5944,[NH3+]C1OCC(O)C(O)C1O,5.6,5.710902
train,5945,Cc1ncnc2ncc(O)nc12,6.3,6.2462273
train,5946,Nc1nc(-c2ccccc2)[nH]c(=O)n1,8.1,8.008788
train,5947,CC(C)[NH+]1CCC(Oc2ccc3cc(C(=O)N4CCC(CO)CC4)ccc3c2)CC1,9.6,9.640959
train,5948,c1ccc2c(c1)CCC[NH2+]2,5.03,4.9192867
train,5949,CC1(c2ccc([N+](=O)[O-])cc2)CC(=O)NC1=O,8.48,8.511332
train,5950,NC1=CC(=O)C=C[NH2+]1,5.04,5.1621084
train,5951,O=[Se](O)c1ccccc1,4.7,3.304188
train,5952,[H]/[NH+]=C(/c1ccccc1)c1cccc(Cl)c1,5.69,5.7562513
train,5953,Cc1ccc2cccc(C)c2[nH+]1,4.11,4.154826
train,5954,COc1ccc(-c2nnc(C(=O)N3CC(Oc4ccc(C[NH+](C)C)cn4)C3)o2)cc1,8.5,8.607868
train,5955,Cc1nc2c(=O)n(C)c(=O)n(C)c2nc1C(=O)O,1.2,1.3753504
train,5956,Cc1ccsc1C(=O)O,3.9,3.9050252
train,5957,CCc1occc(=S)c1O,8.16,8.441236
train,5958,O=C(O)C(=O)Cc1c[nH]c2ccccc12,3.6,3.5322208
train,5959,CNc1ccc(Cl)c[nH+]1,5.11,5.1757965
train,5960,O=C(O)O,3.74,3.9000678
train,5961,c1ccc(C2=[NH+]CCC2)cc1,7.2,7.1762514
train,5962,N#Cc1cccc(NS(=O)(=O)c2ccccc2)c1,7.18,6.9996758
train,5963,CCCS(=O)(=O)Nc1ccc(N=c2c3ccccc3[nH]c3cc(OC)ccc23)c(OC)c1,7.38,7.548156
train,5964,COc1cc(OC)c(NC2=[NH+]CCN2)cc1Cl,10.15,9.97369
train,5965,O=P(O)(O)OOP(=O)(O)O,-0.2,0.088775635
train,5966,O=C1C(Cl)=C[NH2+]C=C1Cl,-1.07,-0.8646002
train,5967,CCSC(=O)SCC(=O)O,2.67,2.9293897
train,5968,N#Cc1[nH+]cnc2nc[nH]c12,0.3,0.70697427
train,5969,c1ccc(-c2coc[nH+]2)cc1,-0.51,-0.32549262
train,5970,Cc1ccc(NC(=O)C(F)(F)F)c(C)c1,9.59,9.628365
train,5971,CCC(=O)NS(=O)(=O)c1ccc(-c2c(-c3ccccc3)noc2C)cc1,4.9,4.9338694
train,5972,CN1CCCO/C1=[NH+]\c1ccccc1,9.08,9.112684
train,5973,O=C(CC(=O)c1ccccc1)Nc1ccccc1,9.54,9.413519
train,5974,CCC1(CC)C(=O)C=CNC1=O,11.5,11.332948
train,5975,CCCCNC1=[NH+]C(C)c2ccccc2N1,10.7,10.667292
train,5976,CCN(CC)C(=O)N[C@H]1C[C@@H]2c3cccc4[nH]cc(c34)C[C@H]2[NH+](C)C1,6.8,6.7376003
train,5977,O=C1COC(=S)N1,5.51,5.423974
train,5978,CCOC(=O)CC#N,11.4,11.297818
train,5979,COCCO,14.8,14.492096
train,5980,O=C(O)CCC(=O)c1ccc2ccccc2c1,4.96,4.7689133
train,5981,COc1cc(OC)c(C(=O)O)c(OC)c1,3.59,3.379529
train,5982,c1cc2c(cc1C[NH+]1CC3CC(C1)O3)OCO2,7.1,7.1369476
train,5983,CC#CCOc1noc2c1C[NH2+]CC2,7.6,7.5037203
train,5984,C/[NH+]=C(/N(C)C)N(C)C(C)=O,9.1,9.113178
train,5985,Cn1nnc2c(=S)[nH]cnc21,7.21,7.1219807
train,5986,ON=C1CCCCCC1=NO,10.7,10.816542
train,5987,Cc1cccc2ccc(O)cc12,9.42,9.434088
train,5988,CN(O)C(=O)c1ccccc1,8.59,8.395651
train,5989,CN1C(=O)NC(Cc2ccccc2)C1=O,14.0,13.811029
train,5990,COc1cc(NS(C)(=O)=O)ccc1N=c1c2ccccc2[nH]c2c(OC)cccc12,7.39,7.514535
train,5991,C[C@@H]1C[NH2+][C@@H](C)CN1,9.66,9.66005
train,5992,O=C(O)CCc1ccoc1,4.44,4.374382
train,5993,Clc1nc2c[nH]c(Cl)cc-2n1,6.85,6.513096
train,5994,O=C(c1ccccc1)c1ccc(O)cc1O,8.26,8.159347
train,5995,C[C@]1(C(=O)O)CC=CN1O,2.95,2.8006265
train,5996,O=C(c1ccccc1)N(O)c1ccco1,8.14,8.186545
train,5997,CCCSC(=S)Nc1ccccc1,9.14,9.018236
train,5998,CNS(=O)(=O)c1cccc([N+](=O)[O-])c1,10.42,10.327881
train,5999,Cc1nc(O)nc2c1N=CC(O)N2,10.85,10.87296
train,6000,Nc1ccc(O)c([N+](=O)[O-])c1,7.81,7.807252
train,6001,Clc1[nH]c2c3c(ccc2[nH+]1)CCCC3,2.54,2.55086
train,6002,O=C(O)C1=CCC=C(C(=O)O)O1,2.85,2.947686
train,6003,Nc1ncc(Cl)c(O)[nH+]1,2.53,2.6462724
train,6004,C=NC(=O)CCC(=O)O,3.98,3.8797586
train,6005,NC(=O)Cc1ccc[nH+]c1,4.72,4.5987244
train,6006,O=c1[nH]c2nc[nH]c(=O)c2[nH]1,8.2,7.958499
train,6007,C[NH+](C)Cc1cccc(Cl)c1,8.67,8.457681
train,6008,COOC(=O)c1ccc(O)c(C(=O)O)c1,2.51,2.4031525
train,6009,CCOC(=O)Nc1ccc2c(c1)N(C(=O)CC[NH+]1CCOCC1)c1ccccc1S2,6.4,6.3000937
train,6010,CCn1c(=O)cn[nH]c1=O,9.59,9.451591
train,6011,O=C(O)Cc1ccccc1S,4.28,4.322828
train,6012,CCCSC(=NO)C(=O)c1ccc(Br)cc1,8.45,8.374299
train,6013,COc1cccc[nH+]1,3.06,3.0645387
train,6014,O=C(O)[C@]12[C@@H]3[C@@H]4[C@@]1(Cl)[C@@H]1[C@H]2[C@@]3(Cl)[C@]41C(=O)O,2.73,2.6989307
train,6015,CCC(=O)C(CC[NH+](C)C)(c1ccccc1)c1ccccc1,9.23,9.153313
train,6016,Cc1[nH+]c(C)c(C)o1,3.51,3.5720751
train,6017,Cc1c(C)c(O)c(C)c(C)c1O,11.25,11.250536
train,6018,CC1=C(C)c2ccccc2[NH2+]1,-1.34,-1.6849291
train,6019,Cn1c(=O)[nH]c2[nH]c(N)nc2c1=O,8.88,8.692585
train,6020,CC(C)C(CC(=O)O)CC(=O)O,4.28,4.3982735
train,6021,Cc1[nH+]c2c(CCc3ccccc3)cccn2c1CC#N,6.0,6.0385675
train,6022,Cn1ccc2c(Cl)[nH+]cnc21,2.06,2.154191
train,6023,[NH2+]=C(Sc1ccccc1)c1ccccc1,4.48,4.4572887
train,6024,OC(O)(C(F)(F)F)C(F)(Br)Br,7.69,7.2943497
train,6025,Fc1ccc(NC(=S)c2ccc(Cl)cc2)cc1,10.41,10.251521
train,6026,CN(C)c1nc2ncncc2[nH]1,9.77,9.772432
train,6027,O=C(O)C1C=CCc2ccccc21,3.94,3.9742606
train,6028,CCS(=O)(=O)O,-1.68,-1.5467157
train,6029,CCOC(=O)c1n[nH]n(Cc2ccccc2)c1=O,6.22,6.3040056
train,6030,Sc1cccc[nH+]1,-1.07,-0.94020367
train,6031,CC1=CC2=CC=C[NH+]2C=C1,5.41,5.090001
train,6032,CN(C)c1cc(=S)n(C)c[nH+]1,-0.8,-0.46893495
train,6033,CC[NH+](CC)CC(=O)Nc1ccc(C)cc1,8.13,8.198442
train,6034,Cc1nc2c[nH+]n(C)c2nc1C,0.94,0.8629685
train,6035,Cn1nccc1-c1cc(Cl)ccc1Oc1ccc(S(=O)(=O)N=c2[nH]cns2)cc1C#N,3.5,3.236662
train,6036,CC(=O)Nc1cc(C(=O)O)ccc1C(=O)O,3.055,3.0676682
train,6037,CCC(CC)[NH+]=c1cc(C)[nH]c(Nc2c(C)cc(C)cc2C)c1C,9.3,9.424492
train,6038,Cc1cccc(=O)c(O)c1C(=O)O,3.2,3.3889835
train,6039,C=C(O)Cc1ccccc1,11.5,11.269211
train,6040,Clc1ccc(-c2c[nH]c(-c3ccccc3)[nH+]2)cc1,5.47,5.522936
train,6041,Brc1c[nH]cn1,12.32,12.220387
train,6042,Cc1ccc(O)c(C)c1,10.61,10.326586
train,6043,Nc1c([N+](=O)[O-])cc(Br)cc1[N+](=O)[O-],13.71,13.342823
train,6044,CC(Cl)CC(=O)O,4.17,4.1849976
train,6045,O=c1cc[nH]c2ccc[nH+]c12,2.81,2.94823
train,6046,CCOC(=O)c1ccc(C(=O)NN)cc1,12.38,12.340923
train,6047,OC[C@@H]1O[C@H](n2c[nH+]c3ccccc32)[C@@H](O)[C@H](O)[C@H]1O,4.01,3.9914138
train,6048,CS(=O)(=O)c1cccc(C(=O)O)c1,3.585,3.6281612
train,6049,O=C(O)c1c(Cl)ccc(Cl)c1C(=O)O,1.46,1.3982182
train,6050,COC(=O)c1cc(O)c(O)c(O)c1,7.865,7.9249496
train,6051,O=C(O)c1c(O)cccc1Cl,2.63,2.322633
train,6052,CC1=C(C)[NH+]2C=CC=CC2=C1C,6.67,6.519863
train,6053,Cc1[nH]c2scnc2c(=N)[nH+]1,4.56,4.453377
train,6054,[NH3+]Cc1cccc(Br)c1,8.98,8.79879
train,6055,CC(=O)N1C[C@@]2(C(C)C)OC(=O)C[C@H]2C1C(=O)O,3.2,3.1265194
train,6056,Oc1ccccc1-c1ccccc1O,7.56,7.3635206
train,6057,O=C(O)C1=C(C(=O)O)CC=CC1,3.64,3.7902486
train,6058,c1ccc2c(c1)c[nH+]c1ccc[nH+]c12,0.75,0.9177333
train,6059,CO,15.54,15.605657
train,6060,Oc1cc(Cl)nc(Cl)c1,5.9,5.8146744
train,6061,C[NH+](CCCl)CCCl,6.45,6.513397
train,6062,COc1ccc(CC(C)[NH3+])cc1,9.53,9.51716
train,6063,COc1ccc2c(c1)nnn2O,5.07,5.110174
train,6064,C[NH+](C)CCC=C1c2ccccc2CCc2ccccc21,9.42,9.448296
train,6065,O=C(O)Cc1ccc2cc(-c3ccccc3)ccc2c1,6.6,6.6342783
train,6066,Sc1cc(Cl)c(Cl)c(Cl)c1,4.89,4.780923
train,6067,CC(CC(=O)O)(C(=O)O)c1ccccc1,3.58,3.76309
train,6068,c1ccc([C@H]2C[NH+]3CCC2CC3)cc1,10.23,10.033489
train,6069,COC(=O)c1ccc[nH+]c1,3.13,3.2036104
train,6070,C/C(=N\O)C(=O)O,3.33,3.3095462
train,6071,O=Cc1ccc(O)cc1,7.6233335,7.587661
train,6072,N=C(Nc1ccccc1)N[N+](=O)[O-],10.5,10.448188
train,6073,O=C(c1cc2cc(OC3CC[NH+](C4CC4)CC3)ccc2[nH]1)N1CCOCC1,7.7,7.5558662
train,6074,O=[N+]([O-])c1cc([N+](=O)[O-])c(O)c([N+](=O)[O-])c1,0.3915,0.3974578
train,6075,CC1(C)CCC[NH+](Cc2ccc3c(c2)OCO3)C1,9.4,9.5899105
train,6076,COc1ccc(Cl)c2ccc[nH+]c12,4.13,4.08064
train,6077,N#CC(=NO)C(=O)Nc1cccc(C(F)(F)F)c1,4.88,4.8386955
train,6078,CCOC(=O)Cc1ccccc1C(=O)O,4.15,4.1483355
train,6079,NS(=O)(=O)c1cc2c(s1)C(=O)CCS2(=O)=O,7.32,7.2218466
train,6080,CC(=O)NC(C)=O,11.2,10.878691
train,6081,O=P([O-])(O)C(F)(F)F,3.93,3.8799584
train,6082,C[C@]1(C2CCCC2)Cc2cc(OCCCC(=O)O)c(Cl)c(Cl)c2C1=O,5.7,5.6041775
train,6083,Oc1cccc2c1[NH2+]CCC2,5.5,5.3999557
train,6084,Nc1ncc2[nH]c(-c3ccccc3)nc2n1,9.21,9.064354
train,6085,CC1(c2cccc(-c3cncnc3)c2)[NH+]=C(N)c2ccccc2S1,8.3,8.433753
train,6086,O=C(O)[C@H]1C[C@@H]1Br,4.09,4.128681
train,6087,Nc1cc[nH+]c2cc(Cl)ccc12,8.23,8.448788
train,6088,OCCF,14.06,13.711996
train,6089,O=C1C(Cl)=CC(=Nc2ccc(O)c(Cl)c2)C=C1Cl,5.7,5.613573
train,6090,CCc1cc[nH+]nc1C,4.03,4.002041
train,6091,Cc1cc(=[SH])[nH]c[nH+]1,7.3,7.3650103
train,6092,COc1cc[n+]([O-])cc1C(=O)O,2.88,2.8367107
train,6093,Nc1ccc2cc3ccccc3[nH+]c2c1,8.0,7.994869
train,6094,C[NH+]1[C@@H]2CC[C@H]1C[C@H](OC(=O)c1ccccc1)C2,9.51,9.409585
train,6095,C#CC(C)(C)[NH2+]C(C)(C)CC,9.0,8.895306
train,6096,CCCC12CCC(=O)C=C1c1c(cc(OCC(=O)OC(CC)(CC)C(=O)O)c(Cl)c1Cl)C2,3.4,3.435806
train,6097,NC(=O)C(N)=S,11.5,11.045884
train,6098,NS(=O)(=O)c1cc2c(cc1C(F)(F)F)NCNS2(=O)=O,8.9,8.809538
train,6099,O=[N+]([O-])c1ccc(P(=O)(O)O)c(Cl)c1,1.12,1.2082342
train,6100,CC(=O)N(c1ccccc1)c1nnc(S(N)(=O)=O)s1,7.32,7.3334665
train,6101,C[Si](C)(C)CC(=O)O,5.22,5.1848526
train,6102,Cc1c(O)c(=O)ccn1C,9.64,9.371641
train,6103,Cc1ccc(C(=O)O)c(N)c1,5.07,5.091672
train,6104,CC1(O)CC[NH+](Cc2ccc(OC3CN(C(=O)c4nnc(-c5ccccc5)o4)C3)cc2)C1,9.0,9.078907
train,6105,O=C(NO)c1ccccc1[N+](=O)[O-],8.2,8.007285
train,6106,C1C[NH+]=C2NCCC2C1,11.7,11.343157
train,6107,Cc1ccc2c(c1O)-c1c-2ccc(C)c1O,9.755,9.76607
train,6108,O=S(=O)(Nc1ccccc1)c1cccc(Br)c1,8.25,8.14279
train,6109,C1=CCC=C1,15.0,14.517246
train,6110,COC(=O)c1ccc(O)c(Cl)c1,6.88,6.9222136
train,6111,C[C@H](C(=O)[O-])[C@@H](C)C(=O)O,5.36,5.5450706
train,6112,O=C(O)COc1ccc(Cl)c([N+](=O)[O-])c1,2.96,2.8364751
train,6113,C=Cc1ccc(O)cc1,9.91,9.489034
train,6114,COc1nc(N(C)C)cc[nH+]1,6.17,6.3581076
train,6115,CC(C)=C[NH+]1CCOCC1,5.45,5.469392
train,6116,CN=C(NC)[NH2+]C,13.9,13.830816
train,6117,O=C(O)c1ccc(O)c(Cl)c1,4.24,4.2983055
train,6118,O=C(O)c1c(O)cccc1[N+](=O)[O-],2.24,2.0696034
train,6119,CC12CC3CC(C)(C1)CC([NH3+])(C3)C2,10.42,10.310266
train,6120,COC(=O)Nc1ccc2c(=Nc3ccc(NS(C)(=O)=O)cc3OC)c3ccccc3[nH]c2c1,7.77,7.7947083
train,6121,N=C(N)c1ccc(O)cc1,12.7,12.46179
train,6122,O=Cc1ncnc2[nH]cnc12,8.8,8.668079
train,6123,CCCC[NH2+]CCC#N,8.3,8.100887
train,6124,C[NH2+]CC(O)CO,9.55,9.516607
train,6125,O=C1C(O)=C(Cl)C(=O)C(O)=C1Cl,0.805,0.8470252
train,6126,N#Cc1cc(Br)c(O)c(Br)c1,4.09,4.009198
train,6127,O=C(O)/C=C/Cl,3.72,3.825816
train,6128,Cn1c[nH+]c(N)c(N)c1=O,3.42,3.2245972
train,6129,O=C(O)c1[nH+]c(-c2ccccc2)oc1-c1ccccc1,-1.32,-1.1984851
train,6130,Oc1ccc(/N=N/c2ccccc2O)c(O)c1,6.08,6.114191
train,6131,[NH3+]CCc1c[nH+]c[nH]1,6.04,6.004368
train,6132,Cc1ccc(P(=O)(O)O)cc1C,2.04,2.294899
train,6133,O=S(=O)(Nc1ccc(Cl)cc1)c1ccc(Cl)cc1,8.3,8.114325
train,6134,CC(C)[NH2+]CC(O)c1cccc(F)c1,9.48,9.470365
train,6135,C=CCN(C1=[NH+]CCN1)c1c(Br)cccc1Br,10.7,10.61274
train,6136,O=C(O)c1cccc(I)c1,3.86,3.8283346
train,6137,CCC/C(=C\c1cccc(Cl)c1)C(=O)O,4.92,4.994752
train,6138,O=C(O)c1cc([N+](=O)[O-])ccc1Br,2.04,2.0247536
train,6139,CCCCCCCCCCn1cc(CCC[NH2+][C@H]2[C@H](O)[C@@H](O)[C@H](O)[C@@H](O)[C@@H]2O)nn1,9.9,9.896502
train,6140,SCc1ccccc1,9.43,9.236773
train,6141,CC1=CC[NH+]2CC[C@@H](O)[C@@H]12,9.6,9.607222
train,6142,O=C1COC(=O)N1,6.04,5.9424706
train,6143,CC(C)(C)OO,12.8,12.582281
train,6144,[NH3+]c1ccccc1F,3.2,3.1279285
train,6145,Cc1cc(NS(=O)(=O)c2ccc(N)cc2)on1,4.2,4.043182
train,6146,Nc1cc([NH3+])ccc1[NH3+],3.7,3.7860835
train,6147,O=C(O)c1ccc2c(c1)OCO2,4.5,4.5367126
train,6148,[NH3+]Cc1c[nH+]c[nH]1,4.71,4.752142
train,6149,[NH3+]CC(Cl)=C(Cl)Cl,6.72,6.59534
train,6150,Cc1nc2[nH]c(=O)[nH]c(=O)c2nc1C(=O)[O-],8.16,8.197871
train,6151,Nc1ncc(I)c[nH+]1,2.23,2.187961
train,6152,C[C@@]1(c2cc(NC(=O)c3ccc(C#N)cn3)ccc2F)C[C@@H](C(F)(F)F)OC(=[NH2+])N1,7.0,6.998808
train,6153,Oc1[nH+]c[nH]c2ncnc1-2,1.19,1.395409
train,6154,O=C(O)/C=C/c1ccccc1Br,4.32,4.2971926
train,6155,C=Cc1noc(C2=CCC[NH2+]C2)n1,8.23,8.020297
train,6156,N#Cc1ccc(C[NH3+])cc1,8.53,8.296166
train,6157,Nc1nc(N)[nH+]c(O)n1,4.5,4.6357393
train,6158,Nc1ccc(S(=O)(=O)Nc2cnc(Cl)nc2)cc1,5.8,6.067277
train,6159,C[C@H]1CCCCC1C(=O)O,4.74,4.8513393
train,6160,O=C(O[C@@H]1C[C@H]2CC[C@@H](C1)[NH2+]2)C(CO)c1ccccc1,10.28,10.088915
train,6161,CC(=O)c1cccc(NC(N)=S)c1,12.1,11.75222
train,6162,O=C1C[C@@H]2[C@@H](C(=O)O)[C@@H](C(=O)O)C[C@@H]2O1,3.91,3.8444612
train,6163,CCCCCCCCCc1c(-c2ccccc2)[nH][nH]c1=O,10.6,10.658242
train,6164,Sc1nc2cc3ccccc3cc2[nH]1,9.72,9.816629
train,6165,O=C1CC(c2ccccc2)=C1O,6.25,6.0937624
train,6166,[NH3+]Nc1ccc(Cl)cc1Cl,4.3,4.3027315
train,6167,Oc1ccccn1,11.6,11.3901825
train,6168,O=C(Nc1ccccc1)c1cn(-c2ccccc2)c(O)c1O,5.58,5.7606735
train,6169,Cc1cccc([NH3+])c1-c1c(C)cccc1[NH3+],2.1,2.07373
train,6170,C[N+](C)(C)CC[NH3+],7.34,7.1589384
train,6171,COC(=O)CC(=O)c1ccncc1,8.24,8.193929
train,6172,O=C([O-])c1cccc(C(=O)O)c1,4.6,4.6248655
train,6173,CC(C)=C(C)O,12.4,12.199909
train,6174,Cc1cc(N=C2C=C(Br)C(=O)C(Br)=C2)ccc1O,5.4,5.266474
train,6175,CN1CCc2cc3c(cc2[C@H]1O)OCO3,11.58,11.42141
train,6176,COc1ccc(C(=O)c2ccc3n2CCC3C(=O)O)cc1,3.55,3.435477
train,6177,COC(=O)C1CSC[NH2+]1,3.92,3.8748846
train,6178,CCCCCNC1=[NH+]CCN1OCCc1ccccc1,9.9,9.975436
train,6179,CC(SC(N)=O)C(=O)O,3.49,3.5105126
train,6180,C[NH2+]C,10.77,10.534878
train,6181,CC1=NOC(=O)/C1=C(\O)c1ccccc1,1.4,1.2630415
train,6182,O=c1nc2[nH]nnc2c[nH]1,6.56,6.568763
train,6183,O=[N+]([O-])c1cccc([N+](=O)[O-])c1O,3.89,4.094716
train,6184,Ic1cccc2[nH+]c[nH]c12,4.75,4.814887
train,6185,C=CC(=O)NCCC[NH+](C)C,9.23,9.180755
train,6186,CCOc1ccccc1P(=O)(O)O,2.32,2.1847768
train,6187,CC[NH+](CC)CC(=O)Nc1ccccc1,8.0,8.234882
train,6188,O=C(O)Cc1ccccc1[N+](=O)[O-],4.0,3.9873857
train,6189,O=c1[nH]cnc2nn[n-]c12,10.83,10.689117
train,6190,Nc1cc(Cl)c([N+](=O)[O-])cc1Cl,16.05,15.927278
train,6191,O=c1cc(O)[nH]c2c(-c3ccccc3)cnn12,3.8,3.5350435
train,6192,Cc1cc(C)c(C)n[nH+]1,4.81,4.756691
train,6193,Cc1ccccc1/[NH+]=C/N(C)C,8.27,8.276844
train,6194,Cn1c(=O)[nH]c2nc([O-])[nH]c(=O)c21,10.3,10.051831
train,6195,Nc1ccc(Cl)c[nH+]1,4.83,4.800617
train,6196,CC1(C)NC(=S)NC1=S,7.6,7.484541
train,6197,CCCCCCCCCCCC[NH+](CC(C)O)CC(C)O,7.8,8.08394
train,6198,O=[N+]([O-])C(F)(F)C(O)(C(F)(F)F)C(F)(F)F,3.9,3.8684685
train,6199,Oc1ccc(F)cc1,9.95,9.7030525
train,6200,OC1=Nc2c(O)ncnc2NC1,9.14,9.251955
train,6201,CCOC(=O)N1CC[NH+](Cc2nnc(-c3cccc(Cl)c3)o2)CC1,3.5,3.4031866
train,6202,C[NH+](C)CCCc1ccc(Cl)cc1,10.59,10.625916
train,6203,NC(=O)Cc1cccc[nH+]1,4.34,4.369936
train,6204,CN(C)C(=S)NCC(=O)O,3.71,3.6825178
train,6205,CC(=O)Nc1ccc2[nH+]c3ccccc3cc2c1,4.7,4.663327
train,6206,CC([NH3+])CC1CCCCC1,10.14,10.269434
train,6207,C=CC[NH3+],9.69,9.4677105
train,6208,C1C[NH+](CC2CO2)CCO1,5.88,5.8657837
train,6209,Cc1cccc(C)c1NC(=O)C[NH+]1CCCCC1,7.6,7.59175
train,6210,NC(=O)c1cc2[nH]nnc2nc1N,5.35,5.2794476
train,6211,CCCS(=O)(=O)n1c2c(c3cc(C(=O)N4CCC(C)CC4)ccc31)C[NH+](C1CCOCC1)CC2,7.3,7.0700026
train,6212,c1[nH]c2cc3c(cc2[nH+]1)CCCC3,5.96,5.9650726
train,6213,Oc1c(F)ccc(Cc2ccccc2)c1F,7.05,6.865038
train,6214,CC(C)CC[NH3+],10.93,10.605241
train,6215,O=[N+]([O-])CC(F)(F)F,7.4,7.3753757
train,6216,S=C1C=C[NH2+]C=C1,1.43,1.5262352
train,6217,CCC(CC)Oc1cc(C)[nH+]c(Oc2c(C)cc(C)cc2C)c1C,3.55,3.4592233
train,6218,COC(=O)c1ccc(OC)c(OC)c1C(=O)O,2.89,3.0220425
train,6219,CCOC(=O)c1c[nH]c2c(c(C)nn2C)c1=Nc1cccc(OC)c1,8.38,8.031984
train,6220,c1cc2c(cc1C[NH+]1C[C@H]3C[C@@H](C1)O3)OCO2,7.1,7.156705
train,6221,[H]/[NH+]=C(/N=C(N)N)Nc1ccc(C)cc1,10.84,10.936845
train,6222,[NH3+]CCc1c[nH]c2ccccc12,10.2,9.755487
train,6223,Clc1ccc2c(c1)Nc1nc[nH+]cc1S2,3.43,3.3944933
train,6224,CC(C)S(=O)(=O)CC(=O)O,2.52,2.5626168
train,6225,COC(=O)c1cc(O)c(O)c(O)c1,7.88,7.9249487
train,6226,CC(C)(C)[NH2+]C[C@@H](O)COc1ccccc1C1CCCC1,9.3,9.5473995
train,6227,On1nnc2ccc(C(F)(F)F)cc21,3.97,4.006029
train,6228,FC(F)(F)c1ccc(-c2[nH]cc(-c3ccccc3)[nH+]2)cc1,5.19,5.382616
train,6229,CC1=NC(C)(C)[NH2+]C(C)(C)C1,8.11,7.8812275
train,6230,[NH3+][C@H]1CCC[C@H]([NH3+])C1,8.54,8.350166
train,6231,Oc1c(F)cccc1F,7.12,6.9265833
train,6232,CC/C(=C\c1ccc(C)cc1)C(=O)O,5.11,5.215846
train,6233,Cn1c(=O)c2[nH]c(Cl)nc2n(C)c1=O,5.3,5.3445606
train,6234,Cc1ccc(S(=O)(=O)c2coc(S(N)(=O)=O)c2)cc1,8.67,8.349727
train,6235,C[C@@H]1CC[C@H](C)C1C(=O)O,5.045,5.013975
train,6236,O=C(O)c1ccnc(C(=O)[O-])c1,5.17,5.0624447
train,6237,c1ccc(-c2cccc(-c3cccc[nH+]3)n2)nc1,4.66,4.6042395
train,6238,C[C@@H]1CC(=O)C=C(O)C1,5.08,5.067972
train,6239,COc1ccn(C)c(=O)[nH+]1,0.65,0.8518041
train,6240,O=C(O)c1c(F)c(F)c(C(F)(F)F)c(F)c1F,1.44,1.505796
train,6241,CCC/C(=C\c1ccc(Cl)cc1)C(=O)O,5.0,5.0329523
train,6242,CC(C)(C)[NH2+]C1CCCCC1,11.34,11.396048
train,6243,Cc1cc([N+](=O)[O-])cnc1N[N+](=O)[O-],3.59,3.5048437
train,6244,Brc1ccc[nH+]c1,2.85,2.8220127
train,6245,Oc1ccc(O)nc1,8.51,8.382956
train,6246,CC1[NH+]=C(NCC(F)F)Nc2ccccc21,9.7,9.582675
train,6247,CSc1cc2ccccc2c[nH+]1,3.41,3.4747193
train,6248,Cc1c([N+](=O)[O-])cc([N+](=O)[O-])cc1[N+](=O)[O-],14.44,14.259007
train,6249,NC[C@@H](O)C(F)(F)F,12.29,12.185911
train,6250,O=C([O-])[C@H]1O[C@@H]1C(=O)O,3.25,3.2098143
train,6251,Oc1ncnc2c1N=CCN2,12.13,12.090463
train,6252,COc1ccc(Cl)cc1S(=O)(=O)NC(=S)NC(C)C,5.74,5.900423
train,6253,O=C(Cc1cccc(Cl)c1)c1cccnc1,12.6,12.518466
train,6254,Cc1ccc2cc(O)ccc2[n+]1[O-],8.21,8.131301
train,6255,COc1ccc(CNP(C)(=O)O)cc1,2.3,2.4875076
train,6256,c1ccc2c(c1)ccc1ccc[nH+]c12,4.25,4.251518
train,6257,CC1=C(C)[NH+]2C=CC=CC2=C1,5.43,5.374852
train,6258,COc1ccc2[nH]c3cc(Cl)ccc3c(=Nc3ccc(NS(C)(=O)=O)cc3OC)c2c1,6.52,6.7867823
train,6259,CC12CC3(C)CC(C)(C1)CC([NH3+])(C2)C3,10.58,10.559446
train,6260,C[NH+]1CC[C@]23c4c5ccc(O)c4O[C@H]2[C@@H](O)CC[C@H]3[C@H]1C5,9.35,9.274862
train,6261,C[C@@H]1CCC[C@H]([NH+](C)C)C1,10.51,10.398312
train,6262,CCCS(=O)(=O)Nc1ccc(N=c2c3ccccc3[nH]c3cc(NC(C)=O)ccc23)c(OC)c1,7.57,7.685465
train,6263,CC(C)=CCN(C1=[NH+]CCN1)c1c(Br)cccc1Br,10.75,10.868574
train,6264,CCOC(=O)CC[NH3+],9.13,8.993533
train,6265,N#C/N=C1\NC(=O)C(c2ccccc2)(c2ccccc2)N1,5.3,5.0725794
train,6266,O=C([O-])c1cncc(C(=O)[O-])c1C(=O)O,5.48,5.499447
train,6267,CCOC(=O)C1(c2ccccc2)CC[NH+](C)CC1,9.125,8.917742
train,6268,CN(C)c1cc(S)[nH+]cn1,-0.27,-0.046659112
train,6269,Cc1ccc2c(c1)[nH+]cc1ccccc12,4.76,4.668787
train,6270,CC(Cc1ccccc1)NO,10.53,10.551617
train,6271,CC[NH+](CC)CCCCCC(=O)Nc1c(C)cccc1C,10.24,10.198082
train,6272,O=C(c1ccccc1)c1ccc(Cl)cc1O,8.3,8.216985
train,6273,CC(=O)COO,10.6,10.282405
train,6274,CC(=O)Nc1nc2[nH]c(C)nc2c(=O)n1C,9.2,9.444086
train,6275,O=C(O)/C(S)=C/C1CCCCC1,3.74,3.6659367
train,6276,Cc1ccc2[nH]c(C(F)(F)F)nc(=O)c2c1,5.9,5.8114424
train,6277,O=C(O)/C=C\c1ccccc1Cl,3.91,3.9514267
train,6278,CN1[C@@H]2CC[C@@H](C2)[NH+]1C,6.89,6.91555
train,6279,CC(C)n1c[nH+]c2ccccc21,5.71,5.7470675
train,6280,O=c1cc(Cc2ccccc2)o[nH]1,5.36,5.243802
train,6281,CCC[NH+]1CCN(c2ccc(OC)cc2)CC1,7.88,7.948065
train,6282,CCOC(=O)N1CC[NH+](Cc2noc(-c3cc(Cl)ccc3F)n2)CC1,4.0,3.6077914
train,6283,CCCCS(=O)(=O)Nc1ccc(N=c2c3ccccc3[nH]c3c(C(N)=O)cccc23)c(OC)c1,6.34,6.3738832
train,6284,O=C(O)Cc1ccc2ccc(-c3ccccc3)cc2c1,6.7,6.606352
train,6285,CN(C)c1[nH]c(=S)cc[nH+]1,2.2,2.255698
train,6286,OCCc1cccc[nH+]1,5.37,5.3154507
train,6287,CCCSCC[NH+](CC)CC,8.83,8.688223
train,6288,Cc1cccc(C)c1NC(=O)C1CCCC[NH+]1C,7.6,7.6023397
train,6289,CC(C)c1ccc(Br)c(=O)c(O)c1Br,6.44,6.2216063
train,6290,CC(=O)Oc1ccc(C(=O)O)cc1,4.38,4.408253
train,6291,O=c1[nH]ccc2[nH+]ccnc12,-0.78,-0.54784155
train,6292,O=C(O)c1cc(O)cc(O)c1,4.01,4.175249
train,6293,Nc1nc(N)c(Cc2ccccc2)c(N)[nH+]1,6.55,6.7489624
train,6294,CC(C)Oc1noc2c1C[NH2+]CC2,7.5,7.4739275
train,6295,COC1C(=O)N2C(C(=O)c3ccccc3)=C(C)CS(=O)(=O)[C@H]12,9.6,9.877682
train,6296,COc1ccc(Cl)cc1C(=O)NCCc1ccc(S(=O)(=O)NC(=O)NC2CCCCC2)cc1,5.3,5.101392
train,6297,COc1cc(Cl)c(NC2=[NH+]CCN2)c(Cl)c1,8.57,8.180061
train,6298,O=C(Cc1ccncc1)c1ccc(C(F)(F)F)cc1,11.39,11.222244
train,6299,Cc1ccccc1C[N+](=O)[O-],7.6,7.287184
train,6300,COc1cccc(-c2cccc(C3(C)[NH+]=C(N)CCO3)c2)c1,9.3,9.5607395
train,6301,Nc1c2ccccc2[nH+]c2ccccc12,10.0,9.966608
train,6302,Cc1cccc(C)c1NC(=O)C(C)[NH3+],7.67,7.407549
train,6303,Cn1c(=O)c2c(=O)cn[nH]c2n(C)c1=O,8.51,8.527508
train,6304,O=C(O)c1nccc2ccccc12,4.97,4.9523945
train,6305,CCn1cccc(O)c1=O,8.99,8.872614
train,6306,Clc1c[nH+]n(-c2ccccc2)c1,-1.4,-0.9847431
train,6307,COc1cccc2c1[nH+]c(C)c1ccn(-c3ccccc3C)c12,7.4,7.5358973
train,6308,OC(c1cccc(Br)c1)C(F)(F)F,11.5,11.486268
train,6309,C[NH2+]Cc1cc(=O)oc2cc(OCc3cccc(Cl)c3)ccc12,7.18,6.750881
train,6310,O=C(O)c1ccc(Cl)c2ccccc12,3.36,3.404131
train,6311,COc1nc(-n2[nH]c(C)cc2=O)nc(C)c1C,7.64,7.6490726
train,6312,Cc1c(O)c(=O)c1=O,0.24,0.13055772
train,6313,Cn1cnc2[nH]c(=O)[n-]c2c1=O,11.87,11.63903
train,6314,O=C(CCS(=O)(=O)c1ccc2cc(Cl)ccc2c1)N1CCC(c2c[nH+]c3n2CCCC3)CC1,8.2,8.455286
train,6315,Oc1ncc2nccnc2n1,7.7,7.598547
train,6316,O=C1NCC(O)=C1O,6.2,6.1531353
train,6317,CCOP(=O)(O)O,1.6,1.7507529
train,6318,O=C(O)/C(F)=C/c1ccccc1,2.61,2.6953166
train,6319,Cc1n[nH]c(=O)[nH]c1=O,7.48,7.39163
train,6320,Cc1ccccc1O,10.4,9.908331
train,6321,CC(C)(C)[NH2+]CCO,10.11,9.995443
train,6322,CC1(c2ccccc2)CC(=O)NC1=O,8.76,8.637643
train,6323,O=C([O-])C(=O)O,4.27,4.1788235
train,6324,O=S(O)c1ccccc1,1.84,1.8304653
train,6325,Cc1[nH+]cc2n1-c1ccc(Cl)cc1C(c1ccccc1F)=NC2,6.5,6.5852814
train,6326,O=Cc1cc(Cl)ccc1O,7.4,7.301346
train,6327,CCS(=O)O,2.27,2.3072352
train,6328,O=C(Nc1cccc(OCc2ccc3c(c2)OCO3)c1)C1CCN(c2cc[nH+]cc2)CC1,9.1,9.305671
train,6329,Nc1ccc2n[nH+]c3ccccc3c2c1,6.68,6.7126265
train,6330,Cc1ccccc1[NH2+]C1CCCCC1,5.34,5.354698
train,6331,Cc1[nH+]c2c3c(c(C(=O)N4CC4)cn2c1C)CCC(c1ccccc1)O3,6.63,6.7117643
train,6332,O=C(O)[C@@H]1[C@H](C(=O)O)[C@@H]2C=C[C@H]1C2,4.25,4.493498
train,6333,[NH3+]C1OC(CO)C(O)C(O)C1O,5.6,5.7425528
train,6334,Nc1nc(N)c2nc(-c3ccccc3)c[nH+]c2n1,5.07,5.2056313
train,6335,c1ccc(Cn2cc[nH+]c2)cc1,6.66,6.6616316
train,6336,CC(C)c1cccc(C(C)C)c1O,11.1,11.183129
train,6337,Cc1cccc(C2[NH2+]CCS2)c1,5.26,5.2018423
train,6338,COC(=O)c1ccc(O)c(OC)c1,8.3,8.412928
train,6339,COc1cccc2nc[nH+]cc12,2.37,2.280222
train,6340,c1ccc(C[NH2+]C(CC2CCCCC2)CC2CCCCC2)cc1,7.7,7.6857233
train,6341,O=C(O)COc1ccc(NC(=O)CCl)cc1,2.84,3.0361187
train,6342,NC(=O)CCC(=O)O,4.54,4.6853275
train,6343,COC(=O)c1cc(N)nc(N)[nH+]1,5.32,5.344577
train,6344,CCCCCCCCn1cc(C[NH2+][C@H]2[C@H](O)[C@@H](O)[C@H](O)[C@@H](O)[C@@H]2O)nn1,7.7,7.43882
train,6345,O=C1CCCC(=O)N1O,7.6,7.6848564
train,6346,COc1ccc(OC(=O)Nc2cc(Cl)ccc2O)cc1,10.21,10.17679
train,6347,CN(C)C(=O)c1ncnc2[nH]cnc12,7.9,7.8213196
train,6348,N#Cc1ccc(-c2ccc(C[C@@H](C#N)NC(=O)C3CCCC[NH2+]3)cc2)cc1,8.4,8.541542
train,6349,CSc1nc2c([nH]c(=O)c(=O)n2C)c(=O)[nH]1,6.19,6.230854
train,6350,Cc1cn(C)c(=O)[nH+]c1N,4.69,4.702073
train,6351,OC(C[NH2+]CC(O)C1CCc2cc(F)ccc2O1)C1CCc2cc(F)ccc2O1,8.22,8.330136
train,6352,O=P([O-])(O)c1cc(F)ccc1F,6.32,6.3491364
train,6353,CC(=O)N=c1c(-c2c(Cl)cccc2Cl)cc2c[nH+]c(C)nc2n1C,2.5,2.3330345
train,6354,CC(=O)c1cc(C(=O)O)c(=O)[nH]c1C,4.68,4.775666
train,6355,COc1cccc2c1CN(C1CC3CCC(C1)[NH+]3Cc1ccccc1)C2=O,8.68,8.7570915
train,6356,N#Cc1ccc(CC(C#N)C#N)cc1,10.96,10.620664
train,6357,C/C(O)=C/C(N)=O,9.46,9.378536
train,6358,COc1cccc(OCC(=O)O)c1,3.14,3.103348
train,6359,COc1ccc(C(CCC([NH3+])C(F)(F)F)(c2ccccc2)c2ccc(C)cc2)cc1,4.63,4.6351023
train,6360,CC(C)(C)c1ccccc1C(=O)O,3.46,3.3532343
train,6361,Cn1c(=O)c2nc(N)c[nH+]c2n(C)c1=O,0.3,0.34288847
train,6362,Cc1ccccc1N1C(=O)c2cc(S(N)(=O)=O)c(Cl)cc2NC1C,9.72,9.881874
train,6363,C[NH2+][C@@H](C)[C@@H](O)c1ccccc1,10.055,9.799131
train,6364,O=C(O)c1ccc(Cl)[nH]1,4.32,4.2083397
train,6365,[H]/[NH+]=C(/c1ccccc1)c1cc(C)ccc1C,6.79,6.8531494
train,6366,O=[N+]([O-])Nc1ccc(Cl)cc1,4.5,4.3461633
train,6367,CC(=O)Nc1ccc[nH+]c1,4.37,4.2417
train,6368,Cc1nnc2n1-c1ccc(Cl)cc1C(c1ccccc1Cl)=[NH+]C2,5.375,5.720525
train,6369,C=CP(=O)(O)O,2.74,2.8496344
train,6370,CC1=Nc2cnc(O)nc2NC1,11.85,11.563637
train,6371,CCCCCS(=O)(=O)Nc1ccc(N=c2c3ccccc3[nH]c3c(C(N)=O)cccc23)c(OC)c1,6.36,6.4162474
train,6372,O=C1NC(=O)[C@H]2CC[C@@H]1CC2,9.72,9.587757
train,6373,CC/C(=C\c1cccc(Cl)c1)C(=O)O,4.85,4.9932165
train,6374,CN1C=Nc2ccccc2C1O,12.47,12.187815
train,6375,CNc1nc2[nH]cnc2c[nH+]1,3.99,4.0612645
train,6376,C/C(=N\O)C(N)=O,9.87,9.739389
train,6377,CC(C)C(C)C(=O)O,4.75,4.8712673
train,6378,Oc1cc(I)cc(I)c1,8.1,7.974845
train,6379,COc1ccccc1C(=O)O,4.09,4.1213174
train,6380,O=[N+]([O-])Cc1ccccc1,6.825,6.727523
train,6381,COCCc1[nH]cc(C)[nH+]1,8.13,8.188805
train,6382,CO[C@H]1C[C@@H]1C(=O)O,4.47,4.525012
train,6383,CC(C)C(C(=O)O)N1CC(NC(=O)Cc2ccccc2)C1=O,3.48,3.316352
train,6384,O=C(O)C12CC(C(F)(F)F)(C1)C2,3.25,3.1405551
train,6385,O=P(O)(O)c1ccc(OC(F)(F)F)cc1,1.45,1.4784659
train,6386,CC1=CC(=Nc2cc(Br)c(O)c(Br)c2)C=C(C)C1=O,5.6,5.666029
train,6387,C1=CSCC=[NH+]1,5.6,5.6040545
train,6388,N#Cc1cc(NS(=O)(=O)c2ccccc2C(F)(F)F)ccc1Cl,5.8,5.5449524
train,6389,COc1ccc([C@@H]2CCC[NH+]2C)cc1,8.9,9.010905
train,6390,Oc1cc(C(F)(F)F)cc2cccnc12,10.1,10.039351
train,6391,Oc1nccc2nccnc12,11.05,11.10534
train,6392,C[NH+]1[C@@H]2CC[C@H]1C[C@H](O)C2,9.86,10.022127
train,6393,CCCN(CCC)C(=O)c1cccc(C(=O)N[C@@H](Cc2ccccc2)[C@H](O)[C@H]2CCC[NH2+]2)c1,9.6,9.733106
train,6394,N#Cc1ccc2c(c1)N(CCC[NH+]1CCC(O)CC1)c1ccccc1S2,8.63,8.4171715
train,6395,CC1=C[NH+]2C=CC=C2C=C1,4.81,4.7620735
train,6396,O=C1C=CC(=O)C(O)=C1,4.72,4.931011
train,6397,Cc1cc(=[NH+]CCO)cc(N2CCc3ccccc3C2)[nH]1,9.2,9.167848
train,6398,Cc1cccc(S(=O)(=O)CC(=O)O)c1,2.567,2.6805983
train,6399,CCOC(=O)Cc1nc2c(O)ncnc2nc1O,6.23,6.285694
train,6400,CCCCCCCCc1noc(C=NO)n1,8.22,8.40007
train,6401,[NH3+][C@@H]1CCCC[C@@H]1[NH3+],6.43,6.2162056
train,6402,C/C(O)=C1\CCCC1=O,7.0,7.0557423
train,6403,CCN(CC)C(=O)[C@@]1(c2ccccc2)C[C@H]1C[NH3+],9.6,9.4403515
train,6404,CCOc1cc[n+]([O-])c(C(=O)O)c1,4.15,4.104019
train,6405,CC(C)([NH3+])CO,9.74,9.50338
train,6406,C[NH+](C)O,5.2,5.078513
train,6407,CCc1ccc(CCC[NH+](C)C)cc1,10.63,10.444219
train,6408,CCO[C@H]1C[C@H]1C(=O)O,4.83,4.667301
train,6409,CN(C)c1[nH+]cc[nH+]c1N,-0.24,0.07337287
train,6410,Cc1[nH+]n(C)cc1Br,0.87,0.9869212
train,6411,CCC[NH+]1C=CC(=CC=C2C=CC(=O)C=C2)C=C1,8.5,8.92719
train,6412,O=C1CC(Cc2ccccc2)NC(=O)C1C(=O)Nc1ccc(Oc2ccccc2)cc1,6.5,6.298046
train,6413,O=Cc1c[nH]cn1,10.66,10.507633
train,6414,c1ccc(-c2ccc3ccc4ccc[nH+]c4c3n2)cc1,4.9,4.8986626
train,6415,[NH3+]c1ccc2[nH]ncc2c1,5.15,5.169323
train,6416,CC(C)([NH3+])Cc1ccccc1,10.13,10.058918
train,6417,Sc1ncc(Br)cn1,5.47,5.41284
train,6418,CC1=C[C@H]2CC[C@@H](O)[C@H]2[NH+]1C,11.7,11.748047
train,6419,COc1ccc(C)c[nH+]1,3.73,3.9024212
train,6420,O=C1CCC(=O)N1,9.56,9.403906
train,6421,[NH2+]=C1N[C@@]2(c3cccc(NC(=O)c4ccc(Cl)cn4)c3)C[C@H]2CCS1,8.9,8.956032
train,6422,CC(=O)Nc1ccc(S(N)(=O)=O)cc1,9.86,9.701558
train,6423,Cn1c(=S)[nH]c(=O)c2ncc([O-])nc21,9.63,9.312874
train,6424,Cc1cccc(C)c1NC(=O)CCC[NH3+],9.35,9.247545
train,6425,C[NH2+][C@@H](C)[C@H](O)c1ccccc1,9.555,9.589236
train,6426,F[C@@H]1C[NH2+]CC[C@H]1Cc1ccccc1,8.8,8.8999
train,6427,O=C(O)c1cccc2cc3ccccc3nc12,7.4,7.6547947
train,6428,CNC(=O)C=C(c1ccc2[nH]c(=[NH2+])n(C(C)C)c2c1)c1cccc(F)c1F,6.69,6.732381
train,6429,Cn1cnc(N)c2[nH+]cnc1-2,6.1,6.074171
train,6430,COCC/[NH+]=C(\c1ccccc1)C(C)(C)O,5.75,5.572901
train,6431,CC(C)(C)c1nc(N)[nH+]cc1Br,2.93,3.0524247
train,6432,NS(=O)(=O)c1cc(Cl)c(Cl)c(S(N)(=O)=O)c1,8.15,8.173477
train,6433,O=C1C=c2ccccc2=C[NH2+]1,2.18,2.1927028
train,6434,Oc1ccc(I)c2ccc[nH+]c12,3.48,3.4653456
train,6435,O=C(O)c1cccc(Oc2ccccc2)c1,3.95,4.1271067
train,6436,Nc1nc(O)c2ncc(=S)nc-2[nH]1,5.82,5.7626324
train,6437,Cc1cc(=O)oc2cc(O)ccc12,7.8,7.7408705
train,6438,C[NH+](C)CCC(=O)C(C)(C)C,9.49,9.242472
train,6439,CCCc1cc[nH+]c2c1ccc1cccnc12,5.45,5.451417
train,6440,CCCCCCCCCCCCCCC[NH2+]CCCCCCCCCCCCCCC,11.0,11.246744
train,6441,[NH3+]c1cccc2cc(Cl)ccc12,3.48,3.3373864
train,6442,O=C(O)C1(O)CCCCC1,4.2145,4.1431203
train,6443,O[C@H]1CC2CC[NH+]1CC2,10.07,10.078779
train,6444,N#Cc1c[nH+]cnc1N,2.54,2.6130636
train,6445,Cn1n[nH+]c(N)c1C(N)=O,0.69,0.9223603
train,6446,Nc1cc[nH+]cn1,5.69,5.809207
train,6447,[NH2+]=C1NC2(CCc3ccc(NC(=O)c4ccc(Cl)cn4)cc32)CO1,8.3,8.289007
train,6448,[H]/N=C/Nc1[nH+]ccnc1C=O,5.15,5.4327765
train,6449,O=C(O)c1c[n+]([O-])ccc1Cl,1.8,1.6626987
train,6450,O=c1nc[nH]c2cccnc12,8.98,8.923876
train,6451,COC1C(=O)N2C(C(=O)C(C)(C)C)=C(CSc3nnnn3C)CS(=O)(=O)[C@H]12,11.6,12.17079
train,6452,[NH3+]Nc1cccc2ncccc12,5.36,4.9673796
train,6453,[NH3+]C1CC1,9.1,8.739407
train,6454,O=[N+]([O-])c1ccc(O)cc1O,6.15,6.2580633
train,6455,CC(c1ccc([N+](=O)[O-])cc1)[N+](=O)[O-],6.57,6.59076
train,6456,CCCCCn1cc(C(=O)c2cccc3ccccc23)c2c[nH+]ccc21,6.49,6.5344524
train,6457,C[C@]1(c2cc(NC(=O)c3cnc(Cl)cn3)ccc2F)[NH+]=C(N)CO[C@H]1C(F)(F)F,7.8,7.9615984
train,6458,O=C(O)c1cc(O)cc2ccccc12,3.69,3.7090933
train,6459,Cc1c[nH][nH+]c1-c1ccccc1,2.68,2.7114131
train,6460,CC1=Nc2c(C)nc(C)nc2[NH2+]1,4.49,4.511323
train,6461,CN(C)c1ccc2cc3c(ccc4ccccc43)[nH+]c2c1,7.31,7.518264
train,6462,CN1C=[NH+]c2ccccc2C1,9.22,8.979059
train,6463,C[C@@H]1C[C@H]1C(=O)O,4.98,4.954356
train,6464,COc1[nH+]ncc2ccccc12,3.7,3.878803
train,6465,CC(C)(C(=O)[O-])C(C)(C)C(=O)O,7.28,7.300103
train,6466,C/N=C1\[NH2+]CC(=O)N1C,7.96,7.9390097
train,6467,Cc1cc[nH+]s1,0.42,0.34492952
train,6468,CC(=O)Nc1nc2c(nc(C)n2C)c(=O)[nH]1,8.93,8.900076
train,6469,O=C(O)C1CC1,4.83,4.7653008
train,6470,Cn1c[nH+]c(Cl)c1,3.1,3.117005
train,6471,O=C(O)C1CCCCn2nnnc21,3.4,3.4479825
train,6472,C[NH+](C)C,9.8,9.527997
train,6473,C[C@H]1CCCC[C@@H]1[NH3+],10.62,10.338431
train,6474,Cc1ccc2nc3sc(S(C)(=O)=O)nc3c(O)c2c1,8.1,8.250998
train,6475,C[C@H](C1=C(CC[NH+](C)C)Cc2ccccc21)c1cnccn1,9.1,8.776161
train,6476,Cc1[nH+]c2c(/C=C/c3ccccc3)cccn2c1C,7.2,7.309005
train,6477,Cc1ccc(Cl)cc1[NH3+],3.85,3.5452483
train,6478,CC1=CC(=S)N=C(C)[NH2+]1,1.8,1.7937839
train,6479,C=CC(NC(=O)c1ccccc1)C(=O)O,3.84,3.7856445
train,6480,N#CSc1cc(C(=O)O)ccc1N,4.52,4.464819
train,6481,COC1=CC=C2[C@@H]3Cc4ccc(OC)c5c4[C@]2(CC[NH+]3C)[C@@H]1O5,8.15,8.200195
train,6482,Cc1[nH+][nH]c(-c2ccccc2)c1C,3.47,3.2249794
train,6483,CC1(C)O[C@@H]2[C@@H](CO[C@@]3(COS(N)(=O)=O)OC(C)(C)O[C@@H]23)O1,8.7,8.831504
train,6484,CC(C)[NH+]1CCC(C(=O)Nc2cccc(OCc3ccc(F)cc3)c2)CC1,9.4,9.413785
train,6485,C[C@@H]1[C@@H](C(=O)O)[C@]1(C)C(=O)O,3.93,4.0803604
train,6486,Cc1ncnc2c1N=C(O)C(O)N2,10.0,9.928406
train,6487,[NH3+]CCCCCc1ccccc1,10.51,10.308361
train,6488,Cc1cc(=[NH+]N)[nH]c2ccccc12,8.35,8.33064
train,6489,O=[N+]([O-])CCl,7.2,7.152439
train,6490,Nc1cc[nH+]c(=S)[nH]1,2.4,2.5585968
train,6491,N=C(NCCc1ccccc1)N[N+](=O)[O-],12.25,12.21932
train,6492,CN1C(=O)N(CC[NH+]2CCOCC2)C(=O)C(C)(C2=CCCCC2)C1=O,5.75,5.8228025
train,6493,CNc1nc(C)c(C#N)c(C)[nH+]1,1.69,1.830555
train,6494,O=C1C(=NC2CCCC2)C(NS(=O)(=O)c2ccccc2)C(=O)c2ccccc21,10.1,10.150694
train,6495,CCc1cc(O)cc(C)c1Cl,9.6,9.560724
train,6496,O=C(O)C#CBr,1.903,2.1398878
train,6497,COC(=O)C(c1ccccc1)C1CCCC[NH2+]1,9.24,9.244754
train,6498,Cc1cc(-c2ccccc2)nn2cc[nH+]c12,4.84,5.013916
train,6499,[NH3+]Nc1ccnc2ccccc12,8.85,9.1554985
train,6500,O=C(O)CSc1ccc(Br)cc1,3.4365,3.4375324
train,6501,Nc1ccc([N+](=O)[O-])cc1[N+](=O)[O-],15.0,14.600757
train,6502,C[NH+](C)c1ccc(N2CCOCC2)cc1,5.7,5.7862053
train,6503,Cc1ccc(Br)c(O)c(=O)c1Br,5.59,5.467779
train,6504,CCC[NH+](CC(O)CC)CC(O)CC,9.0,9.186171
train,6505,CN1CC(C)(c2cccc(NC(=O)c3ccc(Cl)cn3)c2)[NH+]=C(N)C1=O,7.6,7.922105
train,6506,CO[C@H]1CC=C2CC[NH+]3CCC(CO)=C(CCO)[C@]23C1,8.69,8.8691635
train,6507,N#CC(=NO)C(=O)Nc1ccccc1,5.12,5.080782
train,6508,COC(=O)[C@@H]1CSC[NH2+]1,3.84,3.8567026
train,6509,c1ccc([NH2+]C2CCCCC2)cc1,5.6,5.3818655
train,6510,O=C(O)Cc1nn(Cc2nc3cc(C(F)(F)F)ccc3s2)c(=O)c2ccccc12,3.0,3.0903933
train,6511,CNC(=O)C=C(c1ccc2[nH]c(=[NH2+])n(C3CCCC3)c2c1)c1ccccc1F,6.7,6.7062826
train,6512,Cn1c(=O)c(=O)[n-]c2c(=O)[nH]c(=S)[n-]c21,13.16,13.118517
train,6513,O=Nc1ccc(O)cc1Cl,5.7,5.681658
train,6514,CN([NH3+])c1ccc(Cl)cc1,4.64,4.6159153
train,6515,CSc1nc(N(C)C)cc[nH+]1,5.73,5.950865
train,6516,CC(=O)c1cc[nH]n1,11.85,11.381564
train,6517,COc1ccc(=NS(=O)(=O)c2ccc(N)cc2)[nH]n1,7.2,7.050392
train,6518,Sc1cccc(Cl)c1,5.78,5.67762
train,6519,CS(=O)(=O)Nc1ccc(N=c2c3ccccc3[nH]c3ccccc23)c(Cl)c1,6.34,6.270342
train,6520,CC[C@]12CCC[NH+]3CC[C@@]4(c5cccc(OC)c5N(C(C)=O)[C@H]4CC1)[C@@H]32,7.57,7.668811
train,6521,CSc1[nH+]c(C)cs1,2.5,2.479783
train,6522,Oc1ccc(Cl)cc1Cl,7.875,7.7086096
train,6523,O=S(=O)([O-])c1cc(Br)c2cccnc2c1O,8.56,8.527531
train,6524,O=C(Nc1cc(Cl)ccc1O)Oc1cccc(Cl)c1,9.02,9.478261
train,6525,CC(C)(C)c1cc[nH+]c(=O)[nH]1,2.78,2.6841142
train,6526,Cc1cc(O)cc(C)c1N=O,8.04,8.016442
train,6527,Cc1cc(I)c(O)c(I)c1,6.0,6.1157284
train,6528,O/N=C\c1cccc(/C=N/O)n1,10.08,10.133139
train,6529,CC(C[NH+]1CCCCC1)C(C#N)(c1ccccc1)c1ccccc1,7.54,7.530489
train,6530,[O-]c1ccc(O)c2ccccc12,10.93,10.6679
train,6531,O=C(Oc1cccc(Cl)c1)C1c2ccccc2-c2ccccc21,10.24,9.94442
train,6532,CSc1ncc2n[nH]nc2n1,5.23,5.158354
train,6533,CCC[NH+](CCO)CC(O)CC,9.0,9.097805
train,6534,C[C@@H]1[C@](Cl)(C(=O)[O-])[C@]1(C)C(=O)O,5.41,5.4394693
train,6535,C=C(O)COC,10.9,10.638905
train,6536,COc1ccc(C(O)C[NH2+]C(C)CC2=C(C)C(C)(C)CC2)cc1,8.79,8.762689
train,6537,CC(C)c1[nH+]cnc2ccccc12,2.81,2.80198
train,6538,CC(C(N)=O)S(N)(=O)=O,9.86,9.764366
train,6539,Nc1ccc2c(c1)C(O)(OO)N=NC2=O,10.1,10.21021
train,6540,Cc1cc([N+](=O)[O-])c(C(C)C)c([N+](=O)[O-])c1O,4.5,4.440601
train,6541,C(Nc1ccccc1)=[NH+]c1ccccc1,6.3,6.47311
train,6542,Cc1cc(C)nc(NS(=O)(=O)c2ccc(N)cc2)n1,7.59,7.714205
train,6543,CCCCOc1ccc(C(=O)O)cc1,4.53,4.5587835
train,6544,[H]/N=c1\[nH+]c(N)c2nc(C)c(C)nc2n1C,11.86,11.810986
train,6545,Cc1c([N+](=O)[O-])cc(Cl)c2nnn(O)c12,3.17,3.110102
train,6546,[NH3+]CC1CC2(CC2)C1,10.1,9.980715
train,6547,Cn1ccc(N)[nH+]c1=O,4.5,4.4976673
train,6548,Nc1ccc(C(=O)O)c(C(=O)O)c1,3.3,3.294829
train,6549,O=C(O)c1cc([N+](=O)[O-])c(Cl)c([N+](=O)[O-])c1,2.6,2.6173518
train,6550,CCOc1nc(=O)c2ccncc2[nH]1,7.5,7.4731617
train,6551,FC(F)(Cc1c[nH]c2ccc(-n3cnnc3)cc12)C[NH+]1CCC(Cc2ccccc2)CC1,6.7,6.3322124
train,6552,O=C(O)c1cc(F)cc(C(=O)O)c1,3.24,3.3275921
train,6553,CC(=O)c1ccc(S)cc1,5.165,5.0646677
train,6554,CC(=O)c1ccc(O)cc1,8.015,7.8979807
train,6555,CS(=O)O,2.28,2.3173683
train,6556,Cn1ccc(=S)[nH+]c1,1.16,1.3818817
train,6557,CC1(C)C[NH2+]1,8.61,8.490426
train,6558,[NH2+]=c1[nH]c2cc3c(cc2[nH]1)CCCC3,7.69,7.623255
train,6559,Cc1cc(Cl)cc(Cl)c1O,7.7,7.6568108
train,6560,CCCCc1c(-c2ccccc2)[nH]n(-c2ccccc2)c1=O,7.2,7.204112
train,6561,CCOC(=O)c1nn(C)[nH]c1=O,5.14,5.06802
train,6562,COc1ccc(S(N)(=O)=O)cc1,10.195,9.933407
train,6563,O=c1cc(C(F)(F)F)c2cc(F)c(O)cc2o1,5.7,5.56057
train,6564,COC(=O)CCCCC(=O)O,4.6,4.801961
train,6565,Cc1c(-c2noc(-c3ccc(OC(C)C)c(C#N)c3)n2)ccc2c1CC[NH+](CC(=O)N[C@@H](C)CO)C2,6.07,5.9243097
train,6566,[NH3+]C(=O)[C@]1(O)NC=Nc2ccccc21,6.88,6.9323626
train,6567,C[NH+]1C=C(C#N)C=CC1,2.7,2.5872424
train,6568,Cc1[nH+]c2c3c(c(C(=O)N(C)C)cc2n1C)CC[C@@H](c1ccc2ccccc2c1)O3,5.57,5.7197237
train,6569,O[C@H]1[NH+]=CNc2cccc(Cl)c21,6.95,7.0900955
train,6570,NS(=O)(=O)c1cc2c(s1)C(O)CCS2(=O)=O,8.34,8.338159
train,6571,C1C[NH2+][C@H]2CCCN[C@H]2C1,10.31,10.23147
train,6572,CC[NH+](CC)CCO,9.84,9.819365
train,6573,CS(=O)(=O)c1cccc([NH3+])c1,2.68,2.6119301
train,6574,CC(C)c1[nH]c2ccccc2[nH+]1,6.25,6.1848717
train,6575,[NH3+]c1ccc2ccnnc2c1,4.85,4.863123
train,6576,C/N=c1\[nH+]c(C)c(C#N)c(C)n1C,9.37,9.463598
train,6577,COc1cccc(OC)[nH+]1,1.6,1.6803546
train,6578,CN(C)c1cc(O)ncn1,10.42,10.421664
train,6579,CC(C)(O)C(=O)O,3.885,3.8113997
train,6580,C[C@H]1CC(c2ccccc2)=[NH+]N1,4.17,4.148692
train,6581,N#CCC(=O)O,2.47,2.527079
train,6582,Cc1cccn[nH+]1,3.46,3.5173538
train,6583,COC(=O)C1[C@@H](OC(=O)c2ccccc2)C[C@@H]2CC[C@H]1[NH+]2C,8.7,8.758686
train,6584,O=c1cnc2c(=O)nc(S(=O)(=O)[O-])[nH]c2[nH]1,5.03,4.972883
train,6585,[NH3+]c1cccc2c(O)cccc12,3.96,3.93229
train,6586,NS(=O)(=O)c1ccc(SCCCO)cc1,10.23,9.996914
train,6587,CC(=O)n1cc[nH+]c1C,5.03,5.295456
train,6588,CCCCCCCCCCOC(=O)c1ccc(OS(N)(=O)=O)cc1,8.09,8.143415
train,6589,NC1=C(N)C(=O)NC(=O)[NH2+]1,4.56,4.686613
train,6590,O=C1O[C@H]([C@H](O)CO)C(O)=C1O,4.26,4.262686
train,6591,CCCCCC[NH+](CC(C)O)CC(C)O,8.5,8.857357
train,6592,Nc1ccc(S(=O)(=O)Nc2ccc(Cl)nn2)cc1,5.515,5.6757936
train,6593,Cc1cc2cc3cc(C)c([NH3+])cc3[nH+]c2cc1N,0.5,0.530778
train,6594,Cc1[nH]nc2c([NH3+])cccc12,3.18,2.9726403
train,6595,COc1ccc2cc([NH3+])ccc2c1,4.64,4.4601
train,6596,CCC1(C)C(=O)Nc2ccc(S(=O)(=O)Nc3ccc(F)cc3F)cc2C(=O)N1C,7.1,7.601287
train,6597,O=C(O)c1cc(Cl)cc(Cl)c1O,2.4,2.2741337
train,6598,C/C(O)=C/C(=O)c1ccccc1,7.9,7.7592735
train,6599,OCCc1ccc[nH+]c1,5.38,5.283847
train,6600,CC(C)(C)CC(=O)O,5.0,4.989786
train,6601,O=Cc1cccc(C(=O)O)c1,3.77,3.7953718
train,6602,C[NH+](C)CC1C2c3ccccc3C(c3ccccc32)C1CO,8.86,8.845158
train,6603,CCCCN[N+](=O)[O-],6.455,6.338423
train,6604,CNC(=O)c1c(O)c(=O)cc(C)n1C,8.44,8.424147
train,6605,C[NH+](C)CCC=C1c2ccccc2COc2ccccc21,8.5925,8.247205
train,6606,O=C(O)c1ccc(S(=O)(=O)[O-])cc1,3.72,3.6127694
train,6607,Nc1ccc2[nH][nH+]cc2c1,5.12,5.14524
train,6608,Cc1ccc(C)[nH+]c1,6.43,6.3852606
train,6609,CNc1ncc(-c2ccc(Cl)cc2)c[nH+]1,3.26,3.31617
train,6610,O=C(O)C[C@@H](O)C(=O)O,3.46,3.5587664
train,6611,c1c[nH+]n[nH]1,1.17,1.2629868
train,6612,[NH3+]c1cc(Cl)c(Cl)cc1Cl,1.09,1.1627512
train,6613,C[NH+]1CCN(c2nc3c(=O)c4cc(F)ccc4[nH]c3s2)CC1,8.0,8.279328
train,6614,C[C@H]1CC[NH+]2CC[C@@H](O)[C@@H]12,10.88,10.78181
train,6615,[O-][n+]1ccc(NO)cc1,10.5,10.43136
train,6616,NS(=O)(=O)c1ccccc1C(=O)O,2.68,2.7698736
train,6617,c1ccc2c(c1)ccc1ccc3ccc4ccc5ccc[nH+]c5c4c3c12,4.55,4.628665
train,6618,CNc1nc(C)c(Br)c(C)[nH+]1,3.52,3.5107958
train,6619,NC(=S)Nc1ccc(Br)cc1,12.35,12.030043
train,6620,Cc1oncc1C(=O)Nc1ccc(C(F)(F)F)cc1,11.0,11.048388
train,6621,COc1ccc2[nH+]ccc(N)c2c1,8.93,9.192078
train,6622,O=C(O)C(Cl)(Cl)Cl,0.62333333,0.7138913
train,6623,O=[N+]([O-])c1cccc(/C=N/O)c1,10.15,10.12714
train,6624,[NH3+]c1ccc2ccccc2c1,4.11,4.2244644
train,6625,C1C[NH+]2CC[C@@H]3OC[C@H]1[C@@H]32,9.44,9.369856
train,6626,[NH3+]c1ccc(O)[nH+]c1,-0.61,-0.30435646
train,6627,Cc1cc([NH3+])ccc1-c1ccc([NH3+])cc1C,3.7,3.730355
train,6628,O=C1CC(c2ccccc2)(c2ccccc2)C(=O)N1,8.25,8.227315
train,6629,[O-]c1[nH]cnc2nc(C(F)(F)F)nc1-2,10.9,10.829589
train,6630,[NH3+]c1ccc(C(=O)O)c(Cl)c1,1.426,1.3213291
train,6631,Cc1ccnc2c1ccc1c(C)cc[nH+]c12,5.94,5.940792
train,6632,CC(C)[NH2+]C[C@H](O)COc1ccc(CC(N)=O)cc1,9.57,9.606955
train,6633,Oc1ccccc1N=c1c2ccccc2[nH]c2ccccc12,7.8,7.5448914
train,6634,CCC[NH2+]C(C)C,10.96,10.937267
train,6635,COc1cccc(C)c1C(=O)O,3.46,3.2603405
train,6636,CC(=O)Oc1cccc2ccc[nH+]c12,3.3,3.3734953
train,6637,O=C(O)c1cscn1,3.63,3.5033104
train,6638,Cc1[nH+]c2c3c(c(C(=O)N4CCOCC4)cn2c1C)CCC1(CCc2ccccc21)O3,6.74,6.854513
train,6639,C[C@H](C(=O)O)[C@@H](C)C(=O)O,3.77,3.8122728
train,6640,Oc1ccc2cc[nH+]cc2c1,5.69,5.8270874
train,6641,CCn1cc([C@]2(c3cccc(NC(=O)c4ccc(Cl)cn4)c3)[NH+]=C(N)c3c(F)cccc32)cc(C)c1=O,7.3,7.617285
train,6642,Cc1[nH+]nc2c(c1C)CCCC2,5.41,5.486635
train,6643,O=C(O)CC1CCC(=O)C1,4.64,4.5899363
train,6644,O=C1CC(=O)CC2(CCCCC2)C1,5.2,5.0933485
train,6645,Cn1cc[nH+]c1F,2.3,2.1767392
train,6646,Cc1cccc(C)c1COc1cccn2c(C)c(C)[nH+]c12,7.41,7.63476
train,6647,CCOC(=O)CC(=O)c1ccc(C)cc1,10.73,10.921955
train,6648,OC(C(F)=C(F)F)(C(F)(F)F)C(F)(F)F,6.82,6.821148
train,6649,Nc1cccc2c[nH+]cnc12,2.8,2.6901062
train,6650,O=C(O)C(=O)C(c1ccccc1)c1ccccc1,2.78,2.8222415
train,6651,C[NH+](C)CCCN1c2ccccc2CCc2ccccc21,9.472857,9.60147
train,6652,Clc1nc2ccccc2[nH]1,9.4,9.132054
train,6653,Clc1ccc(Cn2cc(NCC[NH+]3CCOCC3)nn2)cc1Cl,6.7,6.610137
train,6654,Cc1cc(N)[nH+]c(C)n1,6.97,7.050783
train,6655,Cn1c(=O)[nH]c(=O)c2nc(C(=O)O)cnc21,2.6,2.6353023
train,6656,Nc1ccc2[nH+]c3ccc(N)cc3cc2c1,5.9,5.8781977
train,6657,COc1ccc(O)cc1,10.26,10.091532
train,6658,[NH3+]c1cc(C(=O)O)cc2ccccc12,2.89,2.7938583
train,6659,O=c1[nH]c(O)c(Cc2ccccc2)s1,6.19,6.1416645
train,6660,O=S1(=O)CCS(=O)(=O)C1,13.9,14.115257
train,6661,C[NH2+]c1ccccc1,4.85,4.6538334
train,6662,CC(C)(C)c1cc(C(=O)[O-])cc(C(C)(C)C)c1O,10.8,10.512617
train,6663,Cn1nc2[nH]cnc(=O)c2n1,8.81,8.740985
train,6664,OC(O)n1ccnc1,10.07,10.091138
train,6665,CC(=O)C(CC[NH+]1CCOCC1)(c1ccccc1)c1ccccc1,6.83,7.031048
train,6666,Cc1ccc([NH3+])cc1Br,3.98,4.0375023
train,6667,O=C(O)COc1ccc(F)cc1,3.13,3.0463142
train,6668,OCn1c[nH+]c2ccccc21,5.44,5.3776093
train,6669,Cc1cc([O-])cc(O)c1,11.2,10.890127
train,6670,Cc1ccc(C#Cc2cc[nH+]cc2)cc1,4.7,4.7152233
train,6671,Nc1nc(O)nc2nccnc12,9.97,9.865576
train,6672,C[NH2+][C@H]1CCC(c2ccc(Cl)c(Cl)c2)c2ccc(C(N)=O)cc21,8.5,8.308761
train,6673,S=CNc1ccc(Cl)cc1,10.8,10.635197
train,6674,Cc1cc(=O)oc2cc(OS(N)(=O)=O)ccc12,8.0,7.9467163
train,6675,Nc1[nH+]c2ccc3ccccc3c2c2ccccc12,6.67,6.7825584
train,6676,Cc1nc(N)nc2n[nH]nc12,6.63,6.4907093
train,6677,CNc1cc(OC)[nH+]cn1,4.23,4.2930827
train,6678,S=c1[nH]cnc2[n-]ncc12,11.65,11.41236
train,6679,CC(C)SCC[NH3+],9.23,9.072239
train,6680,CCCOc1cc[n+]([O-])c(C(=O)O)c1,3.965,4.174574
train,6681,[NH3+]c1ccc(C(=O)O)cc1Br,0.209,0.14989752
train,6682,Nc1ccc(S(=O)(=O)Nc2nccs2)cc1,7.13,7.344964
train,6683,Nc1[nH+]c(Cl)ccc1[NH3+],-0.91,-0.7151315
train,6684,Cc1[nH+]c2c3c(c(C(=O)N4CCC4)cn2c1C)CCC(c1ccccc1)O3,6.64,6.767748
train,6685,C[NH+](C)CC1(CCc2ccc(C(C)(C)C)cc2)COC1,8.0,7.9267273
train,6686,CCN(CC)S(=O)(=O)c1ccsc1C(=O)O,2.77,2.8935814
train,6687,O=[N+]([O-])c1ccc(S(=O)(=O)NCl)cc1,3.5,3.583823
train,6688,Nc1cc(-c2ccccc2)[nH+]c(N)n1,6.7,6.8655634
train,6689,Brc1cccc[nH+]1,0.84,0.63627934
train,6690,CC[NH+](CC)C(C)(C)C=O,8.3,8.281617
train,6691,CCN(C)[NH2+]C,6.85,6.724
train,6692,CCOC(N)=NC(=[NH2+])Nc1ccc(Cl)cc1,9.36,9.465977
train,6693,CNc1cc(Cl)[nH+]cn1,2.24,2.4198265
train,6694,O=C(O)[C@@H]1[C@@H]2CC[C@@H](C2)[C@H]1C(=O)O,4.07,3.9514701
train,6695,COCCN=C1C(=O)c2ccccc2C(=O)C1NS(=O)(=O)c1ccccc1,9.8,10.04917
train,6696,COc1cc(NS(C)(=O)=O)ccc1N=c1c2ccccc2[nH]c2c(C(=O)NCC(C)O)cccc12,6.2,6.241892
train,6697,Nc1nc(N)c2ncc(S)[nH+]c2n1,2.02,2.0882108
train,6698,CC(O)(CCl)C(=O)O,3.2,3.2834234
train,6699,COc1cccc(CC2CCC[NH2+]C2)c1,9.9,10.016247
train,6700,FC(F)(F)c1ccc(N=P(N2CCCC2)(N2CCCC2)[NH+]2CCCC2)cc1,10.59,10.711019
train,6701,c1ccc(-c2nc[nH]n2)cc1,9.29,9.133265
train,6702,CS(=O)(=O)c1[nH+]ccc2ccccc12,-0.83,-0.8811979
train,6703,C[NH+](C)c1cccc(C#N)c1,2.969,2.8605635
train,6704,CC(=O)Nc1[nH]c(=O)c2c(nc(C)n2C)[nH+]1,3.11,3.2499044
train,6705,CC(=O)NC(CO)C(N)=O,13.6,13.523419
train,6706,CCC(=O)C=NO,8.37,8.261237
train,6707,COc1cc[nH+]nc1,3.68,3.772533
train,6708,Sc1nc2ncncc2[nH]1,6.64,6.4422035
train,6709,[SH]=c1cc[nH]c[nH+]1,6.7,6.8905344
train,6710,CC(C)CN[N+](=O)[O-],6.38,6.355917
train,6711,COc1cccc2sc(N)[nH+]c12,4.29,4.386488
train,6712,C[NH+](C)CCC=C1c2ccccc2C=Cc2ccccc21,9.69,9.627
train,6713,CC(C)(C)c1cccc(C(=O)O)c1,4.28,4.2493577
train,6714,CC(=O)C(=O)O,2.4466667,2.5078146
train,6715,O=C(O)c1cccc2cccnc12,6.77,7.1076
train,6716,Cc1ccc(Br)c(P(=O)([O-])O)c1,7.15,7.130515
train,6717,O=C(NC(Cc1cc2ccc(F)cc2[nH]1)C(=O)O)c1ccc2ccccc2c1,3.92,3.6672924
train,6718,NC(=S)Nc1cccc(Cl)c1,12.0,11.827795
train,6719,O=C1NCC(c2ccc(F)cc2)C12CC[NH+](C1(c3ccc(F)cc3)CCCCC1)CC2,8.75,8.908663
train,6720,O=P(O)(O)c1cc(F)ccc1F,1.06,1.1000209
train,6721,O=C(O)c1ccccc1-c1ccccc1C(=O)O,3.2,3.0936565
train,6722,Cc1oc2ccccc2c1C(=O)c1cc(I)c(O)c(I)c1,5.2,4.7975645
train,6723,Cn1[nH]c(=O)ccc1=O,5.46,5.356557
train,6724,Nc1cc(O)[nH]c(=O)[nH+]1,0.8,0.8377532
train,6725,C[NH+](C)C1CC2c3ccccc3C1c1ccccc12,8.67,8.636827
train,6726,Brc1c[nH+][nH]c1Br,-1.83,-1.5580738
train,6727,O=S(=O)(Nc1ccccc1)c1ccc(Cl)cc1,7.98,8.190644
train,6728,CCC1(c2ccccc2)NC(=O)NC1=O,8.5,8.528896
train,6729,CNS(=O)(=O)C(F)(F)F,7.56,7.5330553
train,6730,Oc1cccc2scnc12,8.85,8.698845
train,6731,Cc1cc2cc3cc(C)c(N)cc3[nH+]c2cc1N,8.9,8.8435335
train,6732,Oc1c2ccccc2[nH+]c2ccccc12,-0.26,-0.23119915
train,6733,O/N=C/c1cc[nH+]cc1,4.73,4.6269045
train,6734,[NH3+]CCc1ccc(Cl)cc1,9.66,9.653896
train,6735,CCCC[NH3+],10.723333,10.456516
train,6736,CCc1oc2ccccc2c1C(=O)c1cc(Br)c(O)c(Br)c1,4.5,4.436305
train,6737,CC[NH+](C)c1ccccc1,6.02,5.965707
train,6738,Cc1ccc(OCC[NH+]2CCN(C(=O)c3cccs3)CC2)cc1,6.4,6.5454044
train,6739,O=C(/C=N\O)c1ccccc1,8.4,8.341049
train,6740,c1csc([C@H]2CCC[NH2+]2)c1,9.35,9.173382
train,6741,Nc1ncccc1C(=O)Nc1nc2ccccc2s1,7.87,7.71679
train,6742,Clc1ccccc1CN(Cc1nn[nH]n1)c1ccccc1,4.34,4.3415966
train,6743,O=C(O)COc1ccccc1[N+](=O)[O-],2.9,2.9007308
train,6744,[NH3+]c1ccc(F)cc1,4.65,4.697051
train,6745,O[NH2+]c1ccc(Cl)cc1,2.58,2.4387584
train,6746,CCn1nc(C(=O)O)c(=O)c2cc3c(cc21)OCO3,4.7,4.951894
train,6747,Cn1cnc2nc[nH+]cc21,2.25,2.2894387
train,6748,COC(=O)CC1C(C(=O)O)[NH2+]CC1C(C)O,9.41,9.517559
train,6749,Cc1ccc2c(c1)[NH2+]CC[NH2+]2,2.03,2.188711
train,6750,C[C@]1(C(=O)O)C[C@]1(C(=O)O)c1ccccc1,3.84,3.8298929
train,6751,CC12CC3CC(C1)CC([NH3+])(C3)C2,10.56,10.415913
train,6752,O[C@@H](c1ccccc1)C(F)(F)F,11.9,11.565864
train,6753,OC(CBr)(Oc1ccccc1)c1ccccc1,11.18,10.9431095
train,6754,O=S(=O)(O)CC(O)C[NH+]1CCOCC1,6.91,6.9553003
train,6755,C/C(=C/C(=O)O)C(=O)O,2.375,2.5900838
train,6756,C[C@@H]1[C@@H](C(=O)O)[C@@]1(C)C(=O)O,3.69,3.9338253
train,6757,C1=[NH+]NC2(C1)CCC2,4.2,4.066469
train,6758,COc1cc(N)c(Cl)cc1C(=O)NC1CC[NH+](CCCOc2ccc(F)cc2)CC1OC,7.8,7.7214203
train,6759,CCOc1cccc(C)c1C(=O)O,3.51,3.3028128
train,6760,CN1C=CC(=C[NH+]=O)C=C1,8.23,8.260133
train,6761,CCOC(=O)C(C)=NO,9.64,9.537046
train,6762,Cc1nonc1NS(=O)(=O)c1ccc(N)cc1,4.1,4.0462446
train,6763,Nc1[nH]c(=O)[nH]c(=O)[nH+]1,1.8,1.9151344
train,6764,CCCc1ccc(C(=O)O)cc1[N+](=O)[O-],3.66,3.7567036
train,6765,Cc1nc(=O)nc(N)[nH]1,9.2,9.0831585
train,6766,Cc1nc2c(=O)[nH+]c(N)n(C)c2nc1C,3.25,3.2170775
train,6767,CC1(c2ccccc2)C(=O)NC(=O)NC1=O,7.78,7.784626
train,6768,O=C([O-])c1c(O)ccc2ccccc12,11.9,11.816733
train,6769,Cc1ccc(O)c(N)c1,10.19,9.917691
train,6770,CC(C)(C#N)[NH+]1CCCCC1,9.22,9.121097
train,6771,O=C(NCC[NH+]1CCN(c2ccc(Cl)cc2)CC1)c1ccc(F)cc1,6.46,6.3247013
train,6772,CC(=O)NCc1cc(C)cc(CNC(C)=O)c1O,9.0,8.84729
train,6773,N#Cc1cccc(S(N)(=O)=O)c1,8.84,8.906549
train,6774,NC(N)=[NH+]c1ccccc1,10.9,10.818787
train,6775,Nc1ccc(S(=O)(=O)N=c2ccc(N)c[nH]2)cc1,8.47,8.489559
train,6776,CNC(=O)NS(=O)(=O)c1ccc(Cl)cc1,4.52,4.527357
train,6777,CCOCP(=O)(O)O,1.57,1.6973047
train,6778,Cc1ccc(-c2cccc[nH+]2)o1,4.24,4.089679
train,6779,COc1ccc(O)c(Br)c1,8.62,8.688486
train,6780,[NH2+]=c1[nH]c2ccccc2[nH]1,7.496667,7.475705
train,6781,Nc1cc2ccccc2c[nH+]1,4.95,4.802126
train,6782,Cc1cc(C)cc(S)c1,6.7,6.665636
train,6783,NC(N)=[NH2+],13.6,13.428738
train,6784,Nc1c2ccccc2[nH+]c2ccc(O)cc12,7.67,7.7812777
train,6785,O=c1c2ccccc2n(CCCC[NH+]2CCOCC2)c2ccc(Cl)cc12,4.91,4.74613
train,6786,CC1=C(C)C(=O)[NH+](C)O1,-1.36,-1.3794911
train,6787,CCS(=O)(=O)CS(=O)(=O)CC,12.085,12.022083
train,6788,CNC(=O)c1cc[nH+]cc1,3.8,3.6839173
train,6789,COC(C)=CC(=O)O,5.81,6.041111
train,6790,CC(C)N[N+](=O)[O-],6.5,6.3413715
train,6791,Nc1cc(O)ncn1,10.05,9.750146
train,6792,CCCCCCCCCCN(Cc1nn[nH]n1)c1ccccc1,4.87,4.744066
train,6793,COc1c(C(=O)O)oc2ccccc12,3.7,3.6054451
train,6794,CCCCCCCCCC[NH+](CCO)CC(C)O,7.5,7.4441643
train,6795,O=C(O)C1CCCCCC1,4.91,4.99988
train,6796,[NH3+]c1ccccc1-c1ccccc1,3.78,3.43361
train,6797,N#Cc1ccc(O)cc1,7.91,7.771495
train,6798,O=C(O)C=C=Cc1ccccc1,3.69,3.7057016
train,6799,Nc1ccc(S(=O)(=O)Nc2ccc(Cl)cc2)cc1,8.58,8.741772
train,6800,CN(C)c1[nH+]cnc2c1ncn2[C@H]1O[C@@H](CO)[C@H](O)[C@@H]1O,3.65,3.5476902
train,6801,CN1C(=O)c2ccccc2N(C)C1O,11.1,10.853468
train,6802,NS(=O)(=O)c1ccc(S(N)(=O)=O)cc1,9.4,9.439335
train,6803,CCCCCC(O)OC,13.3,13.189766
train,6804,CCS(=O)(=O)Nc1ccc(N=c2c3ccccc3[nH]c3ccccc23)c(OC)c1,7.4,7.5736647
train,6805,CC[NH2+]Cc1ccc(C)cc1,10.04,9.870151
train,6806,NNC(=O)c1ccc(F)cc1,12.35,12.129316
train,6807,[NH3+][C@@H]1C[C@H]1c1ccc(F)cc1,8.25,8.05823
train,6808,COc1ccc(S(=O)(=O)Nc2ccc(C)cc2)cc1,9.8,9.957594
train,6809,[NH3+]OCc1ccccc1,4.34,4.2944584
train,6810,COc1cc2c(cc1OC)C(=O)Cc1ccc3c(c1C[NH+](C)CC2)OCO3,8.09,8.110911
train,6811,Brc1cccc2[nH+]cccc12,3.62,3.5910466
train,6812,Cn1c(=O)[nH]c2[nH]c(N)[nH+]c2c1=O,2.21,2.0296962
train,6813,CC1[C@@](C)(C(=O)[O-])[C@]1(C)C(=O)O,5.42,5.429756
train,6814,O=C(c1ccccc1)c1ccc(O)c(O)c1,7.74,7.7696104
train,6815,O=C(NCC[NH+]1CCOCC1)c1ccc(Cl)cc1,6.255,6.301401
train,6816,O=C(O)[C@@H]1CC[C@H](C(=O)O)C1,4.23,4.244177
train,6817,O=C(c1ccccc1)c1ccccc1O,9.285,9.050165
train,6818,O=[N+]([O-])C(F)F,12.4,12.264006
train,6819,Cc1cc(N)[nH+]c(N)n1,7.63,7.713358
train,6820,CC(CC(=O)O)c1ccc(Br)cc1,4.57,4.6518326
train,6821,[NH3+]NCCO,7.12,6.9456015
train,6822,COC(=O)CC(=NO)C(C)=NO,9.77,9.857338
train,6823,NC1=[NH+]C(c2ccc(OC(F)F)cc2)(c2cccc(OCCCF)c2)C2=NCC(F)(F)CN21,6.5,6.621582
train,6824,Clc1ccc(Cl)c(-c2c[nH]nn2)c1,8.17,8.037403
train,6825,O=S(=O)(N=c1nccc[nH]1)c1ccccc1,5.91,5.8613863
train,6826,CCCCCC(=[NH2+])NN(C)C,10.4,10.255257
train,6827,COc1cccc(-c2cccc(C3(C4CCOCC4)N=C(C)C(=[NH2+])N3)c2)c1,6.0,5.842285
train,6828,CC(=O)N[C@@H](Cc1cc(F)cc(F)c1)[C@H](O)[C@H]1CC[C@@H](OCC2CCCCC2)C[NH2+]1,8.6,8.681789
train,6829,O=C(O)c1cn[nH]n1,3.22,3.2021165
train,6830,Nc1ncc[nH+]c1N,4.88,4.8435345
train,6831,Cc1cc(C)[nH+]c(O)n1,3.77,3.8427083
train,6832,Cn1[nH]c(=O)[nH]c1=O,5.3,5.1186743
train,6833,O=C(O)CCC[C@@H]1c2ccccc2C[C@H]1NC(=O)c1cc2cc(F)ccc2[nH]1,4.24,4.322683
train,6834,Oc1ccc(I)c2cccnc12,8.65,8.62031
train,6835,CC1(C)CNS(=O)(=O)NC1,10.78,10.693837
train,6836,CNc1cc[nH]c(=S)n1,11.12,10.893923
train,6837,CCC(C)(C)[NH2+]CC(O)COc1ccccc1C(=O)CCc1ccccc1,9.2,9.240091
train,6838,O=Nc1ccc2ccc(S(=O)(=O)[O-])cc2c1O,7.22,7.167078
train,6839,CCC[NH+](CCC)c1ccccc1,6.13,6.379759
train,6840,Cc1cc(C)c(O)c(C)c1,10.89,10.726697
train,6841,NC(=O)c1ccccc1O,8.37,8.173004
train,6842,N#Cc1ccc(N[NH3+])cc1,4.25,3.9798927
train,6843,CCC1(C)NC(=O)c2cc(S(=O)(=O)Nc3ccccc3)ccc2NC1=O,8.7,9.0061245
train,6844,C=C(O)SCC,7.8,7.706134
train,6845,CC(=O)N(C)c1cc[nH+]cc1,4.62,4.5451975
train,6846,CCc1csc[nH+]1,3.204,3.2706082
train,6847,ClC1CC2CC[NH+]1CC2,6.98,6.733905
train,6848,OOC(Cl)(Cl)C(Cl)(Cl)Cl,9.0,9.072041
train,6849,Nc1cc(Cl)ccc1C(=O)O,4.44,4.545969
train,6850,O=Cc1ccc(O)cc1Cl,6.6,6.4834213
train,6851,C=C(F)CN(CC)C(=O)[C@@]1(c2cccs2)C[C@H]1C[NH3+],9.4,9.347063
train,6852,Nc1cc([NH3+])cc([NH3+])c1O,3.1,3.171885
train,6853,[NH3+]c1cc(Cl)c2ccccc2c1,3.38,3.2137048
train,6854,O=C(O)C[Se]c1ccc(S)cc1,3.77,3.8251245
train,6855,ONCC(F)(F)F,11.3,11.04805
train,6856,[NH3+]c1ccc2c(c1)Cc1cccc(O)c1-2,4.73,4.541813
train,6857,COc1ccc(C(=O)O)cc1C,4.41,4.460107
train,6858,c1ccn(-c2[nH]cc[nH+]2)c1,5.36,5.3173323
train,6859,CC[NH+](CC)c1ccccc1,6.6,6.9031324
train,6860,C=C(C)C(=O)OCC[NH2+]CC(C)C,8.91,8.926683
train,6861,Nc1nc(N)[nH+]c(Oc2ccccc2)n1,2.8,2.8975294
train,6862,Oc1c(F)c(F)c(F)c2c(F)c(F)c(F)c(F)c12,7.05,7.051592
train,6863,CSc1nc2[nH]cnc2c[nH+]1,1.89,1.9521987
train,6864,[NH2+]=C1NCCCN1,14.1,13.992342
train,6865,O=C(O)c1ccc(F)cc1,4.14,4.1689634
train,6866,COc1cc(NS(C)(=O)=O)ccc1N=c1c2ccccc2[nH]c2c(C(=O)NCC(N)=O)cccc12,6.18,6.1367617
train,6867,CCc1cccc2c(N)[nH+]c(N)nc12,8.29,8.500252
train,6868,Cc1cn2c3c(=O)n(C)c(=O)n(C)c3nc2n1CCC[NH+]1CCN(c2cccc(Cl)c2Cl)CC1,7.61,7.7902546
train,6869,O=C([O-])C1(C(=O)O)CCC1,5.55,6.0238686
train,6870,NS(=O)(=O)c1cc2c(s1)S(=O)(=O)CCC2=O,7.92,7.708024
train,6871,NNC(=O)c1cccc([N+](=O)[O-])c1,11.36,11.272928
train,6872,[H]/[NH+]=C([NH3+])/N=C(\N)N(C)C,2.77,2.6517174
train,6873,C=C(C)C(=O)NC(C)C[NH+](C)C,8.51,8.338328
train,6874,O=C(O)CS(=O)(=O)c1ccc([N+](=O)[O-])cc1,2.33,2.3543634
train,6875,COC(=O)C1[C@H]2CC[C@@H](C[C@H]1OC(=O)c1ccccc1)[NH+]2C,8.63,8.72392
train,6876,Cc1ccc(N)[nH+]n1,5.29,5.2664156
train,6877,COc1ccc2c(c1)[C@]13CCCC[C@@H]1[C@H](C2)[NH+](C)CC3,9.185,9.359364
train,6878,Cc1ccc(C[NH3+])cc1,9.54,9.207039
train,6879,Cc1cc(I)ccc1C(=O)O,3.79,3.8454266
train,6880,CC([NH3+])Cc1ccccc1,9.9,9.548586
train,6881,C[NH+](CCO)c1ccccc1,4.89,4.6636963
train,6882,Nc1cc(O)[nH]c1O,9.0,8.876003
train,6883,CC(C(=O)O)c1ccccc1,4.35,4.4671526
train,6884,O=C(O)CCCC(=O)O,4.383333,4.448102
train,6885,O=C(O)c1ccc2ccccc2n1,4.98,4.8522997
train,6886,CC(O)(O)Oc1ccc([N+](=O)[O-])cc1,10.35,10.161154
train,6887,Cc1cc(=O)n(-c2ccccc2)[nH]1,9.1,8.743082
train,6888,[NH3+][C@H]1C[C@@H]1c1ccc(Br)cc1,8.13,8.017543
train,6889,Clc1cccc(-c2c[nH]nn2)c1,8.32,8.175143
train,6890,NC(=S)N/N=C1\C=Cc2ccccc2C1=O,9.27,9.146324
train,6891,[NH3+]N1CCCCC1,7.51,7.640547
train,6892,Oc1ccc2c(c1)[nH+]cc1ccccc12,4.78,4.715129
train,6893,Nc1nc(O)c2ncc(O)nc2n1,7.34,7.0371904
train,6894,COc1noc2c1C[NH2+]CC2,7.6,7.408272
train,6895,CCOCCS,9.38,9.250395
train,6896,CC(O)C[NH+](Cc1ccccc1)CC(C)O,7.5,7.655058
train,6897,Cc1ccccc1C(=O)N(O)c1ccccc1,8.08,8.076074
train,6898,C=C1[NH+]=[N+]=Cc2c[c-]ccc21,4.37,4.334689
train,6899,CC(C)CCSC(=[NH2+])c1ccccc1,8.43,8.554045
train,6900,O=C(O)CCCCCC(=O)O,4.485,4.603307
train,6901,O=C(O)CCCO,4.72,4.685089
train,6902,Cc1cc[nH]c(=NS(=O)(=O)c2ccc(N)cc2)n1,6.785,6.4285
train,6903,Nc1cccnc1C(=O)O,7.18,7.279454
train,6904,Nc1cc2ccccc2n[nH+]1,3.7,3.670501
train,6905,S=c1ccc2ccccc2[nH]1,10.21,10.011131
train,6906,N#CC(CCCC(=O)O)c1ccccc1,4.64,4.73125
train,6907,NNC(=O)c1ccc(Cl)cc1,12.12,12.097441
train,6908,CN(O)C(=O)c1c[nH]cn1,8.57,8.574827
train,6909,COc1cc(/C=C2\CCCN3C2=NOC3(C)c2ccc(F)cc2)ccc1-n1c[nH+]c(C)c1,6.7,6.986453
train,6910,CC12CC(C(=O)O)(C1)C2,4.12,3.9824746
train,6911,CC(=O)C1CC(C(=O)O)C1(C)C,4.63,4.677985
train,6912,CC(=O)Nc1cc(O)cc2ccccc12,9.31,9.202524
train,6913,CCCC(CCC)C(=O)O,4.8,4.773344
train,6914,NS(=O)(=O)c1nnc(NC(=O)CCl)s1,5.7,5.6588335
train,6915,Cc1nc2nc(C)c(C)nc2c[nH+]1,3.76,3.8697274
train,6916,ON/C=C\c1ccns1,8.6,8.31677
train,6917,[NH3+]C[C@H]1CCCC[C@@H]1O,10.18,10.164408
train,6918,COc1ccc(C(=O)NN)cc1,12.83,12.667021
train,6919,Fc1ccc2[nH]ccc2c1,16.3,16.039503
train,6920,CCCC(C(=O)Nc1c(C)cccc1C)[NH+](CC)CC,7.89,7.896652
train,6921,C=CCc1ccccc1OCC(O)C[NH2+]C(C)C,9.527143,9.5924015
train,6922,CCC1(CC)OC(=O)NC1=O,5.7,5.6005354
train,6923,CO[C@H]1CNC=[NH+]C1,11.72,11.356987
train,6924,CCC1C(=O)OC[C@@H]1Cc1c[nH+]cn1C,6.99,7.2645197
train,6925,O=C(NCc1ccc(S(=O)(=O)c2cc(F)cc(F)c2)cc1)c1ccc2[nH+]ccn2c1,5.3,5.4438047
train,6926,O=P(O)(O)c1cccc(O)c1,1.78,2.052248
train,6927,COc1c[nH+]ccn1,0.75,0.7639792
train,6928,OC(C(F)(F)F)(C(F)(F)F)C(Cl)(Cl)Cl,5.1,5.004301
train,6929,O=C1CC(C2CCCCC2)NC(=O)C1C(=O)Nc1ccc(C2CCCCC2)cc1,6.5,6.3760624
train,6930,CC(C)Oc1ccc(C(=O)O)cc1,4.68,4.6124086
train,6931,NN=Cc1ncnc2[nH]cnc12,9.2,9.038946
train,6932,CCSCC(=O)O,3.74,3.6305
train,6933,[NH3+]c1ccc(O)c([NH3+])c1O,2.9,2.8078268
train,6934,O=C(O)C[Se]c1ccc(C(=O)O)cc1,3.49,3.4153187
train,6935,O=C1CCC(O)=C1NC(=O)c1ccccc1,5.1,5.0867844
train,6936,Cc1c[nH][nH+]c1,3.09,3.1379893
train,6937,Cc1[nH+]c2c3c(c(C(N)=O)cn2c1C)CCC(c1ccccc1)C3,7.26,7.225911
train,6938,Cc1cccc(C(=O)O)c1Br,2.9,2.8985195
train,6939,COC1=N[NH+]=C(c2ccc(C)cc2)CC1,5.01,5.12759
train,6940,O=P(O)(O)Oc1cccc2ccccc12,0.97,1.0306613
train,6941,Cc1cc(C(F)(F)F)ccc1-c1cccc2cc(S(=O)(=O)N=c3[nH]cns3)ccc12,3.6,3.6727793
train,6942,CC[NH+]1CCN(c2cc(=O)oc3c(C)c(O[C@@H]4OC(C)(C)[C@H](OC)[C@@H](OC(=O)c5ccc(C)[nH]5)[C@H]4O)ccc23)CC1,7.5,7.5060883
train,6943,Cc1cc(C(=O)N2CCCC2c2c[nH+]c(-c3cccc(Cl)c3)cc2C)no1,4.2,4.0989056
train,6944,C=C[C@@H]1CNC(=S)O1,10.25,9.950834
train,6945,C[NH+](CC1CO1)CC1CO1,6.45,6.5269194
train,6946,COCOc1c(C)cccc1C(=O)O,3.7,3.5556285
train,6947,Cc1cn2c3c(=O)n(C)c(=O)n(C)c3nc2n1CCC[NH+]1CCc2ccccc2C1,8.66,8.571044
train,6948,Cc1cc(C(=O)Nc2ccc(-c3ccccc3S(N)(=O)=O)cc2)n(-c2ccc3cc[nH]c(=N)c3c2)n1,6.7,6.674513
train,6949,CCCCC1(C2CCCC2)Cc2cc(OCCCC(=O)O)c(Cl)c(Cl)c2C1=O,4.4,4.2909503
train,6950,Cc1ccc2cccc(N)c2[nH+]1,4.86,4.765605
train,6951,C#C/C=C/C(=O)O,3.75,3.8234422
train,6952,CC=CCC(=O)O,4.485,4.5792446
train,6953,Brc1cccc(Br)c1N(C1=[NH+]CCN1)C1CCCC1,11.2,11.073748
train,6954,O=C(O)Cc1cccc2oc(-c3ccc(Cl)cc3)nc12,6.1,6.414628
train,6955,CC(=O)NOCCc1ccccc1,9.58,9.597904
train,6956,Cc1cccc(/[NH+]=C/N(C)C)c1,9.11,9.018725
train,6957,CC1(C)SC[NH2+][C@H]1C(=O)O,1.58,1.4978001
train,6958,CCCn1c[nH+]c2ccccc21,5.46,5.533187
train,6959,O=C(O)C1C[C@@H](O)C[NH2+]1,9.64,9.922819
train,6960,O=C(O)C(F)(F)C(F)(F)C(F)(F)F,0.64,0.55875343
train,6961,CO[C@H]1CN(c2nc(-c3ncnn3C)c(C(=O)O)s2)CC[C@H]1NC(=O)c1[nH]c(C)c(Cl)c1Cl,4.5,4.232519
train,6962,O/N=C/c1cc[nH]n1,10.5,10.444463
train,6963,CC1CC(OCC(O)C[NH2+]C(C)(C)C)CC(C)(C)C1,9.94,9.902933
train,6964,NCc1ccc(S(N)(=O)=O)cc1,10.155,10.132045
train,6965,C1CCC[NH2+]CC1,11.1,10.881796
train,6966,C[C@@]1(c2cc(NC(=O)c3ccc(Cl)cn3)ccc2F)CCCOC(=[NH2+])N1,10.4,10.433214
train,6967,O=C1C=CN2C[C@@H]3C[C@@H](C[NH+]4CCCC[C@H]34)[C@@H]2C1,9.25,9.266398
train,6968,O=C(O)c1ccco1,3.272,3.2700636
train,6969,Cn1c(=O)[nH]c2c(=O)[nH]c(=O)[nH]c21,5.77,5.8508253
train,6970,COc1cc(OC)[nH]c(=NS(=O)(=O)c2ccc(N)cc2)n1,7.12,7.0118246
train,6971,Cc1[nH+]ccc2sccc12,6.17,6.1665325
train,6972,NC(=O)C(=NO)c1ccccc1,9.825,9.7576685
train,6973,CSc1nc2nc(O)ncc2[nH]1,7.2,7.0275145
train,6974,CCCCOC(=[NH2+])c1ccccc1,6.09,6.221859
train,6975,CCC(=O)OC(C)C[NH+](C)C,8.26,8.2079935
train,6976,COC(=O)C1C(CN2CCOCC2C(=O)O)=NC(c2nccs2)=N[C@H]1c1ccc(F)c(F)c1C,5.7,5.644706
train,6977,C[NH+]1[C@@H]2CC[C@H]1C[C@H](OC(=O)C(CO)c1ccccc1)C2,9.66,9.859463
train,6978,Ic1cccc[nH+]1,1.82,1.7399358
train,6979,COc1cc(NS(C)(=O)=O)ccc1N=c1c2ccccc2[nH]c2c(Br)cccc12,6.09,6.2228785
train,6980,C/C(=C\C(=O)O)C(=O)O,3.09,3.1236787
train,6981,NC(=O)NCC(=O)O,3.7,3.759942
train,6982,COc1ccccc1/C=C\C(=O)O,4.27,4.2882795
train,6983,CNc1cccc(C(=O)O)c1,5.1,4.95341
train,6984,Fc1cc(F)c(F)c(S)c1F,2.75,2.6884482
train,6985,CNc1[nH]c(=O)cnc1C(N)=O,7.48,7.2361546
train,6986,Fc1ccc2[nH+]c[nH]c2c1F,3.6,3.681806
train,6987,Nc1nc(N)c(C(=O)c2ccccc2)c[nH+]1,4.63,4.731251
train,6988,NC(=O)/C=C(\O)c1ccncc1,7.36,7.2295513
train,6989,Cc1cccc(N)c1C(=O)O,3.2,3.0041802
train,6990,N#Cc1ccc(C(=O)NO)cc1,8.16,8.123692
train,6991,ON=Cc1cnsn1,9.45,9.438366
train,6992,OCCCCc1cccc[nH+]1,5.83,5.7494307
train,6993,O=[N+]([O-])c1cc(Cl)cc([N+](=O)[O-])c1O,2.96,2.933505
train,6994,CCCCC[NH+](CC(C)O)CC(C)O,9.0,9.03907
train,6995,CCC1(C)NC(=O)c2cc(S(=O)(=O)Nc3ccc(Cl)cc3)ccc2N(C)C1=O,7.9,8.45072
train,6996,CCCCCCCCCC[NH3+],10.64,10.308201
train,6997,CCCC[C@]1(C2CCCC2)Cc2cc(OCC(=O)O)c(Cl)c(Cl)c2C1=O,3.9,3.886989
train,6998,C[C@@H]1CCC[C@H](C)[NH+]1CC(C)(C)O,10.65,10.635107
train,6999,CC(O)CCC(=O)O,4.69,4.809581
train,7000,CCCC1CCC[NH+]1C,9.78,9.9328785
train,7001,Cc1ccc(Br)c(=O)c(O)c1Br,5.59,5.50904
train,7002,N#Cc1ccc(P(=O)(O)O)cc1,1.27,1.4194729
train,7003,SCCN1CCCCC1,11.05,10.87338
train,7004,O=C(O)c1csc([N+](=O)[O-])c1,3.245,3.2688875
train,7005,COc1ccc(/C=C/C(=O)O)cc1OC,4.55,4.60954
train,7006,CCCN[N+](=O)[O-],6.37,6.3299656
train,7007,OCc1ccc(O)c(CO)c1,9.77,9.694877
train,7008,Cc1ccc(O)cc1[N+](=O)[O-],8.62,8.587069
train,7009,O=P([O-])(O)c1ccc(C(F)(F)F)cc1,6.48,6.4923286
train,7010,O=C(O)c1nc2c(O)ncnc2nc1O,3.0,3.1002839
train,7011,CCOC(=O)c1c[nH]c2c(c(C)nn2C)c1=Nc1cccc(Cl)c1,7.06,7.926403
train,7012,CC(=O)N(O)c1ccc(Cl)cc1,8.37,8.514082
train,7013,O=C(O)c1c([N+](=O)[O-])cccc1[N+](=O)[O-],1.14,1.2676392
train,7014,CCCCCCCOC(=O)c1ccc(OS(N)(=O)=O)cc1,8.27,8.306423
train,7015,O=C(O)CC(S)C(=O)O,3.27,3.2931159
train,7016,CC(=NO)c1ccc(Cl)cc1,10.3,10.284516
train,7017,Nc1c(O)ccc([NH3+])c1O,5.6,5.5126066
train,7018,Cc1nc(Oc2ccccc2)cc[nH+]1,3.17,3.1421301
train,7019,Oc1ccccc1F,8.8,8.541698
train,7020,Cc1cc(Cl)ccc1NS(=O)(=O)C(F)(F)F,3.9,3.9942286
train,7021,Cn1c(=O)c2c[nH]nc2n(C)c1=O,9.26,8.966208
train,7022,Cc1cc(O)[nH+]c(Cl)c1,0.2,0.33416995
train,7023,O=C(O)C(O)(O)C(=O)O,1.0,1.0487
train,7024,Cc1ccc2c(c1)NC(=S)[NH2+]2,6.15,6.4549828
train,7025,OCC(F)(F)C(F)(F)C(F)(F)F,11.4,11.206192
train,7026,CCc1cc(=[NH2+])cc(N2CCc3ccccc3C2)[nH]1,9.0,8.748512
train,7027,[H]/N=c1\[nH+]cc(-c2ccc(F)cc2)cn1C,10.62,10.471655
train,7028,N#Cc1ccc(O)c2ccccc12,7.08,7.0148506
train,7029,O=C(O)/C(I)=C/c1ccccc1,3.3,3.2171013
train,7030,Cc1cc2c(n[nH+]1)CCC2,4.93,4.85717
train,7031,O=C1C=CC(=Nc2ccc(O)cc2Br)C=C1,7.7,7.7751207
train,7032,OC[C@@H]1O[C@H](n2ccc3c2ncn2cc[nH+]c32)[C@@H](O)[C@H]1O,5.49,5.406434
train,7033,O=c1[nH]c2cc(C(F)(F)F)ccc2n1-c1cc(Cl)ccc1O,9.6,9.714904
train,7034,O=C1CNC(=S)N1,8.51,8.397598
train,7035,[NH3+]Cc1ccc(Br)cc1,9.13,8.873608
train,7036,[NH3+]c1ccc2c3c(cccc13)CC2,4.58,4.589574
train,7037,CCCCCCCCCCCC[NH2+]CC(F)(F)F,5.5,5.4050226
train,7038,CCCCC1CCC[NH+]1C,10.01,10.004574
train,7039,Cc1nn(C)cc1C(=O)O,4.52,4.567234
train,7040,N[C@H]1C[C@@H]([NH3+])C[C@@H]([NH3+])C1,8.7,8.62528
train,7041,CCc1cccn[nH+]1,3.58,3.595784
train,7042,NC=[NH+]O,5.05,4.968728
train,7043,CC(C)C(=O)O,4.86,4.8199415
train,7044,CSc1nc2c[nH]ccc-2[nH+]1,5.98,6.3810854
train,7045,NC(=O)C12CC[NH+](CC1)CC2,9.47,9.299676
train,7046,CCOc1cccc([NH3+])c1,4.15,4.085213
train,7047,OCCCS,10.19,9.983203
train,7048,[NH3+]c1ccc(Cl)cc1,3.99,3.9283566
train,7049,CCN(CC)C(=O)[C@]1(c2ccccc2)C[C@@H]1C[NH3+],9.7,9.552948
train,7050,CS(=O)(=O)c1ccc(N[N+](=O)[O-])cc1,3.79,3.649112
train,7051,O=C(O)c1c(Br)cccc1[N+](=O)[O-],1.37,1.5403231
train,7052,Cc1cc[nH+]o1,-1.61,-1.3965318
train,7053,O=C(O)CO[N+](=O)[O-],2.26,2.3142223
train,7054,Cc1cc2[nH+]cn([C@H]3OC[C@@H](O)[C@@H](O)[C@@H]3O)c2cc1C,4.58,4.6460133
train,7055,Cc1c(N)nc(N)[nH+]c1-c1ccc(Cl)c(Cl)c1,7.15,7.3555984
train,7056,c1ccc(-c2nc[nH]c2-c2ccccc2)cc1,12.8,12.868816
train,7057,CC(=O)c1ccc(O)c([N+](=O)[O-])c1,5.09,4.9805136
train,7058,N#Cc1ncnc2nc[nH]c12,6.88,6.856619
train,7059,N[C@@H]1CCCC[C@H]1[NH3+],9.74,9.528038
train,7060,C[C@]12CC(C(=O)O)OC(=O)C1CC[C@@]1(C)[C@@H]2[C@H]2CCC1(O)C(=O)O2,3.5,3.4488857
train,7061,CC12CCC(=O)C=C1c1c(cc(OCC(=O)O)c(Cl)c1Cl)C2,3.75,3.7526925
train,7062,Nc1ccc2[nH+]c3ccc4ccccc4c3cc2c1,6.4,6.393669
train,7063,O=C1CCC(=O)C1Cc1ccc(Br)cc1,4.2,4.1345053
train,7064,c1ccc(-c2cnc3c(ccc4ccc[nH+]c43)c2)cc1,4.82,4.718752
train,7065,Cc1cc(C[NH+](C)C)ccc1OC1CN(C(=O)c2nnc(-c3ccccc3)o2)C1,9.3,9.275936
train,7066,CC(C)(C(=O)O)C(=O)O,3.17,3.2190735
train,7067,O=C(Nc1ccc(Br)cc1C(=O)O)c1cccc(S(=O)(=O)N2CCOCC2)c1,2.79,2.7079222
train,7068,CO[C@@H]1[C@@H](OC(=O)c2ccc(C)[nH]2)[C@@H](O)[C@H](Oc2ccc3c(N4CC(C)[NH2+]C(C)C4)cc(=O)oc3c2C)OC1(C)C,8.0,7.9528065
train,7069,O=C(NC1CC[NH+](CCc2c[nH]c3ccccc23)CC1)c1ccccc1,7.7,7.5178413
train,7070,CCOC(=O)CNC(=N)N[N+](=O)[O-],11.2,11.028951
train,7071,O=C(O)c1ccsc1,4.0,3.965757
train,7072,Nc1ccc([NH3+])c(N)c1,6.1,6.0575714
train,7073,O=C(O)COc1ccccc1O,3.02,3.0996673
train,7074,COc1cc(C=O)ccc1O,7.38,7.3337364
train,7075,O=[N+]([O-])c1ccc(O)c(/C(=N/O)c2ccccc2)c1,7.3,7.1486263
train,7076,C[NH2+]CC(=O)N(C)C,8.86,8.678392
train,7077,CCC(CBr)C(=O)O,3.92,3.8843062
train,7078,Fc1ccc(CN(Cc2nn[nH]n2)c2ccccc2)c(F)c1,4.13,4.131757
train,7079,Nc1nc(N)c2ccc[nH+]c2n1,6.62,6.642597
train,7080,Nc1ccc(C(=O)O)cc1O,4.59,4.719865
train,7081,C=Cc1cccc[nH+]1,4.98,4.8826714
train,7082,O[C@@H](c1ccccc1)[C@@H]1CCCC[NH2+]1,9.57,9.628248
train,7083,CCCc1nc(=O)c2ccncc2[nH]1,8.8,8.608869
train,7084,Clc1ccc2c(=[NH+]Cc3nc(-c4ccccc4)co3)cc[nH]c2c1,6.36,6.2937155
train,7085,Nc1cc[nH+]c(N)[nH+]1,-1.01,-0.6520579
train,7086,O=C([O-])[C@H]1CCC[C@@H](C(=O)O)C1,5.46,5.6388855
train,7087,[H]/N=c1\[nH]c2ncnc-2c([O-])[nH]1,12.3,12.166786
train,7088,COc1cc(CO)ccc1O,9.79,9.666973
train,7089,CC(C)(C)[NH+]1CCCC1,11.13,11.001623
train,7090,Cc1ccc(NCC(C)C(=O)O)cc1,5.17,5.0047445
train,7091,CC(C)CN(C1=[NH+]CCN1)c1c(Br)cccc1Br,11.02,10.941246
train,7092,CC(C)=CC(=O)O,5.13,5.393285
train,7093,CCCCCCCCCCCCCCCCCC[NH+](CC(C)O)CC(C)O,9.4,9.753561
train,7094,C1CC[C@H]2C[NH2+]CC[C@@H]2C1,11.32,11.170197
train,7095,COc1cncnc1O,8.6,8.528624
train,7096,CN(C)CC[NH3+],9.53,9.359465
train,7097,CNc1ncc2ncc(O)nc2n1,7.59,7.344963
train,7098,COc1cc2c(cc1OC)[NH2+]CC2,7.3,7.4881496
train,7099,O=C1NC=CC2=NCCN12,12.6,12.382975
train,7100,CNC(=O)c1cccc2c(=Nc3ccc(NS(C)(=O)=O)cc3OC)c3ccccc3[nH]c12,6.36,6.272498
train,7101,O=C(O)c1cnc(C(=O)O)c(C(=O)O)n1,2.0,1.9858754
train,7102,O=C(Cc1ccccc1)c1ccncc1,12.26,12.10199
train,7103,O=C1NC(=O)/C(=C/c2ccccc2)S1,6.14,6.1610107
train,7104,CN(C)C=Nc1ccc(O)cc1,9.41,9.277253
train,7105,CC(=O)Nc1cccc(C)c1C(=O)O,3.01,2.9640076
train,7106,O=C(O)c1ccc(I)cc1,4.0,4.102518
train,7107,O=C(Nc1ccccc1)c1ccccc1,13.7,13.666981
train,7108,C[NH+](C)C[C@@H]1[C@H](CO)[C@H]2C=C[C@@H]1C2,9.54,9.340949
train,7109,O=C([O-])c1ccc(NS(=O)(=O)c2ccccc2)cc1,7.75,7.613556
train,7110,c1ccc(-c2csc[nH+]2)nc1,4.105,4.042923
train,7111,N=c1[nH][nH]c(CC(=O)[OH2+])c1C(N)=O,3.5,3.4603474
train,7112,O=C(O)C=C(F)F,3.17,3.3130329
train,7113,O=C(O)c1csc(Cl)n1,3.3,3.4255922
train,7114,COc1ccc([NH3+])ccc1=O,3.42,3.389912
train,7115,Cc1cc(-c2ccccc2)n[n+](CC[NH+]2CCOCC2)c1N,4.84,5.0288677
train,7116,O=C(O)C(F)(F)C(F)(F)F,0.4,0.5887747
train,7117,N#Cc1ccccc1C(=O)O,3.11,3.1339128
train,7118,[NH3+][C@H]1C[C@@H]1c1ccc(Cl)cc1,8.11,8.027591
train,7119,O=C(NO)c1ccco1,8.45,8.414356
train,7120,Cc1ccccc(=O)c1O,7.92,7.633333
train,7121,CCC(C)(C)P(=O)(O)O,2.88,2.7824752
train,7122,O=[N+]([O-])c1cc(O)cc(O)c1,6.59,6.753401
train,7123,C[C@H]1CC[C@H](C)C1C(=O)O,4.74,4.7863197
train,7124,CC(C)N(/C=[NH+]\c1ccn(C2CCC(CO)O2)c(=O)n1)C(C)C,5.28,5.2612553
train,7125,Oc1nc2c[nH]c(Cl)cc-2n1,9.48,9.360651
train,7126,O=C(NO)c1ccncc1,7.8,7.816576
train,7127,CC(=O)NS(=O)(=O)c1ccccc1,4.72,4.6470423
train,7128,c1cc2c(cc1C[NH+]1CCCC3(COC3)C1)OCO2,7.9,7.8295364
train,7129,NS(=O)(=O)c1cc2c(s1)S(=O)(=O)CC(O)C2,8.6,8.454699
train,7130,COc1cc(NS(C)(=O)=O)ccc1N=c1c2ccccc2[nH]c2c(F)cccc12,6.33,6.3413696
train,7131,Cc1cc(CO)c(C)c(C)[nH+]1,7.3,7.3494043
train,7132,CCCc1ccccc1[NH3+],4.36,4.383298
train,7133,CC(=O)Nc1nc2nc(C)[nH]c2c(=O)[nH]1,8.62,8.581909
train,7134,COc1ccc(CC[NH3+])cc1OC,9.87,9.7708
train,7135,Oc1cc(Cl)cc(Cl)c1,8.18,8.015391
train,7136,CC(=O)CCCC[NH+](C)C,9.66,9.612192
train,7137,Cc1ccc(C(=O)Cc2ccncc2)cc1,12.87,12.649897
train,7138,Oc1cc(O[C@@H]2OC[C@@H](O)[C@H](O)[C@H]2O)cc2ccccc12,8.66,8.8400135
train,7139,O=C(CC[NH+]1CCOCC1)C(c1ccccc1)c1ccccc1,6.39,6.401455
train,7140,OC[C@@H]1O[C@H](n2cnc3c2ncn2cc[nH+]c32)[C@@H](O)[C@H]1O,4.1,4.0097027
train,7141,O=C1CCCC=C1O,10.3,10.287854
train,7142,O=C(O)Cc1ccccc1Nc1ccc(Cl)c(Cl)c1,4.3,4.2619886
train,7143,CC(C)NC(=S)S,3.1,2.9621856
train,7144,CC1(C)CCn2cnc3[nH+]cnc-3c2N1,7.4,7.6329536
train,7145,CC=CC1C(=O)C(=O)c2ccccc2C1=O,4.78,4.8691216
train,7146,Oc1cc(Cl)c(Cl)cc1Cl,6.903333,6.7872124
train,7147,O=C([O-])c1ccc(O)c(=O)cc1,6.41,6.2053947
train,7148,O=C1CC(Cc2ccccc2)NC(=O)C1C(=O)NC1CCCCC1,6.5,6.373543
train,7149,CSc1ccc([NH3+])cc1,4.35,4.3101435
train,7150,C=C[C@H]1C[NH+]2CC[C@H]1C[C@@H]2[C@@H](O)c1cc[nH+]c2ccc(OC)cc12,4.2,4.09455
train,7151,C(#Cc1cc[nH+]cc1)c1ccccc1,4.62,4.590988
train,7152,NS(=O)(=O)c1ccc(Br)cc1,9.87,9.7362175
train,7153,CC/C(=C(\c1ccccc1)c1ccc(OCC[NH+](C)C)cc1)c1ccccc1,9.203333,9.054058
train,7154,Cc1cccc(C(=O)O)c1,4.26,4.2943535
train,7155,Cc1cc(C)c([NH3+])c(C)c1,4.38,4.221737
train,7156,Cc1[nH+]ccn1CC1CCc2c(c3ccccc3n2C)C1=O,7.3,7.34449
train,7157,Cc1ccc(CCC(=O)O)cc1,4.68,4.7294416
train,7158,O=c1c(Cl)c[nH]cc1Cl,7.68,7.386156
train,7159,O=C(O)c1cc2ccccc2[nH]1,3.84,3.8259542
train,7160,O=P(O)(O)c1ccc(O)cc1,1.99,2.8608153
train,7161,OOC1CC1,11.2,10.815592
train,7162,COc1c[nH+]nc2ccccc12,3.14,3.0840673
train,7163,O=C1C[C@H]2C(=O)NC(=O)[C@H]2N1,8.15,8.045625
train,7164,O=C(O)C1c2ccccc2-c2ccccc21,2.765,2.6254895
train,7165,O=C(NO)c1ccccc1F,8.0,8.000575
train,7166,C#CCCCCC[NH3+],10.64,10.366992
train,7167,O=C(O)c1cc(I)ccc1O,2.7,2.6762345
train,7168,CCOc1ccccc1C(=O)O,4.21,4.1033373
train,7169,O=C(O[C@@H]1C[C@@H]2[NH2+][C@H](C1)[C@@H]1O[C@@H]12)C(CO)c1ccccc1,7.09,7.159686
train,7170,c1ccc2c(c1)N1CC[NH+]2CC1,5.65,5.6273327
train,7171,O=CO,3.756,3.8064754
train,7172,CNc1ncc2nc[nH]c2n1,10.37,10.161024
train,7173,CSc1nc2c([nH]c(=O)c(=O)n2C)c(=O)[n-]1,11.02,10.759314
train,7174,c1ncc2[nH+]cnc-2[nH]1,2.52,2.6078384
train,7175,CC1=C(O)C(=O)C=CC1=O,5.61,5.7505817
train,7176,O=C(Cc1ccncc1)c1ccc(Cl)c([N+](=O)[O-])c1,10.64,10.537809
train,7177,Cc1coc(C2C[C@H]3[C@@H](CF)SC(=[NH2+])N[C@@]3(c3ccc(F)cc3F)CO2)n1,7.0,7.117936
train,7178,CCC(=O)OO,8.1,8.073847
train,7179,N=C1NCC(=O)N1,6.82,6.4576273
train,7180,NS(=O)(=O)Oc1cc(Cl)cc(Cl)c1,7.5,7.5340757
train,7181,c1ccc2c(c1)ccc1[nH+]cccc12,5.15,5.0474243
train,7182,O=P(O)(O)c1ccc(-c2ccccc2)cc1,1.64,1.7867901
train,7183,O=c1[nH]c(-c2cc(-c3ccon3)n(Cc3ccccc3F)n2)ncc1F,5.75,5.50354
train,7184,CC[NH+]1[C@@H](C)[C@@H]1C,9.47,9.330929
train,7185,CCC1(C2CCCC2)Cc2cc(OCC(=O)O)c(Cl)c(Cl)c2C1=O,3.9,3.7406154
train,7186,O=C(/[NH+]=c1\ccccn1O)c1ccccc1,-0.44,-0.39404976
train,7187,CC[NH+](CC)c1ccc(OC)c2nc(-c3c(OC)cc(COC)cc3OC)c(C)cc12,6.01,5.827198
train,7188,CC1=C(O)C(=O)CC1,9.6,9.503786
train,7189,CCCc1oc2ccccc2c(=O)c1C(=O)c1cc(I)c(O)c(I)c1,4.89,4.821396
train,7190,C[NH+](C)CCC(C#N)(c1ccccc1)c1ccccc1,8.26,8.111958
train,7191,N#C/C(=N\O)C(=O)O,1.86,2.018006
train,7192,[NH3+]CC(F)(F)F,5.7,5.479946
train,7193,O=C1NC(=O)C(=O)C(=O)N1,6.63,6.6967154
train,7194,Cn1cnc2c(=S)[nH]c[nH+]c21,1.42,1.591089
train,7195,CC1CCCC(C)(C)[NH2+]1,11.27,11.063364
train,7196,Cc1ccc(/C=C/c2cc[nH+]cc2)cc1,5.94,5.9328394
train,7197,Cc1nc2c(O)ncnc2nc1O,6.82,6.7511826
train,7198,C[NH2+]c1cc[nH+]cc1N,0.38,-0.18100846
train,7199,CCOC(=O)N(Cc1ccccc1-c1ccccc1)[C@H]1CC[NH2+]C1,9.6,9.446248
train,7200,O=C(O)c1ccc([N+](=O)[O-])s1,2.73,2.7341583
train,7201,COP(=O)(OC)c1ccc(C(=O)O)cc1,3.64,3.7990696
train,7202,O=C([O-])[C@@H]1CC=CC[C@H]1C(=O)O,5.81,5.749153
train,7203,Cn1c[nH+]c2c[nH+]c(Cl)cc21,-1.5,-1.4182765
train,7204,[NH3+]c1ccc(-c2cccc[nH+]2)cc1,2.47,2.3531542
train,7205,O=C(NCO)c1ccc(Cl)cc1Cl,13.04,12.935503
train,7206,O=C(O)c1cc(Cl)ccc1Cl,2.47,2.5152438
train,7207,CC1(c2ccccc2)C(=O)NC(=O)C1C(N)=O,7.69,7.6643753
train,7208,O=C1C=C(O)C[C@H](c2ccc(Cl)cc2)C1,4.68,4.5713663
train,7209,CC(=O)OCC1CC2CC[NH+]1CC2,9.88,9.889821
train,7210,O=[N+]([O-])c1ccccc1/C=N/O,10.06,10.015981
train,7211,OCC(Cl)(Cl)Cl,12.24,11.808161
train,7212,O=C(O)c1cc(O)cc(C(=O)O)n1,1.4,1.5333508
train,7213,Fc1cccc(Cl)c1NC1=[NH+]CCN1,8.01,7.9185486
train,7214,COc1cc(NS(C)(=O)=O)ccc1N=c1c2ccccc2[nH]c2cc(OCCO)ccc12,7.36,7.3519135
train,7215,CC1=N[NH2+]C(C)(C)C1,5.19,5.059188
train,7216,Cn1cnc2c(N)[nH]c(=O)nc21,9.0,8.807944
train,7217,CCC(C)(C)[NH2+]C1CCCCC1,11.2,11.314217
train,7218,COc1cc[nH+]cn1,2.5,2.5869038
train,7219,Oc1cccc2[nH+]c3ccccc3cc12,5.72,5.8522167
train,7220,C/N=c1\[nH+]c(N(C)C)ccn1C,13.85,13.891092
train,7221,O=C(O)[C@H]1C[C@@H]1Cl,4.12,4.210744
train,7222,N#CCc1cccc(C(=O)O)c1,3.95,3.9752185
train,7223,Oc1ccc(SC(F)(F)F)cc1,8.66,8.77001
train,7224,CC(=O)N[C@@H](Cc1cc(F)cc(F)c1)[C@H](O)C[NH2+][C@H]1CCCc2ccc(CC(C)(C)C)cc21,8.9,8.879368
train,7225,NS(=O)(=O)c1ccc([N+](=O)[O-])c(C(F)(F)F)c1,9.09,8.977592
train,7226,CCCC([NH3+])=O,-0.43,-0.45058185
train,7227,CCCCCCCCCCCCCCCC[NH+](CC(C)O)CC(C)O,9.19,9.396479
train,7228,CCCCCCC[NH2+]Cc1ccc(C)cc1,10.02,9.796061
train,7229,O=c1[nH]cc2c([nH+]1)NCCN2,4.31,4.2142534
train,7230,[NH3+][C@H](c1ccccc1)[C@H](O)c1ccccc1,10.46,10.526312
train,7231,O=c1cc(F)[nH]c(=O)[nH]1,4.03,4.214425
train,7232,CC(C(=O)O)S(C)(=O)=O,2.44,2.5786
train,7233,CCOC(O)n1ccnc1,10.69,10.39791
train,7234,Cc1ccc(C(C)C)cc1O,10.35,10.26343
train,7235,O=S(=O)(O)c1ccc2ccccc2c1,-2.0,-1.9294412
train,7236,O=C(O)/C(S)=C/c1ccccc1,3.36,3.4145467
train,7237,C1CC2(CC2)[NH2+]1,10.1,9.897446
train,7238,CNc1nc(-c2ccccc2)[nH+]o1,-0.21,0.008207977
train,7239,N#CC(C#N)=NNc1ccc(N=Nc2ccccc2)cc1,7.33,7.328964
train,7240,c1coc[nH+]1,0.8,0.8181304
train,7241,CCOC(=O)c1c[nH]c2c(c(C)nn2C)c1=Nc1ccc(Cl)cc1,9.73,8.662311
train,7242,S=c1[nH]c(CCc2ccccc2)no1,3.58,3.5147457
train,7243,CCCCCCCCCCCCn1cc(C[NH2+][C@H]2[C@H](O)[C@@H](O)[C@H](O)[C@@H](O)[C@@H]2O)nn1,7.1,7.234009
train,7244,COc1ccc(-c2nn[nH]n2)cc1,4.23,4.129695
train,7245,CCc1[nH][nH+]cc1Cl,1.5,1.6171436
train,7246,C[NH+](C)CCCN1c2ccccc2Sc2ccc(Cl)cc21,9.271818,9.159154
train,7247,COc1ccc(-c2cc3c(C(=O)O)c[nH]c3cc2Cl)c(OC)n1,4.8,4.583356
train,7248,c1ccc2c(c1)ccc1[nH]c[nH+]c12,5.28,5.311405
train,7249,O=C(O)C[S+]([O-])c1ccc(Cl)cc1,2.664,2.7269309
train,7250,[NH3+]C12CC[NH+](CC1)CC2,6.74,6.7262335
train,7251,CC(C)(C)Cc1ccccc1O,10.69,10.500383
train,7252,CC1=[NH+]CCc2c1[nH]c1ccccc21,8.99,8.93812
train,7253,ON=C(O)CCc1ccccc1,8.18,8.099823
train,7254,C[C@@]1(c2cccc3ccccc23)C(=O)NC(=O)[C@H]1C#N,6.2,6.3336678
train,7255,CCC[NH+](CCCl)CCCl,6.7,6.75679
train,7256,[H]/[NH+]=C(/c1ccccc1)c1ccc(O)cc1OC,5.99,5.8155403
train,7257,CC(=O)Nc1ccc2nc(OCC[NH+](C)C)ccc2c1,9.94,10.199661
train,7258,O=C(O)c1cccc([N+](=O)[O-])c1O,1.9733334,2.0765033
train,7259,COC(=O)/C=C(\O)c1cccnc1,8.16,8.067128
train,7260,CCOC(=O)C1(c2ccccc2)CC[NH+](CC(F)F)CC1,5.23,4.9751863
train,7261,O=C(O)CN(C(=O)CBr)c1ccccc1,3.47,3.4017801
train,7262,Cc1ccc(C(=O)c2ccc3n2CCC3C(=O)O)cc1,3.44,3.3922384
train,7263,O=C(Cc1ccc(C(F)(F)F)cc1)c1ccncc1,11.31,11.199767
train,7264,CN(C)c1ccc(S)cc1,7.2,7.118222
train,7265,COC(=O)N1CCc2s[nH]c(=O)c2CC1,7.6,7.4824104
train,7266,C/C=C/c1ccc2cccnc2c1O,11.24,11.059437
train,7267,CCCC([N+](=O)[O-])[N+](=O)[O-],5.39,5.5270615
train,7268,Cn1c(=O)[nH]c2c(=O)[nH]cnc21,8.34,8.226466
train,7269,CCCCOP(=O)(O)O,1.8,1.8311495
train,7270,Nc1nc(=O)[nH]c2nccnc12,9.99,9.84333
train,7271,Nc1c[nH+]c2ccccc2c1,4.95,4.822893
train,7272,CC12C[NH+]3CC(C)(C1)CC(C)(C3)C2,10.7,10.808811
train,7273,COc1ccc(Cc2c3ccccc3[nH+]c3ccccc23)cc1,7.94,8.110196
train,7274,COc1cccc(O)c1C#N,6.6,6.617447
train,7275,Oc1cccc(OC(F)(F)F)c1,9.02,9.127693
train,7276,FC(F)(F)c1ccc(-c2c[nH]c(-c3ccccc3)[nH+]2)cc1,5.31,5.399111
train,7277,CC1=CC(C)N=c2ccccc2=[NH+]1,3.85,3.6574752
train,7278,[NH3+]CCc1[nH]cc[nH+]1,6.04,6.137018
train,7279,COc1cc(F)ccc1Cn1ccc2c3c(ncc21)C(=O)N(O)CC3,7.6,7.570265
train,7280,COc1cccc(CC(C)[N+](=O)[O-])c1,7.4,7.3058367
train,7281,O=C(O)N1C=NN(C(=O)O)C=N1,2.8,2.8130684
train,7282,CN1c2ccccc2C=C([N+](=O)[O-])C1O,13.0,12.956816
train,7283,CNC(=[NH2+])NC,13.6,13.474104
train,7284,CCS(=O)(=O)n1c2c(c3cc(C(=O)N4CCC(C)CC4)ccc31)C[NH+](C1CCOCC1)CC2,6.9,7.0423136
train,7285,Cc1cn(C)c[nH+]c1=O,2.44,2.5262835
train,7286,CC(=O)/C(C)=C(/C)O,9.5,9.213972
train,7287,CC1=NCc2ccccc2[NH2+]1,10.16,10.247614
train,7288,Cc1ccc(C(O)C(F)(F)F)cc1,12.04,11.789692
train,7289,Oc1cnc2ncnc(O)c2n1,6.05,5.9167356
train,7290,CC1=CC(=O)C(C(C)C)=C(O)C1=O,6.2,6.117342
train,7291,O=C(O)C1C[C@H](Cc2cccc(F)c2)C[NH2+]1,10.1,10.103403
train,7292,CNc1ccc(Cl)[nH+]n1,4.01,4.3872433
train,7293,CNc1cccc2cccc([NH2+]C)c12,5.61,5.384527
train,7294,OC(O)(C(F)(F)Cl)C(F)(Cl)Cl,6.48,6.4689255
train,7295,NC(=O)C(Cl)[N+](=O)[O-],3.5,3.432565
train,7296,CC#CC(=O)O,2.65,2.7146833
train,7297,Cc1cc(=O)oc2cc(O[C@@H]3OC(C(=O)O)[C@@H](O)[C@H](O)[C@H]3O)ccc12,2.82,2.8724544
train,7298,N#Cc1ccccc1OCC(=O)O,2.97,2.9756985
train,7299,CC(C)CCN(C1=[NH+]CCN1)c1c(Br)cccc1Br,10.9,10.962938
train,7300,C1C[NH+]2CC[NH+]1CC2,2.97,3.0414965
train,7301,O=C(NO)c1ccccc1O,7.46,7.4641514
train,7302,O=CCCCC(=O)O,5.02,5.1527863
train,7303,O=S(=O)(Cc1ccccc1)c1nc[nH]n1,6.23,6.2146816
train,7304,O=[N+]([O-])c1ccc(Nc2ccccc2)c([N+](=O)[O-])c1,13.84,13.996762
train,7305,CC(=O)C[N+](=O)[O-],5.1,5.0555983
train,7306,CCC(=O)O[C@](Cc1ccccc1)(c1ccccc1)[C@H](C)C[NH+](C)C,9.2,9.217358
train,7307,O=C(CCl)NO,8.4,8.344956
train,7308,Cc1sc2c(O)cccc2c1C,8.8,8.792375
train,7309,CC(C)(C)c1cc[nH+]c(C(C)(C)C)c1,6.7,6.7163076
train,7310,CC1(C)C=C2[NH+]=C3CC(C)(C)CC(=O)C3CC2C(=O)C1,3.6,3.4264762
train,7311,C1CN[C@@H]2CC[NH2+]C[C@H]2C1,10.68,10.561869
train,7312,Cl[C@H]1CC2CC[NH+]1CC2,6.98,6.7696924
train,7313,CC1(C)[C@@H](C(=O)O)[C@@H]1C(=O)O,3.78,4.0865355
train,7314,O=C(O)c1cc2ccccc2o1,2.79,2.884463
train,7315,Oc1cccc2sccc12,9.18,8.923513
train,7316,Nc1cc(Br)ccc1C(=O)O,4.37,4.4703784
train,7317,COc1cccc(P(=O)([O-])O)c1,7.42,7.3759727
train,7318,C/C(O)=C/Br,10.3,10.028261
train,7319,Nc1c[nH+]ccn1,3.07,2.9577818
train,7320,CC(C)CC([N+](=O)[O-])[N+](=O)[O-],5.36,5.467163
train,7321,COc1ccc(-c2nnc(C(=O)N3CC(Oc4ccc(C[NH+]5CCCC5)cc4)C3)o2)cc1,9.9,9.933695
train,7322,NC(=O)[C@@H]([NH3+])Cc1ccc(O)cc1,7.48,7.503788
train,7323,CC1=CC(=O)[NH+](C)C2=C1CCCO2,1.65,1.6323357
train,7324,Cc1nc2c(=O)[nH]c(=O)[nH]c2nc1C(=O)[O-],8.3,8.155961
train,7325,OCc1c[nH]c[nH+]1,6.38,6.2785225
train,7326,CC(S)C(=O)O,3.57,3.6559472
train,7327,O=[N+]([O-])Nc1ccc([N+](=O)[O-])cc1,3.77,3.7263
train,7328,Oc1ccc2cnccc2c1,9.15,9.009981
train,7329,COc1ccc(O)c(C(=O)O)c1,2.94,2.8630073
train,7330,Brc1cccc(Br)c1NC1=[NH+]CCN1,7.85,7.73435
train,7331,CCCCCCCCCCCCCCCCCC[NH2+]CC(F)(F)F,4.7,4.401684
train,7332,O=C(O)/C=C/C=C/c1ccccc1,4.42,4.5719337
train,7333,CSc1cc(N(C)C)nc[nH+]1,4.57,4.8645926
train,7334,O=C1CNC(=O)N1,9.12,8.942974
train,7335,O=C(O)C1O[C@H](Oc2ccc(I)cc2)[C@@H](O)[C@H](O)[C@H]1O,3.28,3.0733092
train,7336,Nc1ccc(S(=O)(=O)Nc2nnc[nH]2)cc1,4.77,4.901119
train,7337,OC[C@H]1O[C@@H]2NC(=S)O[C@@H]2[C@H]1O,9.48,9.4144745
train,7338,C/C=C/C(=O)O,4.7,4.726577
train,7339,CSc1nc[nH+]cc1Br,1.02,1.1493058
train,7340,O=C(O)/C=C/Br,3.71,3.7048867
train,7341,Cc1ccc(O)c(C(=O)O)c1,3.15,2.9726
train,7342,Nc1ncc([N+](=O)[O-])cn1,14.7,14.447984
train,7343,Cc1[nH+]c(N)c(N)[nH+]c1C,1.23,1.2134838
train,7344,Cc1ccc(C)c(O)c1C,10.64,10.552626
train,7345,O=CC1CCCC1=O,5.83,5.894932
train,7346,Cc1cccc(C(=O)O)n1,5.8,5.8926134
train,7347,COc1cc2c(cc1OC)[C@]13CC[NH+]4CC5=CCO[C@@H]6CC(=O)N2[C@@H]1[C@@H]6[C@@H]5C[C@@H]43,5.86,5.7039385
train,7348,N#Cc1cc(C(F)(F)F)ccc1N1CCOc2cc(S(=O)(=O)N=c3cc[nH]c[nH+]3)ccc21,5.8,5.676404
train,7349,CC(C)C(C)(CC(=O)O)CC(=O)O,3.78,3.742543
train,7350,C1CSC[NH2+]1,6.2,6.105132
train,7351,O/N=C/c1ccccc1O,9.3,9.173936
train,7352,Cc1cccc(N(C)[NH3+])c1,5.09,5.1731377
train,7353,OC(O)(c1cccc(Br)c1)C(F)(F)F,9.51,9.54821
train,7354,CCCCC(=O)O,4.86,4.7913103
train,7355,CC1CC[NH+](O)C1(C)C,5.9,5.9244356
train,7356,C[C@@]1(C(=O)[O-])C[C@]1(Cl)C(=O)O,5.25,5.4970217
train,7357,CC(=O)/[NH+]=c1\ccccn1C,7.12,7.1993294
train,7358,c1ccc(-c2nnc(CN3CC[NH+](Cc4nc5ccccc5s4)CC3)o2)cc1,4.4,4.2873716
train,7359,Cn1cc(-c2ccc(Cl)cc2)c[nH+]c1=O,1.78,1.8097072
train,7360,COc1ccc(C(=O)O)c(OC)c1,4.36,4.4064784
train,7361,C[C@]1(c2cc(NC(=O)c3ccc(C#N)cn3)ccc2F)[NH+]=C(N)O[C@H](C(F)(F)F)[C@@H]1F,5.9,5.812256
train,7362,Clc1ccc(CN(Cc2nn[nH]n2)c2ccccc2)cc1,4.38,4.389412
train,7363,Cc1cc(C(=O)O)ccc1[N+](=O)[O-],3.58,3.7161114
train,7364,Cc1c[nH]cc1C(=O)O,5.65,5.585702
train,7365,C[NH2+][C@@H]1CCN(c2cc(C(F)(F)F)[nH]c(=N)n2)C1,3.1,3.0592167
train,7366,Nc1[nH+]c(O)nc2[nH]c(O)nc12,2.45,2.5522287
train,7367,c1ccc(-c2ccc[nH+]c2)cc1,4.8,4.836232
train,7368,C[NH+](C/C=C/C#CC(C)(C)C)Cc1cccc2ccccc12,8.5,8.69014
train,7369,CC(=O)Nc1ccc2c(c1)C(c1ccccc1)=[NH+]CC(=O)N2,3.2,3.0096776
train,7370,C=CCc1ccc(O)c(OC)c1,9.97,9.684804
train,7371,CC[C@H](NC(=O)c1cc(F)ccc1NS(=O)(=O)c1ccc(Cl)cc1)c1ccccc1,3.8,3.782112
train,7372,NC(=O)COCCN1CC[NH+](C(COCc2cc(C(F)(F)F)cc(C(F)(F)F)c2)c2ccccc2)CC1,7.4,7.4953585
train,7373,Cc1cc(O)cc(C)c1O,10.35,10.428892
train,7374,COc1cccc2c1-c1c(O)cccc1-2,9.15,9.102732
train,7375,O=Cc1ccc(C(=O)O)s1,2.85,2.9926703
train,7376,CC(=O)c1cccc([N+](=O)[O-])c1O,6.78,6.9084044
train,7377,CC[NH2+]CC(=O)Nc1c(C)cccc1C,8.06,7.9602337
train,7378,COc1ccc2c(c1)OC(O)C(=O)N2O,6.4,6.3156767
train,7379,CN(c1cccc[nH+]1)S(C)(=O)=O,1.73,1.8049965
train,7380,COc1ccc(/C=C/C(=O)O)cc1,4.54,4.579732
train,7381,COc1cccc(OC)c1C(=O)O,3.44,3.2892096
train,7382,N#CC(O)(c1ccccc1)c1ccccc1,9.1,8.959215
train,7383,CCc1cccc(O)c1,10.06,9.854303
train,7384,C[NH+]1C(=O)C=Cc2ccccc21,-0.71,-0.50515735
train,7385,Oc1cc(F)c(F)c(F)c1,7.84,7.708605
train,7386,N#CC(C#N)=NNc1ccccc1Cl,5.84,5.923416
train,7387,Nc1ccc(S(=O)(=O)Nc2cc(Br)ccn2)cc1,7.15,7.2569704
train,7388,CC(C)(C)C([NH3+])=O,-0.28,-0.1858095
train,7389,O=C(O)CS(=O)(=O)c1ccc(F)cc1,2.479,2.5973206
train,7390,CCCCCNC(=O)NS(=O)(=O)c1cc(Cl)ccc1OC,5.46,5.3057632
train,7391,[NH3+]c1ccc2nccnc2c1,2.95,2.7944686
train,7392,N#CCC(N)=C(C#N)C#N,7.1,7.1628485
train,7393,Cc1ccc(C(=O)O)c(C)c1C,4.06,3.8822143
train,7394,c1ccc(C2C[NH+]3CCC2CC3)cc1,10.2,10.273699
train,7395,CC(C)C(O)C(C(=O)O)c1ccc(-c2ccccc2)cc1,4.13,4.190096
train,7396,N#CC(CC[NH+]1CCCCC1)(c1ccccc1)c1ccccc1,8.07,7.9145966
train,7397,Cc1ncnc2nc(O)c(O)nc12,7.12,7.0494394
train,7398,COc1ccc([C@@]2(F)C[C@@H]2[NH3+])cc1,7.5,7.4686165
train,7399,O=C(O)C#CSc1ccccc1,2.11,2.1338503
train,7400,C[C@@H]1C[C@H]2Cc3ncccc3[C@]3(C1)[NH2+]CCC[C@H]23,8.08,7.897868
train,7401,O=C(O)CCNc1ccccc1,5.41,5.282258
train,7402,c1ccc2[nH+]occ2c1,-2.22,-1.7738779
train,7403,COCOc1c(C(=O)O)cccc1C(=O)O,3.0,2.9685562
train,7404,CC1(c2ccccc2)COCC(=[NH2+])N1,9.8,9.7338295
train,7405,O=P(O)(O)O,2.055,2.2407217
train,7406,CC(=O)Nc1cc(O)c2ccccc2c1,8.87,8.68616
train,7407,COC(=O)c1cc(O)cc2ccccc12,8.88,8.979023
train,7408,O=C(O)[C@H]1CC[NH2+]C1,3.02,2.9850714
train,7409,CC[NH+](CC)CCNC(=O)C1C[C@@H]1c1ccccc1,8.9,9.113967
train,7410,CC(C)(C)CC[NH+]1CCC(CNC(=O)c2cc(Cl)cc(Cl)c2)CC1,8.7,8.730287
train,7411,Cc1ccc(C)c(NN=C(C#N)C#N)c1,6.75,6.833976
train,7412,Cn1c[nH+]cc(-c2ccccc2)c1=O,1.5,1.451684
train,7413,Cc1cc(CC#N)cc(C)c1[N+](=O)[O-],13.44,13.4541645
train,7414,Cc1cnc2[nH]c(=O)ncc2n1,8.0,7.8662033
train,7415,O=C(O)c1ccc(Cl)o1,2.83,2.8712502
train,7416,CC[NH+](CC)CCCCC(=O)Nc1c(C)cccc1C,9.96,9.957218
train,7417,Nc1ccc(C(=O)O)cc1F,4.35,4.375579
train,7418,O=C(O)CP,4.17,4.109724
train,7419,c1ccc2c(c1)CCc1cc3ccn4cc[nH+]c4c3nc1-2,2.43,2.0903134
train,7420,CC(Br)CC(=O)O,4.01,4.1804786
train,7421,Clc1cc[nH+]cc1,3.83,3.834007
train,7422,Cc1cccc(C(C)[N+](=O)[O-])c1,7.49,7.334838
train,7423,Cc1ccc([N+](=O)[O-])c(C)c1NC(=O)C(F)(F)F,7.77,7.7684097
train,7424,CSc1nc2[nH]c(=O)c(=O)[nH]c2c(=O)[nH]1,6.23,6.170801
train,7425,O=C(O)/C=C(\O)C(=O)O,1.89,2.0198278
train,7426,O/N=C(\c1ccccc1)c1ccccn1,11.1,11.066883
train,7427,CCCCNC(=O)NS(=O)(=O)c1ccc(C)cc1,5.275,5.296359
train,7428,CC(C)(C)c1ccc(C(=O)O)o1,3.35,3.3885798
train,7429,CCC(C)(C)[NH+](C)C(C)(C)C,11.9,11.879543
train,7430,N#CC(CC[NH+]1CCOCC1)(c1ccccc1)c1ccccc1,6.09,6.2050543
train,7431,CCOCO,13.04,12.483167
train,7432,O=C(Nc1cc(Cl)ccc1O)OCC(Cl)Cl,10.4,10.659914
train,7433,NS(=O)(=O)c1cc2c(cc1Cl)NCNS2(=O)=O,8.74,8.831877
train,7434,NS(=O)(=O)Oc1ccc(C(=O)OC2CCCCCC2)cc1,8.88,8.98395
train,7435,C[n+]1nc(-c2ccccc2)ccc1NCC[NH+]1CCOCC1,5.31,5.423646
train,7436,O=S(=O)([O-])c1ccc2cc(O)c(S(=O)(=O)[O-])cc2c1,9.62,9.681749
train,7437,CC1(C)C(=O)[NH+]=C(N)N1CCc1cccc(Cl)c1,4.4,4.2953205
train,7438,Cc1cc(C(=O)O)n[nH]1,3.79,3.6903021
train,7439,Cc1[nH+]n(C)c(C)c1Br,1.78,1.7199793
train,7440,Oc1c(Br)cc(Br)c2nc3ccccc3nc12,6.74,6.6142883
train,7441,Cc1nc(N)[nH+]cc1Br,2.66,2.6391184
train,7442,Cc1ccccc1P(=O)([O-])O,7.71,7.488369
train,7443,CCC(=O)N(c1ccccc1)C1(COC)CC[NH+](CCn2nnn(CC)c2=O)CC1,6.5,6.492584
train,7444,O=c1[nH]cnc2ncc(O)nc12,6.05,5.8871145
train,7445,CCOC(=O)CC(=O)C(=O)O,2.2,2.2540035
train,7446,Cc1cccc(C(=O)O)[nH+]1,0.9,1.0092854
train,7447,Sc1ncc2ccccc2n1,8.14,8.039437
train,7448,CC(=O)CC(=O)Nc1ccccc1Cl,9.71,9.792382
train,7449,CC(=O)c1cc(C(=O)[O-])c(=O)[nH]c1C,10.87,10.709564
train,7450,O=S(=O)(Nc1cccc(Cl)c1)c1ccccc1,7.66,7.5423193
train,7451,Cc1cc[nH]c(=S)[nH+]1,2.1,2.2668402
train,7452,[NH3+]CCc1ccc(O)c(O)c1,8.87,8.913003
train,7453,Nc1ccc(C(=O)O)c(O)c1,3.61,3.4928093
train,7454,C[C@@H](C[NH3+])c1ccccc1,9.94,9.661418
train,7455,[NH3+][C@@H]1CCC[C@H](O)C1,10.05,9.79076
train,7456,O=C(O)/C=C/[N+](=O)[O-],2.58,2.5710945
train,7457,O=C(O)Cc1cccc(C(F)(F)F)c1,4.19,4.306104
train,7458,Nc1ccc(S(=O)(=O)N=c2cccn[nH]2)cc1,7.06,7.1796427
train,7459,Cc1[nH+]c2c3c(c(C(=O)NC4CCC4)cn2c1C)CCC(c1ccccc1)O3,6.68,6.9129314
train,7460,C[Si](C)(C)C[NH3+],10.96,10.691408
train,7461,O=C(O)c1nc[nH]c1C(=O)O,2.93,3.1394985
train,7462,OC[C@@H](O)CS,9.43,9.331567
train,7463,COc1ccc(Br)c[nH+]1,1.45,1.4226968
train,7464,CCOc1ccc2nc(S(N)(=O)=O)sc2c1,8.1,8.191066
train,7465,Nc1cccc2ccc3[nH+]cccc3c12,4.99,4.9025497
train,7466,CC(C(=O)O)c1ccc2c(c1)[nH]c1ccc(Cl)cc12,4.7,4.513605
train,7467,Nc1ncc([N+](=O)[O-])c(O)n1,6.7,6.7636147
train,7468,C[NH+]1C=CC=CC1=O,0.32,0.3978983
train,7469,Nc1ccc(O)nc1,11.65,11.42817
train,7470,Clc1cnc2c(ccc3ccc[nH+]c32)c1,3.97,4.030855
train,7471,[NH3+]C1Cc2ccccc2C1,9.57,9.287956
train,7472,Cn1c(O)nc(=O)n1C,7.5,7.607095
train,7473,CCCC[NH+](CCCC)CCCC,10.8,11.099888
train,7474,Cc1cc(=O)[nH]n1C,8.91,8.652098
train,7475,CNc1[nH+]cnc2n[nH]cc12,4.49,4.5326586
train,7476,[NH3+]CCCO,10.0,9.996186
train,7477,NC(=O)c1nn[nH]c1N,7.81,7.826689
train,7478,O=C(O)C(F)(F)C(F)(F)C(F)(F)C(F)(F)C(F)(F)C(F)(F)C(F)(F)C(F)(F)F,2.58,2.9153178
train,7479,CC(C)(O)c1ccn2cc[nH+]c2c1F,5.4,5.528763
train,7480,Cc1nc(N)c2[nH+]csc2n1,3.54,3.5676966
train,7481,c1ccc(CSc2cc[nH+]cc2)cc1,5.41,5.4241514
train,7482,Cc1cccc(C)c1NC(=S)c1ccccc1,10.79,10.796753
train,7483,CC(C)=C1C[NH2+]C(C(=O)O)C1CC(N)=O,9.47,9.683432
train,7484,CC1=NCc2ncc[nH+]c2N1,7.26,7.171546
train,7485,CCCCCCn1cc[nH+]c1,7.2,7.1283283
train,7486,C[NH+]1CCC(=C2c3ccccc3C=Cc3ccccc32)CC1,8.87,8.822602
train,7487,CC[NH+]1CC1,7.93,7.70337
train,7488,Nc1cc(S(N)(=O)=O)ccc1S(=O)(=O)CCO,9.5,9.436741
train,7489,CC(C)C12CC[NH+](CC1)CC2,11.2,11.087099
train,7490,Fc1ccc(F)c2[nH+]c[nH]c12,3.0,3.1420965
train,7491,[NH3+][C@]1(c2ccccc2)C[C@]1(F)c1ccccc1,5.8,5.9314394
train,7492,O=c1cccc([O-])cc1O,9.52,9.185107
train,7493,O=C1NC(=O)C(Cl)(Cl)C(=O)N1,5.55,5.656616
train,7494,CC1(C2CCCC2)Cc2cc(OCC(=O)O)c(Cl)c(Cl)c2C1=O,3.9,3.9726508
train,7495,Cc1c[nH+]c2c(c1)cc(C)c1cc(C)cnc12,5.25,5.436158
train,7496,COC(=O)c1cc([NH3+])cc2ccccc12,3.38,3.4369462
train,7497,Nc1nc(C(F)(F)F)c(-c2ccccc2)c(N)[nH+]1,3.25,3.1136205
train,7498,CNc1cc[nH+]c(Cl)n1,2.8,2.9742212
train,7499,COCCc1ccc(OC[C@@H](O)C[NH2+]C(C)C)cc1,9.6,9.706717
train,7500,O=C1CCc2cc(O)ccc21,7.53,7.0568905
train,7501,Nc1nc(N)c(-c2ccc(Cl)cc2)c(=O)[nH]1,10.8,10.726259
train,7502,C[NH+]1CCN(C2=Nc3ccccc3Oc3ccc(Cl)cc32)CC1,7.513333,7.535285
train,7503,CC(C)(C)c1ccc(P(=O)([O-])O)cc1,7.05,7.3091593
train,7504,Cc1cc(C(C)(C)C)c(O)c(C(C)(C)C)c1,12.23,12.286514
train,7505,Cc1ccc(C(=S)Nc2ccc(Cl)c(Cl)c2)cc1,10.18,10.164534
train,7506,Cc1ccc(N[N+](=O)[O-])cc1,4.66,4.621393
train,7507,COc1ccc2ccccc2[nH+]1,3.17,3.1079462
train,7508,CCOC(=O)CC(C)=O,10.76,10.626517
train,7509,NCc1cccc(S(N)(=O)=O)c1,10.14,10.0489025
train,7510,CC(O)(c1ccccc1)C(C(=O)O)c1ccc(-c2ccccc2)cc1,3.38,3.300029
train,7511,CO[C@H]1CN(c2nc(-c3ncccn3)c(C(=O)O)s2)CC[C@H]1NC(=O)c1[nH]c(C)c(Cl)c1Cl,5.2,5.1961555
train,7512,CCc1[nH]c2cc3ccccc3cc2[nH+]1,6.13,6.1630354
train,7513,CC(C)C[NH+](CC(C)O)CC(C)O,8.8,8.984398
train,7514,O=C(O)c1ccc(C2CCCC2)cc1,4.21,4.423275
train,7515,Nc1ccc(Cl)[nH+]n1,3.85,4.1573806
train,7516,[NH3+]c1cc(Cl)cc2ccccc12,2.69,2.59214
train,7517,O=C(O)CCCC1CCCCC1,4.95,4.92286
train,7518,CCOP(=S)(S)OCC,-0.1,-0.01815641
train,7519,COc1cc([NH3+])cc(Cl)c1,3.1,3.2313907
train,7520,Oc1cc[nH+]c2nccnc12,0.6,0.6987584
train,7521,[NH2+]=c1cn[nH]c2ccccc12,6.84,6.781639
train,7522,CCCC(C(CC)CO)C(CC)C(=O)O,4.78,4.748598
train,7523,Clc1ccc2nc[nH]c2c1,12.07,11.81401
train,7524,Cc1nc2c(N)[nH+]c(=O)n(C)c2nc1C,3.62,3.6169195
train,7525,CCCSCC(=O)O,3.77,3.6348577
train,7526,[CH3][Ge]([CH3])([CH3])[c]1ccc(O)cc1,9.9,9.654823
train,7527,O=C(O)c1ccc(Cl)c([N+](=O)[O-])c1,3.315,3.321071
train,7528,Cc1[nH+]c2c3c(c(C(=O)N4CC(O)C4)cn2c1C)CCC(c1ccccc1)O3,6.63,6.7303524
train,7529,Cc1cccc(C)c1C[NH+]=c1cc(C(=O)N(C)C)[nH]c2c(CO)c(C)[nH]c12,7.2,7.2571936
train,7530,Clc1cc(Cl)c(NC2=[NH+]CCN2)cc1Cl,7.7,7.536562
train,7531,CNC(=S)NCCSCc1[nH]c[nH+]c1C,6.8,6.9105206
train,7532,CCCC12CC(=O)C=C1c1c(cc(OCC(=O)O)c(Cl)c1Cl)C2,3.84,3.6953297
train,7533,O=C(O)C[As](CC(=O)O)c1ccccc1,3.62,3.624756
train,7534,Cc1[nH]c(=O)nc2nn[n-]c12,10.83,10.652114
train,7535,O=c1cc(-c2ccc(O)cc2)ss1,8.27,8.162699
train,7536,Cn1c(=S)c2nc[nH]c2n(C)c1=O,8.2,8.2051525
train,7537,COc1ccc(C(=O)O)s1,3.78,3.866659
train,7538,O=[N+]([O-])c1ccc(P(=O)(O)O)cc1,1.215,2.100338
train,7539,C[C@H]1CCCC[NH+]1C,10.26,10.156731
train,7540,C[C@H](C#N)C(=O)O,2.37,2.4452493
train,7541,COc1cc(NS(C)(=O)=O)ccc1N=c1c2ccccc2[nH]c2c(C)c(Cl)ccc12,6.71,6.789341
train,7542,O=C(O)Cn1cnnn1,2.27,2.2006814
train,7543,COP(=O)(O)OC,1.29,1.2751802
train,7544,CC(C)OC(=O)c1cc(O)c(O)c(O)c1,7.89,7.933627
train,7545,O=C([O-])CCC(=O)O,5.64,5.6728764
train,7546,CC(=O)c1ccc(P(=O)([O-])O)cc1,6.48,6.491271
train,7547,S=c1[nH]cnc2nc[nH]c12,7.77,7.637597
train,7548,C[C@@H]1[C@@H](C(=O)[O-])[C@]1(Cl)C(=O)O,4.46,4.5532618
train,7549,C#C[C@]1(O)C[C@@H](C)[NH2+][C@@H]2CCCC[C@H]21,9.73,9.7279625
train,7550,S=c1cc([S-])nc[nH]1,9.7,9.455517
train,7551,O=C(CC[NH+]1CCCCC1)c1ccccc1,9.23,9.087267
train,7552,C[C@@H]1CCCC(C)(C)[NH+]1C,10.7,10.725562
train,7553,C=CC(=O)O,4.25,4.2135153
train,7554,Cn1cnc2c(=O)[nH]c(=N)[nH]c21,9.92,9.723791
train,7555,Cc1ccc(C(=O)NCO)cc1,13.06,12.989195
train,7556,CNc1c[nH+]c2ccccc2n1,4.07,4.2936926
train,7557,[NH2+]=C(Nc1ccccc1)Nc1ccccc1,9.94,9.886078
train,7558,O=C(O)[C@H]1C[C@H]1C(=O)O,3.33,3.7010386
train,7559,O=C(O)CSC1CCCCC1,3.49,3.611275
train,7560,[NH3+]CCc1ccc(Br)cc1,9.65,9.590227
train,7561,[NH3+]c1cc2c(cc1Br)CCCC2,3.05,3.1079826
train,7562,COc1ccc(O)cc1[N+](=O)[O-],8.68,8.537441
train,7563,COc1ccc(S(=O)(=O)c2coc(S(N)(=O)=O)c2)cc1,6.32,6.6683064
train,7564,CC(C)[NH+]1CCC(Oc2ccc3nc(C(=O)N4CCC[C@H]4C#N)ccc3c2)CC1,9.5,9.509969
train,7565,COc1ccc2cc(C(C)C(=O)O)ccc2c1,4.207,4.3823624
train,7566,Cc1cc(C(=O)O)nn1C,4.24,4.1938934
train,7567,CN(C)c1ccccc1C(=O)O,8.46,8.723481
train,7568,C[NH+](C)CC[NH+](C)C,5.85,5.7932377
train,7569,O=C1CCC(=O)NN1,8.1,7.8416386
train,7570,C[C@@H](C=C(c1ccccc1)c1ccccc1)[NH+](C)C,9.26,9.050259
train,7571,Oc1cccc2[nH+]cccc12,5.2,5.3658247
train,7572,N#Cc1c(C2CC2)[nH]c(SCc2cccc(F)c2F)nc1=O,8.9,9.117525
train,7573,OC(O)(C(F)(F)F)C(F)(F)F,6.76,6.8383474
train,7574,O=[N+]([O-])c1ccc(O)c([N+](=O)[O-])c1,4.056667,4.0215206
train,7575,O=C(O)c1cc(O)c2ccccc2c1,4.25,4.1010623
train,7576,CCC[C@@H]1CC(C(=O)N[C@@H]([C@H]2O[C@H](SC)[C@H](O)[C@@H](O)[C@H]2O)[C@@H](C)O)[NH+](C)C1,7.65,7.776988
train,7577,COc1cc(C)c(O)c(C)c1,10.63,10.400402
train,7578,Nc1c(O)cccc1C(=O)O,5.2,5.187581
train,7579,COc1ccc(-c2nnc(C(=O)N3CCC(Oc4ccc(C[NH+]5CCC(O)C5)cc4)CC3)o2)cc1,8.9,8.876219
train,7580,CN1C=[NH+]c2ccccc2[C@@H]1O,7.62,7.621312
train,7581,N#Cc1c[nH+]c(N)nc1N,3.75,3.8077686
train,7582,O=C1C(=NO)CCC1=NO,7.95,7.879038
train,7583,Clc1cccc[nH+]1,0.47,0.5469318
train,7584,O=C(/C=N\O)c1cccnc1,7.8,7.8026295
train,7585,CC(=O)Nc1[nH]c(=O)c2[nH]c(C)nc2[nH+]1,3.12,3.1434953
train,7586,FC(F)(F)c1nc2cnc[nH]c-2n1,5.12,4.9547453
train,7587,CC(=O)c1ccccc1[NH3+],2.3,2.0302339
train,7588,O=C1N=c2cc(Br)ccc2=C1c1[nH]c2ccccc2c1NOCCN1CC[NH+](CCO)CC1,7.65,7.6579514
train,7589,O=C(O)CC(=O)O,2.8133333,2.7773936
train,7590,C/C(=C\Cl)C(=O)O,4.03,4.02281
train,7591,Cn1c(=O)[nH]c2nc(-c3ccccc3)c(Cl)nc2c1=O,7.53,7.653775
train,7592,N#CC(C#N)=C(c1ccccc1)C(C#N)C#N,2.3,2.3268657
train,7593,C[NH+]1CCCC(n2nc(Cc3ccc(Cl)cc3)c3ccccc3c2=O)CC1,9.54,9.570322
train,7594,NS(=O)(=O)c1nccs1,8.25,8.087217
train,7595,O=C(O)CCC=C(Cl)Cl,4.57,4.5291567
train,7596,Cn1cnc(=O)c2[nH+]c[nH]c21,2.61,2.7501225
train,7597,Sc1[nH+]cncc1Br,-0.46,-0.22103989
train,7598,C[NH+]1CC[C@H]2CCC[C@@H](OC(=O)c3ccc(Cl)cc3)[C@H]2C1,8.9,8.983298
train,7599,O=c1c(Cl)c(Cl)[nH]c(Cl)c1Cl,2.0,1.8757753
train,7600,COc1ccc(C(=O)S)cc1,2.8,2.6885054
train,7601,COc1cc(NS(C)(=O)=O)ccc1N=c1c2ccccc2[nH]c2c(C(=O)NCC(O)CO)cccc12,6.34,6.1939373
train,7602,O=c1[nH]c2ccccc2o1,8.9,8.575378
train,7603,O=C1CC(=O)C(=O)C1,3.0,3.0336077
train,7604,O=C(c1cc2cc(OC3CC[NH+](C4CCC4)CC3)ccc2n1CC(F)(F)F)N1CCOCC1,9.1,8.787908
train,7605,NS(=O)(=O)c1ccc([N+](=O)[O-])cc1,9.09,8.981071
train,7606,Cc1nc[nH]c1C(=O)O,7.01,7.1577206
train,7607,C/N=c1\[nH+]c(N)cc(Cl)n1C,12.88,12.762886
train,7608,O=C(O)c1cccc(Br)c1C(=O)O,2.27,2.3029685
train,7609,C=Cc1ccc[nH+]c1,4.87,4.9551907
train,7610,CCCCCCCCOC(=O)c1ccc(OS(N)(=O)=O)cc1,8.09,8.291262
train,7611,C=CC[NH+](C)C,8.64,8.647987
train,7612,CS(=O)(=O)c1nc2c(O)c3cc(F)ccc3nc2s1,6.5,6.686533
train,7613,CC1CCN(C(=O)C(CCCN=c2cccc[nH]2)NS(=O)(=O)c2ccc3ccccc3c2)CC1,6.9,6.739547
train,7614,Nc1c[nH]c(=S)[nH+]c1N,2.93,2.9736707
train,7615,O=C(O)C(Br)C(Br)C(=O)O,1.42,1.4215374
train,7616,O=C(O)CC(=O)Nc1ccccc1,3.72,3.7657998
train,7617,CC1(C)N=C(C(=O)CC(=O)C(F)(F)F)C(C)(C)N1O,4.66,4.581912
train,7618,CC(=O)c1cc[nH+]cc1,3.51,3.262007
train,7619,C[C@@H]([NH3+])C[NH3+],7.13,6.9310474
train,7620,CN(C)c1nc(N)cc(Cl)[nH+]1,3.75,3.811346
train,7621,Cc1[nH]c[nH+]c2nnnc1-2,0.74,0.71641934
train,7622,CN(C)c1cccc[nH+]1,6.98,7.1523924
train,7623,C[NH+](C)CCCCc1ccc(C2(C)COC2)cc1,9.9,9.748106
train,7624,O=C(O)C(O)C1CCCCC1,3.81,3.9092698
train,7625,[NH3+][C@@H]1C[C@H]1c1ccc(Cl)cc1,8.11,7.9106674
train,7626,O=C1C[C@@H]2OCC=C3C[NH+]4CC[C@]56c7ccccc7N1[C@H]5[C@H]2[C@H]3C[C@H]46,8.2,8.22782
train,7627,CCC1(C)NC(=O)c2cc(S(=O)(=O)Nc3ccc(Cl)cc3)ccc2NC1=O,8.1,8.597876
train,7628,Cc1nc2c(cnn2C)c[nH+]1,3.27,3.0574255
train,7629,Nc1nc(N)c2c(n1)[NH2+]C=C2,6.18,6.201004
train,7630,C[NH+]1CCc2cc3c(cc2[C@H]1O)OCO3,11.58,12.073144
train,7631,Cn1c[nH+]cc1Br,3.88,3.8444986
train,7632,NS(=O)(=O)c1ccc(S(=O)(=O)CCCCO)cc1,9.6,9.462557
train,7633,C=CCC1(C(C)C)C(=O)NC(=O)NC1=O,7.54,7.768567
train,7634,COc1ccc(OC)c(NC2=[NH+]CCN2)c1,10.15,10.271025
train,7635,CCOC(=O)C(CC)C(C)=O,12.7,12.673458
train,7636,O=C1C=Cc2ccccc2[NH2+]1,-0.31,-0.22187072
train,7637,Cc1ccc2[nH+]c3ccccc3cc2c1,5.5,5.6674623
train,7638,C[C@@]1(C(=O)[O-])C[C@]1(C)C(=O)O,6.56,6.568301
train,7639,O=C(O)[C@@H](O)[C@@H](O)C(=O)O,3.29,3.318841
train,7640,OC1=Nc2c(O)nc(O)nc2NC1,7.07,7.0870104
train,7641,CC(=O)/C(C)=N/O,9.3,9.151983
train,7642,[NH3+][C@@H]1CCC[C@H]([NH3+])C1,8.29,8.0714445
train,7643,O=C(O)/C(O)=C(\O)C(=O)O,1.55,1.7205725
train,7644,CC[NH+](CC)CCC(OC(=O)c1ccccc1)c1ccccc1,7.53,7.3244743
train,7645,[H]/N=c1\[nH+]c(Cl)cc(N)n1C,9.87,9.886981
train,7646,COc1ccc(S(=O)(=O)Nc2ccccc2)cc1,8.66,8.883488
train,7647,O=C(O)c1ccc(Br)cc1[N+](=O)[O-],1.85,1.9668057
train,7648,CNc1ncc[nH+]c1-c1nc(C)cc(C)n1,2.9,2.9118578
train,7649,N#CSCC(=O)O,2.58,2.632661
train,7650,COc1ccc2c(=Nc3ccc(NS(C)(=O)=O)cc3OC)c3ccccc3[nH]c2c1,7.705,7.5632906
train,7651,Oc1ccc(N=Nc2nc3ccccc3s2)c2cccnc12,7.2,7.144801
train,7652,CCc1cc(C)cc(O)c1,10.1,9.9635725
train,7653,C[NH+](C)c1ccc2ccccc2c1,4.566,4.5436544
train,7654,CC(C)=CO,11.63,11.548196
train,7655,CC(C)(C)[NH3+],10.69,10.328564
train,7656,Nc1nc(N)c(-c2ccccc2)c[nH+]1,6.9,6.9562426
train,7657,C#CCO,13.55,13.071124
train,7658,Oc1c[nH+]c2ccccc2c1,4.3,4.3902826
train,7659,O=S(=O)([O-])c1cccc2c(O)cccc12,9.11,8.735423
train,7660,Nc1c[nH][nH+]c1,5.57,5.5505705
train,7661,O=C1C[C@@H](C(=O)[O-])[C@H](C(=O)O)C1,5.34,5.3028193
train,7662,N#CC(=NO)C(N)=O,5.12,5.139368
train,7663,Oc1ccccc1-c1cccc[nH+]1,4.19,4.0886517
train,7664,c1ccc(-c2cccc[nH+]2)[nH+]c1,0.05,0.09905565
train,7665,Oc1ccc(Oc2ccccc2)cc1,9.865,9.9698925
train,7666,CCC(C)([NH3+])CC,10.91,10.67047
train,7667,NC(N)=[NH+]c1ccc(Cl)cc1,10.6,10.482555
train,7668,NS(=O)(=O)c1ccc2cccnc2c1,9.72,9.706985
train,7669,SC1CCCCC1,10.69,10.551498
train,7670,CCOc1ccc2ccccc2c1C(=O)NC1C(=O)N2C(C(=O)O)C(C)(C)S[C@H]12,2.7,2.6364696
train,7671,Nc1nc(O)[nH]c2ncnc1-2,9.0,8.752554
train,7672,O=C(O)c1cccs1,3.4433334,3.4708939
train,7673,Cn1nc2[nH+]c(N)[nH]c(=O)c2n1,1.86,2.133401
train,7674,CCCn1c[nH+]cn1,2.36,2.5106266
train,7675,CCOc1ccc(P(=O)(O)O)cc1,2.03,2.111905
train,7676,CC1CCCC[NH2+]1,10.98,10.753179
train,7677,O=S1(=O)CCc2cc(O)ccc21,7.81,7.6946783
train,7678,CC(C)(C)CC[NH+]1CC[C@H](CNC(=O)c2cc(Cl)cc(Cl)c2)[C@H](F)C1,7.9,7.6613293
train,7679,N#Cc1ccccc1[NH3+],0.77,0.6494835
train,7680,COc1ccccc1N1CC[NH+](CCCn2ccn3c4c(=O)n(C)c(=O)n(C)c4nc23)CC1,8.19,7.9595556
train,7681,C[C@@H]1C[NH+]2CCC1CC2,11.29,11.229009
train,7682,Oc1cc(O[C@@H]2OC[C@@H](O)[C@H](O)[C@H]2O)c2ccccc2c1,9.22,9.233159
train,7683,COc1cnc(C(=O)Nc2ccc(F)c([C@@]3(C)[NH+]=C(N)CO[C@@H]3F)c2)cn1,7.8,8.041444
train,7684,O=c1nc2c(c[nH]1)NCCN2,12.5,12.4092655
train,7685,Cc1[nH]c[nH+]c1C,8.19,8.05316
train,7686,Cn1cc2[nH]c(=S)[nH]c2nc1=O,6.61,6.4869947
train,7687,Oc1cc(Cl)c(Cl)c(Cl)c1Cl,5.64,5.6954193
train,7688,Cc1c(-c2nnc(-c3ccc(OC(C)C)c(C#N)c3)s2)ccc2c1CC[NH+](C(CO)CO)C2,7.2,7.085763
train,7689,c1cc2c3c(cccc3c1)[NH2+]CCN2,4.62,4.441226
train,7690,CCCCC[NH+](CCO)CC(C)O,8.9,9.043434
train,7691,c1ccc(CC2CCC[NH2+]2)cc1,10.35,10.135733
train,7692,COc1ccccc1N1CC[NH+](CCCNC(=O)c2ccc3nonc3c2)CC1,7.43,7.320841
train,7693,Cc1ccccc1NC(=O)C[NH3+],7.81,7.6465054
train,7694,Nc1cnc2nc[nH+]c(N)c2n1,4.33,4.463173
train,7695,[NH3+]CCO,9.5,9.326893
train,7696,O=C(NO)c1ccc(O)cc1,9.06,9.062725
train,7697,CC(=O)c1cc([N+](=O)[O-])cc([N+](=O)[O-])c1O,3.26,3.2851799
train,7698,O=C(O)C(COP(=O)(O)O)OP(=O)(O)O,0.48,0.4163077
train,7699,NC(=O)[C@]1(O)NC=Nc2ccccc21,11.38,11.464044
train,7700,Cc1ccc(Cc2c3ccccc3[nH+]c3ccccc23)cc1,7.72,8.105412
train,7701,Cc1cccc(C)c1NC(=O)CCC(C)[NH3+],9.36,9.19878
train,7702,CC(C)[NH+](CCCl)CCCl,7.0,7.1659393
train,7703,COc1ccc(C2C[NH2+]2)cc1,8.7,8.74264
train,7704,CC(C)C(O[C@H]1OC(C(=O)O)[C@H](O)[C@@H](O)[C@@H]1O)C(C)C,3.89,3.7966526
train,7705,Nc1[nH+]cnc2n[nH]cc12,4.59,4.5350685
train,7706,[O-]c1cnc2c(O)nc(=S)[nH]c2n1,8.44,8.236254
train,7707,Cn1c(N)c([NH3+])c(=O)n(C)c1=O,4.44,4.408196
train,7708,O=C(O)COCC1CCCCC1,3.9,3.7487981
train,7709,O=C(O)c1c(O)cccc1O,1.3,1.5642008
train,7710,Cc1nc2c(O)ncnc2n(C)c1=O,7.81,7.6463146
train,7711,O=c1[nH]c(Cl)c(C2=CCCC2)c(=O)[nH]1,5.8,5.6792173
train,7712,O=[N+]([O-])C[N+](=O)[O-],3.57,3.5865963
train,7713,Cc1nc2nc(O)nc(N)c2nc1C,10.69,10.390675
train,7714,CC(Oc1ccccc1)C(=O)O,3.11,3.2278001
train,7715,CN(C)c1nc(N)c2ncc(S)[nH+]c2n1,2.26,2.3520803
train,7716,COc1ccc2[nH]c[nH+]c2c1,5.91,5.8156624
train,7717,O=C(O)c1c(O)ccc2ccccc12,2.7,2.827524
train,7718,CCOC(=O)c1cccc(O)c1,9.12,8.99428
train,7719,CN1C(=O)NC(=O)[C@@](C)(C2=CCCCC2)C1=O,8.36,8.310129
train,7720,COC(=O)c1ccc(OC)cc1O,9.85,9.905824
train,7721,O=C(O)c1cc(Br)c2cccccc1-2,4.87,4.9089785
train,7722,CS(=O)(=O)c1cc[nH+]cc1,1.62,1.603682
train,7723,S=C(Nc1ccc(Cl)cc1)c1ccc(Cl)cc1,10.25,10.161552
train,7724,O=C(O)COc1ccccc1F,3.09,3.0468786
train,7725,O=C(O)c1cnc(Cl)s1,3.0,2.9493876
train,7726,O=C([O-])[C@H]1C(=O)NC(=O)[C@@H]1c1ccccc1,8.92,8.759132
train,7727,COCC[NH2+]c1ccc(Cl)cc1,3.3,3.2919025
train,7728,O=C(O)c1c[nH]c2cc(Cl)c(-c3ccc(C4(O)CCC4)cc3)cc12,4.7,4.572816
train,7729,Cn1[nH+]cs/c1=N\c1ccccc1,4.56,4.60054
train,7730,C=C1[NH2+]C=C(C)C(=CNCCCCCC)C1=O,6.22,6.1513634
train,7731,[NH3+]c1cccc(-c2nc3ccccc3s2)c1,3.4,3.08724
train,7732,S=C1NCCO1,11.05,10.689182
train,7733,Cc1cc(C)c(/N=N/c2c(C)cc(O)cc2C)c(C)c1,9.1,9.08297
train,7734,O=C(O)c1ccc(Cl)c(Cl)c1,3.64,3.7083514
train,7735,C[C@H]1C=[NH+]NC1,4.58,4.5358124
train,7736,C[NH+](C)C12CC[NH+](CC1)CC2,6.41,6.4379997
train,7737,CSc1nc(C)c2c(n1)[nH+]cn2C,2.74,2.7481434
train,7738,O=S(=O)([O-])c1ccc2c(O)cc(S(=O)(=O)[O-])cc2c1,8.64,8.65891
train,7739,CN1C(=O)C(c2ccccc2)(c2ccccc2)[NH+]=C1N,5.7,5.732524
train,7740,Cc1nc2c(=O)n(C)c(N)[nH+]c2[nH]1,4.07,4.1016493
train,7741,[H]/[NH+]=C1/CC(=O)C=CC1=O,3.9,3.9093325
train,7742,O=C(O)[C@H]1COC2OCC[C@@H](C(=O)O)[C@H]21,4.28,4.4299564
train,7743,COC(=O)c1ccc2[nH+]c3cc(N)ccc3cc2c1,7.1,7.211972
train,7744,NS(=O)(=O)c1cc(=O)[nH]c(=O)[nH]1,5.43,5.4146757
train,7745,CC1(C)CC(=O)C(Br)C(=O)C1,3.1,2.923423
train,7746,c1ccc([NH2+]C2=NCCCS2)cc1,8.49,8.601567
train,7747,Cc1cc(=O)[nH][nH]1,10.9,10.764299
train,7748,Oc1ccc2cccc(-c3ccccc3)c2c1,9.38,9.259911
train,7749,C1CCC(C2=[NH+]CCC2)CC1,6.05,5.783578
train,7750,CCOC(=O)N1CC[NH+](Cc2nc(-c3cccc(Cl)c3)no2)CC1,3.4,3.4759018
train,7751,[NH3+][C@]12C[C@H]3C[C@H](C[C@H](C3)C1)C2,10.71,10.471696
train,7752,CCCCOC(=O)c1ccc(O)cc1,8.18,8.2184515
train,7753,c1ccc(C2=[NH+]CCN2)nc1,8.98,8.9317665
train,7754,O=c1cc(O)[nH]c2cc(Cl)ccc12,5.8,5.5140514
train,7755,NCCc1c[nH]c2ccc(O)cc12,11.0,10.841608
train,7756,O=C(O)[C@@H]1C[C@@H]1Br,4.09,4.1473026
train,7757,OC(O)(C(F)F)C(F)(F)F,7.67,7.5902147
train,7758,CC(=O)Oc1c(C)cc(OCC(O)C[NH2+]C(C)C)c(C)c1C,9.54,9.551802
train,7759,Nc1ccc([O-])cc1O,11.3,11.112732
train,7760,COc1cc2c(cc1OC)-c1c(-c3cncs3)[nH+]cn1CC2,4.3,4.294634
train,7761,CCCc1cccc(O)c1,10.02,9.958385
train,7762,CC(C)[NH+](C(C)C)C(C)C,11.86,11.906645
train,7763,Cc1c(-c2noc(-c3cnc(OC(C)C)c(C#N)c3)n2)ccc2c1CC[NH+](C(CO)CO)C2,7.3,7.1419764
train,7764,Nc1nccn2c(S)ncc12,8.74,8.653998
train,7765,CC[C@@H](C[C@H]1COC(=[NH2+])N1)c1ccccc1,8.98,8.996834
train,7766,Cc1c[nH+]c2c(ccc3c(C)ccnc32)c1C,5.99,6.209422
train,7767,Cc1[nH+]coc1C(=O)O,-0.72,-0.69589496
train,7768,O=C(O)[C@H]1CCC[C@H](O)C1,4.82,4.766678
train,7769,CNC(=O)CS(=O)(=O)NC(N)=O,4.89,4.994733
train,7770,CC1=CC(C)=C(C)[NH2+]1,2.0,1.9287729
train,7771,O=C(O)c1ccc([N+](=O)[O-])cc1Cl,1.975,2.077385
train,7772,C[C@@H]1CCC[C@H](C)[NH2+]1,11.07,10.94241
train,7773,NC(=O)c1ccc(C(=O)O)cc1C(=O)O,3.36,3.2261832
train,7774,CNc1cc(O)[nH+]cn1,1.7,1.8320618
train,7775,CC(C(=O)O)C(=O)O,3.01,3.1114552
train,7776,N#CC12CCC(C(=O)O)(CC1)CC2,4.55,4.6487455
train,7777,C=CCS,9.96,9.755047
train,7778,CC(C)=C(C#N)C(=O)O,3.04,3.356078
train,7779,COC(=O)N1CCc2s[nH]c(=O)c2C1,7.4,7.3222475
train,7780,CCOC(=O)c1c[nH]c2c(c(C)nn2C)c1=Nc1ccccc1,8.23,8.379805
train,7781,COc1ccc2c(c1)c(CC[NH+](C)C)cn2C,9.2,9.200243
train,7782,O=c1c(O)c(O)c(=O)c1=O,0.6,0.9695307
train,7783,NS(=O)(=O)c1ccccc1Cl,9.58,9.492099
train,7784,CC[C@H]1C[NH+]2CCc3cc(OC)c(OC)cc3[C@@H]2C[C@@H]1CC=O,8.11,8.111672
train,7785,CNc1[nH+]cn(C)c1C(=O)OC,4.21,4.1530504
train,7786,Cc1[nH]c(=O)nc2nn[nH]c12,5.41,5.2636003
train,7787,Nc1ccccc1O,9.75,9.529461
train,7788,CC(C)(C)CP(=O)(O)O,2.84,2.8779833
train,7789,NNS(=O)(=O)CCl,9.7,9.62986
train,7790,S=c1cccn[nH]1,8.32,8.15787
train,7791,COc1cc(O)c(C)c(C)c1O,10.6,10.771044
train,7792,CCCCCCC[NH3+],10.34,10.54092
train,7793,CN[NH3+],7.85,7.631648
train,7794,Cc1n[nH]c(=NS(=O)(=O)c2ccc(N)cc2)s1,4.29,4.004383
train,7795,NO,13.74,13.814714
train,7796,ClC(Cl)(Cl)c1nc2ccccc2[nH]1,10.3,10.437616
train,7797,CCCC[NH+]1CCCCC1C(=O)Nc1c(C)cccc1C,7.715,7.7592697
train,7798,C[NH+]1CC[NH+](C2=Nc3cc(Cl)ccc3Nc3ccccc32)CC1,4.02,3.8271973
train,7799,Cc1cc(C)c(C)c(Nc2ccccc2CC(=O)O)c1C,4.2,4.2122116
train,7800,S=C(Nc1ccc(Br)cc1)c1ccccc1,10.42,10.517159
train,7801,c1cc2c[nH+]cnc2cn1,1.81,1.6311308
train,7802,CC1[NH+]=C(NCC(F)F)Nc2ccc(Cl)c(Cl)c21,8.5,8.474068
train,7803,CNc1cc[nH+]cn1,6.09,6.1959257
train,7804,Nc1ncc(Br)c[nH+]1,1.95,1.8981203
train,7805,Oc1ccc(/N=N/c2ccccc2Cl)c(O)c1,6.19,6.2492313
train,7806,Cc1ccccc1P(=O)(O)O,2.09,2.8028193
train,7807,[NH3+][C@@H]1C[C@]1(F)c1ccccc1,6.98,6.9051914
train,7808,C/C=C(/Cl)C(=O)O,2.8,2.8169312
train,7809,N#Cc1ccc(S(=O)(=O)Nc2cc3c(=O)[nH]ccc3cc2F)cc1,5.97,5.973789
train,7810,C=C(Br)COc1noc2c1C[NH2+]CC2,7.6,7.377535
train,7811,CC(C)(O)OO,13.3,13.142631
train,7812,Cc1oc2ccccc2c(=O)c1C(=O)c1cc(I)c(O)c(I)c1,4.89,4.768203
train,7813,CCC([N+](=O)[O-])[N+](=O)[O-],5.53,5.7782507
train,7814,O=C(/C=N\O)c1ccncc1,7.8,7.7360153
train,7815,Clc1ccc(/C=C/c2cc[nH+]cc2)cc1,5.66,5.654299
train,7816,Cn1c[nH+]c2c(N)[nH]c(=O)nc21,4.5,4.49271
train,7817,COc1ccc(C(=O)Nc2ccc(O)cc2)cc1,9.55,9.682352
train,7818,Cc1ccc(P(=O)(O)O)cc1,1.94,2.3354592
train,7819,O=c1oc2cc(O)ccc2cc1-c1nc2ccccc2o1,6.84,6.622615
train,7820,CCOC(=O)c1nn(Cc2ccccc2)[nH]c1=O,5.14,5.140564
train,7821,CCC12CCC(=O)C=C1c1c(cc(OCc3nn[nH]n3)c(Cl)c1Cl)C2,3.72,3.6942742
train,7822,CC1=Nc2ccc(C)cc2[C@](O)(C(N)=O)N1,11.44,11.543902
train,7823,Cc1[nH+]c2c3c(ccn2c1C)CCC(c1ccccc1)O3,7.73,7.967086
train,7824,c1c[nH+]c2cnccc2c1,3.61,3.5886252
train,7825,Cn1c(O)nc([O-])c2ncnc1-2,11.3,10.762974
train,7826,Nc1cc(Oc2ccccc2)[nH+]c(N)n1,4.8,4.961031
train,7827,Clc1c[nH+]c2ccccc2c1,2.63,2.605006
train,7828,NC(=O)c1cc(N)nc(N)[nH+]1,4.9,4.9816284
train,7829,O=S(=O)(c1ccc(O)cc1)C(F)(F)F,6.79,6.86244
train,7830,O=[N+]([O-])Cc1cccc([N+](=O)[O-])c1,6.3,6.028119
train,7831,Brc1cccc(N2CCc3ccccc3C2)[nH+]1,2.0,1.9692758
train,7832,C[C@@H](I)C(=O)O,3.11,3.1692421
train,7833,CC(=O)C(C(C)=O)=C(C)O,5.81,5.811285
train,7834,Oc1ccccc1S,5.7,5.8111143
train,7835,Brc1[nH]cc[nH+]1,3.85,3.764764
train,7836,O=Cc1ccc(O)c([N+](=O)[O-])c1,4.58,4.288501
train,7837,Cn1c(N)nc2c(ncn2C)c1=O,14.6,14.361455
train,7838,O=C(O)c1ccccc1C(=O)c1ccccc1,3.54,3.4806406
train,7839,Cn1c(N)nc2ncc(C(=O)O)[nH+]c2c1=O,1.29,1.5969203
train,7840,OCc1c[nH+]c[nH]1,6.385,6.4702835
train,7841,CC(C)C[NH+](C)c1ccccc1,5.2,5.2292824
train,7842,CCOC(=O)c1cn(C)[nH]c1=O,6.71,6.5056744
train,7843,O=C(O)Cc1cc(-c2ccccc2)cc2ccccc12,6.7,6.801757
train,7844,C#CCCCCC(=O)O,4.57,4.5968266
train,7845,CCSCC[NH+](CC)CC,9.03,8.979059
train,7846,Oc1ccc2ccncc2c1,8.88,8.935628
train,7847,[NH3+]CC=C(Cl)Cl,9.3,9.269779
train,7848,CC[C@@H]1CSC(C)=[NH+]1,5.301,5.3100815
train,7849,[H]/N=c1/o[nH+]c(-c2ccccc2)n1C,5.95,5.950428
train,7850,C[Si](C)(C)c1cccc(C(=O)O)c1,4.165,4.2660084
train,7851,Oc1cccc(C(F)(F)F)c1,8.95,8.802788
train,7852,CN1CCn2c1cc[nH+]c2=O,7.01,7.0399475
train,7853,O=C(O)Cc1ccccc1Nc1cccc(Cl)c1Cl,4.2,4.2687254
train,7854,O=C(O)C1CC1(Br)Br,3.57,3.6269872
train,7855,CCOc1ccccc1S,7.06,6.9666843
train,7856,CC(C)(S)CO,9.85,9.651194
train,7857,O=c1cccc2[nH][nH]cc1-2,8.65,8.395875
train,7858,Ic1ccc(-c2nn[nH]n2)cc1,3.88,3.8518765
train,7859,Cc1[nH]nnc1-c1ccccc1,9.11,9.15707
train,7860,Brc1c[nH]c[nH+]1,3.88,3.881776
train,7861,CCOc1cccc(C(=O)c2ccc3n2CCC3C(=O)O)c1,3.46,3.3120363
train,7862,CC(C)C(C(=O)[O-])(C(=O)O)C(C)C,8.848,9.27392
train,7863,Oc1nnnc2ccccc12,5.15,4.9083595
train,7864,c1c[nH][nH+]c1,2.48,2.6432016
train,7865,Cc1nc2c(S)[nH+]c(=O)nc-2n(C)c1C,0.08,0.19330204
train,7866,COc1cc(NS(C)(=O)=O)ccc1N=c1c2ccccc2[nH]c2c(C(=O)NCCCCCCOS(C)(=O)=O)cccc12,6.35,6.246393
train,7867,O=Cc1nc2c(O)ncnc2nc1O,5.93,6.006113
train,7868,[NH2+]=C1Nc2ccc(Cl)cc2[C@H]2CCC[C@@]12F,7.6,7.3828917
train,7869,COc1cccc2c1NC=[NH+][C@@H]2O,7.82,7.85236
train,7870,Oc1ccc[nH+]c1O,0.22,0.24602169
train,7871,CC[C@@]1(C(=O)O)C[C@]1(CC)C(=O)O,4.16,4.263014
train,7872,CC[C@H](NC(=O)c1cc(OC)ccc1NS(=O)(=O)c1ccc(C)cc1)c1ccccc1,7.5,7.798953
train,7873,Cn1cnc2nc[nH+]c(N)c21,4.2,4.0435724
train,7874,O=C1CC(=O)C[S+]([O-])C1,3.26,3.3068147
train,7875,Nc1nc2cc3ccccc3cc2[nH]1,12.8,12.677683
train,7876,ON=CNO,10.7,10.446308
train,7877,C=CC[NH+]1CCCCC1,9.65,9.469544
train,7878,CN1CCC(S)CC1,10.35,10.099373
train,7879,c1coc(C2C[NH+]3CCC2CC3)c1,10.03,9.843685
train,7880,O=C(NC(Cc1ccc(CCCCN=c2cccc[nH]2)cc1)C(=O)O)c1c(Cl)cccc1Cl,7.2,7.2295237
train,7881,N#CC(C#N)=NNc1ccc(CCCl)cc1,6.5,6.4587326
train,7882,Nc1cccc2[nH+]ccnc12,2.62,2.5432782
train,7883,Cc1ccccc1-c1nc2cn(-c3ccc(Cl)cc3)nc2c(=O)n1CC1CCC[NH+](C(C)C)C1,10.0,10.256586
train,7884,Cc1nc(N)[nH+]c(N)n1,5.14,5.156844
train,7885,CCC(C(=O)O)C(CC)C(=O)O,3.51,3.8117511
train,7886,CCC1C[NH+]1CC,8.19,8.004479
train,7887,C[NH+]1CCC[C@H]1c1ccccc1,8.8,8.683233
train,7888,COc1ccc(-c2nnc(C(=O)N3CCC(Oc4ccc(C[NH+]5CCCC5)cn4)CC3)o2)cc1,9.2,9.118374
train,7889,COC(=O)c1cnc2[nH]c(=O)[nH]c(=O)c2n1,6.78,6.8113155
train,7890,Cc1ccc2[nH]nnc2c1,8.9,8.861498
train,7891,COc1ccc(NC(C)=S)cc1,11.96,11.821188
train,7892,Oc1ccc(Sc2ccc(O)cc2)cc1,10.5,10.729876
train,7893,N#Cc1ncnc2[nH]cnc12,6.88,6.8339043
train,7894,C[NH+](CCC#N)CCC#N,4.24,4.0790873
train,7895,O=C(O)c1ccc2ccccc2[nH+]1,1.9,2.06142
train,7896,CC1(C)CCCC(C)(C)[NH2+]1,11.24,11.364909
train,7897,CCC(C)[NH+](C)C,10.4,10.089987
train,7898,O=C(NO)c1cc([N+](=O)[O-])ccc1O,6.89,6.7772703
train,7899,COc1ccc2[nH+]ccc(Cl)c2c1,3.93,4.0518074
train,7900,NC(=O)C[NH2+]C1CCC(OCc2cc(C(F)(F)F)cc(C(F)(F)F)c2)C1c1ccccc1,6.6,6.4511633
train,7901,Nc1nc(N)c(Cl)c[nH+]1,5.52,5.5367756
train,7902,Cc1nc(N[N+](=O)[O-])n[nH]1,4.3,4.271723
train,7903,O=C(O)COC1CCCC1,3.7,3.5805275
train,7904,Cc1ccc2[nH+]c(N)sc2c1,4.6,4.571191
train,7905,O=P(O)(O)c1ccccc1F,1.565,1.6268096
train,7906,CN(C)c1ncnc2nc[nH]c12,10.5,10.334104
train,7907,C/N=C(\N)N=C(N)[NH3+],11.4,11.316606
train,7908,CC(C)(Nc1ccccc1)C(=O)O,6.0,6.040656
train,7909,COc1nc[nH+]cc1C,3.57,3.5134516
train,7910,O=c1cc(S(=O)(=O)[O-])[nH]c(=O)[nH]1,7.26,7.1244745
train,7911,[NH3+]c1cccc2ccc(Cl)cc12,3.48,3.3700411
train,7912,O=C(O)c1nc[nH]c1C(=O)O,3.43,3.1394985
train,7913,CC[C@@]12CCC[NH+]3CC[C@]4(c5cccc(OC)c5N(C(C)=O)[C@@H]4CC1)[C@H]32,7.65,7.820362
train,7914,COC(=O)c1cc(S(N)(=O)=O)ccc1S(=O)(=O)CCO,9.2,9.104994
train,7915,CC[NH+]1[C@H](C)[C@@H]1C,8.56,8.55527
train,7916,O=C(CCl)c1ccc(O)c(O)c1,7.4,7.3573046
train,7917,CCCCc1ccccc1[NH3+],4.26,4.382964
train,7918,CC(=O)c1cc(C(=O)C(C)(C)C)[nH]n1,9.7,9.565285
train,7919,C[NH+]1CC[NH+]([C@H](c2ccccc2)c2ccc(Cl)cc2)CC1,2.43,2.3267276
train,7920,O=c1ccc2ccc(O)c(O)c2o1,6.9,6.8304443
train,7921,O=C(O)c1cnn[nH]1,3.17,3.2334015
train,7922,CNS(=O)(=O)Oc1cccc([N+](=O)[O-])c1,8.7,8.627718
train,7923,CC([N+](=O)[O-])C(C)(C)C(=O)O,3.91,4.0202923
train,7924,COc1ccc2[nH]cc(C3=CC[NH+](Cc4ccccc4)CC3)c2c1,7.7,7.625473
train,7925,O=C1C(O)=C(Br)C(=O)C(O)=C1Br,0.7,0.8176692
train,7926,[NH3+]Nc1nncc2ccccc12,7.25,7.4249535
train,7927,CC[NH+](CC)CCCCCCC(=O)Nc1c(C)cccc1C,10.24,10.331052
train,7928,O=c1[nH][nH]c(-c2ccccc2)c1Cc1ccccc1,7.7,7.585455
train,7929,NC(=O)c1ccc(N)cc1O,9.11,8.940136
train,7930,COc1ccc([N+](=O)[O-])c(O)c1,6.815,6.9958067
train,7931,O=C1CC(Cc2ccccc2)NC(=O)C1C(=O)Nc1ccc(S(=O)(=O)c2ccccc2)cc1,6.5,6.358041
train,7932,O=C(O)/C=C/c1ccoc1,4.31,4.357025
train,7933,CSCc1ccc(O)c(CSC)n1,8.4,8.344504
train,7934,CCCCCCCCCCCC(=O)NCCCCC([NH3+])C(=O)OC,9.1,8.508172
train,7935,Cc1ccc(S(=O)(=O)O)cc1,-2.02,-1.9836388
train,7936,COC1C(=O)N2C(C(=O)C(C)(C)C)=C(CSc3nnc(C)s3)CS(=O)(=O)[C@H]12,11.9,12.326344
train,7937,Cc1cc(C)c(C)c(C(=O)O)c1,4.01,4.0079403
train,7938,Cc1cc(C)c2nc(-c3cc[nH+]cc3)cc(C(=O)Nc3ccc4ccccc4c3)c2c1,4.27,4.172208
train,7939,Cc1ccccc1C[NH3+],9.19,9.098673
train,7940,COC(=O)C(C(=O)OC)C(=O)OC,7.8,7.839798
train,7941,Cc1cccc([N+](=O)[O-])c1C(=O)O,2.21,2.199283
train,7942,Cn1cnc2c1N=CNS2(=O)=O,4.45,4.20539
train,7943,Nc1nc2[nH+]ccnc2c(=O)[nH]1,2.2,2.3937998
train,7944,COc1ccc(C(C#N)N2CC[NH+](C)CC2)cc1OC,7.6,7.568432
train,7945,Cc1ccc(NC(=O)NC2N=C(c3ccccc3)c3ccccc3N(C)C2=O)cc1N(C)c1nn[nH]n1,5.7,5.4748516
train,7946,S=c1ncc2nccnc2[nH]1,6.52,6.414529
train,7947,Nc1cc(=S)[nH]c(N)[nH+]1,1.73,1.8349485
train,7948,CSc1cccc([NH3+])c1,4.0,3.8668249
train,7949,C[NH+]1C[C@@H](CO)C[C@H]2c3cccc4[nH]cc(c34)C[C@@H]21,8.3,8.415205
train,7950,C[C@H]1[C@@H](C(=O)[O-])[C@]1(C)C(=O)O,5.65,5.561389
train,7951,Nc1cccc2c1[NH2+]C=[NH+]2,1.5,1.5936873
train,7952,O=S(=O)([O-])c1cccc2ccc(O)cc12,9.48,9.330189
train,7953,O=C(Nc1ccc[nH+]c1)c1ccccc1,3.8,3.8634515
train,7954,O=C(O)C(O)C(Cl)(Cl)Cl,2.33,2.3818772
train,7955,Nc1ccc(C(=O)O)c(N)c1,5.81,5.8569345
train,7956,Cn1cnc2c[nH+]ccc21,6.36,6.499264
train,7957,S=c1cc(S)nc[nH]1,3.6,3.479499
train,7958,CC(C)(C)c1cc(C#N)cc(C(C)(C)C)c1O,8.7,8.6442795
train,7959,CC(=O)N[C@@H](C)C(=O)O,3.72,3.809459
train,7960,C=CCCN(C1=[NH+]CCN1)c1c(Br)cccc1Br,11.2,10.849936
train,7961,Cc1cccc(I)c1C(=O)O,2.7,2.6176188
train,7962,CSc1[nH+]cc(C)s1,2.55,2.5433931
train,7963,CCC(C)C(=O)CC[NH+]1CCOCC1,7.07,7.087081
train,7964,CN(CCc1ccccc1)c1[nH+]cnc2c1ncn2C1O[C@H](CO)[C@@H](O)[C@H]1O,3.0,3.140671
train,7965,COc1ccc(-c2cc(C(=O)O)[nH]n2)cc1,3.31,3.3096406
train,7966,Cn1c(=O)[nH]c2c(=O)[n-]cnc21,11.79,11.562794
train,7967,CC(=O)N(O)CCc1ccccc1,8.83,8.885734
train,7968,C=C(SC1CCCCC1)C(=O)O,3.4,3.3559792
train,7969,Cc1ccc([NH3+])c2ccccc12,4.37,4.3495884
train,7970,NC1=CC(=O)[NH2+]C=C1,2.65,2.694154
train,7971,Cn1c(=O)[nH]c2nc(-c3ccccc3)c(=O)[nH]c2c1=O,7.03,7.1579266
train,7972,CC(C)[C@@H]1CC[C@@H](C)C[C@@H]1[NH3+],10.52,10.492184
train,7973,Cc1coc(C2C[C@H]3[C@@H](C)SC(=[NH2+])N[C@@]3(c3ccc(F)cc3F)CO2)n1,7.8,7.884794
train,7974,O=C(N=c1cccc2[nH]ccn12)N1CC[NH+](Cc2cccc(Oc3ccc(Cl)cc3)c2)CC1,6.8,6.8131666
train,7975,O=S(Cc1ccccc1)c1c[nH]nn1,6.09,6.116884
train,7976,Cc1nsc(C=NO)n1,6.97,6.7323713
train,7977,CC1CCC(C(=O)O)CC1,4.965,5.088992
train,7978,O=C(O)CCc1ccc(O)c(O)c1,4.38,4.501918
train,7979,NNC(=O)c1ccccc1Br,11.9,11.815363
train,7980,O=C(O)c1ccc2ncccc2c1,4.82,4.8445644
train,7981,Cc1ccc[nH+]c1N,7.14,7.0485506
train,7982,O=C(O)c1cccc2c1C(=O)c1ccccc1C2=O,3.37,3.2483017
train,7983,Cc1nc(N(C)C)c(C#N)c[nH+]1,4.37,4.601967
train,7984,CN(C)c1cc(O)[nH+]cn1,1.22,1.3866143
train,7985,C[NH+](C)CCCN1c2ccccc2Sc2ccc(C#N)cc21,9.29,9.229948
train,7986,[NH2+]=c1c2ccccc2[nH]c2ccccc12,9.795,9.749483
train,7987,NNC(=O)C1(F)C(F)(F)C(F)(F)C(F)(F)C(F)(F)C1(F)F,9.14,9.412563
train,7988,CC1=N[NH2+]CC1,5.6,5.5358458
train,7989,CCSC(=[NH2+])c1ccccc1,6.05,6.252866
train,7990,CC(C)c1ccccc1S,7.02,6.967387
train,7991,CC(C)c1cc(O)c(=O)ccc1Br,6.53,6.439929
train,7992,CCCC[NH+]=C(C)NN(C)C,10.4,10.322845
train,7993,S=C(S)OC1CCCCC1,2.05,2.0851088
train,7994,CCCCCCCCN(Cc1nn[nH]n1)c1ccccc1,4.83,4.702735
train,7995,C[NH+]1C[C@H](CO)C[C@H]2c3cccc4[nH]cc(c34)C[C@@H]21,8.84,8.622156
train,7996,CC(=O)C(Cc1ccc(C#N)cc1)C(C)=O,9.69,9.59454
train,7997,C[C@@]1(C2CCCC2)Cc2cc(OCC(=O)O)c(Cl)c(Cl)c2C1=O,3.9,3.8943307
train,7998,O=C(O)C1CCCCO1,3.84,3.7169247
train,7999,C=CC[NH2+]C,10.11,9.707036
train,8000,O=C([O-])c1cc(C(=O)O)cc(C(=O)O)c1,3.89,3.9542167
train,8001,COc1ccc(CC[NH+](C)CCCC(C#N)(c2ccc(OC)c(OC)c2)C(C)C)cc1OC,8.881667,8.751753
train,8002,Oc1ccc(F)cc1F,8.5,8.282468
train,8003,C1CN2CC[NH2+]C2=N1,10.6,10.276386
train,8004,O=C(O)/C=C/c1ccc(F)cc1,4.21,4.3061914
train,8005,CC(O)(O)n1ccnc1,10.72,10.542823
train,8006,Nc1nc2[nH]c(-c3ccccc3)c(-c3ccccc3)[nH+]c-2c(=O)n1,1.82,1.6859167
train,8007,CC(C=NO)=NO,9.69,9.648895
train,8008,COc1cccc2ccc[nH+]c12,5.01,4.861637
train,8009,C1CC2(C1)CC[NH2+]2,11.4,10.860584
train,8010,COc1ccc(NS(=O)(=O)c2ccc(N)cc2)nn1,7.19,7.35734
train,8011,CC1=[NH+]CCCC1,9.55,9.50638
train,8012,N#Cc1ccc(S(N)(=O)=O)cc1,9.26,9.055347
train,8013,O=C(O)CCCCCCCC(=O)O,4.55,4.634839
train,8014,COC(=O)C1=CC(=O)C=C(C(=O)OC)[NH2+]1,0.5,0.83955175
train,8015,Cc1[nH+]c2c(CCc3ccccc3)cccn2c1C,7.5,7.5978823
train,8016,Nc1ncnc(C(=O)O)c1N,7.79,7.8596783
train,8017,[NH3+]C1=NCC(=O)N1,4.8,4.8080187
train,8018,CC([NH3+])CC#N,7.85,7.525099
train,8019,Cc1[nH+]c[nH]c1C(=O)O,2.53,2.4070675
train,8020,COc1ccc(-c2nc3nc(SC)nnc3[nH]2)c(OC)c1,7.69,7.487193
train,8021,COc1ccc(CCC[NH+](C)C)cc1Cl,10.76,10.624875
train,8022,N#CC(C#N)=NNc1ccc(OC(F)(F)F)cc1,6.0,5.8581467
train,8023,OC1=NN=C(O)CC1,8.1,8.315947
train,8024,Cc1c[nH+]c(=O)[nH]c1N,4.6,4.5758657
train,8025,O=C(O)C1C[C@@H]1c1cccc(Cl)c1,4.51,4.5402603
train,8026,CCN=S1(=O)NC(=O)c2ccccc21,6.9,6.9182415
train,8027,NP(=O)(O)O,2.83,2.9258285
train,8028,OCC(F)(F)F,12.37,11.868853
train,8029,Cc1ccc(C(=O)O)cc1N,4.49,4.6083193
train,8030,CC(=O)NCc1cccc(Cn2[nH]c(=NS(=O)(=O)c3ccc(Cl)s3)c3c(C(C)(C)O)cccc32)c1,5.46,5.902832
train,8031,C[NH+]1CCCC1c1ccccc1,8.8,8.79582
train,8032,[H]/N=c1/c2[nH+]cn(C)c2ncn1C,9.1,9.032518
train,8033,COc1ccc(N=P(N2CCCC2)(N2CCCC2)[NH+]2CCCC2)cc1,11.94,12.183757
train,8034,O=C([O-])[C@H]1CC[C@H](C(=O)O)CC1,5.42,5.483921
train,8035,N#CC(=NO)C(=O)Nc1ccc(F)cc1,5.01,5.02826
train,8036,CCOC(C)=[NH2+],7.15,7.187933
train,8037,O=C(O)CSCc1ccccc1,3.73,3.5331247
train,8038,Sc1ccccc1Br,5.66,5.5566807
train,8039,CC(C)(C)c1cccc(C[NH2+][C@H]2CS(=O)(=O)C[C@@H](Cc3cc(F)c(N)c(OC(C(F)(F)F)C(F)(F)F)c3)[C@@H]2O)c1,5.7,5.7566195
train,8040,COc1ccc(I)c[nH+]1,1.51,1.5706041
train,8041,NS(=O)(=O)CF,9.32,9.077862
train,8042,COc1ccc(-c2c[nH+]co2)cc1,0.7,0.64089835
train,8043,Cn1nc2c[nH+]cnc2n1,3.18,3.5246637
train,8044,O=P([O-])(O)CI,6.72,6.629345
train,8045,CN(C)c1cc(C(=O)O)ccc1C(=O)O,3.35,3.273929
train,8046,O=C1C=CC(=Nc2ccc(O)cc2)C=C1,8.1,7.967449
train,8047,S=C1C=CC=C2[NH2+]C=CC=C12,3.31,3.4984775
train,8048,O=C(O)c1nnn(-c2ccccc2)c1C(=O)O,2.13,2.1916103
train,8049,Nc1cc(-c2ccc(Cl)cc2)[nH+]c(N)n1,6.79,6.933447
train,8050,Cn1c(=O)c2[nH]c(=O)[nH]c2n(C)c1=O,5.75,5.653597
train,8051,COc1ccc(NC(=S)c2cccc(Br)c2)cc1,10.99,10.810432
train,8052,O=[N+]([O-])C(Br)[N+](=O)[O-],3.535,3.7567816
train,8053,Cc1ccc(C(=O)O)cc1Br,3.96,3.9713187
train,8054,C[NH+](C)CCCN1c2ccccc2CCc2ccc(Cl)cc21,9.34,9.247061
train,8055,CC1=C(C)C(=C(C)C(=O)O)CC1=O,3.1,2.957747
train,8056,O=c1cnc2c([O-])nc[nH]c-2n1,9.62,9.313003
train,8057,Sc1ccc(Br)cc1,6.02,5.822671
train,8058,Cn1c(=O)[nH]c2nc(O)[nH]c(=O)c21,5.5,5.454194
train,8059,O=C(O)c1cc[nH+]cc1O,0.1,0.0043932796
train,8060,Oc1cccc2nsnc12,7.86,7.8023024
train,8061,Cc1ccc(O)cc1C,10.39,10.201473
train,8062,Nc1cc([NH3+])c(O)cc1O,6.0,5.9735994
train,8063,O=C(O)c1[nH+]c(=O)[nH]c2c1CCCC2,-0.82,-0.7329856
train,8064,[OH+]=c1cc(-c2ccccc2)oc2ccccc12,-1.3,-1.0410421
train,8065,c1c[nH+]cc(C2=NCCC2)c1,5.26,5.1592865
train,8066,CC[NH+](C)CC,10.39,10.292647
train,8067,C[S+]([O-])c1ccccc1C(=O)O,3.1,3.0087168
train,8068,C[C@@]1(C(=O)O)C[C@@]1(C)C(=O)O,3.7,3.7417462
train,8069,CCOC(C)(O)N1C=NCC1,11.34,11.2729645
train,8070,COc1cccc2c1c(=NS(=O)(=O)c1ccc(Cl)s1)[nH]n2Cc1cccc(CNC(C)=O)c1,6.6,6.1418676
train,8071,O=C(O)/C=C(/Br)C(=O)O,1.45,1.4545951
train,8072,Cc1nc(C)c(C(=O)O)o1,3.08,3.075022
train,8073,C=CCNC(=O)NS(=O)(=O)c1ccccc1,4.7,4.6212206
train,8074,CNc1nc(C)[nH+]cc1N,7.4,7.496605
train,8075,NC(=S)Nc1cccc([N+](=O)[O-])c1,11.1,11.01847
train,8076,COC(=O)c1cocc1C(=O)O,3.75,3.6999907
train,8077,CC(=O)N1N=C(c2cc(F)ccc2F)C[C@@]1(CCC[NH+]1CCOCC1)c1ccccc1,7.1,7.1192293
train,8078,Cn1cc(C(=O)Nc2ccccc2)c(O)c1O,5.86,5.6679773
train,8079,Nc1ccc(/N=[NH+]/c2ccccc2)cc1,2.76,2.7188423
train,8080,Nc1ncc2[nH+]cc(=O)[nH]c2n1,1.5,1.5578313
train,8081,O=Cc1[nH+]cnc2[nH]cnc12,2.4,2.7354221
train,8082,Cn1cnc(O)cc1=S,4.38,4.298535
train,8083,Oc1ccc2cccc(I)c2c1,8.98,8.704217
train,8084,CC1C(=O)CC(=O)C1=O,3.4,3.4270084
train,8085,[NH3+]c1ccccc1,4.6,4.466939
train,8086,O=c1[nH]c(=S)[nH]c(O)c1-c1ccccc1,3.9,3.7212136
train,8087,S=C(Nc1ccc(Cl)c(Cl)c1)c1ccccc1,9.96,9.7773695
train,8088,COc1cc(NS(C)(=O)=O)ccc1N=c1c2ccccc2[nH]c2cc(Br)ccc12,6.84,6.935478
train,8089,CC(C)(N)C[NH3+],10.0,9.81692
train,8090,O=C(O)CSSCC(=O)O,3.81,3.8696616
train,8091,O=C(NCCC[NH2+]C1CCCCC1)C1C[C@@H]1c1ccccc1,10.3,10.341129
train,8092,Cc1[nH+]c2c3c(c(C(=O)N(C)C)cc2n1C)CC[C@@H](c1ccc(F)cc1)O3,5.65,5.6196365
train,8093,O=C(c1ccco1)N(O)c1ccccc1,7.69,7.659793
train,8094,CCCC[NH+]1CCCCC1,10.47,10.367957
train,8095,Fc1cc(F)c2[nH]cnc2c1,11.2,10.91878
train,8096,CNc1cc(C(=O)OC)ccc1C(=O)O,4.44,4.522275
train,8097,Nc1cc(F)ccc1C(=O)O,4.6,4.6222124
train,8098,Oc1ccc2c(c1)CCC2,10.29,10.160014
train,8099,CCCCS(=O)(=O)Nc1ccc(N=c2c3ccccc3[nH]c3cc(OC)ccc23)c(OC)c1,7.35,7.4803076
train,8100,[H]/N=c1/[nH+]cc(C(N)=O)cn1C,9.08,8.97986
train,8101,Cc1ccc(Br)c(C(=O)O)c1,3.0,3.1482058
train,8102,CCCCCCCCC[NH2+]Cc1ccc(C)cc1,9.48,9.410477
train,8103,CC1=C(C)C(=O)N(c2ccccc2)[NH2+]1,1.39,1.4567051
train,8104,OC(C(F)=C(F)F)(C(F)=C(F)F)C(F)(F)F,7.71,7.7405357
train,8105,O[NH+]1C=CC=CC1=S,-1.95,-1.7631538
train,8106,O=c1c(Br)cccc(Br)c1O,4.68,4.650635
train,8107,NC(=O)CS(=O)(=O)NC(N)=O,5.05,5.0858526
train,8108,COc1cc([N+](=O)[O-])ccc1O,6.63,6.650797
train,8109,CC1C(=O)CCCC1=O,6.0,5.8824797
train,8110,CNS(=O)(=O)Oc1ccccc1,10.53,10.366266
train,8111,CCOc1ccc(C(=O)O)cc1OCC,4.43,4.367118
train,8112,Cc1cc(=O)oc2cc(O)cc(F)c12,5.9,5.7647247
train,8113,NC1=NC(=S)C=C[NH2+]1,2.86,2.8851075
train,8114,Oc1cccc2nccnc12,8.65,8.471016
train,8115,CCOc1ccc2[nH+]c3c(c(N4CCOCC4)c2c1)CCC3,7.11,7.33257
train,8116,O=C(O)CCc1ccccc1Cl,4.58,4.601821
train,8117,N#CCCNC(=N)N[N+](=O)[O-],11.65,11.45523
train,8118,O=C(O)C[Se][Se]CC(=O)O,3.31,3.2579517
train,8119,CS(=O)Cc1cccc[nH+]1,3.1,3.1110818
train,8120,CCc1ccc(O)c2ccsc12,9.41,9.293516
train,8121,O=c1c2sc(-c3ccc(Cl)cc3)cc2ncn1-c1ccc2sc(C[NH+]3CCCCC3)cc2c1,8.29,8.285641
train,8122,Nc1cc(Cl)c(C(=O)O)c(Cl)c1,2.96,2.8074274
train,8123,O=C([O-])c1cc(=O)c(O)c(C(=O)O)o1,2.11,2.224979
train,8124,CCCC12CCC(=O)C=C1c1c(cc(OCC(=O)NCC[NH+](C)C)c(Cl)c1Cl)C2,7.7,7.7030983
train,8125,Cc1ccc(C(=O)NC(=N)N(C)N=O)cc1,11.5,11.557231
train,8126,CCCn1cc[nH+]c1C=O,5.15,5.2782106
train,8127,CC(C)=C(O)C(C)C,12.4,12.420519
train,8128,O=C(/C=C/c1ccccc1)N(O)c1ccccc1,8.64,8.577017
train,8129,Oc1cccc2ccnnc12,8.2,8.03657
train,8130,CC#CC#CC=C=C[C@@H](O)CCC(=O)O,4.9,5.168502
train,8131,O=NC(=NO)c1ccccc1,4.9,4.8065796
train,8132,OOCF,9.3,9.114231
train,8133,Cn1cc[nH+]cc1=O,-0.04,0.17691463
train,8134,O=C(O)C1O[C@H](Oc2ccc(Br)cc2)[C@@H](O)[C@H](O)[C@H]1O,3.02,3.0572667
train,8135,CSc1c[nH+]c2c(N)nc(N)nc2n1,5.26,5.268759
train,8136,Oc1ccc(Cl)c(Cl)c1O,6.95,7.068782
train,8137,O=c1c(O)ccccc1O,6.7,6.659545
train,8138,CC1=C[NH+]2C(C)=CC=CC2=C1,6.83,6.8235617
train,8139,Oc1ccc(Cl)c(Cl)c1Cl,6.97,7.0034304
train,8140,O=C(O)c1cc2ccccc2s1,3.1,3.1256452
train,8141,Cc1c[nH+]c[nH]1,7.518,7.49479
train,8142,CC(C)CSC(=[NH2+])c1ccccc1,8.22,8.264159
train,8143,O=[N+]([O-])CSc1ccccc1,6.67,6.6296873
train,8144,NC(=O)c1cnc(N)[nH+]c1,2.06,2.0892768
train,8145,Cn1c(=O)[nH]c2ncc(C(=O)[O-])nc2c1=O,7.98,7.972103
train,8146,CCCCc1c(-c2ccccc2)[nH][nH]c1=O,8.2,8.074602
train,8147,CN(C)C(=O)N1CC(c2cc(F)ccc2F)=C[C@@]1(CCC[NH2+]CC(F)(F)F)c1ccccc1,5.2,4.983876
train,8148,CC(=O)OCCCCc1ccc(S(N)(=O)=O)cc1,10.48,10.431059
train,8149,CCOCC(=O)O,3.65,3.6117954
train,8150,C[C@H](NC(N)=O)C(=O)O,3.89,3.8783998
train,8151,[NH3+]C1CCc2ccccc2C1,9.97,9.718744
train,8152,Brc1cccc(Br)c1N(CC1CC1)C1=[NH+]CCN1,10.88,11.005384
train,8153,O=C(O)/C=C/S(=O)(=O)c1ccc(Br)cc1,3.85,3.9713333
train,8154,COc1ccc(Nc2ccc([NH3+])cc2)cc1,5.9,5.8754835
train,8155,[H]/[NH+]=c1\cc(C)ccn1C,13.9,13.460587
train,8156,Nc1ccccc1S([NH3+])(=O)=O,1.0,1.1458064
train,8157,O=C(O)[C@H]1C[C@@H]1c1ccccc1,4.57,4.5971813
train,8158,COc1ccc([NH+]=C2NCCN2)cc1,10.62,10.443216
train,8159,CCC/C=C/C(=O)O,4.7,4.804722
train,8160,[OH+]=c1cc(-c2ccccc2)oc(-c2ccccc2)c1,-0.21,-0.13208246
train,8161,CC1CCN(C(=O)c2ccc3cc(OCCC[NH+]4CCOCC4)ccc3c2)CC1,7.8,7.812956
train,8162,CC(C)(C)C(C(=O)O)C(=O)O,2.92,2.9500906
train,8163,CCOc1cccc(O)c1,9.66,9.654257
train,8164,CC1(C)C[C@@H](C[NH+]2CCC(F)(CNC(=O)c3cc(Cl)cc(Cl)c3)CC2)CCO1,7.9,7.899146
train,8165,CC1(O)OCCO1,12.12,11.901234
train,8166,Cn1c(=O)[nH]c2c(ncn2C)c1=O,5.99,5.54434
train,8167,c1ccc(-c2[nH]c[nH+]c2-c2ccccc2)cc1,5.9,5.9741163
train,8168,O=Cc1cc[nH+]cc1,4.63,4.7594833
train,8169,CC(=O)NCC(=O)NC(CS)C(=O)O,2.95,3.087918
train,8170,Oc1cccc2cccc(O)c12,6.71,6.415066
train,8171,CCOC(=O)[C@H]1C[C@H]1C(=O)O,4.22,4.276704
train,8172,Cc1nccc2c1[nH]c1cc(O)ccc12,9.4,9.276335
train,8173,Sc1ccccc1,6.525,6.350197
train,8174,N=c1ccc(C(=O)O)c[nH]1,6.2,6.116791
train,8175,[NH3+][C@H]1CCCC[C@@H]1O,9.35,9.336991
train,8176,Cc1cccc(C)c1C[NH+]=c1cc(C(=O)N(C)C)[nH]c2c(CO)c(C)n(Cc3ccccc3)c12,6.52,6.4892864
train,8177,COc1ccc(C2(c3cccc(-c4cncnc4)c3)[NH+]=C(N)n3nc(C)cc32)cc1,5.4,5.2750263
train,8178,CCN(C)C(=O)C1CC(c2ccc(C[NH+]3CCCC3)c(F)c2)C1,9.3,9.313043
train,8179,O=c1cccc(O)[nH]1,4.52,4.0898285
train,8180,Cc1ccc(C(=O)O)cc1[N+](=O)[O-],3.62,3.6729438
train,8181,CCc1[nH]cc(C)[nH+]1,8.5,8.513573
train,8182,CC1CCCN1C(=O)c1ccc2cc(OC3CC[NH+](C(C)C)CC3)ccc2c1,9.71,9.790749
train,8183,Nc1nc(N)c(Nc2ccccc2)c[nH+]1,6.79,6.938957
train,8184,O=C(O)c1ccc(Br)c([N+](=O)[O-])c1,3.38,3.3352695
train,8185,Cc1ccc(C(=O)NC#N)cc1,3.4,3.287937
train,8186,COc1nc[nH+]cc1N,4.22,4.1792617
train,8187,Cc1cnc2c(ccc3ccc[nH+]c32)c1,4.98,5.05688
train,8188,Nc1nc2c(=O)[nH]c(=O)[nH]c2[nH]1,8.48,8.47215
train,8189,CCc1oc2ccccc2c1C(O)c1cc(Br)c(O)c(Br)c1,8.8,8.854425
train,8190,Cc1ccc(C)c(C(=O)O)c1C,3.34,3.1926777
train,8191,CC1(c2ccccc2)Cc2cc(OCCCC(=O)O)c(Cl)c(Cl)c2C1=O,6.4,6.459361
train,8192,Oc1cnc2ccccc2n1,9.08,8.653956
train,8193,Nc1cc(O)[nH+]c(N)n1,3.3,3.261506
train,8194,CC(C)(C)[NH2+]CC(O)COc1cccc2c1C[C@H](O)[C@H](O)C2,9.735,9.786213
train,8195,CC1=CC(=O)[NH2+]C2=C1CCCO2,1.94,1.9172382
train,8196,CC1(C)[C@@H]2CC[C@@]1(C)[C@H]([NH3+])C2,10.01,9.891633
train,8197,Cc1cc2ccc[nH+]c2c2ncccc12,5.26,5.1576014
train,8198,C=CCC(=O)O,4.35,4.4321756
train,8199,S=C(Nc1ccccc1)c1ccc(Cl)cc1,10.76,10.583855
train,8200,CCC(=O)ONCC(=O)O,3.66,3.6067336
train,8201,O=C1NC(=O)c2cc([N+](=O)[O-])ccc21,8.615,8.605065
train,8202,CSc1nc([O-])c2nc(SC)[nH]c2n1,10.75,10.803763
train,8203,Nc1nc2nc(N)c(-c3ccccc3)[nH+]c2c(N)[nH+]1,-1.18,-1.1190764
train,8204,CNc1cc(O)ncn1,10.47,10.239014
train,8205,Cn1cc(-c2cccc(C(F)(F)F)c2)c2sc(C(=[NH2+])NC3CCS(=O)(=O)CC3)cc2c1=O,8.4,8.519423
train,8206,Cc1ccc(C2C[NH2+]2)cc1,6.76,6.77326
train,8207,[H]/N=c1/[nH+]cc(I)cn1C,10.24,10.01446
train,8208,CCOC(=O)C1(c2ccccc2)CC[NH+](CC)CC1,9.03,9.0141735
train,8209,[NH3+]CC[NH3+],6.85,6.7583
train,8210,N#Cc1cccc(OS(N)(=O)=O)c1,7.66,7.386549
train,8211,c1ccc(CN(CC2=[NH+]CCN2)c2ccccc2)cc1,10.08,10.184668
train,8212,CCc1ccc(C(=O)O)cc1,4.35,4.464877
train,8213,O=C(O)C(=O)Cc1ccccc1,2.68,2.5895655
train,8214,C=C[C@H]1C[NH+]2CC[C@H]1C[C@@H]2[C@@H](O)c1cc[nH+]c2ccccc12,4.04,4.0540743
train,8215,[H]/[NH+]=C(/N)SC,9.83,9.738558
train,8216,CC(C)[NH2+]CC(O)COc1ccc(CCOCC2CC2)cc1,9.305,9.33762
train,8217,OCCC[NH+]=c1c2ccccc2[nH]c2c1oc1ccccc12,8.2,8.10141
train,8218,CC1(C2CCCC2)Cc2cc(OCc3ccc(C(=O)O)cc3)c(Cl)c(Cl)c2C1=O,6.2,6.4931583
train,8219,O=C(O)CS(=O)(=O)[O-],4.0,3.972544
train,8220,Cc1c(-c2ccc(=O)n(Cc3ccccc3)n2)c2cc(Br)ccc2n1CC(=O)O,4.03,4.000227
train,8221,C[C@H]1NC=[NH+]c2ccccc21,9.19,9.049384
train,8222,c1ccc([C@@H]2C[NH+]3CCC[C@@H]3c3ccccc32)cc1,9.12,9.183914
train,8223,O=C(O)COc1cccc(Br)c1,3.07,3.0094483
train,8224,O=c1cc(-c2ccc(O)cc2)oc2ccccc12,8.27,8.181376
train,8225,O=C(Cc1cccnc1)c1ccccc1,13.71,13.410088
train,8226,O=C(O)/C(Cc1ccccc1)=N\O,2.24,2.5061843
train,8227,Cc1cc(=O)n(C)c[nH+]1,2.1,2.025001
train,8228,CC(=O)C(Br)C(C)=O,7.0,7.002405
train,8229,CCC(=O)C(CC[NH+]1CCCCC1)(c1ccccc1)c1ccccc1,8.86,8.811627
train,8230,Cc1nc2c(=O)[nH+]c(N)n(C)c2[nH]c1=O,2.4,2.5258915
train,8231,O=C(O)[C@H]1CCNC1,8.96,9.428952
train,8232,COc1c[nH+]cc(-c2ccccc2)c1C,5.0,5.0930166
train,8233,CCCCCCCCCCCC(=O)O,4.895,4.8856354
train,8234,Oc1cccc2occc12,9.06,8.939484
train,8235,Cc1ccc(O)c(C(C)(C)C)c1,10.44,10.829428
train,8236,COc1ccc(C(=O)c2coc(S(N)(=O)=O)c2)cc1,9.5,9.199427
train,8237,Clc1c(Cl)c(Cl)c2[nH]nnc2c1Cl,4.52,4.4521303
train,8238,Cn1ccc2c(N)[nH+]cnc21,5.13,5.064419
train,8239,CCO[C@@H]([C@H]1C[C@@H](C)[C@H]2[C@H](O1)[C@H](O)[C@@]1(C)[C@@H]3CC[C@H]4C(C)(C)[C@@H](O[C@H]5CN(C6C[NH2+]C6)CCO5)CC[C@@]45C[C@@]35CC[C@]21C)C(C)(C)O,10.7,10.774067
train,8240,Oc1cccc2[nH]ncc12,8.65,8.468447
train,8241,Oc1ccc2c(cnc3ccccc32)c1,8.68,8.615824
train,8242,Nc1nc(=O)c2ncc(-c3ccccc3)nc2[nH]1,8.14,8.063341
train,8243,Nc1cccc2cc3cccc(N)c3[nH+]c12,4.07,3.962973
train,8244,O=C(O)c1c[nH]c(=O)[nH]c1=O,4.16,4.2339454
train,8245,Cc1cc(O)c(C(C)C)c(O)c1O,10.2,10.174998
train,8246,CC(C)c1cccc2ccc(O)cc12,9.52,9.53956
train,8247,O=C([O-])[C@@H]1CC[C@H]1C(=O)O,5.61,5.654001
train,8248,c1cc2c(cc1C[NH+]1CCC3(COC3)C1)OCO2,8.1,7.8367977
train,8249,c1ccc(C2CCC[NH2+]2)cc1,9.6,9.658909
train,8250,CC[N+]([OH2+])(CC)CC,5.13,5.268776
train,8251,O=C([NH+]=C1NCCCN1)c1ccccc1,7.12,7.0875664
train,8252,O=C(Cc1ccccc1Nc1c(Cl)cccc1Cl)OCCCC[NH+]1CCOCC1,8.4,8.265959
train,8253,CC(C)[NH+]1CCC(Oc2ccc3[nH]c(C(=O)N4CCC(O)C4)cc3c2)CC1,9.8,9.82538
train,8254,CSc1[nH+]cc2[nH]c(C)nc2[nH+]1,-1.03,-0.8129108
train,8255,CCS(=O)(=O)C(Br)S(=O)(=O)CC,10.71,10.73102
train,8256,CC1=C(O)CCC1=O,4.59,4.5047817
train,8257,Cc1cc2cc[nH]c2c(C(=O)[NH+]=c2cccc[nH]2)n1,3.5,3.415171
train,8258,CC(C)c1cc(Br)cc(Br)c(O)c1=O,6.55,6.4627924
train,8259,CCCCC(C)(CC(=O)O)C(=O)O,4.14,4.166732
train,8260,COc1cnc(C(=O)Nc2ccc(F)c([C@]3(C)COCC(=[NH2+])N3)c2)cn1,9.0,9.181486
train,8261,C[Si](C)(C)CCC(=O)O,4.907,4.9341745
train,8262,CC(Oc1nnc(-c2cc[nH+]cc2)n1C)c1noc(-c2cccc(Cl)c2)n1,3.4,3.346159
train,8263,[NH3+]C[C@@H](O)c1ccc(O)c(O)c1,8.64,8.547775
train,8264,Clc1ccc2[nH+]c[nH]c2c1,4.44,4.761112
train,8265,Cc1cccc(Cl)c1C(=O)O,2.59,2.602182
train,8266,CC(C)(C)c1cc([N+](=O)[O-])c(O)c([N+](=O)[O-])c1,4.11,4.107954
train,8267,CCCCCCCC[NH+](CCO)CC(O)CC,8.3,8.446764
train,8268,CC(C)(C)N(O)N=O,6.0,5.8171988
train,8269,O=C1C=C(O)[C@H](Cl)O1,2.13,2.052622
train,8270,Oc1cc2ccccc2cn1,9.62,9.417692
train,8271,O=C(Nc1cccc(OCc2ccccc2F)c1)C1CCN(c2cc[nH+]cc2)CC1,9.2,9.254759
train,8272,Cc1cn2c3c(=O)n(C)c(=O)n(C)c3nc2n1CCC[NH+]1CCN(c2ccccc2)CC1,7.55,7.6492596
train,8273,O=c1nc2[nH]c(=O)[nH]c2c[n-]1,12.3,12.159641
train,8274,CCOC(=O)c1cc2cc(F)c(O)c(F)c2oc1=O,3.8,3.9180896
train,8275,Nc1cc[nH+]cc1N,9.01,9.029439
train,8276,CC(C)C[NH+](C)C,9.91,9.627051
train,8277,Nc1ccc(S(=O)(=O)Nc2nnc(S(N)(=O)=O)s2)cc1,4.2,3.9786675
train,8278,Nc1ccc(O)[nH+]c1,3.77,3.7871287
train,8279,CCOC(=O)c1c[nH]c2c(c(C)nn2C)c1=Nc1ccc(Br)cc1,8.39,8.606333
train,8280,O=C(O)/C(Br)=C\c1ccccc1,1.84,1.6777251
train,8281,[H]/N=C(/SC)c1[nH+]nn(C)c1N,5.47,5.5692043
train,8282,[NH3+]c1ccc(Cl)c2ccccc12,3.4,3.256935
train,8283,CC(C)(Cl)C(=O)O,2.97,2.9905899
train,8284,Cc1c(Br)c(Br)[nH+]n1C,-1.52,-1.2092116
train,8285,O=C(O)CC(O)(O)C(=O)O,2.4,2.433917
train,8286,Cc1ncc2ncc(=O)[nH]c2n1,6.7,6.499506
train,8287,Oc1c(Cl)cccc1Cl,6.77,6.824382
train,8288,COc1ccc2ccc(S(=O)(=O)NC3CCN(Cc4ccc5cc[nH]c(=N)c5c4)C3=O)cc2c1,7.6,7.4972267
train,8289,OC(O)(C(F)F)C(F)(F)Cl,7.9,7.5623703
train,8290,CNC(=O)c1cccc2c(=Nc3ccc(NS(C)(=O)=O)cc3OC)c3cccc(C)c3[nH]c12,6.4,6.267741
train,8291,Cc1ccc([NH+]2CCCC(=O)C(O)CCC2)cc1,3.2,3.0898433
train,8292,O=C(O)c1c(F)cccc1F,2.27,2.1895409
train,8293,c1ccc(-c2[nH]cc[nH+]2)cc1,6.43,6.304331
train,8294,N#CC(c1ccccc1)c1ccc([N+](=O)[O-])cc1,10.9,10.639979
train,8295,CC1(OO)CCCO1,11.4,11.345709
train,8296,[NH3+]c1cc(Br)c2ccccc2c1,3.4,3.285541
train,8297,Nc1ncc(F)c(O)[nH+]1,2.57,2.7671502
train,8298,O=C(Cc1ccc([N+](=O)[O-])cc1)c1ccncc1,9.93,10.014969
train,8299,OC(C(F)(F)F)(C(F)(F)F)C(F)(F)Cl,5.3,5.186064
train,8300,NC1=Cc2ccccc2[NH2+]1,8.15,8.280007
train,8301,CC(=O)N(O)c1ccccc1,8.26,8.370546
train,8302,[NH3+]CCCC[NH3+],9.19,8.975263
train,8303,O=Cc1c(O)cccc1Cl,8.26,8.266867
train,8304,O=c1ccccc(Br)c1O,5.96,5.793647
train,8305,O=C(O)Cc1cccc2c(-c3ccccc3)cccc12,6.7,6.894923
train,8306,COP(=O)(O)O,1.54,1.7074168
train,8307,CC(Cc1ccccc1)[NH2+]CCC#N,7.23,7.1529236
train,8308,Nc1ccc(S(=O)(=O)Nc2ncccn2)cc1,6.48,6.6580477
train,8309,COc1ccc(C(=O)N(O)c2ccccc2C)cc1,8.44,8.442224
train,8310,Oc1ccc2c[nH+]c3ccccc3c2c1,5.31,5.0718317
train,8311,COc1cc(=O)n2ccccc2[nH+]1,1.36,1.5394571
train,8312,Oc1ncnc2ccccc12,9.81,9.71609
train,8313,CCCC12CCC(=O)C=C1c1c(cc(OCC(=O)O)c(Cl)c1Cl)C2,3.6,3.6350453
train,8314,Oc1cc(C(F)(F)F)cc(C(F)(F)F)c1,8.26,8.286578
train,8315,C#CC#CC=C=CC(O)CCC(=O)O,4.8,5.1597996
train,8316,COc1cc(C(=O)O)cc(OC)c1O,4.27,4.4523325
train,8317,O=C(Nc1cccc(OCc2ccc(F)cc2)c1)C1CC[NH2+]CC1,9.8,9.775797
train,8318,CSc1cccc2ccc[nH+]c12,3.5,3.2724028
train,8319,O=C(O)c1c(F)c(F)c(C(=O)O)c(F)c1F,1.62,1.5693533
train,8320,COc1ccnc2c1ccc1c(OC)cc[nH+]c12,6.45,6.630992
train,8321,Cc1ccccc1CCC(=O)O,4.66,4.683385
train,8322,Nc1c[nH+]c2cc3ccccc3cc2c1,4.78,4.699209
train,8323,OC(CC[NH+]1CCCCC1)(c1ccccc1)C1CCCCC1,8.7,8.530773
train,8324,Brc1cccc2ccc[nH+]c12,3.13,3.1136916
train,8325,CCc1nc2ccccc2c[nH+]1,2.95,2.9522913
train,8326,CCN[NH2+]CC,7.66,7.59571
train,8327,O=C(NCCCC[NH+]1CCN(c2ccccc2OCCF)CC1)c1ccc2nonc2c1,7.78,7.607705
train,8328,N=C(N)NN=O,11.7,11.6085415
train,8329,CC1[NH2+]OCc2ccccc21,3.7,3.6960907
train,8330,O=C1CS(=O)(=O)NC(=O)N1,2.88,2.8888462
train,8331,COc1cc(NS(C)(=O)=O)ccc1N=c1c2ccccc2[nH]c2c(C(=O)NCCO)cccc12,6.305,6.1967955
train,8332,O=S(=O)(Nc1ccc(F)cc1)c1ccccc1,8.85,8.607365
train,8333,O=c1nc[nH]cc1[O-],11.69,11.314587
train,8334,Cn1cc[nH+]n1,1.25,1.2898353
train,8335,CNC(=O)C(C)NC(=O)c1[nH]ccc(=O)c1O,6.0,5.995922
train,8336,Nc1cc[nH+]cc1[NH3+],0.49,0.24756825
train,8337,COc1cc(C(=O)N[C@@H]2CCC[C@@H]3CC[NH+](C)C[C@H]32)cc(OC)c1OC,8.75,8.799777
train,8338,O=C(O)c1ccccc(O)c1=O,3.2,3.1851428
train,8339,O=C(O)c1cccc(C(F)(F)F)c1,3.79,3.76972
train,8340,C[NH+]1C=CC2=CC=CC(=O)C2=C1,5.78,6.09147
train,8341,Cc1cccc(C(=O)Nc2ccc(N3CC[C@H]([NH+]4CCC[C@@H]4C)C3)cc2C)n1,10.1,10.27454
train,8342,Nc1cc(N)[nH+]c(=O)[nH]1,6.56,6.5717907
train,8343,Nc1cc(C(=O)O)cc([N+](=O)[O-])c1,3.68,3.7562103
train,8344,C[NH+](C)Cc1c(C(C)(C)C)cccc1C(C)(C)C,9.2,9.19055
train,8345,CCOc1ccc(C(=O)O)cc1,4.625,4.548978
train,8346,CC(C=C(c1cccs1)c1cccs1)[NH+](C)C,8.95,8.95169
train,8347,Cn1c[nH+]ccc1=S,0.56,0.6900537
train,8348,Nc1ccc2ccc[nH+]c2c1,6.63,6.7669888
train,8349,Nc1ccc2cc3c(ccc4ccccc43)[nH+]c2c1,7.1,7.346924
train,8350,COc1ccccc1OCC(=O)O,3.23,3.2410924
train,8351,CC(C)(C#N)CC(=O)O,4.04,4.2343807
train,8352,O=C([O-])[C@]12[C@@H]3[C@@H]4[C@H]1[C@]1(Cl)[C@H]2[C@H]3[C@]41C(=O)O,4.09,4.048785
train,8353,COc1cc(C(F)(F)F)cc(SC)c1C(=O)N[C@@]1(c2ccccc2)CCC[NH+](C)C1,7.72,7.747819
train,8354,CC(=O)CCC(=O)O,4.61,4.670354
train,8355,CSC1=NC(=O)CC(=O)N1,13.5,13.514195
train,8356,O=Nc1c(O)ccc2ccccc12,7.77,7.67861
train,8357,CC1(Cc2ccccc2)Cc2cc(OCCCC(=O)O)c(Cl)c(Cl)c2C1=O,6.3,6.6051445
train,8358,COc1cc(C(=O)O)cs1,4.1,4.2392673
train,8359,CCN(CC)S(=O)(=O)c1ccccc1C(=O)O,2.96,2.861703
train,8360,Cc1cnc2c(c1)cc(C)c1cc(C)c[nH+]c12,5.27,5.390526
train,8361,COc1ccc(C(O)C(F)(F)F)cc1,12.24,12.058119
train,8362,ON=Cc1ccc(Cl)cc1,10.54,10.39783
train,8363,c1nc(N2CCCCC2)c2[nH]cnc2n1,10.04,9.913512
train,8364,COCCC[NH+](C)C,9.36,9.17621
train,8365,C[NH+](Cc1ccc(OC2CN(C(=O)c3nnc(-c4ccccc4)o3)C2)cc1)CC1(C)COC1,8.5,8.449819
train,8366,Cc1cccc(C)c1C[NH+]=c1cc(C(=O)N(C)C)[nH]c2c(C)c(C)n(CC(C)O)c12,7.19,7.0080156
train,8367,CC(C)COCC(=O)O,3.67,3.7110512
train,8368,CC(C)CC1CC(=O)C(C(=O)Nc2ccc(C3CCCCC3)cc2)C(=O)N1,6.5,6.3918076
train,8369,[NH3+]NC(=O)c1ccccc1,3.03,2.8952663
train,8370,CS(=O)(=O)CS(C)(=O)=O,12.62,12.661343
train,8371,Cc1c(N)[nH]c(=O)[nH]c1=O,9.22,9.179412
train,8372,O=C(O)c1c[nH]c2cc(Cl)c(-c3ccc(C4CCCCO4)cc3)cc12,4.9,4.678137
train,8373,c1ccc2c3c([nH]c2c1)C[NH2+]CC3,8.4,8.177773
train,8374,C[C@@H]1CC[C@H]2CC[C@H](C)[NH+]21,11.48,11.4875965
train,8375,O=C(O)[C@]12CC[C@](C(=O)O)(CC1)C2,4.197,4.2113113
train,8376,[H]/N=c1\[nH+]c(C(C)(C)C)c(Br)cn1C,11.17,10.996067
train,8377,CNc1cc(=S)[nH]cn1,9.64,9.53441
train,8378,c1c[nH+]c2c(c1)CC[NH2+]C2,2.48,2.4482455
train,8379,O=C(O)CCc1cccc([N+](=O)[O-])c1,4.53,4.4827557
train,8380,O=C(O)c1cc(=O)[nH]c(=O)[nH]1,2.07,1.9933655
train,8381,CCCCn1c[nH+]c2ccccc21,5.31,5.4689436
train,8382,N#C[C@H]1CCCC[C@@H]1C(=O)O,3.87,3.8790512
train,8383,C[C@@]1(C(=O)[O-])C[C@@]1(C)C(=O)O,5.24,5.309888
train,8384,O=C(O)C[S+]([O-])c1ccc(Br)cc1,2.657,2.7215526
train,8385,Cc1c(N)nc(N)[nH]c1=O,11.1,10.84148
train,8386,OC[C@@H]1O[C@H](C[NH+]2CCOCC2)[C@@H](O)[C@H](O)[C@@H]1O,6.1,6.2340727
train,8387,O/N=C\c1ccco1,11.16,10.981207
train,8388,Cc1cc(Br)[nH][nH+]1,0.45,0.6239912
train,8389,C=Cc1ccc(C)[nH+]c1,5.67,5.650733
train,8390,Sc1ccc2[nH+]cccc2c1,3.95,3.9511876
train,8391,C[C@]12[NH2+][C@H](Cc3ccccc31)c1ccccc12,5.81,5.6712894
train,8392,Cc1cn2cc(C(=O)N(C)C)c3c(c2[nH+]1)CC(c1ccccc1)CC3,6.67,6.8823757
train,8393,O/N=C/c1ccc2c(c1)OCO2,10.85,10.952423
train,8394,CCc1ccc(-n2c(Cl)cc3[nH]c(=O)c(-c4ccccc4)c(O)c32)cc1,6.0,5.8975725
train,8395,CCc1ccc(C(C)C)c(O)c1,10.48,10.566982
train,8396,O=C(O)[C@@H]1C2CCC(CC2)[C@@H]1C(=O)O,4.79,4.689249
train,8397,S=c1[nH]c2cc3ccccc3cc2[nH]1,9.84,9.762279
train,8398,O=C(O)CCC(=O)c1ccccc1,4.68,4.703042
train,8399,Cc1nc(C)c(C)[nH+]c1C,3.6,3.4943204
train,8400,COC(=O)CC(C)=O,10.04,10.092194
train,8401,O=C(c1ccccc1)c1cc([N+](=O)[O-])ccc1O,5.96,5.883959
train,8402,O=C(O)Cc1ccccc1Nc1c(Cl)cccc1Cl,4.256,4.236164
train,8403,Cc1ccc([S+]([O-])CC(=O)O)cc1,2.74,2.7296865
train,8404,Nc1ccc(S(=O)(=O)Nn2cnnc2)cc1,4.66,4.835021
train,8405,O=P(O)(O)c1ccccc1Cl,1.595,1.8165127
train,8406,CC(=O)c1cccc(=O)c(O)c1,6.23,6.0243034
train,8407,CO/N=C(\F)C1=CCC[NH+](C)C1,7.39,7.3720045
train,8408,ON=Cc1nc(-c2cccs2)no1,8.03,8.051792
train,8409,CNc1ncnc2n[nH]cc12,10.59,10.617964
train,8410,O=C(O)c1ccc(O)c2ncccc12,4.8,4.722356
train,8411,CCCCSC(=[NH2+])c1ccccc1,8.21,8.237509
train,8412,CC(C)(C)c1cnc2c(=O)nc(N)[nH]c2n1,8.54,8.499567
train,8413,Cc1ccc(NC2=[NH+]CCN2)c(C)c1,10.59,10.37586
train,8414,Oc1ccc(Br)cc1,9.4,9.173372
train,8415,Cc1cnc2c(c1)c(C)cc1c(C)cc[nH+]c12,5.88,5.7180777
train,8416,C[NH+]1CCN(N=O)CC1,5.93,5.7345486
train,8417,CCC1(C)NC(=O)c2cc(S(=O)(=O)Nc3ccccc3Cl)ccc2NC1=O,7.2,7.9931345
train,8418,Nc1nc(O)ncc1F,10.87,10.59738
train,8419,C#CC(C)(C)[NH2+]C(C)(C)C#C,6.45,6.504407
train,8420,Clc1nc2cnc[nH]c-2n1,6.02,5.6807547
train,8421,Cc1c(N)nc(N)nc1O,11.07,10.988628
train,8422,CC(C)=NO,12.42,12.234503
train,8423,O=C(O)c1c2ccccc2cc2ccccc12,3.65,3.2938564
train,8424,Oc1ccc(OCc2ccccc2)cc1,10.16,10.12295
train,8425,CCS(=O)(=O)C(C)C(=O)O,2.45,2.515646
train,8426,CCC1=[NH+]c2ccccc2[C@@H](O)N1,8.41,8.362601
train,8427,Nc1nnc(-c2ccc(Cl)cc2)c(N)[nH+]1,6.07,6.2117786
train,8428,C1CNCCC[NH2+]CCC[NH2+]C1,7.57,7.669569
train,8429,O=C(O)C12CC(C1)C2,4.02,4.0292253
train,8430,Cc1cc(NS(=O)(=O)c2ccc(N)cc2)nc(C)n1,7.49,7.5957556
train,8431,Nc1[nH+]c2ccccc2s1,4.48,4.367917
train,8432,CCCCCCCCCC[NH+](CC(O)CC)CC(O)CC,6.6,6.519912
train,8433,Clc1ccnc(-c2cccc[nH+]2)c1,3.8,3.7337935
train,8434,COc1cnc(C(=O)Nc2ccc(F)c([C@@]3(C)[NH+]=C(N)CO[C@H]3F)c2)cn1,7.6,7.654522
train,8435,COC1=C(O)C(=O)OC1,8.0,7.9995584
train,8436,CC(C(=O)O)c1cccc2nc(-c3ccccc3)oc12,6.2,6.3295918
train,8437,O=S(=O)(NCl)c1ccccc1,4.34,4.2932606
train,8438,O=P(O)(O)OP(=O)(O)O,0.85,1.0394716
train,8439,COc1cccc(C(=O)CC[NH+]2CCOCC2)c1,7.1,7.086607
train,8440,Nc1ccc(S(=O)(=O)N=c2cccc[nH]2)cc1,8.535,8.471673
train,8441,NC(=O)/C(=N/O)c1ccccc1,9.55,9.397064
train,8442,O=c1[nH]cc(Cl)cc1Cl,8.48,8.316358
train,8443,Nc1nc(O)c2nc(O)cnc2n1,6.275,6.444627
train,8444,COC1CCN(C(=O)c2ccc3cc(OC4CC[NH+](C(C)C)CC4)ccc3n2)CC1,9.5,9.594081
train,8445,CC(C)c1ccc(CCC[NH+](C)C)cc1,10.49,10.382303
train,8446,C[Si](C)(C)CCCCC(=O)O,4.96,4.980977
train,8447,O=Nc1c(O)[nH]c(=O)[nH]c1=O,4.41,4.4264793
train,8448,CCc1cccc(C)c1CNc1cc(C(N)=O)cn2c(C)c(C)[nH+]c12,6.1,6.3330355
train,8449,C[Si](C)(C)c1cccc([NH3+])c1,4.64,4.5918627
train,8450,NC(=O)CCc1cc[nH+]cc1,5.58,5.5444174
train,8451,N#Cc1ccc[nH+]c1,1.39,1.4459628
train,8452,Cc1cc(C(C)C)cc(C)c1O,10.9,10.889826
train,8453,CC(=O)Nc1ccc(C(=O)O)cc1,4.28,4.1676836
train,8454,Cc1cc(C)c(O)cc1C,10.545,10.53577
train,8455,Oc1c(F)c(F)cc(F)c1F,5.6,5.438262
train,8456,[S-]c1ccc(S)nn1,10.36,10.3379345
train,8457,CN1CCN(C)CC[NH+](C)CC1,11.7,11.558546
train,8458,O=Nc1ccc(C(=O)O)cc1,3.27,3.3617117
train,8459,O=c1cc(C(F)(F)F)c2cc(F)c(O)c(F)c2o1,4.0,3.9944594
train,8460,O=S(=O)(Nc1ccc(F)cc1F)C(F)(F)F,3.44,3.350497
train,8461,N#Cc1n[nH]nc1N,6.15,5.9832563
train,8462,Cc1cc(N)[nH+]c2c1ccc1ccccc12,6.7,6.723984
train,8463,Clc1ccc(C2C[NH2+]2)cc1,6.18,6.2107553
train,8464,Cc1[nH+]c2c3c(c(C(=O)NC4CC4)cn2c1C)CCC1(CCc2ccccc21)O3,6.76,6.8699207
train,8465,c1ccc2c(c1)C1CC[NH+]2CC1,7.79,7.909547
train,8466,[NH3+]C[C@H]1CC2(CCC2)CO1,9.5,9.14798
train,8467,O=C1NC(=O)C(Cc2ccccc2)N1,9.03,8.924234
train,8468,O=C(Nc1nccc[nH+]1)c1ccccc1,1.56,1.5221076
train,8469,N#Cc1cc(NS(=O)(=O)c2ccccc2C(F)(F)F)ccc1C(F)(F)F,5.1,4.991685
train,8470,CC(C)CC([NH3+])C(=O)NCCCS(=O)(=O)Oc1ccc(C(F)(F)F)cc1,8.9,9.053692
train,8471,Nc1ccc(Cl)cc1C(=O)O,4.35,4.639018
train,8472,O=C(CO)COP(=O)(O)O,1.77,1.8956523
train,8473,COc1ccc(NC(=N)N[N+](=O)[O-])cc1,10.7,10.563927
train,8474,CC(C)c1cccc(C(=O)O)c1O,2.76,2.9114316
train,8475,C[C@@H](Br)C(=O)O,3.01,2.9908612
train,8476,CC(=O)N(CC(=O)O)c1ccccc1,3.75,3.7071395
train,8477,CC(=O)N1N=C(c2cc(F)ccc2F)C[C@@]1(CCC[NH+]1CCCC1)c1ccccc1,9.4,9.402357
train,8478,C[NH+](C)CC(C)(C)CNC(=O)C1C[C@@H]1c1ccccc1,8.9,8.863837
train,8479,CCCS(=O)(=O)Nc1ccc(N=c2c3ccccc3[nH]c3ccccc23)c(OC)c1,7.41,7.5936394
train,8480,O=C1C=C[NH2+]C(Cl)=C1,2.07,2.179624
train,8481,CC/C=C/CC(=O)O,4.52,4.63964
train,8482,Cc1cccc(O)c1,10.09,9.903013
train,8483,CSc1cc[nH+]c2ccccc12,5.81,5.847885
train,8484,Cc1ccc[nH]c1=O,12.59,12.127764
train,8485,Nc1ccccc1[As](=O)(O)O,3.78,3.7276795
train,8486,NS(=O)(=O)c1ccc(S(=O)(=O)CCCO)c(F)c1,9.02,9.0414915
train,8487,C=CC(C)(C)OCC(O)C[NH2+]C(C)(C)C,9.67,9.666032
train,8488,Cn1c(=O)[nH]c2[nH]cnc2c1=O,9.89,9.950988
train,8489,CNc1ccc(S(N)(=O)=O)cc1,11.0,10.792345
train,8490,O=C(CCl)N=c1[nH]nc(-c2ccccc2)s1,6.9,6.922722
train,8491,C[NH+](C)CCC(c1ccccc1)c1ccccc1,9.7,9.855621
train,8492,COc1cc(NS(C)(=O)=O)ccc1N=c1c2ccccc2[nH]c2cc(OCC(O)CO)ccc12,7.0,7.2593613
train,8493,O=C(O)CI,3.18,3.1574738
train,8494,CC(=O)N[C@@H](Cc1cc(F)cc(F)c1)[C@H](O)C[NH2+]C1(c2cccc(C(C)(C)C)c2)CCOCC1,7.2,7.0129375
train,8495,O=C(O)c1cc(Br)cs1,3.13,3.193282
train,8496,CCCC(=[NH2+])OCC,7.08,7.0505495
train,8497,c1c[nH+]c2ccc3[nH+]cccc3c2c1,2.4,2.5417645
train,8498,CC(C)(C)c1cc[nH+][nH]1,3.3,3.31199
train,8499,COc1ccc(C(=O)NCO)cc1,13.06,12.87234
train,8500,COC1CC2CC[NH+]1CC2,8.87,8.739161
train,8501,COc1c(O)ccc2oc3ccc(O)cc3c(=O)c12,8.88,8.988228
train,8502,O=Cc1c[nH]c[nH+]1,2.9,3.0599346
train,8503,Cn1cnc2c([nH]c(=O)n2C)c1=O,8.5,8.401543
train,8504,Nc1cccc2c[nH+]ccc12,5.58,5.421418
train,8505,N#Cc1ccc(C(=O)NO)cc1,8.26,8.123692
train,8506,O=C1NC(=O)C2(CCCCC2)C(=O)N1,8.88,9.053451
train,8507,CCCc1cc(Cl)cc(Cl)c1O,8.1,7.993904
train,8508,C[NH+]=C(C)SC,7.71,7.5214024
train,8509,Nc1ccc2c(c1)C(c1ccccc1)=[NH+]CC(=O)N2,4.6,4.6612625
train,8510,Cn1ccc(=O)c([NH3+])c1,3.88,3.8219402
train,8511,Oc1cccc2cc[nH+]cc12,5.65,5.680723
train,8512,OC1=Nc2nccnc2C(O)N1,13.03,13.002829
train,8513,CSc1nc2nc(N)[nH+]cc2[nH]1,4.35,4.340726
train,8514,CN(C)c1nccc[nH+]1,4.15,4.290649
train,8515,CC(C)C/C(=N/O)C(=O)O,3.25,3.0753548
train,8516,O=c1ncc2ccccc2[nH]1,10.73,10.4624195
train,8517,CSc1csc(C(=O)O)c1,3.28,3.3858736
train,8518,COc1ccc(NC(=S)c2ccccc2)cc1,11.36,11.299554
train,8519,[H]/[NH+]=c1/cccc(C)n1C,13.7,13.437665
train,8520,O=C(O)C=CCCl,4.14,4.297201
train,8521,CCCCCCCCCCCC[NH+](CCO)CC(O)CC,6.4,6.130826
train,8522,c1c[nH+]c2[nH]ccc2c1,4.48,4.3785124
train,8523,Cc1ccc(NS(=O)(=O)c2ccc(C)cc2)cc1,9.65,9.832239
train,8524,Cc1ccc(NC(=S)c2ccc(Cl)cc2)cc1,11.18,11.002737
train,8525,C1C[NH2+]CC[NH2+]CCN1,6.9,6.8979044
train,8526,CC(=O)N[C@@H](CS)C(=O)[O-],9.52,9.435179
train,8527,O=C1C[NH+]2Cc3c(ccc(Cl)c3Cl)NC2=N1,2.87,2.7415187
train,8528,Nc1ccc(O)cc1[N+](=O)[O-],9.04,8.898541
train,8529,CC(=O)Nc1[nH]c(=O)c2nc(C)n(C)c2[nH+]1,3.17,3.378298
train,8530,Cc1csc(S(=O)(=O)NCc2ccccc2)n1,10.05,10.112579
train,8531,CC(CC(=O)O)c1ccc(C=O)cc1,4.77,4.7219467
train,8532,Cc1[nH+]c2c3c(c(C(=O)NC4CC4)cn2c1C)CCC(c1ccccc1)O3,6.69,6.872307
train,8533,CCCC[NH2+]c1ccccc1,5.11,5.15092
train,8534,COc1ccc2[nH]cc(CC(C)[NH3+])c2c1,10.3,10.065525
train,8535,CC(C)(C(=O)O)C(C(N)=O)c1ccccc1,4.8,4.8464193
train,8536,Nc1cccc2cc[nH+]nc12,3.66,3.5063832
train,8537,OCCCc1ccc[nH+]c1,5.57,5.479169
train,8538,CN(C)c1ccc[nH+]n1,4.59,4.688793
train,8539,c1ccc2nc[nH+]cc2c1,1.95,1.9465498
train,8540,CNc1c(C)c(C)[nH+]c(C)c1C,9.95,10.144336
train,8541,Oc1cccc(Cl)n1,7.84,7.578662
train,8542,O=C(O)c1cccc(S(=O)(=O)[O-])c1,3.78,3.656475
train,8543,O=c1cc[nH]nc1,8.68,8.513315
train,8544,O=C(O)c1cocc1C(=O)O,2.51,2.5095732
train,8545,c1ccc(-c2c[nH+]co2)cc1,0.26,0.27814853
train,8546,COc1cc(NS(C)(=O)=O)ccc1N=c1c2ccccc2[nH]c2c(C)cccc12,7.39,7.5319414
train,8547,[H]/N=c1/[nH+]c(N)cc(Cl)n1C,11.88,11.836763
train,8548,NS(=O)(=O)c1nn2c(=O)n(CCCl)c(=O)nc2s1,7.1,7.1149483
train,8549,[NH3+]c1cccc(Br)c1,3.53,3.3991163
train,8550,O=C1CC(c2ccccc2)NC(=O)C1Nc1ccccc1Cl,6.0,5.608938
train,8551,C[NH2+]C[C@@H](O)c1ccc(O)c(O)c1,8.64,8.663217
train,8552,CC1(C)CC[C@@H]([C@H]2CCC(C)(C)[NH2+]2)[NH2+]1,6.95,7.2020187
train,8553,[NH2+]=C1Nc2ccc(Cl)cc2[C@H]2CCCC12,9.4,9.191859
train,8554,CSc1ccc([Se]CC(=O)O)cc1,3.875,3.741031
train,8555,O=S(=O)(NCc1ccccc1)C(F)(F)F,6.82,6.8753204
train,8556,[NH3+]c1ccc(I)cc1,3.82,3.7761343
train,8557,O=c1[nH]ccc2c1c[nH+]c1ccccc12,4.01,4.1061687
train,8558,CC(C)C(O)O,13.77,13.459345
train,8559,CCOC(=O)C#CC(=O)O,1.05,1.3260919
train,8560,N#Cc1ccc(C(=O)O)c(O)c1,2.35,2.2674112
train,8561,O=C(O)[C@H](Br)c1ccccc1,2.21,2.2214255
train,8562,C[NH+](C)c1ccccc1,5.15,5.0132303
train,8563,O=C(O)C1CCCC1,4.99,4.9591427
train,8564,Sc1cnc2ccccc2n1,7.16,6.992778
train,8565,Nc1ccc(C(=O)O)cc1[N+](=O)[O-],4.19,4.036914
train,8566,O=C([O-])c1cc(O)cc2ccccc12,9.78,9.586987
train,8567,C[NH+](C)CC(Oc1ccccc1)Oc1ccccc1,9.2,9.524173
train,8568,[H]/N=c1/[nH+]ccc(C)n1C,10.86,10.71822
train,8569,CNc1c[nH+]c2c(=O)n(C)c(=O)n(C)c2n1,-0.62,-0.16404176
train,8570,[O]=[Mn](=[O])(=[O])[OH],-2.25,-2.0540812
train,8571,O=S(=O)(NS(=O)(=O)C(F)(F)C(F)(F)F)C(F)(F)C(F)(F)F,-2.0,-2.265853
train,8572,Nc1[nH]ccn2c(=S)[nH+]cc1-2,5.66,5.8391876
train,8573,CC(C)[NH+](CCc1ccccc1)CCc1ccccc1,10.02,10.044519
train,8574,NC(=O)C1C(=O)NC(=O)C1c1ccccc1,7.62,7.715646
train,8575,CCCCCCCC[NH+](CCO)CC(C)O,8.2,8.517792
train,8576,O=C(O)c1cc(C(=O)O)cc(C(=O)O)c1,3.25,3.3516798
train,8577,O=C(O)[C@@H]1CC=CC[C@H]1C(=O)O,3.95,4.0198364
train,8578,C/C(=N\O)c1ccc(O)cc1O,8.35,8.439638
train,8579,C[NH+](C)CCOC(c1ccccc1)c1ccccc1,9.066667,8.961337
train,8580,O=C(O)c1c(Cl)ccc(O)c1Cl,1.68,1.9025896
train,8581,C[C@@H]1CCCC(C(=O)O)C1,4.88,4.985095
train,8582,CCCn1cc[nH+]c1C,8.2,8.082295
train,8583,Nc1cccc2[nH+]c[nH]c12,5.3,5.327304
train,8584,COc1nc2c(c[nH+]1)Sc1ccccc1N2,3.45,3.4786413
train,8585,O=C(O)CSCSCC(=O)O,3.31,3.3872411
train,8586,Cc1ccccc1-c1nn[nH]n1,4.09,4.1524935
train,8587,O=C(O[C@H]1OC(C(=O)O)[C@H](O)[C@@H](O)[C@@H]1O)c1ccccc1,2.85,2.882438
train,8588,C=C1CC[NH+]2CC[C@@H](O)[C@H]12,9.4,9.378771
train,8589,O=C(O)c1cc([N+](=O)[O-])ccc1[N+](=O)[O-],1.62,1.5600517
train,8590,Oc1c(O[C@@H]2OC[C@@H](O)[C@H](O)[C@H]2O)ccc2ccccc12,8.72,8.94352
train,8591,O=c1cnc2nc(O)ncc2[nH]1,5.58,5.460411
train,8592,O=C1CCC(O)=C1Cc1ccc(Br)cc1,4.2,4.130286
train,8593,c1ccc(CC2CC[NH+](CCCc3c[nH]c4ccc(-n5cnnc5)cc34)CC2)cc1,9.7,9.540541
train,8594,c1cc2ccsc2c[nH+]1,5.25,5.3531494
train,8595,O=C(O)C#Cc1ccccc1,2.23,2.3719442
train,8596,O=C(O)[C@H]1CCOC1=O,3.75,3.7180126
train,8597,CC(=O)NBr,8.1,8.048045
train,8598,CC[NH2+]Cc1ccccc1,9.75,9.461978
train,8599,CCOCC[NH2+]c1ccccc1,4.04,3.8978598
train,8600,CONC(=O)C(C)N,9.51,9.474644
train,8601,O=C1CC[C@@H](C(=O)O)N1,3.32,3.4903657
train,8602,CC(C)[C@H]1CC[C@H](C)C[C@@H]1[NH3+],10.63,10.556773
train,8603,CCC(C)[NH2+]c1ccccc1,5.47,5.4727516
train,8604,O=c1n(CCC[NH+]2CCN(c3cccc(Cl)c3)CC2)nc2ccccn12,6.74,6.5480556
train,8605,O=C(O)[C@@H]1CCc2ccccc2O1,3.28,3.2905087
train,8606,C/C(=C\c1ccccc1)C(=O)O,4.96,5.0451317
train,8607,C[NH2+]CC#N,5.26,5.0721188
train,8608,O=C(O)C[C@]1(O)C[C@@H]2CC[C@H]1C2,4.46,4.586465
train,8609,COc1ccccc1/C=N/O,10.89,10.824749
train,8610,COc1ccc2[nH+]c3cc(Cl)ccc3c(N)c2c1,8.94,9.064746
train,8611,NC(=O)CCCc1cccc[nH+]1,5.48,5.444071
train,8612,O=C(O)c1ccc(N=c2c3ccccc3[nH]c3ccccc23)cc1,5.685,5.7395782
train,8613,Cc1ccc(S(=O)(=O)NO)cc1,9.4,9.433544
train,8614,CC1[NH+]=C(NCC(F)(F)F)Nc2ccccc21,9.2,9.108097
train,8615,O=C(O)CSc1ccccc1,3.49,3.4804356
train,8616,Cc1cccc(C)c1NC(=O)CCCC(C)[NH3+],9.79,9.55235
train,8617,O=C(O)C1c2ccccc2Oc2ccccc21,3.85,3.7822826
train,8618,Cn1c(N)nc2ncc(C(=O)O)nc2c1=O,3.3,3.3063953
train,8619,Nc1c(CC(=O)O)cccc1C(=O)c1ccc(Br)cc1,4.3,4.3141947
train,8620,Cc1c(N2CC(=O)C2)nc(C2CC2)[nH+]c1N1CCCCCC1,6.4,6.6758213
train,8621,COc1cc(CN)ccc1O,10.52,10.351038
train,8622,COC1CN(C(=O)c2cc3c([nH+]c(C)n3C)c3c2CC[C@@H](c2ccc(Cl)cc2C)O3)C1,5.48,5.5526667
train,8623,CCC(O)C[NH+](C)CC(O)CC,9.0,9.034533
train,8624,CC(=O)O[C@@H]([C@H]1C[C@@H](C)[C@H]2[C@H](O1)[C@H](O)[C@@]1(C)[C@@H]3CC[C@H]4C(C)(C)[C@@H](O[C@H]5C[NH+](C6COC6)CCO5)CC[C@@]45C[C@@]35CC[C@]21C)C(C)(C)O,4.6,4.3165245
train,8625,[H]/[NH+]=c1\ccc(C#N)cn1C,10.2,9.979625
train,8626,O=C([O-])[C@H]1C[C@H]1C(=O)O,6.47,6.5781612
train,8627,C[NH+](C)CCCN1c2ccccc2Sc2ccccc21,9.36,9.32733
train,8628,[O-]c1cnc2c([O-])nc(=S)[nH]c2n1,13.26,12.854368
train,8629,Oc1ccc2cc(O[C@@H]3OC[C@@H](O)[C@H](O)[C@H]3O)ccc2c1,9.63,9.607417
train,8630,Cc1ccc2ccn3cc[nH+]c3c2n1,4.23,4.1572695
train,8631,Cc1ncc(CO)c(CS)c1O,8.85,8.887963
train,8632,CCCC12CCC(=O)C=C1c1c(cc(OCC(=O)O)c(C)c1C)C2,4.3,4.2501736
train,8633,Cc1cc(C)cc(P(=O)(O)O)c1,2.01,2.1749907
train,8634,O=C(O)c1ccccc1P(=O)(O)O,1.71,1.7851913
train,8635,COc1ccc2cc(O)ccc2c1,9.64,9.521406
train,8636,Cc1ccc(/[NH+]=C/N(C)C)cc1,9.21,9.128738
train,8637,COc1cccc2c1c(=NS(=O)(=O)c1ccc(Cl)c(Cl)c1)[nH]n2Cc1cccc(CNC(=O)C(C)(C)O)c1,6.76,6.980652
train,8638,NS(=O)(=O)Oc1ccc([N+](=O)[O-])cc1,7.32,7.2532883
train,8639,COc1nc(Cc2ccccc2)nc2c1CC[NH2+]CC2,8.9,8.7436905
train,8640,Clc1ccc2c(=[NH+]Cc3nc(-c4ccccc4)cs3)cc[nH]c2c1,6.45,6.4830437
train,8641,Cc1[nH+]cnc2nccnc12,2.92,2.8615034
train,8642,CNc1nc(C)c(C)[nH+]c1C(N)=O,2.68,2.7583303
train,8643,Cc1cc([N+](=O)[O-])c(O)c([N+](=O)[O-])c1,4.06,4.0366945
train,8644,C#N,9.21,8.853485
train,8645,Cc1c(C(=O)O)nnn1-c1ccccc1,3.73,3.7686455
train,8646,O=c1cc(-c2ccccc2)oc2ccc(O)cc12,9.09,9.167617
train,8647,C[NH+]1CCCN2CCCN=C21,13.0,12.687777
train,8648,[NH3+][C@@H]1CCCc2ccccc21,9.63,9.363565
train,8649,NC(=O)c1cc(C(=O)O)ccc1C(=O)O,3.12,3.1226985
train,8650,Cn1c(N)nc2[nH+]ccnc2c1=O,2.18,2.1772525
train,8651,CCCCOC(=S)NC(C)=O,9.25,9.289375
train,8652,Cc1cc(C(=O)N2CCCC2c2ccc(-c3cccc(Cl)c3)[nH+]c2)no1,3.5,3.5030928
train,8653,COCc1ccccc1[C@@H]1CCc2c(C(=O)N(C)C)cc3c([nH+]c(C)n3C)c2O1,5.61,5.56478
train,8654,CCCCc1ccc(O)cc1,10.5,10.26219
train,8655,Fc1ccc(NC(=S)c2cccc(Br)c2)cc1,10.32,10.205757
train,8656,O=[N+]([O-])Nc1ccccc1,4.63,4.5856133
train,8657,O/N=C1/C(c2ccccc2)=Nc2ccccc21,7.69,7.497822
train,8658,CC1=[NH+][C@](C)(O)c2cc(C)ccc2N1,9.22,9.200816
train,8659,COc1ccc(C)cc1C(=O)O,4.18,4.0760508
train,8660,C1=CC[NH2+]C1,10.46,10.257898
train,8661,O=C(NO)c1ncccn1,7.88,7.870968
train,8662,c1cnc(N2CC[NH2+]CC2)nc1,8.9,8.924593
train,8663,CC(C)(C)c1ccc(O)c(Cl)c1,8.58,8.4736
train,8664,O=C(O)CCCCC(=O)O,4.42,4.5525713
train,8665,NC(N)=N/C(N)=[NH+]/c1ccc(Cl)cc1,10.4,10.426904
train,8666,Cc1[nH+]c2c(/C=C\c3ccccc3)cccn2c1C,7.2,7.2899265
train,8667,CC1=N[C@@](O)(C(N)=O)c2ccccc2N1,11.45,11.555187
train,8668,CCN([NH3+])CC,7.63,7.483367
train,8669,CCCP(=O)(O)O,2.45,2.5861943
train,8670,C=C(C)C(=O)OCC[NH2+]CC,9.15,8.975983
train,8671,CCC(C)c1ccccc1O,10.545,10.416811
train,8672,COc1ccc2[nH]c3ccccc3c(=Nc3ccc(NS(C)(=O)=O)cc3OC)c2c1,7.1,7.3861704
train,8673,CC(c1cccc(F)c1)[N+](=O)[O-],7.05,7.01266
train,8674,[NH-]S(=O)(=O)c1cc2c(cc1Cl)NC=NS2(=O)=O,9.45,9.465811
train,8675,CNc1[nH+]cnc2c1ncn2C,4.07,3.9395692
train,8676,Cc1c[nH+]c(-c2ccccc2)o1,1.94,2.0622098
train,8677,CC(=O)Nc1ccccc1C(=O)O,3.63,3.709254
train,8678,CN(C)c1[nH+]ccc(=S)n1C,2.0,2.010594
train,8679,Cc1cccc(C)c1P(=O)(O)O,2.39,2.3222084
train,8680,Cc1cc[nH+]cc1C,6.47,6.421467
train,8681,Nc1nc(N)c(NC=O)c(O)n1,9.9,9.977644
train,8682,CC[NH+](CC)Cc1ccccc1OC,10.2,10.229723
train,8683,O=C([O-])c1cc(=O)cc(C(=O)O)o1,2.36,2.2631464
train,8684,CNC(=O)C[NH2+]C,8.28,8.248149
train,8685,CCCC12CCC(C(C)=O)=C1c1c(cc(OCC(=O)O)c(Cl)c1Cl)C2,4.1,3.87947
train,8686,[H]/N=c1/[nH+]c(N(C)C)cc(Cl)n1C,12.72,12.8174515
train,8687,O=C(O)C1CC2(C1)CC(F)(F)C2,4.3,4.2722197
train,8688,Cc1sc2ccc(O)cc2c1C,10.03,9.933979
train,8689,Cc1cc(C)c2nc(-c3ccc[nH+]c3)cc(C(=O)Nc3ccc4ccccc4c3)c2c1,4.3,4.04321
train,8690,CSc1nccc[nH+]1,0.59,0.6182974
train,8691,N[NH2+]CCCc1ccccc1,7.2,7.180875
train,8692,CNc1ncc(-c2ccc(C)cc2)c[nH+]1,3.59,3.5543482
train,8693,Nc1ccc(C(=O)[O-])c(O)c1,13.74,13.761403
train,8694,OCCc1cc[nH+]cc1,5.68,5.7495995
train,8695,COC(=O)/C=C(\O)c1ccccn1,8.33,8.274877
train,8696,CC(=O)CC(=O)C(=O)O,2.61,2.5960097
train,8697,Nc1ccc(S(=O)(=O)Nc2cccnn2)cc1,7.06,7.0110674
train,8698,[NH3+]c1ccccc1[NH3+],0.8,0.8942322
train,8699,O=C(O)c1c[nH]c2cc(F)c(-c3ccc(C4(O)CCC4)cc3)c(F)c12,4.9,4.903446
train,8700,CC(C)[NH2+]CCC#N,8.0,7.902937
train,8701,O=C(CC[NH+]1CCOCC1)c1cccc(Br)c1,6.8,6.9091873
train,8702,Oc1ccc(OC(F)(F)F)cc1,9.35,9.235954
train,8703,Oc1ccc2ncncc2c1,8.19,7.957246
train,8704,O=C(O)[C@@H]1C[C@]1(C(=O)O)c1ccccc1,3.72,3.8320477
train,8705,CC(=O)Nc1nc2nc(C)n(C)c2c(=O)[nH]1,8.62,8.699419
train,8706,CC1=[NH+]CCCS1,7.6,7.6907415
train,8707,CCOc1cccc(C(=O)N[C@@H]2C[C@H]3CC[C@@H](C2)[NH+]3Cc2ccccc2)c1OC,8.78,8.968975
train,8708,Oc1ncc2c(n1)NC(O)C=N2,11.05,10.733715
train,8709,C[NH2+][C@H](C)[C@H](O)c1ccccc1,9.61,9.572359
train,8710,CC1=Nc2c(C)nc(O)nc2NC1(C)O,11.5,11.485787
train,8711,CN1CC(=O)NC1=O,9.1,8.978231
train,8712,Clc1cc(Cl)c(NC2=[NH+]CCN2)c(Cl)c1,7.7,7.342886
train,8713,CCOC(=O)c1ccc(CC[NH3+])cc1,9.58,9.494923
train,8714,O=C(O)c1c(F)c(F)nc(F)c1F,3.21,3.4384534
train,8715,CC1(C)CCNc2c3nc[nH+]c-3ncn21,7.1,7.2407722
train,8716,COc1ccc(-c2ncc(-c3ccc([NH3+])cc3)o2)cc1,3.71,3.5013006
train,8717,Cn1c(N2CCCCC2)nc2c[nH+]cnc21,4.06,3.950561
train,8718,C[NH2+]Cc1cc(-c2ccccc2F)n(S(=O)(=O)c2cccnc2)c1,9.3,9.3601055
train,8719,CC(=O)NS(=O)(=O)c1cccc([N+](=O)[O-])c1,3.97,3.9310262
train,8720,CSc1ccc2[nH+]cccc2c1,4.12,4.194426
train,8721,CC(C(=O)O)C(C)C(=O)O,3.94,3.9873326
train,8722,[NH3+]c1ccc(F)cc1C(=O)O,2.03,1.9312673
train,8723,Cc1cnc2c(O)ncnc2n1,8.09,7.9245453
train,8724,O=C(NO)C(=O)NO,6.97,6.7632637
train,8725,CC(=O)N1CCNc2nc[nH+]c(C)c21,5.26,5.1814165
train,8726,Cc1ccc(/C=C2\CN(C(=O)c3ccc(OCC[NH+](C)C)cc3)C/C(=C\c3ccc(C)cc3)C2=O)cc1,10.73,11.115986
train,8727,[NH3+]c1c(Cl)cc(Cl)cc1Cl,-0.03,0.013718545
train,8728,COC(=O)c1ccc(OC)c(O)c1,9.21,9.190889
train,8729,CCOC(=O)C([NH3+])CCC(=O)NCCSC(=O)C(C)(C)C,8.9,9.0760975
train,8730,OC[C@H]1CC[NH+]2CCC[C@@H]12,10.83,10.670291
train,8731,[NH3+]c1cc(Br)ccc1C(=O)O,1.24,1.085976
train,8732,[NH3+]CCCCCO,10.52,10.4930725
train,8733,C#CC[NH+](C)[C@H](C)Cc1ccccc1,8.015,7.90007
train,8734,Cc1c(Cc2ccccc2S(=O)(=O)c2ccccc2)c2c(n1CC(=O)O)CCN(C(C)C)C2=O,2.9,2.8533242
train,8735,Cc1cc(C(=O)O)c[nH]1,5.35,5.3164062
train,8736,Cc1ccc(C(=[NH2+])c2ccccc2)c(C)c1,6.79,6.978306
train,8737,Cc1c([NH3+])cccc1Cl,2.49,2.1967702
train,8738,O/N=C/c1ccn[nH]1,10.5,10.305744
train,8739,Cn1nnc2[nH+]c[nH]c(=S)c21,-1.66,-1.4374524
train,8740,O=C(O)c1ccccc1F,3.435,3.3658054
train,8741,CC(O)C(C(=O)O)c1ccc(-c2ccccc2)cc1,4.3,4.262656
train,8742,CCOC(=O)C(=NO)C(=O)OCC,5.48,5.3814583
train,8743,O=c1cc(-c2cccc(O)c2)oc2ccccc12,9.75,9.522037
train,8744,[H]/[NH+]=C(/c1ccccc1)c1ccc(C)cc1C,6.79,6.914916
train,8745,[H]/N=c1\[nH+]c(C)c(Br)c(C)n1C,11.0,10.858037
train,8746,O=C(O)/C=C(\CC(=O)O)C(=O)O,2.91,2.9004648
train,8747,CO[NH+]1C=CC=CC1=O,-1.3,-1.1063461
train,8748,CC(=O)Nc1n[nH]c(NC(C)=O)n1,9.35,9.280937
train,8749,CNc1nc(S)nc(C)c1N,11.5,11.653578
train,8750,Cc1cccc2cc([NH3+])cc(C)c12,4.27,4.30785
train,8751,Cc1[nH+]c2c(N[C@H]3c4ccccc4C[C@@H]3O)cc(C(=O)N(C)C)cn2c1C,6.24,6.302843
train,8752,O=C(O)[C@@H]1CCCC[C@@H]1O,4.8,4.803857
train,8753,[NH3+]c1cc(I)cc2ccccc12,2.82,2.5896757
train,8754,O=P([O-])(O)c1ccc(Br)cc1,6.83,6.8449097
train,8755,O=C1CC(S)C(=O)N1,6.7,6.679228
train,8756,CC(C)CC(=O)CC(=O)C(F)(F)F,6.52,6.5465765
train,8757,Clc1cccc(Cl)c1NC1=[NH+]CCN1,8.055,7.883897
train,8758,CCC/C(=N/O)C(=O)O,3.22,2.9944036
train,8759,Cc1cccc(N=Nc2ccc([NH3+])cc2)c1,2.88,2.868922
train,8760,CN(N)C(=N)N[N+](=O)[O-],12.6,12.390938
train,8761,CCCN(C1=[NH+]CCN1)c1c(Br)cccc1Br,11.0,10.952986
train,8762,CCC1(C)NC(=O)c2cc(S(=O)(=O)Nc3ccc(OC)cc3)ccc2NC1=O,5.6,6.0005083
train,8763,NCCc1[nH]cnc1I,11.88,11.741531
train,8764,Nc1ccc(S(=O)(=O)Nc2cncnc2)cc1,6.62,6.411025
train,8765,O=C(O)Cc1ccccc1Nc1c(Cl)cccc1I,4.24,4.196039
train,8766,O=c1cc(C(F)(F)F)[nH]c(=O)[nH]1,5.7,5.6603603
train,8767,CN(c1ccc[nH+]c1)S(C)(=O)=O,3.94,3.9576113
train,8768,CCC(N=O)=NO,5.8,5.6153603
train,8769,O=C(O)[C@H]1CCC[C@@H](O)C1,4.6,4.77415
train,8770,Oc1cccc2c1c[nH+]c1ccccc12,4.39,4.3252974
train,8771,O=S(=O)(Nc1cncc(Br)c1)c1ccccc1C(F)(F)F,5.3,5.243843
train,8772,O=c1[nH]c2cc3c(cc2[nH]1)CCCC3,12.21,12.228807
train,8773,c1nc2cnc[nH]c-2n1,8.92,8.744963
train,8774,C/[NH+]=C(\N)N=C(N)[NH3+],3.0,2.8696983
train,8775,CCCCCCCCCCC(=O)O,4.9,4.88358
train,8776,C1CN[C@H]2[NH2+]CCC[C@@H]2C1,9.36,9.138664
train,8777,COC(=O)C(CCCC[NH3+])NC(=O)OC(C)(C)C,10.79,10.868067
train,8778,Nc1ccc2n[nH+]ccc2c1,5.03,4.9527254
train,8779,CSc1nc2c(O)c3cc(F)ccc3nc2s1,10.5,10.688962
train,8780,O=CCC=O,5.0,4.978468
train,8781,N=c1cc2ccccc2n[nH]1,3.66,3.5071287
train,8782,COc1ccc(/[NH+]=N/c2ccc(N(C)C)cc2)cc1,2.35,2.5072205
train,8783,[NH3+][C@]12CC[C@H](C1)C2,9.3,9.141016
train,8784,Nc1[nH]c(=O)c(-c2ccc(Cl)cc2)c(N)[nH+]1,3.06,2.908973
train,8785,O=S(=O)([O-])c1cccc(O)c1,9.07,8.881409
train,8786,c1cc2c(cc1C[NH+]1CC3(COC3)C1)OCO2,8.0,7.877989
train,8787,COc1cc(N)ccc1C(=O)O,5.3,5.4109993
train,8788,Nc1cc(S)[nH+]cn1,0.24,0.23657459
train,8789,O=C(O)/C(=N/O)c1ccccc1,1.81,1.8519689
train,8790,COc1ccc(-c2cc3c[nH+]ccc3[nH]2)c(OC)c1,8.49,8.791448
train,8791,COc1ccc(C[NH+]=C(N)C(Cl)(Cl)Cl)cc1,6.0,6.026721
train,8792,CC(Cl)[N+](=O)[O-],6.8,6.7028036
train,8793,Cc1cccc2c(N)[nH+]c3ccccc3c12,7.51,7.5157003
train,8794,O=C(O)c1ccc([N+](=O)[O-])cc1O,2.23,2.1265142
train,8795,N#Cc1cc(C(F)(F)F)ccc1N1CCOc2cc(S(=O)(=O)N=c3[nH]cns3)ccc21,3.8,3.6910205
train,8796,Cc1cnc2c(ccc3cc(C)c[nH+]c32)c1,5.23,5.2194242
train,8797,O=C1CC[C@@H](C(=O)O)C1,4.25,4.2419806
train,8798,O=C(N=Cc1cccc[nH+]1)C1CCCC1C(=O)N1CCCC1,4.4,4.3851213
train,8799,O=C(NO)c1nc[nH]c1C(=O)NO,8.8,8.76599
train,8800,COc1ccc(C(=O)O)c2ccccc12,4.31,4.177273
train,8801,COc1ccccc1/C=C/C=N/O,10.8,10.920618
train,8802,CC12CNCCCN1CCC[NH2+]C2,9.7,9.643527
train,8803,Cc1cccc2cc3cccc(N)c3[nH+]c12,3.9,3.7612793
train,8804,O=C(O)Cc1nnn[nH]1,3.1,3.1966429
train,8805,Cc1cccc(C)c1NC(=O)CC[NH3+],8.75,8.653354
train,8806,ONc1cccc2ccccc12,9.33,9.347697
train,8807,CS(=O)(=O)CS(=O)(=O)Oc1ccc(C#N)cc1,9.12,9.032413
train,8808,O=c1ccc2ccc(O)cc2o1,6.18,6.167042
train,8809,Cc1cc(O)c(C(C)C)cc1C,10.79,10.770941
train,8810,Cc1cccc(N(O)C(=O)c2ccccc2)c1,8.67,8.633286
train,8811,C[C@@H]1[NH2+][C@H]1C,5.33,5.262542
train,8812,O=C(O)C=C1CCCCC1,4.59,4.651601
train,8813,Nc1c[nH+]ccc1O,3.86,3.5734718
train,8814,O=C(O)C1=Cc2ccccc2CC1,4.54,4.5942297
train,8815,Cc1cc([N+](=O)[O-])cc2c1nnn2O,3.43,3.399865
train,8816,CNc1nc(C)nc2c1c[nH+]n2C,4.96,5.000678
train,8817,Cc1csc2ccc(O)cc12,9.94,9.7976
train,8818,Cc1cccc(C)c1CNc1cccn2c(C)[nH+]cc12,6.03,6.1746616
train,8819,O=c1c(O)c(O)c(=O)c(=O)c1=O,4.38,5.4058485
train,8820,Clc1cc2ccc[nH+]c2c2ncccc12,4.18,4.1054792
train,8821,O=C(OCc1ccccc1)c1ccc[nH+]c1,3.94,3.9198427
train,8822,[NH3+]CCCCc1ccccc1,10.39,10.26342
train,8823,CCOC(=O)CC[NH+](C)C,8.6,8.505009
train,8824,Nc1ncc[nH+]n1,4.1,4.272435
train,8825,CCC12CCC(=O)C=C1c1c(cc(OCC(=O)OCC[NH+]3CCOCC3)c(Cl)c1Cl)C2,5.08,4.9365215
train,8826,O=C(COc1ccc(Cl)cc1)NO,8.75,8.866819
train,8827,CC1(O)Nc2ncncc2N=C1O,10.0,9.95838
train,8828,O=C(c1ccccc1)c1ccc2n1CCC2C(=O)O,3.496667,3.3884022
train,8829,O=C(Nc1cc[nH+]cc1)c1ccccc1,5.32,5.2737303
train,8830,O=c1cc[nH]c(=O)[nH]1,9.4,9.479155
train,8831,O=c1[nH]nc(I)c(=O)[nH]1,6.27,6.3117
train,8832,C[NH3+],10.62,10.333506
train,8833,On1nnc2ccc(Br)cc21,3.97,4.035739
train,8834,CN(C)c1cccc([NH+](C)C)c1,6.09,6.208581
train,8835,Cc1cn([C@H]2C[C@H](O)[C@@H](CO)O2)c(=O)[nH]c1=O,9.8,9.70022
train,8836,Cc1cccc2[nH+]c(N)sc12,4.25,4.3805084
train,8837,CC(=O)N[C@@H](Cc1cc(F)cc(F)c1)[C@H](O)C[NH2+]C1(c2cccc(C3CCOC3)c2)CCCCC1,8.1,8.0086
train,8838,CC(N=O)=NO,5.8,5.568426
train,8839,COc1cccc(NC(=O)C(=O)O)c1,2.11,2.2709706
train,8840,S=C(NC(=S)c1ccccc1)Nc1ccccc1,10.72,10.871088
train,8841,CS(=O)(=O)c1ccc(CC#N)c([N+](=O)[O-])c1,11.12,11.171181
train,8842,C[C@H]1[NH+]=C(NCC(F)F)Nc2ccc(Cl)c(Cl)c21,8.5,8.459377
train,8843,O=C1CCCc2nc3c(ccn4cc[nH+]c34)cc21,2.0,1.8873594
train,8844,CCC(C)c1ccc(O)cc1,10.27,10.263523
train,8845,O[C@H](CS)[C@@H](O)CS,9.21,9.247858
train,8846,Cc1[nH+]c(-c2ccc(F)cc2F)n(C)c1CC(=O)NCc1ccc(F)cc1Cl,6.47,6.621931
train,8847,O=C(CCc1c(Cl)cccc1Cl)NC(Cc1cc2ccc(F)cc2[nH]1)C(=O)O,3.9,3.7063293
train,8848,O=C(c1ccccc1)c1ccc[nH+]c1,3.18,3.1213934
train,8849,CN1CCCCC[NH+]1C,6.66,6.503688
train,8850,C[NH2+]c1c(C)cccc1C,6.12,6.0847473
train,8851,[NH3+]c1cccc([NH3+])c1O,2.7,2.5652115
train,8852,COc1cccc(C(C)=O)c1O,10.0,9.956798
train,8853,O=C([O-])c1[nH]c(=O)[nH]c(=O)c1I,7.63,7.6015882
train,8854,ClC[C@@H]1C[NH+]2CCC1CC2,10.15,10.027702
train,8855,COc1ncc2ncc[nH+]c2n1,2.1,2.201229
train,8856,NC(=O)NCCC(=O)O,4.49,4.6148567
train,8857,Cc1ccc(Nc2c[nH+]c(N)nc2N)cc1,7.04,7.2551336
train,8858,CCC(=O)CC(C)=O,9.36,9.211653
train,8859,OCOO,10.7,10.443753
train,8860,O=C([O-])[C@@H]1C[C@@]1(C(=O)O)c1ccccc1,6.47,6.768605
train,8861,Nc1ccc(S(=O)(=O)N=c2[nH]ccs2)cc1N=Nc1ccccc1,5.85,5.8188677
train,8862,O=c1ccc(O)n[nH]1,5.67,5.6394663
train,8863,Cc1c(-c2ccc(=O)n(Cc3ccccc3)n2)c2cc(F)ccc2n1CC(=O)O,4.02,3.9438856
train,8864,CC(C)SC(C)C(=O)O,3.78,3.8366616
train,8865,C[NH+](C)CC(CSC#N)SC#N,6.1,5.962716
train,8866,OC(C(F)(F)C(F)(F)C(F)(F)F)C(F)(F)C(F)(F)C(F)(F)F,10.6,10.609854
train,8867,CC(C)(C)C1=N[NH2+]CC1,5.35,5.2403135
train,8868,CN(CCN[N+](=O)[O-])[N+](=O)[O-],5.59,5.624345
train,8869,O=C([NH+]=c1cccc[nH]1)c1ccccc1,3.33,3.5024593
train,8870,CC(C)Oc1ccccc1C(=O)O,4.24,4.195527
train,8871,CNC1=NC(=O)C=C(N)[NH2+]1,3.2,2.9922397
train,8872,CC[NH+](CC)C(C)C(=O)Nc1c(C)cccc1C,8.053333,8.033431
train,8873,CC(C)(CCl)OO,12.75,12.556072
train,8874,Cc1nc2c(=O)[nH]c(N)[nH+]c2n1C,4.11,4.1614084
train,8875,CCC(C)(C)[NH2+]c1ccccc1,6.55,6.623768
train,8876,CC[NH+](CC)CCOC(=O)c1ccccc1,8.9,8.6848755
train,8877,Cc1nnc2n1-c1ccc(Cl)cc1C(c1ccccc1)=[NH+]C2,3.666667,3.4268472
train,8878,Cc1cccc(C)c1C[NH+]=c1cc(C(=O)N(C)C)[nH]c2c(C)c(C)[nH]c12,7.56,7.6710634
train,8879,Cc1ccc(S(N)(=O)=O)cc1C,9.62,9.694672
train,8880,CN(C)CC[NH+](C)C,8.97,8.835468
train,8881,S=C(Nc1ccc(Cl)c(Cl)c1)c1ccc(Cl)cc1,9.51,9.376825
train,8882,NC([NH3+])=Nc1ccc([NH3+])cc1,3.63,3.6371472
train,8883,CCCc1ncnc2c(O)cccc12,8.82,8.61886
train,8884,O=[N+]([O-])c1ccc(/C=N/O)c([N+](=O)[O-])c1,9.43,9.409451
train,8885,Oc1nc2ncnc(O)c2[nH]1,7.65,7.5596
train,8886,Oc1c(Cl)cc(Cl)c2ccc[nH+]c12,2.89,2.8618822
train,8887,C[NH+]1CCN(C(C#N)c2ccc3c(c2)OCO3)CC1,7.6,7.5712175
train,8888,Cc1ccc([C@@]2(F)C[C@@H]2[NH3+])cc1,7.41,7.328041
train,8889,Cc1nn(C)c(=O)nc1O,7.49,7.4320602
train,8890,Cc1c(-c2noc(-c3ccc(OC(C)C)c(C#N)c3)n2)ccc2c1OCC[NH+](C(CO)CO)C2,6.3,6.3191795
train,8891,CC([NH3+])CCCc1ccccc1,9.99,10.122824
train,8892,CCCCCCCS(=O)(=O)Nc1ccc(N=c2c3ccccc3[nH]c3ccccc23)c(OC)c1,7.42,7.586643
train,8893,Cc1c[nH+]c2c(O)cccc2c1C,5.8,5.9904375
train,8894,Cc1cc(O)cc(C)c1S(C)(=O)=O,8.13,8.2135725
train,8895,CCOC(=O)C(C)C(=O)CC,13.0,12.787064
train,8896,O=c1c(O)c1O,2.6,2.6261628
train,8897,NC(=O)c1c[nH+]cc2ccccc12,3.8,3.7739704
train,8898,O=C(NS(=O)(=O)F)c1ccsc1,2.44,2.3170846
train,8899,CN(C)c1nc(N)[nH+]cc1Br,5.96,6.160038
train,8900,O=C(O)c1cc2sccc2[nH]1,3.88,3.8810928
train,8901,O=C(O)c1cccc(C(=O)O)c1C(=O)O,2.8,2.9671237
train,8902,ON/C=C/c1ccsn1,9.8,9.830223
train,8903,Cc1nc(N)[nH+]c(C)c1Br,3.35,3.1480787
train,8904,Nc1nc(N)c(-c2ccc(Cl)cc2)c(N)[nH+]1,6.19,6.3366337
train,8905,CN(C)c1ccc(/N=[NH+]/c2ccccc2)cc1,3.226,3.2367606
train,8906,ON=Cc1nc(Cc2ccccc2)no1,7.94,8.068603
train,8907,c1ccc(Oc2ccc[nH+]c2)cc1,4.24,4.142724
train,8908,CC(C)(C)c1ccc[nH+]c1,5.82,5.8784
train,8909,c1cc(CC2CCC[NH2+]C2)c2ccoc2c1,9.8,9.706996
train,8910,CCCC(CCC)(C(=O)O)C(=O)O,2.02,1.9964275
train,8911,C(=C/c1cc[nH+]cc1)\c1ccccc1,5.92,5.9453926
train,8912,O=C1NC(=O)[C@@H]2CCC[C@H]12,9.53,9.451319
train,8913,CSc1ccc(O)cc1,9.53,9.517637
train,8914,CCC(C)[NH2+]C(C)C,11.0,11.015369
train,8915,C=CCN(CC=C)C(=O)[C@@]1(c2cccs2)C[C@H]1C[NH3+],9.4,9.3788395
train,8916,Fc1cccc(F)c1NC1=[NH+]CCN1,8.253333,8.042237
train,8917,Cn1c(=O)c2nc[nH]c2n(C)c1=O,8.55,8.473466
train,8918,Nc1ncnc2n[nH]cc12,10.84,10.715117
train,8919,C[NH+]1CCC[C@H]1c1ccc[nH+]c1,3.13,3.1455166
train,8920,C[NH+](C)CC[NH3+],6.63,6.4626217
train,8921,BrC12CC[NH+](CC1)CC2,8.47,8.377298
train,8922,COc1cccc(NC(=N)N[N+](=O)[O-])c1,9.8,10.020764
train,8923,Cn1nc(N=[N+]=[N-])nc1C(=O)O,3.01,3.1004279
train,8924,O=C(O)CCN(CC(=O)O)CC(=O)O,2.06,1.8365018
train,8925,CN(C)c1ccc2ccc([NH+](C)C)c(N(C)C)c2c1N(C)C,15.8,16.252207
train,8926,Cc1nc2c(=O)n(C)c(N)nc2[nH]1,11.22,11.168
train,8927,C=C(C)C(=O)OCCC[NH3+],9.62,9.342763
train,8928,CCOC(=O)CCCC[NH3+],10.15,10.130156
train,8929,O=C1C=CC(=Nc2cc(Cl)c(O)c(Cl)c2)C=C1,5.8,5.868738
train,8930,COc1c(C)cc([C@@]2(c3cccc(-c4cncnc4)c3)N=C(C)C(=[NH2+])N2)cc1C,5.2,5.1103992
train,8931,Oc1ccccc1-c1cc2ccccc2cc1O,7.55,7.399585
train,8932,O=C1OCC(O)=C1O,4.4,4.437234
train,8933,CC(C)CCC(=O)O,4.84,4.8936157
train,8934,CCC1CCCC1C(=O)O,4.95,4.961154
train,8935,[H]/[NH+]=c1/ccn(C)c2ccccc12,12.4,12.371149
train,8936,O=S(=O)(Nc1ccccc1)C(F)(F)F,4.45,4.6438074
train,8937,O=C([O-])c1cnn[nH]1,8.66,8.513006
train,8938,Oc1cccc2nnccc12,7.4,7.016862
train,8939,O=c1cn[nH]c([O-])n1,12.9,12.65179
train,8940,CCCCc1cccn[nH+]1,3.49,3.596555
train,8941,O=C1Nc2ccc(Cl)cc2C(c2ccccc2)=[NH+][C@@H]1O,1.8,1.669198
train,8942,Oc1c2ccccc2nc2sc(Cl)nc12,9.5,9.275755
train,8943,Cc1ccc(N(C)[NH3+])cc1,5.3,5.3024006
train,8944,COC(=O)c1cc(C(C)=O)c(C)[nH]c1=O,9.31,9.129694
train,8945,Cn1c(=S)[nH]c2[nH]c(=O)c(=O)[nH]c2c1=O,3.06,2.9480045
train,8946,CO[NH+]1C=CC(=O)C=C1,2.57,2.642808
train,8947,S=CS,0.85,0.8915685
train,8948,C1=C(c2ccco2)C2CC[NH+]1CC2,8.92,8.870427
train,8949,Oc1nc(Cl)cc2c1CCCC2,8.81,8.584607
train,8950,Nc1cccc2c1C(=O)NC2=O,10.81,10.303465
train,8951,COc1ccc(S(=O)(=O)NCl)cc1,4.56,4.4590626
train,8952,Cn1c(N)nc2[nH]cnc2c1=O,10.54,10.496023
train,8953,ONC(C(F)(F)F)(C(F)(F)F)C(F)(F)F,5.8,5.9277687
train,8954,CNc1nc2[nH]cnc2c(=O)[nH]1,8.9,8.896296
train,8955,CC(C)[C@@]12C[NH2+]C(C(=O)O)C1CC(=O)O2,7.8,8.081457
train,8956,CCC(C)(C)[NH3+],10.89,10.545895
train,8957,O=C(O)CSc1cccc(C(=O)O)c1,3.28,3.243333
train,8958,Cc1cc(C)c(C(=O)O)cc1C,4.2,4.195669
train,8959,CC([NH3+])(CO)CO,8.8,8.784189
train,8960,C=CCN[N+](=O)[O-],5.95,5.8412323
train,8961,O=C(O)CNS(=O)(=O)c1ccccc1,3.45,3.4906328
train,8962,COCC[NH2+]c1ccc(C)cc1,4.64,4.367633
train,8963,Cc1nc2c(=O)nc(N)n(C)c2[nH]c1=O,5.03,4.5908766
train,8964,CCCCCCCCCCCCC[NH2+]CCCCCCCCCCCCC,11.0,11.192874
train,8965,Cn1cnc2[nH]c(N)nc(=O)c21,9.95,9.667828
train,8966,CCc1cccc(CC)c1NC1=[NH+]CCN1,10.606667,10.524305
train,8967,CCCc1[nH]cc[nH+]1,8.02,8.035439
train,8968,CN(C)C(C)(O)O,13.37,13.412856
train,8969,O=[N+]([O-])c1cccc(C(O)C(F)(F)F)c1,11.23,11.04134
train,8970,CNC[C@H](O)c1ccc(O)c(O)c1,10.14,10.092556
train,8971,Brc1ccnc2c1ccc1ccc[nH+]c12,4.01,4.1033926
train,8972,CC1CCCC(C)C1C(=O)O,4.88,5.0152016
train,8973,CC[NH+](CC)c1ccccc1C,7.18,7.3288546
train,8974,Cc1[nH+]c2c3c(c(C(=O)N(C)C)cn2c1C)CCC1(Cc2ccccc2C1)O3,6.84,7.020097
train,8975,C[NH2+]CC(C)c1ccccc1,9.87,9.829018
train,8976,C=C(C)CN(C1=[NH+]CCN1)c1c(Br)cccc1Br,10.71,10.736531
train,8977,Cc1ccc(N[N+](=O)[O-])nc1,6.34,6.3552494
train,8978,Cc1nc(N)c2c[nH+][nH]c2n1,5.41,5.3184195
train,8979,Cc1nc(O)nc2nc(O)cnc12,6.31,6.215413
train,8980,C[NH+](C)CCC1(Cc2ccc(C(C)(C)C)cc2)COC1,9.2,9.089224
train,8981,CC(Oc1cc(Cl)c(Cl)cc1Cl)C(=O)O,2.83,2.8251908
train,8982,CCC(=O)CC(=O)CC,9.55,9.454794
train,8983,CC(=O)CC(c1ccccc1)c1c(S)c2ccccc2oc1=O,6.6,6.8264084
train,8984,Nc1c[nH]ccc1=[NH2+],9.06,8.857817
train,8985,C[NH+](CCO)CCCl,7.5,7.49745
train,8986,[NH3+]c1c(O)cccc1O,5.1,4.933626
train,8987,OC1NC(S)=Nc2nccnc21,9.72,9.921654
train,8988,CCC(C)CC(=O)O,4.76,4.879037
train,8989,c1ccc(NC2=[NH+]CCN2)cc1,9.915,9.828581
train,8990,c1ccc(C[NH+]=c2cc[nH]c(N3CCc4ccccc4C3)c2)cc1,8.6,8.503738
train,8991,CC(=O)Nc1ccc(OC(=O)Nc2cc(C(=O)c3ccccc3)ccc2O)cc1,9.49,9.653089
train,8992,COc1cc(S(C)=O)ccc1-c1cn2ccncc2[nH+]1,2.88,2.9561195
train,8993,CC(C)[NH+]1C2CCCC21,8.31,8.341605
train,8994,CCC(O)C[NH+](CC)CCO,9.1,9.203743
train,8995,Nc1nc(-c2ccccc2)[nH+]s1,1.4,1.2944407
train,8996,CC1(C)C(=O)C=C(O)C=C1O,4.2,4.241949
train,8997,Cc1ccc(C(=S)Nc2ccc(Cl)cc2)cc1,10.8,10.908283
train,8998,O=C(O)c1c[nH]c[nH+]1,2.01,1.915858
train,8999,Cn1c[nH+]c2c1c(=O)[nH]c(=O)n2C,0.68,0.7825949
train,9000,Oc1ccc(C2CCCCC2)cc1,10.3,10.395297
train,9001,COC(=O)CCC(=O)O,4.49,4.618267
train,9002,NNC(=O)c1ccccc1[N+](=O)[O-],11.34,11.196251
train,9003,[H]/[NH+]=C(/c1ccccc1)c1ccccc1C,6.79,6.9024544
train,9004,NNC(=O)c1ccc(Br)cc1,12.15,12.00362
train,9005,Cc1c(Cl)c([N+](=O)[O-])cc2c1nnn2O,3.1,3.045204
train,9006,NP(=O)([O-])O,8.25,8.131317
train,9007,C1C[NH2+]OC1,5.05,5.0095015
train,9008,Cc1cc(C)[nH+]cn1,2.7,2.7900763
train,9009,Clc1nccc2nc[nH]c12,9.83,9.522926
train,9010,CC(=[NH2+])N1C2CCC1CC(OC(=O)C(CO)c1ccccc1)C2,10.92,11.042825
train,9011,Cc1cccc(OC(O)(CBr)c2ccccc2)c1,11.21,11.1646595
train,9012,Cn1c(=S)[n-]c(=O)c2[nH]c(=O)c(=O)[nH]c21,9.0,8.83371
train,9013,Cc1cc(C(C)(C)C)cc(C)c1C(=O)O,3.44,3.3345406
train,9014,CC(CC([N+](=O)[O-])[N+](=O)[O-])([N+](=O)[O-])[N+](=O)[O-],1.36,1.3712641
train,9015,[O-]c1nc2c[nH]c(Cl)cc-2n1,14.36,14.208031
train,9016,O=[N+]([O-])c1ccc(O)c2ncccc12,6.422,6.1856213
train,9017,Nc1c[nH+]c(Cl)nc1N,2.63,2.4816697
train,9018,CC(C)(C)c1cc([NH3+])cc(C(C)(C)C)c1,4.97,4.9772825
train,9019,C/C=C/C1=C(O)C(=O)c2ccccc2C1=O,4.8,4.724576
train,9020,c1c[nH+]cc([NH+]=C2NCCN2)c1,3.05,2.839414
train,9021,COc1cc(N)nc[nH+]1,4.0,4.001315
train,9022,O=C(O)c1cc(Cl)c(O)c(Cl)c1,3.82,3.834504
train,9023,CCC(NC(C)=O)C(=O)O,3.72,3.7738721
train,9024,C[C@H]1CC=[NH+]N1,4.3,4.2858486
train,9025,CN(C)c1nccc(=O)[nH]1,9.89,9.891114
train,9026,O=C(O)C[S+]([O-])c1ccccc1,2.695,2.7493594
train,9027,CC(=O)Nc1ccc2c(c1)C(=O)NC2=O,9.92,9.641199
train,9028,O=C1C=CC(Br)=C[NH2+]1,-0.06,0.07873815
train,9029,NS(=O)(=O)c1ccc(S(=O)(=O)CCCO)cc1,8.98,9.355761
train,9030,C/N=c1/cc(Cl)n(C)c(N)[nH+]1,12.17,12.035007
train,9031,CC(C)C(=O)NO,9.0,9.116873
train,9032,NC(=O)N/N=C1\C=Cc2ccccc2C1=O,9.62,9.590254
train,9033,Cc1cccnc1N[N+](=O)[O-],5.9,5.9497967
train,9034,COc1cccc(C(=O)NCC[NH+]2CCN(c3ccc(C)cc3)CC2)c1,6.46,6.507889
train,9035,OC1=Nc2nccnc2CN1,12.6,12.767483
train,9036,C1C[NH2+][C@@H]2CC[NH2+]C[C@H]2C1,8.18,8.08881
train,9037,Cc1ccc([NH3+])cc1,5.08,5.176134
train,9038,CN1CCC2(CC[NH2+]2)CC1,10.4,10.298479
train,9039,N#C[C@@H]1C(=O)NC(=O)C12c1ccccc1-c1ccccc12,5.6,5.64849
train,9040,O=C1C(Br)=CC(=Nc2cc(Br)c(O)c(Br)c2)C=C1Br,6.1,6.1127195
train,9041,CC[NH+](CC)C(C)CCC(=O)Nc1c(C)cccc1C,9.87,9.765501
train,9042,c1csc(-c2cc[nH+]cc2)c1,5.59,5.515934
train,9043,C1CCC(C2CCC[NH2+]2)CC1,10.8,10.7360325
train,9044,Oc1c(Cl)cc(Cl)cc1Cl,5.99,6.164819
train,9045,NS(=O)(=O)c1cc2c(s1)S(=O)(=O)CC[C@H]2O,8.35,8.368856
train,9046,CC1=C(CC(C)[NH2+]CC(O)c2ccc(F)cc2)CCC1(C)C,8.51,8.558231
train,9047,Cc1ccc2c(c1)c1c3c([nH+]ccn32)CCC1,6.24,6.349724
train,9048,Sc1ncnc2nc[nH]c12,7.77,7.6380024
train,9049,Cc1nc2ccccc2[nH]1,13.18,12.688398
train,9050,O=C(O)c1nccnc1C(=O)O,0.9,0.5153716
train,9051,O=C1C[C@@H]2[C@@H](C(=O)O)[C@@H](C(=O)[O-])C[C@@H]2O1,5.97,6.1184187
train,9052,Cc1c(Br)cc(Br)c(=O)c(O)c1Br,5.17,5.066617
train,9053,CC1(C)CCC(=O)N1O,8.7,8.530121
train,9054,c1ccc(-c2[nH]cc[nH+]2)[nH+]c1,-0.7,-1.071975
train,9055,Cc1cnc(=S)[nH]c1O,7.71,7.647997
train,9056,COc1cccc(C(=O)NC2CC3CCC(C2)[NH+]3Cc2ccccc2)c1OC,8.91,8.968718
train,9057,CCOC(=O)C1(c2ccccc2)CC[NH+](CCF)CC1,7.43,7.316148
train,9058,[O-][n+]1c(O)ccc2ccccc21,6.88,6.8087387
train,9059,CC1=[NH+][C@H](O)c2cc(C)ccc2N1,8.65,8.649
train,9060,S=C1C=C[NH2+]c2ccccc21,0.77,0.9080203
train,9061,FC(F)C1Cc2ccc(Br)cc2C[NH2+]1,6.12,6.0476
train,9062,[NH3+]c1cc(C(=O)O)c2ccccc2c1,2.61,2.5618894
train,9063,O=C(O)CNC(=O)c1ccccc1,3.6333334,3.8813093
train,9064,Cc1ccc(N(Cc2nn[nH]n2)Cc2ccc(Cl)cc2Cl)cc1,4.26,4.359899
train,9065,CN(C)c1nccc(=S)[nH]1,8.02,7.9740763
train,9066,O=C1C=CC(=S)[NH2+]N1,-1.39,-1.0755148
train,9067,COC(=O)c1ccccc1[NH+](C)C,3.78,3.7426138
train,9068,CC(C)c1ccccc1P(=O)(O)O,2.13,2.1655803
train,9069,C/C(=C\C(=O)[O-])C(=O)O,4.75,4.7922163
train,9070,O=C(O)c1ccccc1O,3.0366666,2.8001947
train,9071,CC(C)C(=O)N(Cc1cccc(Cl)c1Cl)[C@H]1CC[NH2+]C1,9.4,9.596388
train,9072,Brc1ccc(Br)c(N(CC2CC2)C2=[NH+]CCN2)c1,11.0,10.886937
train,9073,N#CC(C#N)C[NH3+],5.14,5.01416
train,9074,Cc1nc2[nH+]cn(C)c(=O)c2nc1C,-0.05,0.13936973
train,9075,O=C(O)/C(=N\O)c1cccs1,2.3,2.1652448
train,9076,CC(=NO)NO,10.75,10.682793
train,9077,CC=NO,11.42,11.283197
train,9078,CC(=O)CC[NH+](C)C,8.37,8.149669
train,9079,CCc1ccc(CC(=O)O)cc1,4.37,4.433187
train,9080,COc1ccccc1[Se]CC(=O)O,3.86,3.8145158
train,9081,CCCCC[C@H](C)[NH3+],10.8,10.658369
train,9082,CC(CC(=O)O)c1ccc(Cl)cc1,4.6,4.7239256
train,9083,CC[NH+](CC)CCBr,7.0,7.208109
train,9084,Cc1oc2ccccc2c1C(=O)c1cccc(O)c1,8.4,8.358202
train,9085,CC(C)(C)C(=O)C(=O)O,1.52,1.6393789
train,9086,COc1ccc(OC(=O)N(C)CC[NH3+])cc1,8.9,8.678791
train,9087,c1ccc(-c2cc[nH+]c3c2ccc2cccnc23)cc1,4.9,4.900565
train,9088,COc1cc(NS(C)(=O)=O)ccc1N=c1c2ccccc2[nH]c2c(OCCO)cccc12,7.36,7.2958965
train,9089,COc1ncc(-c2ccccc2)c[nH+]1,0.79,0.73806846
train,9090,Nc1n[nH+]c(-c2ccccc2)s1,2.9,2.8561227
train,9091,Cn1c[nH+]c(N)cc1=O,0.98,1.1026144
train,9092,O=C1N=c2cc(Br)ccc2=C1c1[nH]c2ccccc2c1NOCC[NH+]1CCCC1,9.18,9.410351
train,9093,COc1cc(C)ccc1O,10.21,9.96569
train,9094,N#Cc1ccc(O)c(O)c1,7.72,7.678322
train,9095,Cc1cccc2[nH+]cccc12,4.62,4.7345314
train,9096,OC[C@H]1O[C@H](Oc2ccc(-c3cc(F)c(O)c(F)c3)cc2)[C@@H](O)[C@@H](O)[C@@H]1O,6.5,6.583873
train,9097,C=C(F)C(=O)O,2.55,2.7490985
train,9098,O=S(=O)(N=c1cccc[nH]1)c1ccccc1,8.2,8.162214
train,9099,COC(=O)c1ccccc1O,9.6825,9.556036
train,9100,[H]/[NH+]=C(/N)[C@@H](O)c1ccccc1,10.82,10.770506
train,9101,O=C(Cc1ccccc1Nc1c(Cl)cccc1Cl)OCCC[NH+]1CCOCC1,7.99,8.177388
train,9102,CCc1oc2ccccc2c(=O)c1C(=O)c1cc(Br)c(O)c(Br)c1,4.72,4.5641356
train,9103,[H]/[NH+]=C(/N)N1CCc2ccccc2C1,11.9,11.642359
train,9104,CC(=O)NCc1cccc[nH+]1,4.23,4.2742596
train,9105,C[NH+](C)c1cccc2ccccc12,4.83,4.5384912
train,9106,CC1=C2CCCCC2=N[NH2+]1,4.65,4.639533
train,9107,COC(=O)C1CCCC1=O,10.52,10.310068
train,9108,N/C(=N\O)c1cccnc1,11.98,11.890141
train,9109,Cc1nc2[nH]c(N)nc(=O)c2n1C,9.9,9.824274
train,9110,Cc1nc(O)nc2nccnc12,8.2,8.145588
train,9111,O=C(Cc1ccc2ccc3ccc[nH+]c3c2n1)c1ccccc1,4.4,4.2650003
train,9112,Oc1cc(-c2ccccc2)ccc1Cl,8.07,7.9541874
train,9113,CO[C@H]1CN(c2nc(-c3cnccn3)c(C(=O)O)s2)CC[C@H]1NC(=O)c1[nH]c(C)c(Cl)c1Cl,5.4,5.2141476
train,9114,O=C(Nc1cccc[nH+]1)c1ccccc1,3.33,3.1599238
train,9115,Cc1cnc2nc(N)[nH+]c(O)c2n1,2.5,2.4593658
train,9116,O=C(O)c1ccoc1C(=O)O,2.45,2.46838
train,9117,Nc1[nH+]cc(Cl)cc1Cl,2.75,2.7791512
train,9118,COC(=O)C(Cc1c[nH]c[nH+]1)NC(C)=O,6.3,6.257901
train,9119,Sc1ncccn1,7.14,7.033332
train,9120,[H]/[NH+]=C(\N)Cc1cccc2ccccc12,11.31,11.183584
train,9121,CCn1c(-c2ccc(OC)cc2)cs/c1=[NH+]/c1ccc2oc(=O)ccc2c1,7.63,7.7885504
train,9122,COc1cc(Br)cc(C(=O)N[C@@H]2C[C@H]3CC[C@@H](C2)[NH+]3Cc2ccccc2)c1OC,8.84,8.906172
train,9123,CC(CC(c1ccccc1)c1ccccc1)[NH+]1CCOCC1,6.9,6.894801
train,9124,C=C(O)c1cccc(Cl)c1,11.2,10.667929
train,9125,Nc1[nH]c2nc(=S)cnc-2c(O)[nH+]1,-0.92,-0.76834226
train,9126,CCC(=O)O[C@@]1(c2ccccc2)CC[NH+](C)C[C@H]1C,8.66,8.610743
train,9127,S=c1cc[nH]nc1,6.65,6.559581
train,9128,O=C(O)C1CCCOC1,4.25,4.3714666
train,9129,NCCc1ccc(O)cc1,10.9,10.829006
train,9130,CCOC(=O)C(CC)C(=O)O,3.43,3.5507681
train,9131,O=[N+]([O-])c1ccc(F)cc1O,6.07,6.0924053
train,9132,CCC/C(=C\c1cccc(Br)c1)C(=O)O,4.92,4.919055
train,9133,O=C(O)CCSCCC(=O)O,3.87,3.9113238
train,9134,O=c1[nH]c[nH+]c2c1CCCC2,2.69,2.518548
train,9135,O=S(=O)(Cc1ccccc1)c1ncc[nH]1,8.67,8.6429
train,9136,Cc1cc(C)c(C)c([NH3+])c1C,4.3,4.094
train,9137,C/N=c1\[nH+]cccn1C,11.69,11.384274
train,9138,c1coc(-c2cc[nH+]cc2)c1,5.6,5.590539
train,9139,CC(C)Oc1cccc(C(=O)O)c1,4.15,4.296955
train,9140,Cc1cc(Cl)ccc1[C@@H]1CCc2c(C(=O)N3CCC3)cc3c([nH+]c(C)n3C)c2O1,5.49,5.453513
train,9141,Cc1c2ccccc2c(C[NH+]2CCOCC2)c2ccccc12,6.6,6.7191668
train,9142,Cc1cc[nH+]c2ccccc12,5.5,5.3363523
train,9143,Cc1c[nH+]c2nc(N)nc(C)c2n1,2.66,2.5138037
train,9144,COC(=O)C1[C@@H](O)C[C@H]2CC[C@@H]1[NH+]2C,8.21,8.298166
train,9145,COc1[nH+]cnc2nccnc12,1.04,0.9144322
train,9146,O=C1C=C[NH2+]c2ccccc21,2.27,2.5353885
train,9147,[NH3+][C@@H]1CCCC[C@H]1O,9.63,9.619466
train,9148,N#Cc1cc2[nH]cc(C(=O)O)c2cc1-c1ccc(C2(O)CCC2)cc1,4.6,4.4539976
train,9149,Cn1c[nH+]c2[nH]c(N)nc(=O)c21,3.5,3.453172
train,9150,Oc1cccc(F)c1F,7.68,7.6860456
train,9151,O=C1NC(=O)C(c2ccccc2)(c2ccccc2)[C@@H]1O,7.65,7.699934
train,9152,O=C1OCC[C@H]2CC[C@@H](C(=O)O)[C@@H]12,4.76,4.7641973
train,9153,S=c1[nH]c2ccccc2o1,6.33,6.2513924
train,9154,S=CNc1cccc(Cl)c1,10.8,10.53015
train,9155,NC(=S)C[NH3+],7.27,7.1227207
train,9156,O/C(=C\Cl)CCl,9.0,8.900164
train,9157,NC(=[NH2+])Oc1ccccc1,8.29,8.297981
train,9158,Nc1ccc[nH+]c1O,2.78,2.7532408
train,9159,CCOP(=O)(O)COc1ccc(Cl)cc1,0.91,0.94160974
train,9160,CCc1cc(Cl)n(C)c2[nH+]c3ccccc3c1-2,7.46,7.649068
train,9161,O=c1cnc2c[nH+]ccc2[nH]1,3.75,3.930145
train,9162,C#CCN[NH3+],5.46,5.3212767
train,9163,[H]/[NH+]=C(\c1ccccc1)c1ccc(O)cc1O,4.0,3.7558243
train,9164,Fc1ccc2[nH]c[nH+]c2c1,5.11,5.0951214
train,9165,C[NH+]1C2CC(OC(=O)c3c[nH]c4ccccc34)CC1C1OC12,6.64,6.6585503
train,9166,O=C(O)COc1cc(Cl)c(Cl)cc1Cl,2.84,2.8281515
train,9167,Cc1nc(C)c(C)n[nH+]1,2.85,2.7798412
train,9168,Oc1ccccc1-c1ccccc1,10.01,9.766974
train,9169,Cc1c[nH+]c2c(cc(C)c3c(C)ccnc32)c1C,6.45,6.277298
train,9170,Cn1c(=O)[nH]c(=O)c2ncc(C(=O)[O-])nc21,8.41,8.285093
train,9171,CN(C)C(=O)Cn1c(-c2ccccc2)c(C2CCCCC2)c2ccc(C(=O)O)cc21,4.8,4.764291
train,9172,C1C[NH+]2CCC1C2,11.5,11.117357
train,9173,Cc1ccn(C)c(=O)[nH+]1,3.21,3.2272575
train,9174,Oc1cc[nH+]c(O)c1,1.37,1.3359475
train,9175,CNc1nc2nc[nH+]cc2[nH]1,4.75,4.7897263
train,9176,CN=c1cccc(COCc2ccc(CC(NC(=O)c3c(Cl)cccc3Cl)C(=O)O)cc2)[nH]1,6.4,6.7174597
train,9177,O=C(O)[C@@H]1C[C@@]1(C(=O)O)c1ccccc1,3.67,3.617872
train,9178,CCCC(O)C(C(=O)O)c1ccc(-c2ccccc2)cc1,4.01,4.13091
train,9179,[OH+]=c1ccocc1,0.1,0.18422514
train,9180,CC(C)Oc1ccc(-c2nc(-c3cccc4c3CC[NH+](C(CO)CO)C4)no2)cc1C#N,7.3,7.1922836
train,9181,O=c1cnc2ccccc2[nH]1,9.08,8.703306
train,9182,CCN(C)[NH+](CC)CC,7.3,7.1784286
train,9183,COc1ccc(OC)c2c1[nH+]c(CO)n2C,5.24,5.2380676
train,9184,COc1ccc(/[NH+]=C/N(C)C)cc1,9.35,9.118115
train,9185,[S-]c1nc2cc(Cl)ncc2[nH]1,13.4,13.209177
train,9186,O=C(O)CS(=O)(=O)c1cccc([N+](=O)[O-])c1,2.362,2.3792136
train,9187,O=C(c1cccs1)N1CCCC1c1ccc(-c2cccc(Cl)c2)[nH+]c1,3.6,3.5438147
train,9188,CSC1=Nc2[nH+]c(SC)nc(C)c2[NH2+]1,-1.36,-1.030935
train,9189,COc1cccc(C[NH3+])c1O,8.7,8.648362
train,9190,O=C1NC(=S)NC12CCCCC2,8.79,8.655114
train,9191,CC(O)C[NH2+]C(C)(C)C,10.0,10.120018
train,9192,CCCCCn1cc[nH+]c1,7.12,7.2841587
train,9193,O=c1[nH]c2[nH]c(=S)[nH]c(=O)c2[nH]c1=O,2.91,2.9005
train,9194,c1ccc2cc3[nH+]cccc3cc2c1,5.05,4.9985905
train,9195,CCC(=O)c1cc(C(=O)C(C)(C)C)[nH]n1,9.7,9.691599
train,9196,CN(C)c1ccc(N=[OH+])cc1,4.54,4.251625
train,9197,Nc1ccc([NH3+])c[nH+]1,2.13,2.1857116
train,9198,O=C1C=C(O)CO1,3.76,3.8353894
train,9199,Sc1cnc2ccccc2c1,6.13,5.9040337
train,9200,CCC[NH+](CC)c1ccccc1,6.39,6.4320583
train,9201,CN([NH3+])c1ccccc1,4.98,4.8372
train,9202,O=Cc1ncccc1O,6.95,6.631673
train,9203,COP(=O)(OC)c1cccc(C(=O)O)c1,3.85,3.7569458
train,9204,O=C1CCCc2cccc(O)c21,11.31,11.229682
train,9205,COc1ccc(-c2c(O)c2=O)cc1,2.33,2.297265
train,9206,Cc1[nH+]c2c3c(c(C(=O)N(C)C)cn2c1C)CCC1(CCc2ccccc21)O3,6.84,7.0018272
train,9207,CC(C(=O)O)C(C(=O)O)c1ccccc1,3.63,3.8319266
train,9208,CC1=NC2=C(C)NC(=O)NC2=NC1,12.5,12.18477
train,9209,Nc1ccc(S(=O)(=O)N=c2cc[nH]c[nH+]2)cc1,6.17,6.2416716
train,9210,N#CC(=NO)C(=O)Nc1cc(F)cc(F)c1,4.81,4.9159365
train,9211,Cc1cc[nH]c(=S)n1,8.1,7.7607813
train,9212,CC[C@]1(O)C[C@H](C)[NH2+][C@@H]2CCCC[C@H]21,10.05,10.190294
train,9213,O=C(O)c1cccc(C(=O)O)n1,2.22,2.1739552
train,9214,O=[N+]([O-])NCCO,5.95,5.9929686
train,9215,C=C(CC(=O)O)C(=O)[O-],5.45,5.5236483
train,9216,O=c1[nH]c(=O)n(-c2ccccc2)c(=O)n1-c1ccccc1,6.51,6.471919
train,9217,C[NH2+]c1ccc(OC)cc1,5.93,6.041545
train,9218,CN(C)C(=S)OCC(=O)O,2.87,2.9747999
train,9219,COc1ccc(/C=C/c2cc[nH+]cc2)cc1,6.03,6.074173
train,9220,NC(=S)Nc1ccc(Cl)cc1,12.3,12.040421
train,9221,c1ccc(-c2cccnc2)[nH+]c1,4.42,4.336915
train,9222,N#Cc1ccc(NC(=N)N[N+](=O)[O-])cc1,8.6,8.661464
train,9223,COC(=O)Cc1ccccc1[NH3+],3.71,3.5540895
train,9224,Nc1[nH]c(O)c(N)c(=O)[nH+]1,3.6,3.4621854
train,9225,O=C(O)c1cscc1C(=O)O,2.81,2.744293
train,9226,C=C(O)c1ccccc1C,9.6,9.205134
train,9227,CC=CC=CC(=O)O,4.52,4.7097664
train,9228,CCCC[NH+]1CCCC1,10.36,10.355622
train,9229,c1ccc(C2=[NH+]CCCN2)cc1,12.8,12.567045
train,9230,[NH3+]c1cccc2c1CCCC2,4.47,4.4858046
train,9231,O=C(O)Cc1cccs1,3.82,3.8721204
train,9232,CC(C)CC([NH3+])C(=O)NCCCS(=O)(=O)Oc1ccc(Cl)cc1,9.6,9.780104
train,9233,Cc1nc2ccccc2c[nH+]1,3.0,2.9795415
train,9234,O=C(O)c1cc(Cl)c(Cl)c(Cl)c1,3.4,3.4669456
train,9235,CCCCNc1c(N(C)CCC[NH+](C)C)c(=O)c1=O,8.8,8.712809
train,9236,O=C(O)COc1ccccc1,3.71,3.1850674
train,9237,COc1ccc(C(O)C(=O)O)cc1O,3.1,3.3631432
train,9238,COc1cccc(N2CC[NH+](CCCCNC(=O)c3ccc4nonc4c3)CC2)c1,7.44,7.564869
train,9239,Cc1cccc(C(=O)NCO)c1,13.05,12.955406
train,9240,CCO[C@@H]([C@H]1C[C@@H](C)[C@H]2[C@H](O1)[C@H](O)[C@@]1(C)[C@@H]3CC[C@H]4C(C)(C)[C@@H](O[C@H]5CN(C6C[NH+](CCO)C6)CCO5)CC[C@@]45C[C@@]35CC[C@]21C)C(C)(C)O,8.4,8.406564
train,9241,CCC[NH+]1CCN(c2cccc(C)c2)CC1,7.83,7.8151073
train,9242,C[C@H]([NH3+])CO,9.47,9.38582
train,9243,CC(=O)/N=c1/sc(S(N)(=O)=O)nn1C,7.2,7.2056484
train,9244,C[NH+]=C1C(C)(C)c2ccccc2C1(C)C,7.0,7.001587
train,9245,Cc1cccc2[nH]c[nH+]c12,5.67,5.663663
train,9246,NS(=O)(=O)c1ccccc1[N+](=O)[O-],8.67,8.583159
train,9247,Cc1cccc(C)c1Nc1ccccc1CC(=O)O,4.07,4.1813087
train,9248,Cc1c(Cc2ccccc2C(O)c2ccccc2)c2c(n1CC(=O)O)CCNC2=O,3.1,2.9466827
train,9249,O=C1CC(=O)c2ccccc2C1=O,3.19,3.2479649
train,9250,CNc1cc[nH+]cc1,9.52,9.658765
train,9251,CCc1ccc2c(c1)[C@@H]([NH2+]C[C@@H](O)[C@H](Cc1cc(F)cc(F)c1)NC(C)=O)CS(=O)(=O)C2,5.8,5.653269
train,9252,C[NH2+]CCN(C)C(=O)Oc1ccc(OC)cc1,8.88,8.897547
train,9253,CC[NH+](CC)c1ccc(C)c2nc(-c3c(OC)cc(COC)cc3OC)c(C)cc12,5.86,5.773965
train,9254,c1ccc2[nH]c(-c3csc[nH+]3)nc2c1,4.64,4.860076
train,9255,CC[C@]1(O)C[C@@H](C)[NH2+][C@H]2CCCC[C@@H]21,9.71,9.870787
train,9256,[NH3+]CCC1=C(I)N=C[NH2+]1,4.11,4.0962353
train,9257,O=C(O)CC(CC(=O)O)c1ccccc1,4.28,4.288478
train,9258,O=C1CCNC(=O)N1,11.66,11.387607
train,9259,O=C1CCc2cccc(O)c21,8.43,8.1597805
train,9260,CCCN([NH3+])CCC,7.0,6.988842
train,9261,Cc1ccc(C(=O)O)s1,3.72,3.662818
train,9262,Cc1cc(C)s[nH+]1,1.52,1.450314
train,9263,CC(C)(C(=O)[O-])C(=O)O,5.68,5.66887
train,9264,Nc1cccc2cccc([NH3+])c12,4.61,4.399175
train,9265,NC(N)=[NH+][c-]1nnn[nH+]1,3.26,3.3297603
train,9266,COc1ccc(CC[NH2+]CC(O)COc2cccc(C)c2)cc1OC,8.4,8.398937
train,9267,C[NH2+]N(C)C,6.58,6.5107946
train,9268,Cn1cnc2c(=O)[nH]c(=O)[nH]c21,8.325,8.49997
train,9269,Cc1cc(N)[nH+]cn1,6.16,6.224554
train,9270,Nc1ccc2c[nH+]c3ccccc3c2c1,6.84,6.8393927
train,9271,CCc1ccnc2c1ccc1c(CC)cc[nH+]c12,5.6,5.6701355
train,9272,Cc1ccc(O)c(O)c1,9.5925,9.532133
train,9273,C=CCCC(=O)O,4.68,4.6976194
train,9274,Oc1ccc(/N=N/c2ccccn2)c(O)c1,5.5,5.533924
train,9275,O=C(c1ccccc1)c1cc[nH+]cc1,3.35,3.230457
train,9276,[H]/[NH+]=C(\N)OC1CCCCC1,10.19,10.27988
train,9277,CCC(=O)N(c1ccccc1)C1CC[NH+](CCc2ccccc2)CC1,8.43,8.332519
train,9278,COc1ccccc1N1CC[NH+](CCCNc2cc(=O)n(C)c(=O)n2C)CC1,7.1,6.938758
train,9279,CCc1ccccc1O,10.2,10.134909
train,9280,O=[N+]([O-])c1ccc(O)c(O)c1[N+](=O)[O-],5.39,5.3737993
train,9281,NCc1cnc[nH]1,11.31,11.2171545
train,9282,COC(=O)CC[NH3+],9.17,8.988678
train,9283,NC(=O)C(CC(=O)O)c1ccccc1,4.42,4.471651
train,9284,O=C(O)/C=C\c1ccc([N+](=O)[O-])cc1,3.53,3.5224082
train,9285,c1ccc(C2C[NH2+]2)cc1,6.47,6.2737846
train,9286,NC([NH3+])=N/C(N)=[NH+]/c1ccc(Cl)cc1,2.2,2.191124
train,9287,Cc1n[nH]c(=S)s1,4.9,4.767976
train,9288,CC(C)[NH+]1CCC(Oc2ccc3c(c2)cc(C(=O)N2CCOCC2)n3CC(F)(F)F)CC1,9.7,9.648577
train,9289,Cc1nc2nc(N)[nH]c(=O)c2[n-]1,13.0,12.831484
train,9290,CC1C2c3ccccc3C(c3ccccc32)C1C(=O)Nc1ccc[nH+]c1,4.14,4.0209217
train,9291,O=P(O)(O)F,0.55,0.61457616
train,9292,Nc1ccnc2ccc3[nH+]cccc3c12,7.3,7.3955097
train,9293,O=C1C=CC(=O)c2c(O)cccc21,8.7,8.809014
train,9294,O=C(O)C1(O)CCC1,3.89,3.9159896
train,9295,O=Cc1cccnc1C(=O)O,3.7,3.4394877
train,9296,O=c1cnc2[nH]c(=S)[nH]c(=O)c2[nH]1,4.93,5.0477304
train,9297,N#CCN[N+](=O)[O-],3.83,3.810749
train,9298,COc1ccc(C(=O)O)c([NH3+])c1,2.06,2.0458755
train,9299,CNc1ccc(C(=O)O)cc1,5.04,5.1098166
train,9300,C1C[NH+]2CCC1CC2,11.1,11.102611
train,9301,C/[NH+]=c1/scc(C)n1C,9.97,9.798126
train,9302,NC(=O)[C@H]1C[NH+]2CCC1CC2,9.67,9.530466
train,9303,COc1ccc(CC2=NC(=O)NC2=O)cc1,8.9,8.677624
train,9304,O=C(O)c1ccc(Br)[nH]1,4.17,4.175357
train,9305,Cn1nnc2c(N)[nH+]cnc21,2.75,2.8025434
train,9306,COc1ccc(C[NH+](C)C)cc1,9.32,9.293121
train,9307,O=[N+]([O-])c1ccc(S(=O)(=O)O)cc1,-3.8,-3.8179805
train,9308,[NH3+]Cc1ccccn1,8.64,8.403917
train,9309,O=C(O)CC(C(=O)O)C(CC(=O)O)C(=O)O,3.43,3.5370204
train,9310,C[NH+]1CCN(Cc2ccc(OC3CN(C(=O)c4nnc(-c5ccccc5)o4)C3)cc2F)CC1,8.4,8.435658
train,9311,NS(=O)(=O)c1ccccc1,9.95,9.860572
train,9312,CN(C)c1cnc2nc[nH+]cc2n1,4.31,4.5220213
train,9313,O=C(O)C(O)c1ccccc1,4.38,3.8299348
train,9314,CCC[NH+]1CCN(c2ccc(Cl)cc2)CC1,7.83,7.9023066
train,9315,Cc1onc(O)c1C,6.1,5.9673367
train,9316,Nc1cc(N)c(O)c(N)c1[O-],11.9,11.716049
train,9317,c1cn2ccc3cc4c(nc3c2[nH+]1)CCCC4,4.59,4.6815634
train,9318,CN(C)C(=[NH+]c1ccccc1)N(C)C,11.77,11.826081
train,9319,CC#C[C@H](C)Oc1cc(N)c(Cl)cc1C(=O)N[C@@H]1C[C@H]2CC[C@@H](C1)[NH+]2C,9.95,10.017456
train,9320,N#CC(c1c(F)c(F)c(F)c(F)c1F)c1c(F)c(F)c(F)c(F)c1F,9.5,9.528759
train,9321,CC(=[NH2+])N1C2CC(OC(=O)C(CO)c3ccccc3)CC1C1OC12,10.74,10.672672
train,9322,[NH3+]CCCCCCO,10.62,10.537626
train,9323,N#Cc1c(-c2nc3cc(Cl)ccc3o2)c(=O)oc2cc(O)ccc12,6.0,5.9018707
train,9324,Nc1nccc(O)[nH+]1,4.07,4.2827063
train,9325,CC([NH3+])c1ccccc1,9.36,9.152744
train,9326,O=C1C=C(O)C(Cc2ccc(Br)cc2)C1,3.96,4.0129814
train,9327,[NH3+]c1cc([NH3+])c(O)cc1O,3.8,3.9271472
train,9328,C=CCN(C1=[NH+]CCN1)c1c(Cl)cccc1Cl,10.42,10.437204
train,9329,CCCCOCC(=O)O,3.66,3.684334
train,9330,Oc1ccc(Br)c2nc3cc(Cl)c(Cl)cc3nc12,8.42,8.176946
train,9331,Cc1ccc([C@@]2(F)C[C@H]2[NH3+])cc1,7.04,6.9364834
train,9332,O=P(O)(O)c1cnc([O-])nc1,5.6,5.8445225
train,9333,CC(C)c1ccccc(=O)c1O,8.16,7.918454
train,9334,CSc1c[nH+]ccn1,0.51,0.609848
train,9335,C=C(C)C(=O)OCC[NH2+]C,8.96,8.715615
train,9336,O=c1ccn([C@@H]2C[C@@H](O)[C@H](CO)O2)c(=O)[nH]1,9.3,9.36636
train,9337,[NH3+]Nc1cccc2ccc[nH+]c12,1.3,1.2238727
train,9338,O=C(O)Cc1ccccc1,4.31,4.3005075
train,9339,C/C=C/CCC(=O)O,4.72,4.8077297
train,9340,CC1=N[NH2+]C2(CCCC2)C1,5.17,4.957574
train,9341,CC(C=C(c1cccs1)c1cccs1)[NH+]1CCCCC1,8.46,8.150594
train,9342,OCc1cccc[nH+]1,4.66,4.5769405
train,9343,C1CCc2n[nH+]c3c(c2CC1)CCCC3,6.03,6.239316
train,9344,Cc1ccc2c(c1)N1CC[NH+]2CC1,5.83,5.9059353
train,9345,O=C(CC(=O)C(F)(F)F)c1ccccc1,6.5533333,6.5546837
train,9346,CC1=N[C@@](O)(C([NH3+])=O)c2cc(F)ccc2N1,7.13,7.2424545
train,9347,c1ccc(-c2ccoc2)[nH+]c1,4.65,4.6331596
train,9348,CN(C)C(=O)/C=C(\O)c1ccncc1,7.32,7.2661505
train,9349,COc1ccc(C[C@H](C)[NH3+])cc1OC,9.6,9.628655
train,9350,Cc1cnc(-c2ccccc2)c(O)n1,9.3,9.226044
train,9351,Clc1ccc(-c2c[nH]nn2)cc1,8.46,8.398
train,9352,CC1(C)S[C@@H]2[C@H](NC(=O)Cc3ccccc3)C(=O)N2[C@H]1C(=O)O,2.73,2.6734502
train,9353,Cc1c[nH+]c2ccncc2n1,2.82,2.9484913
train,9354,O=C(NO)C1CCCCC1,9.75,9.680449
train,9355,CCCc1oc2ccccc2c(=O)c1C(=O)c1ccc(O)cc1,7.74,7.786949
train,9356,C=C(C)CCN(C1=[NH+]CCN1)c1c(Br)cccc1Br,10.9,10.859553
train,9357,CC(=O)CS(C)(=O)=O,10.03,9.568517
train,9358,COc1cccc(-c2cccc(C3(C)CSCC(=[NH2+])N3)c2)c1,10.5,10.38401
train,9359,Cc1[nH+]coc1-c1ccccc1,1.09,1.0915922
train,9360,Nc1c([O-])cccc1O,11.6,11.249671
train,9361,c1nc2cnc(N3CCCCC3)nc2[nH]1,10.24,10.054427
train,9362,O=C(O)C12CC([N+](=O)[O-])(C1)C2,3.08,3.1497788
train,9363,S=c1[n-]c2ncncc2[nH]1,11.16,10.849269
train,9364,O=c1[nH]c(=O)n([C@@H]2O[C@H](CO)[C@@H](O)[C@@H]2O)cc1I,8.0,7.950182
train,9365,CC(O)C(=O)O,3.86,3.9379694
train,9366,Nc1nc(N)c(Br)c[nH+]1,5.6,5.750346
train,9367,Cn1c[nH+]c(-c2ccccc2)c1,5.78,5.965522
train,9368,CCOC(=O)CC(O)(O)C(=O)O,2.5,2.5423493
train,9369,CCc1cc[nH+]cc1,6.02,6.018297
train,9370,CNC(=O)Oc1ccc2c(c1)[C@]1(C)CC[NH+](C)[C@@H]1N2C,7.88,7.905698
train,9371,FC(F)(F)c1ccc2nc[nH]c2c1,11.72,11.646371
train,9372,c1c[nH+]c2cc[nH]c2c1,6.9,7.014139
train,9373,Nc1nc[nH+]cc1Br,3.97,3.9936533
train,9374,F[C@H]1C[NH2+]CC[C@H]1Cc1ccccc1,9.3,9.186832
train,9375,NC(=O)C1CC2CC[NH+]1CC2,9.04,8.917411
train,9376,OC=C(c1ccccc1)c1ccccc1,9.4,9.197662
train,9377,Cn1c(=O)[nH]c(=O)n1-c1ccccc1,6.97,6.859535
train,9378,Cc1cc(=O)oc2cccc(O)c12,8.26,8.161005
train,9379,O=C(O)C1CCCc2ccccc21,4.35,4.4190397
train,9380,ClCC12CC[NH+](CC1)CC2,10.27,10.110898
train,9381,Nc1cc([O-])c2ccccc2c1O,11.27,10.979952
train,9382,Cc1ccc2c(c1)c1c3n2CC[NH+]=C3CCC1,8.57,8.527172
train,9383,CCCCCCCCCCCCCCCCCc1c2ccccc2[nH+]c2ccccc12,5.5,5.46272
train,9384,O=C(O)COc1cccc(Cl)c1,3.04,2.985131
train,9385,Nc1nc[nH+]c(C(=O)O)c1N,1.35,1.3692229
train,9386,CN1c2cncnc2N=C(O)C1O,9.33,9.276305
train,9387,COc1c[nH+]cc(Br)c1,2.6,2.5992482
train,9388,Nc1ccc(O)cc1,10.3,10.070705
train,9389,Oc1ccc2c[nH]nc2c1,9.35,9.316049
train,9390,COc1ccc(-c2c[nH]c(-c3ccccc3)[nH+]2)cc1,5.83,5.9594984
train,9391,O=C(O)c1cc(Cl)ccc1[N+](=O)[O-],1.82,1.8996272
train,9392,COc1ccc(C(=O)O)c(C(=O)O)c1,2.67,2.749331
train,9393,S=C1N=CC=C[NH2+]1,1.35,1.3912245
train,9394,C1=[NH+]Cc2ccccc2N1,9.17,8.933241
train,9395,N#CS,0.805,0.819555
train,9396,COS(=O)(=O)O,-3.4,-3.3906097
train,9397,Cc1ccc(N)cc1C(=O)O,4.16,4.3827934
train,9398,Cn1c(=O)[nH]c2c[nH]c(=O)nc21,8.5,8.2885
train,9399,Cc1cc[nH]c1C(=O)O,5.1,5.0009537
train,9400,CC1(C(F)(F)F)[NH2+]CCc2c1oc1cc(S(=O)(=O)c3cccc(F)c3)ccc21,5.7,5.7987328
train,9401,CC(C)(CN)C[NH3+],10.22,10.068702
train,9402,[H]/N=c1\c2[nH]cnc2ncn1C,11.0,10.705303
train,9403,Cc1cccc(C)c1C[NH+]=c1[nH]ccc2c1cc(C)n2C,9.14,9.136004
train,9404,Cc1csc2[nH+]ccn12,5.36,5.3906307
train,9405,Cc1ccc(OS(N)(=O)=O)cc1,8.34,8.365961
train,9406,C[Si](C)(C)C#CC(=O)O,2.205,2.2020805
train,9407,CCN(Cc1cc(C(F)(F)F)ccc1-c1nn(CC(=O)O)c2ccccc12)C(=O)C1CC1,2.8,2.6822805
train,9408,CCc1ccc(C(=O)O)nc1,5.86,5.866514
train,9409,Cc1cc(C)c2ccc3ccc[nH+]c3c2n1,5.94,5.823036
train,9410,COc1ccc(C=O)c(C(=O)O)c1OC,3.05,2.905495
train,9411,CCCCCCCCCCCCCC[NH3+],10.62,10.457603
train,9412,Nc1cc(F)nc(O)n1,9.05,8.556211
train,9413,Cc1c(O)c(=S)ccn1C,9.44,9.355291
train,9414,CC[NH+]1CCC=C1C,11.88,11.853695
train,9415,Cc1nc(N)[nH+]c(N)c1Cc1ccccc1,7.62,7.738473
train,9416,CC1O[NH2+]Cc2ccccc21,3.6,3.5608017
train,9417,COc1cnc(C(=O)Nc2ccc(F)c([C@@]3(C4CC4)[NH+]=C(N)CO[C@@H]3F)c2)cn1,7.8,7.864958
train,9418,CC(C)c1ccccc1O,10.443334,10.303688
train,9419,C[NH+](C)c1cc[n+](O)cc1,3.9,3.9816866
train,9420,CS,10.33,10.075452
train,9421,O=C(CNC(=O)c1ccccc1)NO,8.8,8.83543
train,9422,Cn1c(=O)[nH]c2nc(C(=O)[O-])cnc2c1=O,8.4,8.180728
train,9423,CC1CCC(=NO)C(=NO)C1,10.54,10.622076
train,9424,O=P([O-])(O)C1CCCCC1,8.3,8.221973
train,9425,O=C(Nc1ccccc1)c1c[nH]c[nH+]1,3.75,3.6726491
train,9426,CC(CCC(=O)O)C(=O)O,4.6,4.426409
train,9427,CCCSC(=S)NCc1ccccc1,11.88,11.715852
train,9428,CC1CCCCC1=[NH2+],9.38,9.200544
train,9429,Cc1ccc(S(=O)(=O)NCC(=O)O)cc1,3.52,3.4599884
train,9430,Cc1cn([C@@H]2C[C@@H](O)[C@H](CO)O2)c(=O)[nH]c1=S,8.8,8.805726
train,9431,Cc1cc(C)cc(O)c1,10.15,10.073736
train,9432,CNc1c[nH+]ccn1,3.39,3.482238
train,9433,CCC1C2CC3C4N(C)c5ccccc5C45CC(C2[C@H]5O)[NH+]3C1O,6.5,6.6587734
train,9434,O=C(CC[NH+]1CCOCC1)c1ccccc1,6.5,6.8271837
train,9435,Oc1cccc(Br)c1,9.045,8.726292
train,9436,COc1ccc(-c2nnc(C(=O)N3CC(Oc4ccc(C[NH+]5CC(OC)C5)cc4)C3)o2)cc1,8.5,8.5250435
train,9437,Nc1nc2[nH+]c(-c3ccccc3)c(-c3ccccc3)nc2c(=O)[nH]1,1.82,1.9234574
train,9438,Fc1cccc(NC(=S)c2cccc(Br)c2)c1,10.01,9.884152
train,9439,C[NH+](C)CCCc1ccc(Br)cc1,10.62,10.554373
train,9440,c1ccc(Oc2ccnc3c2ccc2c(Oc4ccccc4)cc[nH+]c23)cc1,5.34,5.4863586
train,9441,O=c1cncc[nH]1,8.23,7.9130907
train,9442,Nc1ccc(=S)[nH]n1,9.05,8.78102
train,9443,[O-]c1cc(Cl)c(O)c(Cl)c1,9.99,9.739487
train,9444,[H]/[NH+]=C(N)\N=C(\C)O,8.23,8.196798
train,9445,C/C(=C\c1ccc(C)cc1)C(=O)O,5.04,5.078185
train,9446,CS(=O)(=O)NC(N)=O,5.1,5.153185
train,9447,COc1cc(=S)[nH]cn1,7.51,7.3630295
train,9448,CCC(O)C[NH+](C)CC(C)O,8.9,8.848379
train,9449,C=CC[NH+](CC=C)CC=C,8.31,8.259314
train,9450,CONC(=O)Oc1ccc(Cl)cc1,8.95,8.936193
train,9451,C=Cc1cccc(C(=O)O)c1,4.32,4.3383436
train,9452,Clc1ccc(NC2=[NH+]CCN2)c(Cl)c1,8.703333,8.402539
train,9453,Oc1ccc2cc(Br)ccc2c1,9.2,9.044771
train,9454,Oc1nnc(O)n1-c1ccccc1,5.2,5.260909
train,9455,O=C(O)c1cc(=O)cc(C(=O)O)o1,1.88,1.9542091
train,9456,Fc1cccc(Cl)c1N(CC1CC1)C1=[NH+]CCN1,10.8,10.885514
train,9457,O=C(C=NO)C=NO,7.65,7.5429163
train,9458,Cc1cc2c(n[nH+]1)CCCC2,4.96,5.0373697
train,9459,Cc1coc(C)[nH+]1,2.86,2.735192
train,9460,[NH2+]=c1cc(CO)[nH]c(N2CCc3ccccc3C2)c1,8.1,8.002795
train,9461,O=[N+]([O-])c1ccccc1P(=O)(O)O,1.365,1.5869789
train,9462,COc1ccc2c(c1)[NH2+]CC[NH2+]2,1.93,2.2492876
train,9463,Cc1cc([N+](=O)[O-])cc([N+](=O)[O-])c1O,4.4533334,4.306077
train,9464,CCC(C(=O)O)[C@@]1(O)C[C@H]2CC[C@@H]1C2,4.165,4.234168
train,9465,Nc1ccc2[nH+]ccnc2c1,2.95,2.9257963
train,9466,CCOC(=O)N1CC[NH+](Cc2nnc(-c3cc(Cl)ccc3F)o2)CC1,3.5,3.4520316
train,9467,CCCCCCCCCCCCCC(=O)NCCCCC([NH3+])C(=O)OC,7.8,8.153906
train,9468,C1CC[NH+]2CCCCN2C1,6.79,6.9195776
train,9469,CN(C)c1cccc(C(=O)O)c1,5.065,4.867202
train,9470,C/C(=N\O)c1cccnc1,11.13,11.08705
train,9471,CS(=O)(=O)Nc1ccc[nH+]c1,3.43,3.3900254
train,9472,O=C(N[C@@H]1C[C@H]2CC[C@@H](C1)[NH+]2Cc1ccccc1)c1cccc2c1OCCO2,8.68,8.742336
train,9473,O=CNO,8.65,8.534684
train,9474,OCC(F)(F)C(F)(F)C(F)(F)C(F)(F)CO,12.1,12.255279
train,9475,COc1ccc(Cn2cc(C(=O)NS(C)(=O)=O)c(=O)c3c(F)ccc(F)c32)cc1,4.5,4.475423
train,9476,COC(=O)CC1c2ccc(Cl)cc2NC(=O)C1C#N,10.2,10.250217
train,9477,NCCS,10.53,10.372489
train,9478,[NH3+]N1CCCCCC1,7.92,7.727893
train,9479,Nc1cccc(O)[nH+]1,2.32,2.3184838
train,9480,Oc1ccc2c(n1)CSC2,10.68,10.617621
train,9481,CSc1ccc[nH+]n1,2.26,2.3781652
train,9482,Nc1nc(N)c(Cc2ccc(Cl)cc2)c[nH+]1,7.17,7.3284044
train,9483,c1ccc2c(c1)C[NH+]1CCCN2C1,7.3,7.169362
train,9484,O=C(CC(=O)C(F)(F)F)c1ccc([N+](=O)[O-])cc1,5.38,5.5038633
train,9485,NS(=O)(=O)Oc1ccc(C(=O)OC2CCCC2)cc1,8.73,8.85127
train,9486,c1ccc(Nc2n[nH+]c(-c3ccccc3)o2)cc1,1.0,0.93159974
train,9487,[NH3+]c1cccc(Cl)c1Cl,1.71,1.7017603
train,9488,O=[N+]([O-])c1cc([N+](=O)[O-])c(O)c([N+](=O)[O-])c1O,0.06,-0.041131377
train,9489,CS(=O)(=O)Nc1ccccn1,8.02,7.8893833
train,9490,c1c[nH+]c[nH]1,6.95,7.082923
train,9491,C1NC[C@H]2C[NH2+]C[C@@H]1C2,11.29,11.089298
train,9492,O=C(O)[C@H]1CCCc2ccccc2O1,3.63,3.614079
train,9493,CC(=O)C(C[NH+]1CCOCC1)c1ccccc1,6.23,6.423094
train,9494,CS(=O)(=O)OCCC[NH2+]CCCOS(C)(=O)=O,8.77,8.779516
train,9495,CNc1c[nH+]ccc1N,9.37,9.614903
train,9496,c1ccc(-c2cccc[nH+]2)nc1,4.4,4.4013453
train,9497,O[C@H](CS)[C@H](O)CS,9.2,9.339301
train,9498,Oc1cccc2ncccc12,8.54,8.258014
train,9499,Cc1nc(N(C)C)cc[nH+]1,7.59,7.6466103
train,9500,CC(CC(=O)O)c1cccc(C(F)(F)F)c1,4.54,4.7603283
train,9501,CN(C)c1nc(O)cc(O)[nH+]1,1.45,1.7259679
train,9502,COc1ccc(N(Cc2nn[nH]n2)Cc2ccc(F)cc2F)cc1,4.31,4.1891136
train,9503,ONC(C(F)(F)F)C(F)(F)F,8.5,8.59268
train,9504,O=c1[nH]c(=O)c2nccnc2[nH]1,7.92,7.882286
train,9505,C[NH2+]c1cccc2cccc(N(C)C)c12,6.43,6.3122587
train,9506,O=C(O)c1c(O)cc(O)cc1O,1.68,1.4079018
train,9507,COc1cc(C(F)(F)F)ccc1-c1ncnc2cc(S(=O)(=O)N=c3[nH]ccs3)ccc12,6.5,6.5597553
train,9508,CSc1nc2n[nH]nc2c[nH+]1,-0.19,0.03523186
train,9509,Cc1occc(=O)c1O,8.67,8.652473
train,9510,[O-]c1cccc(O)c1,10.9,10.746804
train,9511,COCC(=O)NN,12.14,12.017097
train,9512,[NH3+]c1ccc(Br)cc1Br,1.83,1.7530228
train,9513,Cn1c(C(=O)O)cc(=O)n(C)c1=O,0.8,0.9226816
train,9514,ClCC1CC2CC[NH+]1CC2,9.68,9.548523
train,9515,O=C(O)C1CCC[C@H](O)C1,4.71,4.838643
train,9516,COc1c(C)c(O)c(C)c(C)c1O,11.2,11.247351
train,9517,C[Si](C)(C)c1ccc([NH3+])cc1,4.36,4.2702417
train,9518,Cc1c(Br)cccc1C(=O)O,3.36,3.2715719
train,9519,COC(=O)c1cccc([NH+](C)C)c1,3.86,3.7420957
train,9520,c1c[nH+]c2c(c1)CCCC2,6.6,6.5719624
train,9521,Cc1[nH]c2ccccc2c1C(=O)O,5.89,5.861822
train,9522,O=C([O-])/C(O)=C(\O)C(=O)O,3.36,3.4482973
train,9523,NS(=O)(=O)c1ccc(C(=O)O)cc1,3.47,3.5514028
train,9524,O=C(C(=NO)c1ccccc1)c1ccccc1,9.4,9.186793
train,9525,c1nc2[nH]c[nH+]c(=NC3CCCCC3)c2[nH]1,4.2,3.985927
train,9526,CC(=O)C=NO,8.338333,8.146127
train,9527,O=C1NC(=O)c2cc(Cl)ccc21,9.455,9.253783
train,9528,C[NH+](C)[C@H]1CCC[C@@H]1C#N,7.02,6.8326416
train,9529,CCCCCCCc1c(-c2ccccc2)[nH]n(-c2ccccc2)c1=O,8.0,7.515094
train,9530,CCNC(=O)C1CC(F)(c2ccc(C[NH+]3CCCC3)c(F)c2)C1,9.2,9.12411
train,9531,Cc1cc2cccc(C)c2[nH+]c1C,4.42,4.1101246
train,9532,CC1=CC(=O)C(O)=CC1=O,4.81,4.9409122
train,9533,Brc1ccc(Cc2c3ccccc3[nH+]c3ccccc23)cc1,7.0,7.2994013
train,9534,O=C(O)/C=C/C=C/C=C/C=C/C(=O)O,5.11,5.6272345
train,9535,O=C(Nc1cccc(OCc2ccc(F)cc2)c1)C1CCN(c2nccc[nH+]2)CC1,6.0,5.98254
train,9536,NC(=S)S,2.95,3.0012891
train,9537,O=C(c1ccc2c(c1)cc(C(=O)N1CCOCC1)n2CC(F)(F)F)N1CC[NH+](C2CCC2)CC1,6.8,6.7489614
train,9538,O=C(O)[C@H]1CC[C@H]1C(=O)O,3.9,4.016678
train,9539,CC(C)C1=CC2=CC[C@@H]3[C@](C)(CCC[C@@]3(C)C(=O)O)[C@H]2CC1,4.94,4.8591537
train,9540,Fc1ccccc1CN(Cc1nn[nH]n1)c1ccccc1,4.22,4.2249656
train,9541,Oc1cccc2c[nH+]ccc12,5.39,5.425376
train,9542,COc1cc(C(=O)O)cc(OC)c1OC,4.23,4.3236637
train,9543,Cn1c(=O)[nH]c(=S)c2nc[nH]c21,7.9,8.029754
train,9544,CC1=N[NH2+]C(C)=N1,3.79,3.7482016
train,9545,c1cc2c(c[nH+]1)CCCC2,6.65,6.6629677
train,9546,CCCc1[nH]c2ccc(OCC)cc2[nH+]1,6.12,6.165601
train,9547,CC(C)(C)[C@]1(O)CC[NH+]2C[C@@H](c3ccccc3)c3ccccc3[C@@H]2C1,7.03,7.072136
train,9548,CCCCCC[NH+](CC(O)CC)CC(O)CC,8.6,8.759203
train,9549,COc1ccc(C)cc1C(=O)C(=O)O,1.62,1.6585412
train,9550,C#CC(C)(C)[NH2+]C(C)(C)C=C,8.2,8.16147
train,9551,CC[NH+](CC)CCC(C)=O,9.25,9.218892
train,9552,Cc1ccc(C(=O)/C=C/C(=O)O)cc1,3.44,3.3335502
train,9553,O=C(O)c1cc(Cl)cc([N+](=O)[O-])c1,3.13,3.0353427
train,9554,Nc1ccc(F)cc1C(=O)O,4.82,4.768075
train,9555,COC(=O)NS(=O)(=O)c1ccc(N)cc1,4.8,4.7560186
train,9556,COC(=O)Nc1ccc(Cc2c3ccccc3[nH+]c3ccccc23)cc1,7.64,7.835021
train,9557,Cc1cnc(C[NH2+]CC2(F)CCN(C(=O)c3ccc(F)c(Cl)c3)CC2)nc1,6.7,6.609911
train,9558,CC(C)(C)S,11.136666,10.653884
train,9559,Cn1c([O-])nc2[nH]c(=O)n(C)c2c1=O,10.6,10.354683
train,9560,Oc1ccc(-c2ccccc2)cc1,9.55,9.515549
train,9561,O=C(O)/C=C/c1cccc(Cl)c1,4.29,4.293046
train,9562,O=C1CNC(=O)C(CS)N1,8.75,8.605896
train,9563,Nc1cc(N)[nH]c(=O)n1,11.98,11.778095
train,9564,Oc1[nH]c2cnccc2[nH+]1,6.12,6.2577124
train,9565,O=C(O)COc1ccc(Cl)cc1Cl,2.86,2.9406636
train,9566,O=C([O-])[C@@H]1CCCC[C@H]1C(=O)O,5.93,6.0791626
train,9567,O=c1oc2cc(O)ccc2cc1-c1nc2cc(Cl)ccc2o1,6.8,6.697666
train,9568,CN1C(C(=O)[NH+]=c2cccc[nH]2)C(=O)c2ccccc2S1(=O)=O,5.376667,5.525051
train,9569,NNC(=O)Cc1ccccc1,13.17,12.897453
train,9570,CO[NH3+],4.6,4.5286865
train,9571,CSc1nc2nn(C)nc2c(=O)[nH]1,7.28,7.295271
train,9572,[H]/N=c1/[nH+]cn(C)c2nc(C)c(C)nc12,10.44,10.457153
train,9573,CSc1nc(C)c2[nH]c(=O)n(C)c2n1,9.41,9.398163
train,9574,COc1cc(NS(C)(=O)=O)ccc1N=c1c2ccccc2[nH]c2ccccc12,7.43,7.48991
train,9575,O=C(O)C1=C/C=C\C=C/C=C\1,4.4,4.4734707
train,9576,CC1CCN(C(=O)c2ccc3cc(OC4CC[NH+](C(C)C)CC4)ccc3c2)CC1,9.6,9.825587
train,9577,Cc1ccc(C[N+](=O)[O-])cc1,7.11,6.9794197
train,9578,CCCCCCC[NH+]=c1c2ccc(Cl)cc2[nH]c2ccc(OC)cc12,7.5,7.3950224
train,9579,OC12CC[NH+](CC1)CC2,9.53,9.42
train,9580,C1C[NH2+]1,8.04,7.6895695
train,9581,O=P(O)(O)C[O-],7.15,7.3287945
train,9582,COc1cc(N)c(Cl)cc1C(=O)NC1CC[NH+]2CCOCC2C1,6.3,6.2241526
train,9583,N#CC(C#N)=NNc1cccc(Cl)c1Cl,5.15,5.2428637
train,9584,c1ccc(C[NH+](CC2CO2)CC2CO2)cc1,5.75,5.907754
train,9585,Cc1cccc(Cl)c1N(CC1CC1)C1=[NH+]CCN1,11.3,11.155126
train,9586,Cc1cccc(CO)[nH+]1,5.2,5.200509
train,9587,CC(=O)[C@H]1C[C@H]1C(=O)O,4.19,4.2348795
train,9588,C[C@H]1CC(=O)N(O)C1(C)C,8.85,8.862467
train,9589,O=C([O-])c1cccc(P(=O)(O)O)c1,4.37,4.604307
train,9590,C/C=C/COc1noc2c1C[NH2+]CC2,7.7,7.508027
train,9591,Cc1cc(C)c(O)c(C(C)(C)C)c1,12.04,11.625507
train,9592,Cc1ccc(NC(=O)C(=O)O)cc1,2.45,2.4482613
train,9593,CCCCCC[NH+](CCCCCC)c1ccccc1,4.89,4.1645756
train,9594,NC(=[NH2+])N/N=C/c1ccc(Cl)c(Cl)c1,8.4,8.317372
train,9595,COc1ccccc1P(=O)([O-])O,7.77,7.716098
train,9596,Cn1cc(C(=O)O)ccc1=O,3.84,3.8706515
train,9597,CC1(C)CCC[NH2+]C1,10.38,10.344113
train,9598,O=C(S)c1ccc(C(F)(F)F)cc1,1.37,1.4845352
train,9599,COc1cc2ccccc2cc1C(=O)O,3.82,3.7566338
train,9600,Cc1cccc(C)c1C[NH+]=c1cc(C(=O)N(C)C)[nH]c2c(Br)c(C)[nH]c12,6.02,5.784731
train,9601,CCC1(C)OC(=O)NC1=O,6.1,6.091424
train,9602,Cc1cc(C(=O)Nc2ccc(N3CC[C@H]([NH+]4CCC[C@@H]4C)C3)cc2C)on1,10.1,10.326143
train,9603,CC(C)(P(=O)([O-])[O-])[P@](=O)([O-])O,12.1,11.936489
train,9604,O=C(O)COc1ccc([N+](=O)[O-])cc1,2.85,2.9130256
train,9605,CCC(C(=O)O)C(=O)N1CCCCC1,3.86,3.8549175
train,9606,COc1ccccc1[As](=O)(O)O,4.08,3.23451
train,9607,C[NH2+]CCC[C@]12CC[C@H](c3ccccc31)c1ccccc12,10.5,10.434462
train,9608,CSc1nc2[nH]c(=O)c(=O)[nH]c2c(=O)[n-]1,9.66,9.466866
train,9609,COc1c(O)cc(Cl)c(Cl)c1Cl,7.47,7.412032
train,9610,C#C[C@]1(O)C[C@@H](C)[NH+](C)[C@@H]2CCCC[C@H]21,9.53,9.484642
train,9611,O=CCc1ccccc1,12.43,11.942583
train,9612,O=C1C(=O)C(c2ccccc2)C(=O)c2ccccc21,4.35,4.1280985
train,9613,O=C(O)c1ccc(CO)cc1,4.18,4.2321296
train,9614,[NH3+]c1cc(Br)c(O)c(Br)c1,3.2,3.245962
train,9615,CC1CCCC(C)(C(=O)O)C1,5.2,5.150446
train,9616,CC(C)[NH+]1CCC(Oc2ccc3[nH]c(C(=O)N4CCOCC4)cc3c2)CC1,10.0,9.737349
train,9617,O=C1C=C[NH2+]C=C1,3.23,3.4036868
train,9618,COC(=O)c1cc(S(N)(=O)=O)ccc1SCCCO,9.3,9.399275
train,9619,Oc1ccc(N=Nc2ccccc2)cc1,8.44,8.429358
train,9620,CC(Cl)(Cl)OO,9.0,8.99044
train,9621,COc1ccc(-c2ccc(CCC[NH+](C)C)cc2)cc1,9.85,9.923489
train,9622,CN(C(=O)N1CC(c2cc(F)ccc2F)=C[C@@]1(CO)c1ccccc1)C1CC[NH2+]CC1,9.8,9.941398
train,9623,Nc1ccc(C(=O)NO)cc1,9.42,9.326454
train,9624,Nc1ccc(C(=O)O)c(Cl)c1,4.13,4.0640984
train,9625,C[NH+](C)CCCc1ccccc1,10.96,10.532305
train,9626,CC(=O)NCc1cccc(Cn2[nH]c(=NS(=O)(=O)c3ccc(Cl)s3)c3c(Cl)cccc32)c1,6.03,5.8458815
train,9627,C1COCCOCc2n[nH]c(n2)COCCOCCO1,9.55,9.596758
train,9628,CC1CCCC[NH+]1C,10.26,9.959049
train,9629,Cc1[nH+]c2c(/C=C/Cc3ccccc3)cccn2c1N,6.75,6.9884453
train,9630,CC(C)(C)[NH+]1CCC(Oc2ccc3[nH]c(C(=O)N4CCOCC4)cc3c2)CC1,10.0,9.883743
train,9631,C#CCC[NH+](C)C,8.25,7.9108267
train,9632,Cc1[nH+]c2c3c(ccn2c1C)CCC(c1ccccc1)C3,8.05,8.302349
train,9633,CC(=O)[NH+]=c1cccc[nH]1,4.09,3.9711514
train,9634,COC(=S)C1c2ccccc2-c2ccccc21,7.4,7.4280977
train,9635,CCCCOC(=O)c1ccc([NH3+])cc1,2.47,2.470829
train,9636,CCCCCCCCC1CCC(=O)N1CCCCCCC(=O)O,5.6,5.5151663
train,9637,COc1ccc(N2CC[NH+](CCCCNC(=O)c3ccc4nonc4c3)CC2)cc1,7.51,7.589411
train,9638,O=C(O)[C@@H](Cl)[C@@H](Cl)C(=O)[O-],3.24,3.1515882
train,9639,c1nc2[nH]ncc2c[nH+]1,2.84,2.9043138
train,9640,c1c[nH+]c2c(c1)[NH2+]CCC2,-1.35,-1.6045754
train,9641,O=C1Nc2ccc(Cl)cc2C(c2ccccc2Cl)NC1=O,11.5,11.3857765
train,9642,CC1=[NH+]C[C@@H](C)S1,5.256,5.239476
train,9643,CC=C=CC(C)(C)C(=O)O,4.58,4.554818
train,9644,CC(C)c1c[nH+]ccc1N,9.44,9.582485
train,9645,O=C(O)c1ccc(Br)c(O)c1,3.92,4.094394
train,9646,Nc1nc(N)c(N)c[nH+]1,7.6,7.5073643
train,9647,Fc1cccc(-c2c[nH]nn2)c1,8.38,8.282241
train,9648,O=C([O-])C[C@@H](O)C(=O)O,5.1,5.1417875
train,9649,C[NH2+]c1cccc(C)c1,4.85,4.8286953
train,9650,O=Cc1ccc(O)c2ncccc12,5.715,5.41037
train,9651,OC1=CCc2ccccc21,9.48,9.159842
train,9652,C[NH2+][C@H]1CC[C@@H](c2ccc(Cl)c(Cl)c2)c2ccccc21,9.23,9.111904
train,9653,CCOC(=O)c1c[nH]c2c(c(C)nn2C)c1=Nc1ccc(OC)cc1,8.07,8.325703
train,9654,Nc1cc[nH+]c2ccccc12,9.13,9.210924
train,9655,Nc1nsc(-c2ccccc2)[nH+]1,0.1,0.234148
train,9656,CCc1cc(O)cc(CC)c1,10.11,10.00885
train,9657,CC(C)[NH+](CCO)C(C)C,10.08,10.216444
train,9658,O=c1[nH]c2cncnc2[nH]c1=O,6.89,6.9374475
train,9659,O=C/C=C/C=C/O,5.75,5.765109
train,9660,Cc1ncc(CO)c(CO)c1O,8.95,8.921856
train,9661,Cc1cc(C(=O)O)c(C)c(C)c1C,4.22,4.2234836
train,9662,C[C@H](O)[C@H]1CC[C@H]2[C@@H]3CC[C@H]4C[C@H]([NH3+])CC[C@]4(C)[C@H]3CC[C@]12C,9.28,9.0668125
train,9663,CCCSC(=[NH2+])c1ccccc1,8.1,7.907196
train,9664,Nc1nn[nH]n1,6.07,6.085042
train,9665,COc1cc(=NS(=O)(=O)c2ccc(N)cc2)[nH]c(OC)n1,5.98,6.1606503
train,9666,O=C(O)c1cc(Br)cc(C(=O)O)c1,3.21,3.3109248
train,9667,[NH3+]c1ccc(C(=O)O)c(O)c1,1.78,1.7240298
train,9668,NNC(=O)CS,7.75,7.6640053
train,9669,CCc1ccccc1CC(=O)O,4.32,4.398585
train,9670,CCOC(=O)C(C)C(=O)OCC,13.1,12.8964615
train,9671,CC(C)(O)c1ccn2cc[nH+]c2c1,7.2,7.1213827
train,9672,Cc1cc(=O)c2c(O)cc3c(C)[nH+]ccc3c2[nH]1,7.75,8.02572
train,9673,O=C(O)COc1ccccc1OCC(=O)O,2.7,2.7265892
train,9674,CSc1ncc2ncc[nH+]c2n1,2.2,2.4228468
train,9675,CC([Se]C#N)C(=O)O,2.55,2.594811
train,9676,C#CC(C)(C)[NH+](CC)C(C)(C)C,9.6,9.46068
train,9677,Cc1c(N)[nH]c(=O)[nH+]c1N,6.66,6.821553
train,9678,CCCOC(=O)c1ccc(OS(N)(=O)=O)cc1,8.03,8.10203
train,9679,Nc1nc(O)c2ncc([O-])nc2n1,10.06,9.764935
train,9680,Oc1cc(Cl)cc(Cl)c1O,7.2,7.2225914
train,9681,CCc1cccc[nH+]1,5.97,5.8908024
train,9682,O=C(O)C[S+]([O-])c1ccc(F)cc1,2.653,2.742121
train,9683,O=C1NC(=O)C(Cl)(Cl)C=C1Cl,6.53,6.5236816
train,9684,CC[NH+](CC1CO1)CC1CO1,6.91,6.9980354
train,9685,c1ccc(C[NH+]2CCN(Cc3nc(-c4ccccc4)no3)CC2)cc1,6.7,6.580488
train,9686,O=C1N=C[NH2+]C=C1O,1.99,2.024279
train,9687,[NH3+]c1ccc(Cl)cc1C(=O)O,1.69,1.7437131
train,9688,Cc1nc(N(C)C)c(C(N)=O)c[nH+]1,5.93,6.105569
train,9689,O=P(O)(O)c1cccc(Br)c1,1.54,1.628936
train,9690,O=[N+]([O-])c1cc([N+](=O)[O-])c2c(c1O)CCCC2,4.5,4.482087
train,9691,CC(C)S(=O)(=O)C(C)C(=O)O,2.52,2.575609
train,9692,CC(=O)c1cc(C)c(O)c(C)c1,8.22,7.920594
train,9693,CC(C)SC(=[NH2+])c1ccccc1,8.04,7.9782515
train,9694,CC(C)C([N+](=O)[O-])[N+](=O)[O-],6.75,6.9100695
train,9695,CC(C)c1c(Cl)[nH+]c[nH]c1=O,-0.91,-0.7399051
train,9696,O=C(O)c1cc(F)c(F)c(F)c1,3.46,3.470441
train,9697,CCc1cccc(C)c1C[NH+]=c1cc(C(=O)N(C)C)[nH]c2c(C)c(C)[nH]c12,7.57,7.6952915
train,9698,Oc1ccnc(O)c1,6.545,6.559393
train,9699,Cn1c(=O)c2[nH]c(=S)c(O)nc2n(C)c1=O,2.56,2.453872
train,9700,Cn1c[nH+]cc1C1CCN(C(=O)CCS(=O)(=O)c2ccc3cc(Cl)ccc3c2)CC1,7.2,7.5039196
train,9701,O=C(NS(=O)(=O)c1ccccc1)c1ccccc1,3.95,3.8698323
train,9702,CCC(=O)c1cc(C(C)=O)[nH]n1,9.05,9.014816
train,9703,c1cnc2nc[nH+]cc2n1,4.13,4.249352
train,9704,N#CC(C#N)=NNc1ccccc1Br,6.35,6.0525713
train,9705,Nc1c2c([nH+]c3ccccc13)CCCC2,10.0,10.155157
train,9706,Cc1ccc(S(=O)(=O)N(C)CC(=O)O)cc1,3.43,3.2989757
train,9707,COc1ccc(C(=S)Nc2ccc(Cl)cc2)cc1,10.93,10.935353
train,9708,CCc1c(-c2ccccc2)[nH]n(-c2ccccc2)c1=O,8.0,7.8431606
train,9709,CCN(CC)C(=S)S,3.95,3.889711
train,9710,O=C(O)c1cc([N+](=O)[O-])cs1,2.84,2.8630166
train,9711,CNc1nccc[nH+]1,3.79,3.7080147
train,9712,O=c1[nH]c(O)c(-c2ccccc2)c(=O)[nH]1,3.75,3.6398394
train,9713,Cc1cc(N[NH3+])nc2ccccc12,8.35,8.508768
train,9714,N=c1[nH]ncc2ccccc12,6.6,6.479848
train,9715,O=C(O)c1ccc(-c2ccc(O[C@H]3O[C@H](CO)[C@@H](O)[C@H](O)[C@@H]3O)c(Cl)c2)cc1,3.98,4.017103
train,9716,C[NH+]1CCN2c3ccccc3Cc3ccccc3[C@@H]2C1,7.5,7.5050917
train,9717,CN(C)C(O)O,12.73,12.651467
train,9718,CN(C)C(=O)C(CC[NH+]1CCC(O)(c2ccc(Cl)cc2)CC1)(c1ccccc1)c1ccccc1,8.855,9.073252
train,9719,CC(C)[NH+](C)C,9.91,9.934826
train,9720,CN(Cc1ccccc1)P(C)(=O)O,2.9,2.741748
train,9721,CC[NH+](CC)N(C)C,6.88,6.9109716
train,9722,O=C(O)Cc1ccc2ccccc2c1,4.26,4.3633966
train,9723,Cc1cc(Cl)ccc1[C@@H]1CCc2c(C(=O)N(C)C)cc3c([nH+]c(C)n3C)c2O1,5.59,5.5588255
train,9724,Cc1c(F)c(F)c(C(=O)O)c(F)c1F,2.0,1.9678957
train,9725,Oc1ccc2nnccc2c1,7.52,7.2337656
train,9726,O=C(O)C[NH+]1CCCCC1,10.35,10.580664
train,9727,Cc1ccc2c(c1)[nH+]cn2C,5.65,5.670926
train,9728,O=NC(Cc1ccccc1)=NO,5.3,5.1557894
train,9729,O=C(O)[C@H]1C[C@@H](C(=O)O)C1,4.03,4.09223
train,9730,Clc1cccc(-c2cccc[nH+]2)n1,3.7,3.6304772
train,9731,CSc1nc2c[nH]c(=O)[n-]c-2n1,12.38,12.426472
train,9732,CCCc1cccn[nH+]1,3.59,3.6355584
train,9733,O=C1C=CC(=Nc2ccc(O)c(Br)c2)C=C1,7.2,7.269348
train,9734,OC(C(F)(F)F)C(F)(F)F,9.3,9.230749
train,9735,CSc1ncnc2[nH]ncc12,9.65,9.512598
train,9736,COC(=O)c1cnc(O)[nH+]c1,0.65,0.74979895
train,9737,Nc1[nH]c2ccccc2[nH+]1,7.18,7.1294794
train,9738,NS(=O)(=O)c1nc2ccccc2s1,7.8,7.800021
train,9739,O=Cc1cccc(O)c1,9.003333,8.945335
train,9740,Oc1c(Br)cc(Br)cc1Br,6.135,6.1280203
train,9741,Cc1cc(Br)ccc1[NH3+],3.71,3.7732654
train,9742,CNC1=[NH+]C(C)c2ccccc2N1,10.6,10.533201
train,9743,CSc1ncnc(O)c1C,9.12,8.872702
train,9744,CC1=C/C(=N/O)C=CC1=O,6.9,6.641217
train,9745,O=C(O)/C=C(\Br)C(=O)O,1.46,1.507437
train,9746,Cn1cnc2nc(O)[nH]c2c1=O,8.52,8.517269
train,9747,Cn1c(=O)n(C)c2c(=O)[nH]cnc21,9.2,8.935029
train,9748,Oc1nc2c[nH]c(Cl)cc-2[nH+]1,1.77,1.9451737
train,9749,CC(=O)CC(=O)Nc1cccc(C)c1,10.0,10.247585
train,9750,CSCc1cccc(CSC)[nH+]1,4.19,4.1537533
train,9751,CCCCCCCC[NH+](CC(C)O)CC(C)O,8.3,8.162501
train,9752,COc1nc(N)nc(N)[nH+]1,4.15,4.2046947
train,9753,O=C(O)c1c(C(=O)O)c(C(=O)O)c(C(=O)O)c(C(=O)O)c1C(=O)O,0.68,0.8706809
train,9754,O=c1[nH]ccc2nccnc12,11.08,11.051975
train,9755,COc1cc(C(=O)O)c(O)cc1[N+](=O)[O-],2.0,2.0326169
train,9756,COc1ccccc1S,6.89,6.782033
train,9757,Oc1ccc(Br)cc1Br,7.79,7.690794
train,9758,O=C(O)/C=C(\I)c1ccccc1,3.4,3.3812916
train,9759,CC(=O)Nc1nnc(S)s1,8.54,8.854378
train,9760,CCN(C(=O)Cc1ccc(S(C)(=O)=O)cc1)C1CC[NH+](CC[C@@H](c2cc(F)cc(F)c2)C2CCN(S(C)(=O)=O)CC2)CC1,8.4,8.250846
train,9761,CCN(C(=O)Cc1ccc(S(C)(=O)=O)cc1)C1CC[NH+](CC[C@H](c2ccc(S(C)(=O)=O)cc2)c2cc(F)cc(F)c2)CC1,7.5,7.5404844
train,9762,CCC[NH+](CCC)CCc1c[nH]c2ccccc12,8.6,8.505171
train,9763,COc1[nH+]c2ccccc2c2ccccc12,2.38,2.3749392
train,9764,COc1ccc2[nH+]cccc2c1,5.03,5.1009045
train,9765,Nc1cc(C(=O)O)ccc1C(=O)O,3.58,3.5535548
train,9766,O=C(N1CCOCC1)N1CCC(Oc2ccc3c(c2)CC[NH+](C2CCC2)CC3)CC1,9.2,9.263428
train,9767,CN=C(N)[NH3+],13.4,13.305899
train,9768,OOC(Cl)Cl,9.0,8.729915
train,9769,CC1CCN(C(=O)c2ccc3cc(OCCC[NH+]4CCCCC4)ccc3c2)CC1,9.86,9.828276
train,9770,CSc1ccc2ccccc2[nH+]1,3.71,3.6152112
train,9771,O=C(O)C(c1ccc(-c2ccccc2)cc1)C(O)c1ccccc1,4.25,4.224661
train,9772,C[NH2+][C@]1(C)[C@@H]2CC[C@@H](C2)C1(C)C,11.085,10.936885
train,9773,CC(=O)/C(Cl)=N/O,7.9,7.906102
train,9774,CSc1[nH+]ncc2ccccc12,3.46,3.5159507
train,9775,N#CNS(=O)(=O)c1ccc(N)cc1,2.92,2.9867046
train,9776,COC(=O)C1=C(C(=O)O)CC1,3.19,2.9730432
train,9777,Cn1[nH+]c(-c2ccccc2)o/c1=N\c1ccccc1,4.08,4.1084013
train,9778,Cc1cc(N)[nH+]c(Nc2ccc(Cl)cc2)n1,6.6,6.590027
train,9779,Brc1cccc(Br)c1N(CC1CCC1)C1=[NH+]CCN1,10.9,11.01067
train,9780,O=S(=O)(Nc1cccc(F)c1)c1ccccc1,7.58,7.7445335
train,9781,CCc1cc(C(C)C)ccc1O,10.77,10.54487
train,9782,O=C1C(=O)C(Cl)=C(Cl)C(O)=C1Cl,1.09,1.1824926
train,9783,CCCCc1cc(Cl)cc(Cl)c1O,8.1,8.163841
train,9784,[NH3+]c1ccccc1Br,2.53,2.4015462
train,9785,Oc1ccc(O[C@@H]2OC[C@@H](O)[C@H](O)[C@H]2O)c2ccccc12,9.4,9.45765
train,9786,Nc1cc[nH+]c(O)c1N,4.16,4.121075
train,9787,O=P(O)(O)Cc1ccccc1,2.3,2.2217746
train,9788,COc1ccc(C2(c3cccc(-c4cncnc4)c3)CCC(=[NH2+])N2)cc1,10.0,10.134367
train,9789,Cn1c[nH+]c2cc([NH3+])ccc21,2.86,3.006404
train,9790,CCOP(=O)(OCC)C1(C)CCC[NH2+]1,7.01,7.0693035
train,9791,C/C(=N\O)C(=O)N[C@@H](C)C(=O)O,3.54,3.4771903
train,9792,COc1ccc(O)c(=O)cc1,7.75,7.601371
train,9793,OC1=NCCCN1,11.18,10.777495
train,9794,CNC(=O)C1CCCC[NH2+]1,8.8,8.628374
train,9795,O=C(O)C(Cl)CCl,2.85,2.8893502
train,9796,COc1ccc2c3c1O[C@H]1[C@@H](O)CC[C@H]4[C@@H](C2)[NH+](C)CC[C@@]341,8.75,8.92359
train,9797,COc1ccc([C@H](O)C(F)(F)F)cc1,12.24,12.034622
train,9798,COc1cccc(-n2cc3nc(-c4ccccc4C)n(CC4CCC[NH+](C(C)C)C4)c(=O)c3n2)c1,10.0,10.051693
train,9799,O=C(O)c1ccc(Br)c2ccccc12,3.37,3.4483635
train,9800,CC(C)(C(N)=O)S(N)(=O)=O,9.92,9.830515
train,9801,C[NH2+][C@H]1CCCC[C@@H]1O,10.16,10.06431
train,9802,Oc1cccc(Cl)c1,9.02,8.824257
train,9803,Cn1cc(Br)c(=O)[nH]c1=O,7.84,7.648381
train,9804,COC(=O)c1cc([NH3+])c2ccccc2c1,3.12,3.1185646
train,9805,Cc1cccc(OCC(=O)O)c1,3.2,3.1687381
train,9806,C[Si](C)(C)c1ccc(O)cc1,9.74,9.654823
train,9807,Oc1cc(Cl)c(O)cc1Cl,7.9,8.029808
train,9808,Cc1cc(C)[nH+]c(=S)[nH]1,2.8,2.7458422
train,9809,COc1c(C)cc(C2(c3cccc(-c4cncnc4)c3)[NH+]=C(N)c3c(F)cccc32)nc1C,8.1,8.41266
train,9810,COc1ccc(S(=O)(=O)Nc2ccc(Cl)cc2)cc1,9.19,9.191055
train,9811,FC(F)(F)c1ccccc1NC1=[NH+]CCN1,8.8,8.758759
train,9812,[O-][N+](O)=Cc1ccccc1,3.77,3.7037895
train,9813,O=C(c1ccccc1)c1cc[nH]n1,11.97,11.716949
train,9814,C[C@@H]([NH3+])C(N)=O,8.02,7.878274
train,9815,O=C(O)c1c[nH]nn1,3.22,3.2609348
train,9816,Cc1cc(Cl)c2ccc3ccc[nH+]c3c2n1,4.53,4.665001
train,9817,S=C(Nc1ccc(Cl)c(Cl)c1)c1cccc(Br)c1,9.26,9.306362
train,9818,COc1ccc2c3c1O[C@H]1[C@@H](O)C=C[C@H]4[C@@H]([C@H]2O)[NH+](C)CC[C@@]341,7.12,7.1549244
train,9819,C[C@@H]1CCC[NH2+]C1,11.07,10.773308
train,9820,Cc1ccc(O)c(=O)cc1,7.32,6.928503
train,9821,O=C(O)/C=C/C(=O)O,3.0633333,2.8279579
train,9822,[NH3+]CC(Cl)(Cl)Cl,5.47,5.350031
train,9823,Nc1[nH]c(=O)[nH+]cc1Cl,2.94,3.0273144
train,9824,CC1CC[NH2+]C(C)(C)C1,11.1,10.915436
train,9825,[H]/[NH+]=C(\c1ccccc1)c1cccc(OC)c1,6.59,6.7795477
train,9826,Cc1cc(N)ccc1C(=O)O,5.01,4.825118
train,9827,Cc1ccc(I)cc1C(=O)O,3.62,3.6123679
train,9828,CC#C[C@@H](CC(=O)O)c1ccc(OCc2ccc3nc(-c4c(C)cccc4C)nn3c2)cc1,4.3,4.1573386
train,9829,Oc1ncccc1C(F)(F)F,9.92,9.910016
train,9830,O=C(Cc1cccc([N+](=O)[O-])c1)c1ccncc1,11.04,10.617252
train,9831,OCCn1c[nH+]c2ccccc21,5.29,5.375331
train,9832,[NH3+]Nc1ccccc1,5.2,5.163741
train,9833,Cc1cccc([As](=O)(O)O)c1,3.82,2.332789
train,9834,CC(=O)Nc1ccc(Cc2c3ccccc3[nH+]c3ccccc23)cc1,7.51,7.7457933
train,9835,Clc1cccc2[nH+]cccc12,3.65,3.6263025
train,9836,O=C(c1nnc(-c2ccccc2)o1)N1CC(Oc2ccc(C[NH+]3CC4(COC4)C3)cc2)C1,8.0,8.17381
train,9837,CCC1(c2ccccc2)C(=O)NC(=S)NC1=O,6.3,6.3096313
train,9838,N#Cc1ccc(-c2ccc(C[C@@H](C#N)NC(=O)C3([NH3+])CCCCC3)cc2)cc1,7.1,7.072384
train,9839,C#CCOc1noc2c1C[NH2+]CC2,7.6,7.315583
train,9840,COc1cccc(C(=O)NCC[NH+]2CCN(c3ccc(C#N)cc3)CC2)c1,6.41,6.344966
train,9841,O=S(=O)([O-])c1ccc(O)c2ccccc12,8.47,8.422484
train,9842,C/C=C/C=C/C=C/C=C/C(=O)O,4.43,4.639737
train,9843,CN([NH3+])c1cccc(Br)c1,4.3,4.3427305
train,9844,NC(=O)C([NH3+])Cc1ccccc1,7.295,7.268708
train,9845,CP(=O)([O-])O,7.74,7.5992775
train,9846,CSc1cc(C)nc[nH+]1,3.16,3.285156
train,9847,COc1cc(Cl)ccc1OC(c1ccccc1)C1C[NH2+]CCO1,7.7,7.582672
train,9848,N#CCC[NH2+]c1ccccc1,4.5,4.5869617
train,9849,O=C(O)c1ncccc1O,5.17,5.402092
train,9850,O=C1CCC[C@H]2[C@H]3C[C@@H](CN12)[C@H]1CCCC[NH+]1C3,9.2,9.270439
train,9851,Nc1nc2[nH+]c(N)[nH]c2c(N)[nH+]1,2.31,2.1461806
train,9852,NC(=O)OC(=O)c1cccc[nH+]1,2.1,2.2507114
train,9853,CCC(CC)(C(=O)O)C(=O)O,2.21,2.0901647
train,9854,CC(O)C[NH+](CC(C)O)C(C)(C)C,9.36,9.510419
train,9855,O=c1oc2cc(O)ccc2cc1-c1nc2ccccc2s1,7.02,6.79582
train,9856,CNc1ncc(Br)c[nH+]1,2.09,2.2763293
train,9857,CCOC(=S)S,2.74,2.7069187
train,9858,O=Nc1ccc2c(S(=O)(=O)[O-])cccc2c1O,7.32,7.1056967
train,9859,COC(=O)CSC(C)O,13.98,14.025505
train,9860,Cc1cc(O)n(O)c(=O)c1C,5.05,5.0752325
train,9861,COc1ccc(S(=O)(=O)NCc2ccccc2)cc1,11.53,11.530792
train,9862,CCc1ccc(C)[nH+]c1,6.51,6.329377
train,9863,Cc1[nH+]c2c(CCc3ccccc3)cccn2c1N,7.3,7.508603
train,9864,Cn1c(-c2ccccc2)n[nH]c1=S,7.66,7.645153
train,9865,Cc1ccccc1N[C@@H](C)C(=O)O,4.41,4.7851543
train,9866,O=C(O)c1cccc2cccc(OP(=O)(O)O)c12,0.97,1.0026443
train,9867,C[C@]12CCOC[C@@H]1[C@]1(COC(=[NH2+])N1)c1cc(-c3cc(F)cc(Cl)c3)ccc1O2,6.7,6.8068647
train,9868,COc1cc(C(F)(F)F)ccc1-c1cccc2cc(S(=O)(=O)N=c3[nH]ccs3)ccc12,6.7,6.925068
train,9869,CC(=O)C1C(=O)CC(C)(C)CC1=O,5.36,5.4242373
train,9870,O=c1cc(O)c2ccccc2o1,4.13,3.8636003
train,9871,CC(=O)N1CS(=O)(=O)CC1C(=O)O,2.23,2.2359765
train,9872,CCCOc1ccc2c(=Nc3ccc(NS(C)(=O)=O)cc3OC)c3ccccc3[nH]c2c1,7.36,7.517082
train,9873,O=C([O-])c1cc(Cl)c(O)c(Cl)c1,5.97,5.725046
train,9874,Oc1cc(O)c2ccccc2c1O,9.0,9.014439
train,9875,CCCCc1ccc(C(=O)O)nc1,5.7,5.879916
train,9876,CCNC(=O)c1nc(OC)cc(N(C)C)[nH+]1,2.9,2.8154457
train,9877,C[S+]([O-])c1ccc(C(=O)O)cc1,3.66,3.7975352
train,9878,Oc1cccc2c1-c1c(O)cccc1-2,9.58,9.830114
train,9879,CN1C(=O)CC(=O)NC1=O,4.2,4.193409
train,9880,Cc1ccccc1-c1nc2cn(-c3ccc(F)cc3)nc2c(=O)n1CC1CCC[NH+](C(C)C)C1,10.0,10.135107
train,9881,C[Si](C)(C[NH3+])c1ccccc1,10.36,10.28949
train,9882,Nc1cc(-c2ccc(Cl)cc2)nc(N)[nH+]1,7.58,7.6940556
train,9883,CC(C)SCC(=O)O,3.72,3.6935709
train,9884,Cn1nccc1-c1cc(Cl)ccc1Oc1ccc(S(=O)(=O)N=c2[nH]cns2)cc1F,3.5,3.311651
train,9885,O=C(O)/C=C/C(=O)c1ccccc1,3.34,3.286276
train,9886,Cc1ccc([NH+]2CCCC2)cc1,4.7,4.55167
train,9887,CC(=O)N[C@@H](Cc1cc(F)cc(F)c1)[C@H](O)[C@H]1CO[C@@H](OCC2CCCCC2)C[NH2+]1,6.7,6.7738333
train,9888,OCC(O)CS,9.51,9.335098
train,9889,COc1cc([NH3+])cc(OC)c1,3.86,3.6305027
train,9890,Cn1c([O-])c2nc(-c3ccccc3)c(=O)[nH]c2nc1=O,10.71,10.6727915
train,9891,O=C(O)C1=CCCC1C(=O)O,4.03,4.2100105
train,9892,CC(=O)NC1=C(O)CCC1=O,4.25,4.3301616
train,9893,c1cc2ncc[nH+]c2cn1,2.47,2.7071884
train,9894,O=C(c1cc2cc(OCCC[NH+]3CCCCC3)ccc2[nH]1)N1CCOCC1,10.0,10.0390415
train,9895,COc1ccc(C(CC(F)(F)C[NH3+])(c2ccccc2)c2ccc(C)cc2)cc1,7.11,7.2013626
train,9896,CCC(C)(C)c1ccc(O)cc1,10.3,10.194426
train,9897,COCC([N+](=O)[O-])[N+](=O)[O-],3.48,3.5460432
train,9898,Cc1ccc2[nH+]cn(C)c2c1,5.7,5.693574
train,9899,[NH3+]C[C@H](COCc1cccc2ccccc12)OC(=O)NCCCCCCO,8.9,8.951282
train,9900,C[NH2+]CCCc1ccccc1,10.58,10.509184
train,9901,CCCCCNC1=[NH+]CCN1OCc1ccccc1,10.1,9.925236
train,9902,CC1=N[NH2+]C(C)=C1Br,2.3,2.1941912
train,9903,NC1=NC2NC=NC2C(N)=N1,10.77,10.56814
train,9904,CCC(CC)C(=O)O,4.71,4.8862524
train,9905,Cc1ccc(N2CCc3ccccc3C2)[nH+]c1,6.5,6.6344233
train,9906,O=C(c1cncs1)N1CCCC1c1ccc(-c2cccc(Cl)c2)[nH+]c1,3.6,3.5511067
train,9907,OCCCCCc1ccc[nH+]c1,5.72,5.649498
train,9908,O=[N+]([O-])c1ccc(O)cc1C(F)(F)F,6.38,6.139143
train,9909,[H]/[NH+]=C(/c1ccccc1)c1c(C)cc(O)cc1O,7.25,7.411339
train,9910,C[C@]1(c2cccc(NC(=O)c3ccc(Cl)cn3)c2)[NH+]=C(N)c2ccccc21,9.7,9.83189
train,9911,COc1ccc2c(c1)c(-c1ccc(=O)n(Cc3ccccc3)n1)c(C)n2CC(=O)O,4.07,4.1007795
train,9912,CNc1nc(=S)[nH]c(C)c1N,11.55,11.615177
train,9913,O=C(NO)c1cc([N+](=O)[O-])cc([N+](=O)[O-])c1,7.69,7.5820074
train,9914,O=C([O-])[C@H]1CC[C@H]1C(=O)O,5.89,6.2132387
train,9915,CCCCCCCCCCCCCC[NH+](CCO)CC(O)CC,6.1,5.838996
train,9916,CC(=O)NS(=O)(=O)c1ccc(N)cc1,5.39,5.231785
train,9917,Nc1cnc2c(N)[nH+]cnc2n1,4.96,4.5466137
train,9918,Cc1ccn2c(CC#N)c(C)[nH+]c2c1OCc1ccccc1,5.67,5.938595
train,9919,C[NH2+]CCCC1c2ccccc2C=Cc2ccccc21,8.2,7.8881283
train,9920,Cn1[nH]c(=O)n(C)c1=O,5.3,5.072139
train,9921,NCCCC[NH3+],10.65,10.544521
train,9922,COc1cc(Cl)c(Cl)cc1O,8.29,8.332196
train,9923,Clc1ccc(-c2c[nH+]co2)cc1,0.16,0.30695313
train,9924,NS(=O)(=O)c1nn2cc(-c3ccccc3)nc2s1,7.12,7.1256104
train,9925,CC1CC[NH+](C(C)C=C(c2cccs2)c2cccs2)CC1,8.2,8.269847
train,9926,Cc1[nH]c2c(cnn2C)c(=N)[nH+]1,5.0,4.8595266
train,9927,C/C(N=O)=N\O,5.81,5.7141848
train,9928,O=C(O)c1ccc[nH]1,4.5,4.505535
train,9929,COc1cc(O)ccc1O,10.055,10.002493
train,9930,O=C(C1C[C@@H]1c1ccccc1)N1CCC([NH+]2CCCCC2)CC1,9.3,9.328439
train,9931,OCCCCc1cc[nH+]cc1,6.01,5.937724
train,9932,Cc1cccc(C)c1C[NH+]=c1[nH]ccn2c(C)c(C)cc12,7.92,7.895631
train,9933,O=C(O)[C@@H](S)[C@H](S)C(=O)O,2.9,2.9498575
train,9934,COCCOP(C)(=O)O,2.1,2.0868206
train,9935,C[NH+]1C(=O)C=CC2=C1CSC2,0.26,0.42622763
train,9936,N#Cc1ccc(OO)cc1,8.5,8.487256
train,9937,[NH3+]c1ccc(C(=O)c2ccccc2)cc1,2.15,2.0954628
train,9938,COc1c(Br)cccc1C(=O)N[C@@H]1C[C@H]2CC[C@@H](C1)[NH+]2Cc1ccccc1,8.73,8.979191
train,9939,O=C1NCCS(=O)(=O)N1,4.51,4.3797903
train,9940,C[C@H]1CC[C@H](C(=O)O)CC1,4.89,5.088992
train,9941,CC(=O)NCCC(=O)NC(CS)C(=O)O,3.16,3.1137645
train,9942,CC1=[NH+][C@H](O)c2ccccc2N1,8.31,8.472724
train,9943,Cc1cccc(C(O)C(C(=O)O)c2ccc(-c3ccccc3)cc2)c1,4.17,4.222039
train,9944,Cc1ccc(C(=O)c2ccc(CC(=O)O)n2C)cc1,3.5,3.656984
train,9945,Cc1ccccc1C(=[NH2+])c1ccccc1,7.21,7.135331
train,9946,O=C(O)[C@H](O)[C@@H](O)C(=O)O,2.99,3.1623733
train,9947,CC[C@]1(C)NC(=O)c2cc(S(=O)(=O)Nc3ccc(C(F)(F)F)cc3)ccc2NC1=O,6.9,7.3729334
train,9948,CCCCCCCC[NH+]1CCCCC1,8.28,8.047814
train,9949,N#CCCC([N+](=O)[O-])[N+](=O)[O-],3.45,3.369614
train,9950,CC(C)(C)n1cc[nH+]c1,7.3,7.362173
train,9951,NNC(=O)C([NH3+])Cc1ccccc1,7.06,7.0577097
train,9952,Cc1ccc(C(=O)C(=O)O)cc1C,1.36,1.5917828
train,9953,CNc1nc(N)[nH+]c(N)n1,5.1,5.1257553
train,9954,O=C(O)/C=C\c1cnc[nH]1,6.78,6.8107185
train,9955,c1cc([C@H]2CC[C@@]3(CC2)C[C@@]2(OO3)C3CC4CC(C3)CC2C4)ccc1OCC[NH+]1CCOCC1,6.82,6.645755
train,9956,COCCC(=O)O,4.46,4.5083094
train,9957,Fc1cc(-c2c[nH]nn2)ccn1,7.59,7.5604477
train,9958,CN(C)c1c2ccccc2[nH+]c2ccccc12,9.08,9.309827
train,9959,COC(=O)/C=C(\O)c1ccncc1,7.51,7.6077766
train,9960,Cc1ccc(S(N)(=O)=O)cc1,10.16,9.865955
train,9961,N[C@H]1CCC[C@H]([NH3+])C1,10.36,10.200418
train,9962,CCOC(=S)NC(=O)c1ccccc1,7.46,7.529356
train,9963,CONC(=O)c1ccccc1,8.88,8.982376
train,9964,CCOC(=O)C1CCCCC1=O,11.23,11.201935
train,9965,CC#CCC(=O)O,3.59,3.4811308
train,9966,C[NH2+]c1ccccc1C(=O)OC,3.53,3.4360917
train,9967,[H]/[NH+]=C(/[NH3+])N/C(N)=N/c1ccccc1,2.13,2.0401852
train,9968,CCCOCCCCCCn1cc(C[NH2+][C@H]2[C@H](O)[C@@H](O)[C@H](O)[C@@H](O)[C@@H]2O)nn1,7.1,7.321459
train,9969,CC(C)[NH+]1CCC(Oc2cc3[nH]c(C(=O)N4CCOCC4)cc3cc2F)CC1,9.5,9.703524
train,9970,[NH2+]=C(SCc1ccccc1)c1ccccc1,4.43,4.4765444
train,9971,O=C([O-])c1ccc(C(=O)O)o1,3.55,3.3946233
train,9972,COCC(C)NC(=O)c1nc(N2CC[C@@H](NC(=O)c3[nH]c(C)c(Cl)c3Cl)[C@@H](OC)C2)sc1C(=O)O,4.2,4.047946
train,9973,Cc1nc2ncncc2[nH]1,9.4,9.241187
train,9974,Cc1cc(=O)n2[nH]cnc2n1,6.19,6.1328077
train,9975,C=C(O)c1ccc(Cl)cc1,10.07,9.74585
train,9976,CNC(=O)O[C@H]1CCc2ccc(N3CC[NH+](C4COC4)CC3)cc2[C@@H]1NC(=O)c1ccc(F)cc1,5.0,4.8969374
train,9977,O=C(O)Cc1ccccc1Cl,4.07,4.139516
train,9978,CC(=O)N[C@@H](Cc1cc(F)cc(F)c1)[C@H](O)[C@H]1CO[C@@H](OCC2CCCCC2)[C@H](C)[NH2+]1,6.7,6.8377047
train,9979,O=C1CCCc2cc(O)ccc21,7.94,7.744362
train,9980,CC(C)n1c(=[NH2+])[nH]c2ccc(C(=CC(N)=O)c3cccc(F)c3F)cc21,6.7,6.8154974
train,9981,O=C(O)/C(I)=C\c1ccccc1,2.24,1.9877164
train,9982,O=Nc1ccc(O)c(Br)c1,5.55,5.5125294
train,9983,O=C(O)C/C(=N\O)C(=O)O,2.43,2.360384
train,9984,Nc1cc(Cl)[nH+]cn1,2.1,2.2039635
train,9985,O=C(O)C[C@H]1CC[C@H]2OC(=O)C[C@@H]12,4.88,4.955185
train,9986,CC(=O)OCCS(=O)(=O)c1ccc(S(N)(=O)=O)s1,8.65,8.387878
train,9987,Cc1cccc(S)c1,6.6,6.436761
train,9988,O=C(O)c1cc([N+](=O)[O-])cc(Cl)c1O,1.33,1.292285
train,9989,[NH2+]=C1N[C@]23CC[C@H](NC(=O)c4cccc(Cl)c4)C[C@@H]2[C@@H](COC3)S1,9.0,9.207451
train,9990,CCC[NH+]=C(N)N=C(N)Nc1ccc(Cl)cc1,10.78,10.717157
train,9991,O=C(O)CNc1cccc2ccccc12,4.4,4.42667
train,9992,Cc1ncn[nH]1,10.73,10.659596
train,9993,C[C@]1(Cc2ccccc2)C(=O)NC(=O)[C@@H]1C#N,6.69,6.7167883
train,9994,Cn1c[nH+]cc(Br)c1=O,0.14,0.1853466
train,9995,O=P(O)(O)Oc1ccc(Cl)cc1Cl,0.57,0.8948413
train,9996,Cc1c[nH+]n(C)c1,2.48,2.4831045
train,9997,OCCSC(=S)NCc1ccccc1,11.59,11.688162
train,9998,Oc1cccc2cc3ccccc3[nH+]c12,5.31,5.5070076
train,9999,COc1ccc(C[NH+]=C(N)C(Cl)(Cl)Br)cc1,6.15,6.0311794
train,10000,CC=C(C)C(=O)O,4.3,4.6536274
train,10001,CSC12CC[NH+](CC1)CC2,9.46,9.393982
train,10002,CC[C@H]1OC(=O)C[C@@H](O)[C@H](C)[C@@H](O[C@@H]2O[C@H](C)C[C@H]([NH+](C)C)[C@H]2O)[C@@H](CC=O)CC(C)C(=O)/C=C\[C@]2(C)O[C@H]2[C@@H]1C,8.79,8.862938
train,10003,OCCCCO,15.1,15.049747
train,10004,O=C(O)CCO,4.51,4.5117855
train,10005,C[NH+]1CCCC1CCOC(C)(c1ccccc1)c1ccc(Cl)cc1,9.2,9.230655
train,10006,OOc1ccc2ccccc2c1,8.1,8.016839
train,10007,C/C=C/CN(C1=[NH+]CCN1)c1c(Br)cccc1Br,11.0,10.911814
train,10008,O=C1CCC=C1O,9.14,8.849192
train,10009,Oc1ccnc[nH+]1,1.85,2.0974116
train,10010,O=C(O)CSC(=O)SCC(=O)O,2.81,2.8034036
train,10011,c1ccc(C[NH+](Cc2ccccc2)Cc2ccccc2)cc1,7.44,7.5504627
train,10012,Fc1cc(F)c2[nH]c[nH+]c2c1,3.7,3.7843978
train,10013,Cc1cc(-c2cccc(Cl)c2)[nH+]cc1C1CCCN1C(=O)c1cnccn1,4.1,3.8898947
train,10014,CCCCCCC(O)=NO,9.62,9.265381
train,10015,Oc1nc2ccncc2[nH]1,10.12,10.01602
train,10016,CN1CC2(c3ccccc3)C[NH+](C)CC(c3ccccc3)(C1)C2=O,9.38,9.554014
train,10017,CC(=O)Oc1ccc(O)c(C(C)=O)c1,9.43,9.445244
train,10018,CS(=O)(=O)c1c[nH+]c2ccccc2n1,-1.66,-1.1530242
train,10019,CC(C)(C(=O)O)C(C)(C)C(=O)O,3.525,3.6287801
train,10020,CC1=CC(=O)N(C)[NH+]1c1ccccc1,1.66,1.7119682
train,10021,O=C1C(=O)C(C=Cc2ccccc2)C(=O)c2ccccc21,4.44,4.24299
train,10022,CN1C(=O)[C@]2([NH+]=C1N)c1cc(-c3cccnc3F)ccc1O[C@H]1CCOC[C@@H]12,5.8,5.782029
train,10023,O=[N+]([O-])CBr,8.2,8.0792265
train,10024,CN1C2CCC(C2)[NH+]1C,6.89,6.900032
